"Date","Price","Open","High","Low","Vol.","Change %"
"11/21/2025","24.41","24.15","24.43","24.13","","1.08%"
"11/20/2025","24.15","24.10","24.17","24.09","","0.21%"
"11/19/2025","24.10","24.11","24.13","24.07","","-0.04%"
"11/18/2025","24.11","24.13","24.15","24.09","","-0.08%"
"11/17/2025","24.13","24.15","24.16","24.11","","-0.08%"
"11/14/2025","24.15","24.18","24.19","24.13","","-0.12%"
"11/13/2025","24.18","24.12","24.18","24.12","","0.25%"
"11/12/2025","24.12","24.09","24.14","24.09","","0.12%"
"11/11/2025","24.09","24.15","24.16","24.07","","-0.25%"
"11/10/2025","24.15","24.14","24.16","24.13","","0.04%"
"11/07/2025","24.14","24.14","24.16","24.12","","0.00%"
"11/06/2025","24.14","24.11","24.15","24.09","","0.12%"
"11/05/2025","24.11","24.16","24.17","24.11","","-0.21%"
"11/04/2025","24.16","24.16","24.17","24.05","","0.00%"
"11/03/2025","24.16","24.17","24.18","24.15","","-0.04%"
"10/31/2025","24.17","24.13","24.18","24.11","","0.17%"
"10/30/2025","24.13","24.07","24.17","24.05","","0.25%"
"10/29/2025","24.07","24.02","24.09","24.00","","0.21%"
"10/28/2025","24.02","24.02","24.07","24.00","","0.00%"
"10/27/2025","24.02","23.92","24.04","23.90","","0.46%"
"10/24/2025","23.91","23.90","23.93","23.86","","0.04%"
"10/23/2025","23.90","23.89","23.95","23.88","","0.04%"
"10/22/2025","23.89","23.96","23.97","23.85","","-0.29%"
"10/21/2025","23.96","23.92","23.99","23.92","","0.17%"
"10/20/2025","23.92","23.95","23.96","23.89","","-0.17%"
"10/17/2025","23.96","23.96","23.99","23.88","","0.00%"
"10/16/2025","23.96","23.91","23.98","23.86","","0.21%"
"10/15/2025","23.91","24.17","24.18","23.91","","-1.08%"
"10/14/2025","24.17","24.14","24.19","24.13","","0.12%"
"10/13/2025","24.14","24.17","24.18","24.11","","-0.12%"
"10/10/2025","24.17","24.20","24.20","24.09","","-0.12%"
"10/09/2025","24.20","24.17","24.20","24.15","","0.12%"
"10/08/2025","24.17","24.16","24.19","24.16","","0.04%"
"10/07/2025","24.16","24.16","24.17","24.15","","0.00%"
"10/06/2025","24.16","24.16","24.19","24.15","","0.00%"
"10/03/2025","24.16","24.15","24.18","24.14","","0.04%"
"10/02/2025","24.15","24.14","24.20","24.12","","0.04%"
"10/01/2025","24.14","24.19","24.20","24.13","","-0.21%"
"09/30/2025","24.19","24.15","24.20","24.14","","0.17%"
"09/29/2025","24.15","24.15","24.18","24.13","","0.00%"
"09/26/2025","24.15","24.17","24.18","24.13","","-0.08%"
"09/25/2025","24.17","24.17","24.18","24.12","","0.00%"
"09/24/2025","24.17","24.18","24.22","24.14","","-0.04%"
"09/23/2025","24.18","24.04","24.18","24.03","","0.58%"
"09/22/2025","24.04","23.99","24.05","23.99","","0.21%"
"09/19/2025","23.99","24.01","24.05","23.97","","-0.08%"
"09/18/2025","24.01","23.89","24.04","23.89","","0.50%"
"09/17/2025","23.89","23.93","23.94","23.87","","-0.17%"
"09/16/2025","23.93","23.99","24.00","23.93","","-0.25%"
"09/15/2025","23.99","24.03","24.04","23.99","","-0.17%"
"09/12/2025","24.03","24.03","24.08","24.02","","0.00%"
"09/11/2025","24.03","23.97","24.10","23.97","","0.25%"
"09/10/2025","23.97","24.03","24.03","23.96","","-0.25%"
"09/09/2025","24.03","23.96","24.03","23.95","","0.29%"
"09/08/2025","23.96","24.01","24.02","23.94","","-0.21%"
"09/05/2025","24.01","24.01","24.06","23.98","","0.00%"
"09/04/2025","24.01","23.98","24.02","23.96","","0.13%"
"09/03/2025","23.98","23.96","24.01","23.96","","0.08%"
"09/02/2025","23.96","23.96","24.01","23.91","","0.00%"
"09/01/2025","23.96","24.01","24.05","23.94","","-0.21%"
"08/29/2025","24.01","23.85","24.04","23.84","","0.67%"
"08/28/2025","23.85","23.87","23.88","23.83","","-0.08%"
"08/27/2025","23.87","23.86","23.93","23.85","","0.04%"
"08/26/2025","23.86","23.85","23.91","23.85","","0.04%"
"08/25/2025","23.85","23.78","23.86","23.76","","0.29%"
"08/22/2025","23.78","23.76","23.84","23.74","","0.04%"
"08/21/2025","23.77","23.70","23.78","23.67","","0.34%"
"08/20/2025","23.69","23.70","23.74","23.68","","-0.08%"
"08/19/2025","23.71","23.77","23.79","23.66","","-0.25%"
"08/18/2025","23.77","23.83","23.84","23.77","","-0.25%"
"08/15/2025","23.83","23.88","23.88","23.80","","-0.21%"
"08/14/2025","23.88","23.81","23.88","23.79","","0.29%"
"08/13/2025","23.81","23.85","23.88","23.79","","-0.17%"
"08/12/2025","23.85","23.87","23.89","23.84","","-0.08%"
"08/11/2025","23.87","23.82","23.89","23.82","","0.21%"
"08/08/2025","23.82","23.81","23.89","23.81","","0.04%"
"08/07/2025","23.81","23.89","23.91","23.78","","-0.29%"
"08/06/2025","23.88","23.91","23.92","23.86","","-0.13%"
"08/05/2025","23.91","23.87","23.96","23.87","","0.17%"
"08/04/2025","23.87","23.75","23.88","23.73","","0.51%"
"08/01/2025","23.75","23.83","23.87","23.73","","-0.34%"
"07/31/2025","23.83","23.88","23.91","23.82","","-0.17%"
"07/30/2025","23.87","23.72","23.92","23.70","","0.63%"
"07/29/2025","23.72","23.61","23.72","23.61","","0.51%"
"07/28/2025","23.60","23.55","23.61","23.53","","0.21%"
"07/25/2025","23.55","23.52","23.59","23.52","","0.13%"
"07/24/2025","23.52","23.52","23.54","23.48","","0.00%"
"07/23/2025","23.52","23.50","23.54","23.49","","0.09%"
"07/22/2025","23.50","23.47","23.53","23.46","","0.13%"
"07/21/2025","23.47","23.46","23.51","23.45","","0.04%"
"07/18/2025","23.46","23.42","23.48","23.41","","0.17%"
"07/17/2025","23.42","23.38","23.45","23.36","","0.17%"
"07/16/2025","23.38","23.41","23.44","23.34","","-0.13%"
"07/15/2025","23.41","23.42","23.43","23.34","","-0.04%"
"07/14/2025","23.42","23.37","23.43","23.36","","0.21%"
"07/11/2025","23.37","23.35","23.39","23.33","","0.09%"
"07/10/2025","23.35","23.33","23.35","23.29","","0.09%"
"07/09/2025","23.33","23.35","23.40","23.32","","-0.09%"
"07/08/2025","23.35","23.35","23.37","23.31","","0.00%"
"07/07/2025","23.35","23.28","23.43","23.28","","0.30%"
"07/04/2025","23.28","23.26","23.29","23.23","","0.09%"
"07/03/2025","23.26","23.31","23.34","23.19","","-0.21%"
"07/02/2025","23.31","23.31","23.35","23.30","","0.00%"
"07/01/2025","23.31","23.33","23.34","23.27","","-0.13%"
"06/30/2025","23.34","23.27","23.37","23.26","","0.30%"
"06/27/2025","23.27","23.32","23.33","23.26","","-0.21%"
"06/26/2025","23.32","23.42","23.43","23.31","","-0.47%"
"06/25/2025","23.43","23.40","23.46","23.36","","0.13%"
"06/24/2025","23.40","23.58","23.58","23.39","","-0.76%"
"06/23/2025","23.58","23.57","23.66","23.57","","0.00%"
"06/20/2025","23.58","23.65","23.65","23.56","","-0.30%"
"06/19/2025","23.65","23.53","23.67","23.53","","0.51%"
"06/18/2025","23.53","23.50","23.57","23.49","","0.13%"
"06/17/2025","23.50","23.38","23.53","23.37","","0.51%"
"06/16/2025","23.38","23.45","23.49","23.36","","-0.26%"
"06/13/2025","23.44","23.30","23.48","23.30","","0.60%"
"06/12/2025","23.30","23.27","23.33","23.25","","0.13%"
"06/11/2025","23.27","23.31","23.32","23.26","","-0.17%"
"06/10/2025","23.31","23.33","23.33","23.28","","-0.04%"
"06/09/2025","23.32","23.36","23.36","23.27","","-0.17%"
"06/06/2025","23.36","23.37","23.42","23.31","","-0.04%"
"06/05/2025","23.37","23.38","23.41","23.32","","-0.04%"
"06/04/2025","23.38","23.34","23.43","23.32","","0.17%"
"06/03/2025","23.34","23.24","23.34","23.24","","0.43%"
"06/02/2025","23.24","23.29","23.31","23.22","","-0.17%"
"05/30/2025","23.28","23.26","23.32","23.21","","0.09%"
"05/29/2025","23.26","23.25","23.31","23.25","","0.04%"
"05/28/2025","23.25","23.23","23.34","23.23","","0.09%"
"05/27/2025","23.23","23.17","23.27","23.15","","0.26%"
"05/26/2025","23.17","23.20","23.20","23.08","","-0.13%"
"05/23/2025","23.20","23.41","23.43","23.17","","-0.90%"
"05/22/2025","23.41","23.31","23.45","23.29","","0.43%"
"05/21/2025","23.31","23.29","23.33","23.27","","0.09%"
"05/20/2025","23.29","23.25","23.32","23.24","","0.17%"
"05/19/2025","23.25","23.28","23.32","23.23","","-0.13%"
"05/16/2025","23.28","23.29","23.33","23.21","","-0.04%"
"05/15/2025","23.29","23.25","23.34","23.24","","0.17%"
"05/14/2025","23.25","23.22","23.28","23.14","","0.13%"
"05/13/2025","23.22","23.11","23.27","23.04","","0.48%"
"05/12/2025","23.11","23.25","23.25","23.03","","-0.60%"
"05/09/2025","23.25","23.29","23.40","23.22","","-0.17%"
"05/08/2025","23.29","23.07","23.36","23.01","","0.95%"
"05/07/2025","23.07","22.95","23.12","22.95","","0.52%"
"05/06/2025","22.95","22.95","23.04","22.94","","0.00%"
"05/05/2025","22.95","23.01","23.02","22.90","","-0.26%"
"05/02/2025","23.01","23.05","23.06","22.81","","-0.09%"
"05/01/2025","23.03","23.03","23.07","23.02","","0.00%"
"04/30/2025","23.03","23.18","23.21","23.00","","-0.65%"
"04/29/2025","23.18","23.19","23.25","23.13","","-0.04%"
"04/28/2025","23.19","23.25","23.26","23.13","","-0.26%"
"04/25/2025","23.25","23.23","23.32","23.16","","0.09%"
"04/24/2025","23.23","23.24","23.32","23.21","","-0.04%"
"04/23/2025","23.24","23.19","23.29","23.19","","0.22%"
"04/22/2025","23.19","23.19","23.21","23.16","","0.00%"
"04/21/2025","23.19","23.25","23.25","23.15","","-0.30%"
"04/18/2025","23.26","23.25","23.28","23.25","","0.06%"
"04/17/2025","23.24","23.31","23.31","23.23","","-0.24%"
"04/16/2025","23.30","23.33","23.35","23.28","","-0.11%"
"04/15/2025","23.33","23.43","23.43","23.30","","-0.38%"
"04/14/2025","23.42","23.47","23.47","23.38","","-0.21%"
"04/11/2025","23.47","23.47","23.49","23.40","","0.00%"
"04/10/2025","23.47","23.59","23.59","23.45","","-0.53%"
"04/09/2025","23.59","23.48","23.62","23.48","","0.48%"
"04/08/2025","23.48","23.38","23.50","23.36","","0.44%"
"04/07/2025","23.37","23.29","23.39","23.28","","0.42%"
"04/04/2025","23.28","23.22","23.32","23.12","","0.30%"
"04/03/2025","23.21","23.27","23.36","23.20","","-0.23%"
"04/02/2025","23.26","23.30","23.34","23.26","","-0.15%"
"04/01/2025","23.30","23.27","23.32","23.27","","0.14%"
"03/31/2025","23.26","23.29","23.29","23.26","","-0.09%"
"03/28/2025","23.28","23.32","23.34","23.25","","-0.13%"
"03/27/2025","23.32","23.32","23.39","23.31","","0.00%"
"03/26/2025","23.31","23.31","23.39","23.30","","0.05%"
"03/25/2025","23.30","23.30","23.37","23.29","","0.00%"
"03/24/2025","23.29","23.41","23.43","23.27","","-0.50%"
"03/21/2025","23.41","23.50","23.51","23.39","","-0.37%"
"03/20/2025","23.50","23.50","23.53","23.47","","0.00%"
"03/19/2025","23.50","23.56","23.60","23.50","","-0.24%"
"03/18/2025","23.55","23.61","23.63","23.55","","-0.21%"
"03/17/2025","23.60","23.67","23.68","23.60","","-0.29%"
"03/14/2025","23.67","23.67","23.69","23.65","","0.06%"
"03/13/2025","23.66","23.73","23.74","23.67","","-0.30%"
"03/12/2025","23.73","23.74","23.77","23.73","","-0.03%"
"03/11/2025","23.74","23.77","23.79","23.73","","-0.13%"
"03/10/2025","23.76","23.72","23.79","23.72","","0.22%"
"03/07/2025","23.71","23.70","23.75","23.65","","0.11%"
"03/06/2025","23.69","23.66","23.73","23.65","","0.14%"
"03/05/2025","23.65","23.77","23.78","23.65","","-0.43%"
"03/04/2025","23.76","23.76","23.80","23.72","","0.00%"
"03/03/2025","23.76","23.82","23.82","23.75","","-0.23%"
"02/28/2025","23.81","23.77","23.84","23.76","","0.16%"
"02/27/2025","23.78","23.73","23.80","23.72","","0.25%"
"02/26/2025","23.72","23.73","23.74","23.69","","0.00%"
"02/25/2025","23.72","23.60","23.76","23.60","","0.55%"
"02/24/2025","23.59","23.58","23.62","23.55","","0.10%"
"02/21/2025","23.57","23.57","23.63","23.54","","0.00%"
"02/20/2025","23.57","23.66","23.67","23.56","","-0.38%"
"02/19/2025","23.66","23.66","23.68","23.64","","0.03%"
"02/18/2025","23.65","23.64","23.68","23.64","","0.07%"
"02/17/2025","23.63","23.59","23.66","23.58","","0.21%"
"02/14/2025","23.58","23.60","23.66","23.57","","-0.08%"
"02/13/2025","23.60","23.66","23.69","23.60","","-0.24%"
"02/12/2025","23.66","23.63","23.70","23.50","","0.12%"
"02/11/2025","23.63","23.82","23.84","23.59","","-0.77%"
"02/10/2025","23.81","23.86","23.96","23.80","","-0.18%"
"02/07/2025","23.86","23.85","23.87","23.77","","0.05%"
"02/06/2025","23.84","23.78","23.87","23.78","","0.28%"
"02/05/2025","23.78","23.71","23.82","23.71","","0.31%"
"02/04/2025","23.70","23.68","23.73","23.67","","0.13%"
"02/03/2025","23.67","23.57","23.77","23.57","","0.50%"
"01/31/2025","23.56","23.57","23.60","23.56","","0.00%"
"01/30/2025","23.56","23.59","23.59","23.56","","-0.10%"
"01/29/2025","23.58","23.57","23.59","23.55","","0.06%"
"01/28/2025","23.57","23.51","23.58","23.51","","0.27%"
"01/27/2025","23.51","23.47","23.54","23.47","","0.17%"
"01/24/2025","23.47","23.53","23.54","23.46","","-0.26%"
"01/23/2025","23.53","23.54","23.56","23.51","","0.00%"
"01/22/2025","23.53","23.54","23.58","23.49","","0.00%"
"01/21/2025","23.53","23.47","23.58","23.47","","0.28%"
"01/20/2025","23.47","23.57","23.57","23.47","","-0.41%"
"01/17/2025","23.57","23.58","23.60","23.56","","0.00%"
"01/16/2025","23.57","23.52","23.59","23.52","","0.23%"
"01/15/2025","23.52","23.56","23.58","23.49","","-0.16%"
"01/14/2025","23.55","23.59","23.61","23.54","","-0.15%"
"01/13/2025","23.59","23.47","23.61","23.44","","0.56%"
"01/10/2025","23.46","23.39","23.47","23.38","","0.31%"
"01/09/2025","23.38","23.39","23.40","23.37","","-0.03%"
"01/08/2025","23.39","23.36","23.40","23.35","","0.13%"
"01/07/2025","23.36","23.34","23.36","23.32","","0.12%"
"01/06/2025","23.33","23.35","23.38","23.31","","-0.07%"
"01/03/2025","23.35","23.35","23.37","23.33","","0.00%"
"01/02/2025","23.35","23.32","23.36","23.31","","0.14%"
"01/01/2025","23.32","23.30","23.34","23.30","","0.11%"
"12/31/2024","23.29","23.28","23.33","23.28","","0.09%"
"12/30/2024","23.27","23.25","23.31","23.25","","0.09%"
"12/27/2024","23.25","23.21","23.37","23.20","","0.16%"
"12/26/2024","23.21","23.20","23.23","23.19","","0.06%"
"12/25/2024","23.19","23.19","23.20","23.18","","0.03%"
"12/24/2024","23.19","23.17","23.20","23.16","","0.10%"
"12/23/2024","23.17","23.13","23.18","23.12","","0.18%"
"12/20/2024","23.12","23.17","23.18","23.13","","-0.17%"
"12/19/2024","23.16","23.11","23.18","23.11","","0.26%"
"12/18/2024","23.10","23.12","23.14","23.10","","-0.05%"
"12/17/2024","23.11","23.12","23.13","23.11","","0.02%"
"12/16/2024","23.11","23.09","23.12","23.08","","0.13%"
"12/13/2024","23.08","23.09","23.11","23.08","","-0.05%"
"12/12/2024","23.09","23.09","23.11","23.09","","0.04%"
"12/11/2024","23.08","23.11","23.12","23.09","","-0.11%"
"12/10/2024","23.11","23.10","23.12","23.08","","0.06%"
"12/09/2024","23.09","23.05","23.12","23.05","","0.19%"
"12/06/2024","23.05","23.06","23.07","23.01","","0.00%"
"12/05/2024","23.05","23.07","23.08","23.05","","0.00%"
"12/04/2024","23.06","23.06","23.08","23.05","","0.00%"
"12/03/2024","23.05","23.07","23.09","23.04","","-0.07%"
"12/02/2024","23.07","23.02","23.08","23.02","","0.21%"
"11/29/2024","23.02","23.00","23.04","22.99","","0.14%"
"11/28/2024","22.99","22.98","23.01","22.98","","0.04%"
"11/27/2024","22.98","22.96","23.00","22.95","","0.12%"
"11/26/2024","22.95","22.94","22.97","22.93","","0.07%"
"11/25/2024","22.94","22.99","22.99","22.93","","-0.20%"
"11/22/2024","22.98","23.01","23.01","22.98","","-0.08%"
"11/21/2024","23.00","22.97","23.01","22.97","","0.17%"
"11/20/2024","22.97","22.98","22.98","22.96","","-0.04%"
"11/19/2024","22.98","22.98","22.99","22.97","","0.00%"
"11/18/2024","22.98","22.99","23.00","22.97","","-0.03%"
"11/15/2024","22.98","23.00","23.00","22.98","","-0.04%"
"11/14/2024","22.99","22.98","23.00","22.97","","0.05%"
"11/13/2024","22.98","22.98","22.99","22.97","","0.04%"
"11/12/2024","22.97","22.98","22.99","22.97","","0.00%"
"11/11/2024","22.97","22.98","22.99","22.97","","0.00%"
"11/08/2024","22.98","22.95","22.98","22.95","","0.12%"
"11/07/2024","22.95","22.96","22.98","22.94","","0.00%"
"11/06/2024","22.95","22.90","22.97","22.90","","0.24%"
"11/05/2024","22.90","22.91","22.92","22.89","","-0.03%"
"11/04/2024","22.90","22.89","22.91","22.88","","0.06%"
"11/01/2024","22.89","22.89","22.90","22.88","","0.03%"
"10/31/2024","22.88","22.89","22.91","22.89","","0.00%"
"10/30/2024","22.89","22.89","22.90","22.89","","0.03%"
"10/29/2024","22.88","22.89","22.90","22.88","","0.00%"
"10/28/2024","22.89","22.90","22.90","22.88","","-0.04%"
"10/25/2024","22.89","22.89","22.90","22.88","","0.05%"
"10/24/2024","22.88","22.89","22.90","22.88","","0.00%"
"10/23/2024","22.88","22.89","22.90","22.88","","0.00%"
"10/22/2024","22.89","22.89","22.90","22.88","","0.00%"
"10/21/2024","22.89","22.89","22.90","22.88","","0.00%"
"10/18/2024","22.89","22.89","22.89","22.88","","0.03%"
"10/17/2024","22.88","22.88","22.89","22.87","","0.00%"
"10/16/2024","22.88","22.88","22.90","22.86","","0.00%"
"10/15/2024","22.88","22.89","22.89","22.87","","0.00%"
"10/14/2024","22.88","22.90","22.90","22.87","","-0.07%"
"10/11/2024","22.90","22.86","22.90","22.85","","0.20%"
"10/10/2024","22.85","22.86","22.87","22.85","","0.00%"
"10/09/2024","22.85","22.86","22.86","22.84","","0.00%"
"10/08/2024","22.85","22.87","22.87","22.85","","-0.03%"
"10/07/2024","22.86","22.88","22.88","22.85","","-0.07%"
"10/04/2024","22.88","22.87","22.88","22.85","","0.05%"
"10/03/2024","22.86","22.85","22.88","22.84","","0.07%"
"10/02/2024","22.85","22.84","22.87","22.83","","0.03%"
"10/01/2024","22.84","22.81","22.86","22.81","","0.17%"
"09/30/2024","22.80","22.79","22.83","22.78","","0.05%"
"09/27/2024","22.79","22.77","22.80","22.76","","0.13%"
"09/26/2024","22.76","22.76","22.80","22.76","","0.00%"
"09/25/2024","22.76","22.76","22.77","22.74","","0.00%"
"09/24/2024","22.76","22.74","22.78","22.74","","0.08%"
"09/23/2024","22.74","22.73","22.75","22.72","","0.05%"
"09/20/2024","22.73","22.77","22.77","22.72","","-0.16%"
"09/19/2024","22.76","22.78","22.80","22.75","","-0.04%"
"09/18/2024","22.77","22.81","22.82","22.77","","-0.12%"
"09/17/2024","22.80","22.83","22.85","22.79","","-0.11%"
"09/16/2024","22.83","22.84","22.85","22.82","","-0.05%"
"09/13/2024","22.84","22.85","22.86","22.83","","-0.05%"
"09/12/2024","22.85","22.86","22.87","22.85","","-0.04%"
"09/11/2024","22.86","22.86","22.87","22.85","","0.00%"
"09/10/2024","22.85","22.86","22.87","22.85","","0.00%"
"09/09/2024","22.85","22.86","22.87","22.85","","-0.07%"
"09/06/2024","22.86","22.87","22.87","22.84","","0.03%"
"09/05/2024","22.86","22.86","22.87","22.86","","0.00%"
"09/04/2024","22.86","22.86","22.88","22.85","","0.00%"
"09/03/2024","22.85","22.84","22.87","22.84","","0.08%"
"09/02/2024","22.84","22.83","22.86","22.83","","0.00%"
"08/30/2024","22.83","22.84","22.84","22.82","","0.00%"
"08/29/2024","22.84","22.85","22.86","22.83","","0.00%"
"08/28/2024","22.84","22.85","22.87","22.84","","0.00%"
"08/27/2024","22.84","22.83","22.86","22.83","","0.08%"
"08/26/2024","22.82","22.82","22.85","22.81","","0.04%"
"08/23/2024","22.82","22.85","22.86","22.81","","-0.15%"
"08/22/2024","22.85","22.84","22.87","22.84","","0.07%"
"08/21/2024","22.83","22.80","22.86","22.80","","0.15%"
"08/20/2024","22.80","22.83","22.84","22.80","","-0.12%"
"08/19/2024","22.83","22.84","22.86","22.82","","-0.04%"
"08/16/2024","22.83","22.86","22.86","22.84","","-0.07%"
"08/15/2024","22.85","22.86","22.87","22.85","","-0.03%"
"08/14/2024","22.86","22.85","22.87","22.84","","0.07%"
"08/13/2024","22.84","22.85","22.87","22.84","","-0.03%"
"08/12/2024","22.85","22.86","22.87","22.84","","-0.03%"
"08/09/2024","22.85","22.87","22.87","22.83","","-0.05%"
"08/08/2024","22.86","22.85","22.87","22.84","","0.12%"
"08/07/2024","22.84","22.85","22.87","22.84","","-0.05%"
"08/06/2024","22.85","22.88","22.88","22.82","","-0.10%"
"08/05/2024","22.87","22.82","22.92","22.80","","0.27%"
"08/02/2024","22.81","22.79","22.82","22.79","","0.10%"
"08/01/2024","22.79","22.79","22.81","22.77","","0.00%"
"07/31/2024","22.79","22.80","22.81","22.77","","-0.03%"
"07/30/2024","22.79","22.80","22.81","22.79","","-0.04%"
"07/29/2024","22.80","22.80","22.81","22.79","","0.05%"
"07/26/2024","22.79","22.80","22.81","22.79","","0.00%"
"07/25/2024","22.79","22.79","22.82","22.77","","0.00%"
"07/24/2024","22.79","22.78","22.80","22.78","","0.04%"
"07/23/2024","22.78","22.78","22.80","22.76","","0.03%"
"07/22/2024","22.77","22.80","22.80","22.77","","-0.09%"
"07/19/2024","22.79","22.76","22.80","22.76","","0.17%"
"07/18/2024","22.75","22.76","22.78","22.75","","0.00%"
"07/17/2024","22.75","22.74","22.76","22.73","","0.07%"
"07/16/2024","22.74","22.75","22.77","22.74","","-0.04%"
"07/15/2024","22.75","22.74","22.77","22.73","","0.05%"
"07/12/2024","22.74","22.74","22.75","22.73","","0.00%"
"07/11/2024","22.74","22.74","22.76","22.73","","0.00%"
"07/10/2024","22.73","22.73","22.75","22.72","","0.05%"
"07/09/2024","22.72","22.74","22.74","22.72","","-0.04%"
"07/08/2024","22.73","22.74","22.74","22.71","","0.00%"
"07/05/2024","22.73","22.73","22.74","22.72","","0.03%"
"07/04/2024","22.73","22.74","22.75","22.72","","-0.05%"
"07/03/2024","22.74","22.74","22.75","22.71","","0.02%"
"07/02/2024","22.73","22.72","22.75","22.71","","0.09%"
"07/01/2024","22.71","22.69","22.73","22.69","","0.09%"
"06/28/2024","22.69","22.72","22.73","22.69","","-0.10%"
"06/27/2024","22.72","22.75","22.76","22.71","","-0.14%"
"06/26/2024","22.75","22.71","22.77","22.71","","0.18%"
"06/25/2024","22.70","22.73","22.74","22.70","","-0.05%"
"06/24/2024","22.72","22.75","22.76","22.71","","-0.14%"
"06/21/2024","22.75","22.77","22.78","22.73","","-0.07%"
"06/20/2024","22.76","22.73","22.78","22.71","","0.20%"
"06/19/2024","22.72","22.70","22.73","22.69","","0.15%"
"06/18/2024","22.68","22.73","22.75","22.68","","-0.20%"
"06/17/2024","22.73","22.75","22.75","22.73","","-0.07%"
"06/14/2024","22.75","22.75","22.76","22.74","","0.00%"
"06/13/2024","22.74","22.72","22.75","22.72","","0.13%"
"06/12/2024","22.71","22.77","22.77","22.71","","-0.20%"
"06/11/2024","22.76","22.74","22.77","22.73","","0.11%"
"06/10/2024","22.73","22.74","22.75","22.72","","-0.03%"
"06/07/2024","22.74","22.73","22.74","22.69","","0.07%"
"06/06/2024","22.72","22.70","22.74","22.69","","0.11%"
"06/05/2024","22.70","22.75","22.76","22.67","","-0.18%"
"06/04/2024","22.74","22.63","22.78","22.62","","0.53%"
"06/03/2024","22.62","22.72","22.72","22.58","","-0.42%"
"05/31/2024","22.71","22.68","22.73","22.66","","0.18%"
"05/30/2024","22.67","22.70","22.72","22.66","","-0.07%"
"05/29/2024","22.69","22.65","22.71","22.64","","0.21%"
"05/28/2024","22.64","22.63","22.66","22.62","","0.08%"
"05/27/2024","22.62","22.61","22.64","22.61","","0.05%"
"05/24/2024","22.61","22.67","22.68","22.60","","-0.22%"
"05/23/2024","22.66","22.66","22.68","22.65","","0.00%"
"05/22/2024","22.66","22.67","22.69","22.65","","-0.04%"
"05/21/2024","22.66","22.68","22.70","22.66","","-0.04%"
"05/20/2024","22.67","22.68","22.69","22.66","","0.00%"
"05/17/2024","22.67","22.72","22.74","22.67","","-0.21%"
"05/16/2024","22.72","22.71","22.74","22.71","","0.05%"
"05/15/2024","22.71","22.73","22.74","22.71","","-0.09%"
"05/14/2024","22.73","22.73","22.75","22.72","","0.03%"
"05/13/2024","22.72","22.75","22.75","22.72","","-0.09%"
"05/10/2024","22.74","22.72","22.75","22.72","","0.11%"
"05/09/2024","22.72","22.73","22.74","22.71","","-0.03%"
"05/08/2024","22.72","22.72","22.74","22.72","","0.00%"
"05/07/2024","22.72","22.73","22.74","22.71","","0.00%"
"05/06/2024","22.73","22.70","22.75","22.70","","0.12%"
"05/03/2024","22.70","22.72","22.73","22.68","","-0.08%"
"05/02/2024","22.72","22.73","22.74","22.71","","-0.02%"
"05/01/2024","22.72","22.72","22.74","22.72","","0.00%"
"04/30/2024","22.72","22.71","22.75","22.71","","0.04%"
"04/29/2024","22.71","22.71","22.74","22.69","","0.03%"
"04/26/2024","22.70","22.68","22.71","22.67","","0.10%"
"04/25/2024","22.68","22.69","22.71","22.67","","0.00%"
"04/24/2024","22.68","22.68","22.70","22.67","","0.06%"
"04/23/2024","22.67","22.70","22.71","22.67","","-0.11%"
"04/22/2024","22.69","22.70","22.72","22.68","","0.00%"
"04/19/2024","22.69","22.75","22.80","22.70","","-0.21%"
"04/18/2024","22.74","22.78","22.78","22.73","","-0.14%"
"04/17/2024","22.77","22.78","22.80","22.76","","0.00%"
"04/16/2024","22.77","22.74","22.79","22.73","","0.19%"
"04/15/2024","22.73","22.76","22.76","22.71","","-0.06%"
"04/12/2024","22.74","22.69","22.77","22.68","","0.24%"
"04/11/2024","22.69","22.71","22.72","22.68","","-0.06%"
"04/10/2024","22.70","22.65","22.72","22.64","","0.23%"
"04/09/2024","22.65","22.68","22.68","22.64","","-0.11%"
"04/08/2024","22.67","22.69","22.70","22.66","","-0.03%"
"04/05/2024","22.68","22.70","22.73","22.67","","-0.05%"
"04/04/2024","22.69","22.74","22.74","22.69","","-0.19%"
"04/03/2024","22.74","22.70","22.76","22.69","","0.22%"
"04/02/2024","22.68","22.71","22.72","22.69","","-0.06%"
"04/01/2024","22.70","22.70","22.71","22.69","","0.03%"
"03/29/2024","22.69","22.71","22.71","22.69","","-0.02%"
"03/28/2024","22.70","22.69","22.72","22.68","","0.10%"
"03/27/2024","22.67","22.69","22.73","22.68","","-0.04%"
"03/26/2024","22.68","22.72","22.72","22.67","","-0.12%"
"03/25/2024","22.71","22.76","22.76","22.71","","-0.22%"
"03/22/2024","22.76","22.66","22.80","22.65","","0.51%"
"03/21/2024","22.65","22.65","22.67","22.61","","0.00%"
"03/20/2024","22.65","22.61","22.66","22.60","","0.23%"
"03/19/2024","22.60","22.58","22.62","22.57","","0.12%"
"03/18/2024","22.57","22.57","22.58","22.55","","0.00%"
"03/15/2024","22.57","22.58","22.60","22.55","","-0.04%"
"03/14/2024","22.57","22.55","22.59","22.54","","0.11%"
"03/13/2024","22.55","22.54","22.58","22.53","","0.05%"
"03/12/2024","22.54","22.52","22.55","22.52","","0.07%"
"03/11/2024","22.52","22.53","22.54","22.50","","0.00%"
"03/08/2024","22.52","22.52","22.54","22.51","","0.06%"
"03/07/2024","22.51","22.55","22.56","22.51","","-0.11%"
"03/06/2024","22.53","22.57","22.58","22.54","","-0.13%"
"03/05/2024","22.57","22.57","22.58","22.56","","-0.03%"
"03/04/2024","22.57","22.56","22.58","22.55","","0.08%"
"03/01/2024","22.55","22.57","22.58","22.55","","-0.07%"
"02/29/2024","22.57","22.58","22.59","22.56","","0.00%"
"02/28/2024","22.57","22.57","22.59","22.56","","0.02%"
"02/27/2024","22.56","22.56","22.58","22.55","","0.04%"
"02/26/2024","22.56","22.57","22.58","22.56","","0.00%"
"02/23/2024","22.56","22.56","22.59","22.55","","0.04%"
"02/22/2024","22.55","22.58","22.59","22.55","","-0.11%"
"02/21/2024","22.58","22.57","22.59","22.55","","0.04%"
"02/20/2024","22.57","22.61","22.61","22.56","","-0.16%"
"02/19/2024","22.60","22.60","22.62","22.58","","0.00%"
"02/16/2024","22.60","22.59","22.61","22.59","","0.04%"
"02/15/2024","22.59","22.61","22.62","22.59","","-0.05%"
"02/14/2024","22.60","22.63","22.63","22.60","","-0.07%"
"02/13/2024","22.62","22.59","22.63","22.59","","0.15%"
"02/12/2024","22.59","22.60","22.61","22.58","","-0.04%"
"02/09/2024","22.59","22.59","22.62","22.58","","0.03%"
"02/08/2024","22.59","22.59","22.60","22.57","","0.00%"
"02/07/2024","22.59","22.62","22.62","22.58","","-0.11%"
"02/06/2024","22.61","22.61","22.62","22.60","","0.04%"
"02/05/2024","22.60","22.60","22.62","22.58","","0.04%"
"02/02/2024","22.59","22.58","22.60","22.55","","0.07%"
"02/01/2024","22.58","22.62","22.63","22.57","","-0.15%"
"01/31/2024","22.61","22.63","22.63","22.60","","-0.07%"
"01/30/2024","22.63","22.64","22.65","22.62","","0.00%"
"01/29/2024","22.63","22.63","22.65","22.63","","0.03%"
"01/26/2024","22.63","22.64","22.65","22.62","","-0.04%"
"01/25/2024","22.63","22.63","22.65","22.62","","0.00%"
"01/24/2024","22.63","22.64","22.65","22.62","","-0.03%"
"01/23/2024","22.64","22.63","22.65","22.61","","0.07%"
"01/22/2024","22.62","22.63","22.65","22.61","","0.00%"
"01/19/2024","22.62","22.64","22.65","22.61","","-0.09%"
"01/18/2024","22.64","22.65","22.66","22.62","","-0.02%"
"01/17/2024","22.65","22.62","22.66","22.61","","0.12%"
"01/16/2024","22.62","22.55","22.64","22.55","","0.30%"
"01/15/2024","22.55","22.56","22.58","22.54","","-0.03%"
"01/12/2024","22.56","22.62","22.63","22.54","","-0.24%"
"01/11/2024","22.61","22.60","22.63","22.58","","0.05%"
"01/10/2024","22.60","22.63","22.65","22.59","","-0.11%"
"01/09/2024","22.63","22.61","22.64","22.61","","0.11%"
"01/08/2024","22.60","22.64","22.65","22.60","","-0.10%"
"01/05/2024","22.62","22.67","22.68","22.62","","-0.17%"
"01/04/2024","22.66","22.68","22.69","22.65","","-0.04%"
"01/03/2024","22.67","22.68","22.69","22.66","","0.00%"
"01/02/2024","22.67","22.66","22.70","22.65","","0.04%"
"01/01/2024","22.66","22.66","22.66","22.64","","0.06%"
"12/29/2023","22.65","22.65","22.67","22.63","","0.03%"
"12/28/2023","22.64","22.67","22.69","22.63","","-0.11%"
"12/27/2023","22.67","22.64","22.70","22.64","","0.12%"
"12/26/2023","22.64","22.65","22.66","22.63","","0.00%"
"12/25/2023","22.64","22.65","22.65","22.63","","0.00%"
"12/22/2023","22.64","22.66","22.67","22.63","","-0.06%"
"12/21/2023","22.65","22.65","22.68","22.64","","0.08%"
"12/20/2023","22.64","22.63","22.67","22.62","","0.04%"
"12/19/2023","22.63","22.64","22.66","22.62","","-0.05%"
"12/18/2023","22.64","22.61","22.65","22.57","","0.16%"
"12/15/2023","22.60","22.68","22.69","22.58","","-0.34%"
"12/14/2023","22.68","22.70","22.70","22.67","","-0.07%"
"12/13/2023","22.70","22.71","22.72","22.69","","-0.04%"
"12/12/2023","22.71","22.70","22.72","22.69","","0.05%"
"12/11/2023","22.69","22.72","22.73","22.70","","-0.09%"
"12/08/2023","22.71","22.70","22.73","22.69","","0.10%"
"12/07/2023","22.69","22.69","22.71","22.69","","0.00%"
"12/06/2023","22.69","22.69","22.71","22.68","","0.03%"
"12/05/2023","22.68","22.72","22.72","22.69","","-0.13%"
"12/04/2023","22.71","22.67","22.73","22.66","","0.20%"
"12/01/2023","22.67","22.71","22.71","22.67","","-0.11%"
"11/30/2023","22.69","22.70","22.72","22.68","","0.00%"
"11/29/2023","22.69","22.69","22.71","22.67","","0.03%"
"11/28/2023","22.69","22.69","22.71","22.68","","0.00%"
"11/27/2023","22.68","22.69","22.72","22.68","","-0.03%"
"11/24/2023","22.69","22.69","22.71","22.69","","0.04%"
"11/23/2023","22.68","22.69","22.70","22.67","","0.00%"
"11/22/2023","22.68","22.69","22.70","22.67","","0.00%"
"11/21/2023","22.68","22.69","22.70","22.66","","0.00%"
"11/20/2023","22.68","22.67","22.71","22.66","","0.09%"
"11/17/2023","22.66","22.64","22.68","22.64","","0.11%"
"11/16/2023","22.64","22.65","22.67","22.64","","-0.04%"
"11/15/2023","22.65","22.59","22.66","22.59","","0.27%"
"11/14/2023","22.59","22.65","22.67","22.57","","-0.25%"
"11/13/2023","22.65","22.68","22.69","22.65","","-0.15%"
"11/10/2023","22.68","22.68","22.73","22.66","","0.00%"
"11/09/2023","22.68","22.66","22.69","22.66","","0.12%"
"11/08/2023","22.66","22.66","22.68","22.65","","0.00%"
"11/07/2023","22.66","22.66","22.68","22.65","","0.00%"
"11/06/2023","22.66","22.64","22.67","22.62","","0.09%"
"11/03/2023","22.64","22.67","22.68","22.63","","-0.11%"
"11/02/2023","22.66","22.67","22.68","22.64","","0.00%"
"11/01/2023","22.66","22.67","22.69","22.66","","-0.04%"
"10/31/2023","22.67","22.67","22.68","22.66","","0.00%"
"10/30/2023","22.67","22.67","22.68","22.66","","0.00%"
"10/27/2023","22.67","22.67","22.68","22.65","","0.03%"
"10/26/2023","22.66","22.64","22.67","22.63","","0.11%"
"10/25/2023","22.63","22.60","22.65","22.60","","0.16%"
"10/24/2023","22.60","22.62","22.63","22.58","","-0.07%"
"10/23/2023","22.61","22.64","22.65","22.62","","-0.11%"
"10/20/2023","22.64","22.63","22.66","22.60","","0.08%"
"10/19/2023","22.62","22.68","22.68","22.62","","-0.24%"
"10/18/2023","22.67","22.67","22.68","22.65","","0.06%"
"10/17/2023","22.66","22.65","22.68","22.65","","0.06%"
"10/16/2023","22.65","22.67","22.68","22.65","","-0.08%"
"10/13/2023","22.66","22.68","22.68","22.65","","-0.04%"
"10/12/2023","22.67","22.64","22.68","22.63","","0.16%"
"10/11/2023","22.64","22.65","22.66","22.63","","0.00%"
"10/10/2023","22.64","22.67","22.67","22.64","","-0.11%"
"10/09/2023","22.66","22.63","22.69","22.63","","0.16%"
"10/06/2023","22.63","22.65","22.68","22.63","","-0.10%"
"10/05/2023","22.65","22.67","22.68","22.65","","-0.07%"
"10/04/2023","22.66","22.66","22.69","22.64","","0.04%"
"10/03/2023","22.66","22.65","22.67","22.63","","0.06%"
"10/02/2023","22.64","22.61","22.66","22.61","","0.17%"
"09/29/2023","22.60","22.64","22.65","22.60","","-0.15%"
"09/28/2023","22.64","22.65","22.67","22.63","","-0.03%"
"09/27/2023","22.64","22.67","22.68","22.64","","-0.06%"
"09/26/2023","22.66","22.63","22.68","22.62","","0.12%"
"09/25/2023","22.63","22.59","22.65","22.59","","0.19%"
"09/22/2023","22.58","22.63","22.63","22.53","","-0.17%"
"09/21/2023","22.62","22.58","22.66","22.58","","0.23%"
"09/20/2023","22.57","22.68","22.68","22.58","","-0.47%"
"09/19/2023","22.68","22.68","22.69","22.64","","0.04%"
"09/18/2023","22.67","22.62","22.70","22.62","","0.22%"
"09/15/2023","22.62","22.61","22.65","22.59","","0.10%"
"09/14/2023","22.60","22.58","22.63","22.57","","0.09%"
"09/13/2023","22.58","22.56","22.61","22.56","","0.10%"
"09/12/2023","22.55","22.57","22.60","22.56","","-0.06%"
"09/11/2023","22.57","22.61","22.62","22.55","","-0.12%"
"09/08/2023","22.60","22.64","22.65","22.57","","-0.18%"
"09/07/2023","22.64","22.66","22.67","22.62","","-0.04%"
"09/06/2023","22.65","22.61","22.67","22.59","","0.19%"
"09/05/2023","22.60","22.52","22.63","22.52","","0.39%"
"09/04/2023","22.52","22.51","22.54","22.50","","0.04%"
"09/01/2023","22.51","22.52","22.54","22.48","","0.00%"
"08/31/2023","22.51","22.49","22.54","22.48","","0.10%"
"08/30/2023","22.49","22.49","22.55","22.48","","0.04%"
"08/29/2023","22.48","22.50","22.55","22.48","","-0.03%"
"08/28/2023","22.49","22.51","22.51","22.47","","-0.05%"
"08/25/2023","22.50","22.49","22.53","22.47","","0.07%"
"08/24/2023","22.48","22.47","22.50","22.42","","0.09%"
"08/23/2023","22.46","22.61","22.62","22.45","","-0.64%"
"08/22/2023","22.61","22.62","22.63","22.57","","-0.06%"
"08/21/2023","22.62","22.64","22.66","22.60","","-0.06%"
"08/18/2023","22.63","22.64","22.66","22.60","","0.00%"
"08/17/2023","22.63","22.66","22.67","22.59","","-0.10%"
"08/16/2023","22.65","22.66","22.72","22.62","","0.00%"
"08/15/2023","22.65","22.65","22.72","22.64","","0.06%"
"08/14/2023","22.64","22.57","22.68","22.57","","0.36%"
"08/11/2023","22.56","22.50","22.57","22.50","","0.31%"
"08/10/2023","22.49","22.56","22.56","22.49","","-0.28%"
"08/09/2023","22.55","22.57","22.57","22.54","","0.00%"
"08/08/2023","22.56","22.54","22.59","22.53","","0.12%"
"08/07/2023","22.53","22.51","22.54","22.51","","0.11%"
"08/04/2023","22.50","22.53","22.57","22.51","","-0.11%"
"08/03/2023","22.53","22.53","22.55","22.50","","0.04%"
"08/02/2023","22.52","22.42","22.55","22.41","","0.47%"
"08/01/2023","22.42","22.39","22.42","22.38","","0.13%"
"07/31/2023","22.39","22.39","22.41","22.38","","0.00%"
"07/28/2023","22.39","22.37","22.42","22.37","","0.10%"
"07/27/2023","22.36","22.31","22.39","22.29","","0.24%"
"07/26/2023","22.31","22.29","22.35","22.28","","0.13%"
"07/25/2023","22.28","22.27","22.30","22.24","","0.07%"
"07/24/2023","22.27","22.32","22.34","22.27","","-0.22%"
"07/21/2023","22.32","22.35","22.35","22.30","","-0.10%"
"07/20/2023","22.34","22.34","22.35","22.30","","0.00%"
"07/19/2023","22.34","22.34","22.37","22.33","","0.00%"
"07/18/2023","22.34","22.34","22.36","22.31","","0.04%"
"07/17/2023","22.33","22.35","22.38","22.32","","0.00%"
"07/14/2023","22.33","22.34","22.38","22.30","","0.00%"
"07/13/2023","22.33","22.32","22.37","22.31","","0.07%"
"07/12/2023","22.32","22.43","22.44","22.31","","-0.50%"
"07/11/2023","22.43","22.47","22.48","22.41","","-0.15%"
"07/10/2023","22.46","22.49","22.51","22.47","","-0.12%"
"07/07/2023","22.49","22.53","22.54","22.47","","-0.18%"
"07/06/2023","22.53","22.43","22.55","22.41","","0.45%"
"07/05/2023","22.43","22.32","22.44","22.32","","0.54%"
"07/04/2023","22.31","22.32","22.34","22.29","","0.00%"
"07/03/2023","22.31","22.35","22.35","22.26","","-0.19%"
"06/30/2023","22.35","22.35","22.36","22.32","","0.00%"
"06/29/2023","22.35","22.33","22.36","22.32","","0.10%"
"06/28/2023","22.33","22.33","22.35","22.32","","0.04%"
"06/27/2023","22.32","22.32","22.34","22.31","","0.02%"
"06/26/2023","22.31","22.32","22.35","22.31","","0.00%"
"06/23/2023","22.32","22.31","22.35","22.30","","0.04%"
"06/22/2023","22.31","22.31","22.33","22.29","","0.00%"
"06/21/2023","22.31","22.33","22.36","22.31","","-0.07%"
"06/20/2023","22.32","22.30","22.37","22.30","","0.09%"
"06/19/2023","22.30","22.30","22.33","22.29","","0.00%"
"06/16/2023","22.30","22.30","22.33","22.28","","0.00%"
"06/15/2023","22.29","22.32","22.40","22.30","","-0.07%"
"06/14/2023","22.31","22.39","22.42","22.30","","-0.34%"
"06/13/2023","22.39","22.44","22.45","22.37","","-0.20%"
"06/12/2023","22.43","22.45","22.46","22.43","","-0.06%"
"06/09/2023","22.44","22.47","22.47","22.43","","-0.07%"
"06/08/2023","22.46","22.46","22.50","22.45","","0.00%"
"06/07/2023","22.46","22.47","22.49","22.45","","0.00%"
"06/06/2023","22.46","22.47","22.51","22.46","","0.00%"
"06/05/2023","22.46","22.44","22.52","22.43","","0.15%"
"06/02/2023","22.43","22.40","22.45","22.40","","0.16%"
"06/01/2023","22.40","22.51","22.52","22.40","","-0.50%"
"05/31/2023","22.51","22.51","22.54","22.49","","0.00%"
"05/30/2023","22.50","22.50","22.54","22.48","","0.08%"
"05/29/2023","22.49","22.49","22.51","22.47","","0.00%"
"05/26/2023","22.48","22.53","22.53","22.48","","-0.20%"
"05/25/2023","22.53","22.51","22.55","22.51","","0.08%"
"05/24/2023","22.51","22.56","22.57","22.48","","-0.20%"
"05/23/2023","22.55","22.56","22.57","22.53","","0.00%"
"05/22/2023","22.56","22.58","22.58","22.53","","-0.04%"
"05/19/2023","22.57","22.53","22.59","22.50","","0.17%"
"05/18/2023","22.53","22.44","22.55","22.43","","0.40%"
"05/17/2023","22.44","22.41","22.46","22.40","","0.17%"
"05/16/2023","22.40","22.40","22.42","22.38","","0.02%"
"05/15/2023","22.39","22.40","22.44","22.38","","0.08%"
"05/12/2023","22.38","22.36","22.40","22.36","","0.10%"
"05/11/2023","22.35","22.31","22.38","22.30","","0.25%"
"05/10/2023","22.30","22.36","22.37","22.30","","-0.25%"
"05/09/2023","22.36","22.27","22.38","22.27","","0.41%"
"05/08/2023","22.26","22.26","22.29","22.24","","0.09%"
"05/05/2023","22.24","22.25","22.28","22.23","","-0.03%"
"05/04/2023","22.25","22.27","22.28","22.23","","-0.04%"
"05/03/2023","22.26","22.27","22.30","22.24","","0.00%"
"05/02/2023","22.26","22.27","22.32","22.25","","-0.03%"
"05/01/2023","22.26","22.26","22.28","22.25","","0.06%"
"04/28/2023","22.25","22.25","22.30","22.25","","0.03%"
"04/27/2023","22.24","22.26","22.30","22.22","","-0.05%"
"04/26/2023","22.25","22.33","22.34","22.24","","-0.27%"
"04/25/2023","22.32","22.32","22.34","22.29","","0.00%"
"04/24/2023","22.31","22.34","22.36","22.29","","-0.08%"
"04/21/2023","22.33","22.37","22.39","22.33","","-0.13%"
"04/20/2023","22.36","22.41","22.43","22.34","","-0.17%"
"04/19/2023","22.40","22.36","22.41","22.34","","0.23%"
"04/18/2023","22.35","22.33","22.36","22.32","","0.12%"
"04/17/2023","22.32","22.29","22.35","22.29","","0.20%"
"04/14/2023","22.28","22.24","22.31","22.20","","0.21%"
"04/13/2023","22.23","22.32","22.34","22.23","","-0.35%"
"04/12/2023","22.31","22.35","22.36","22.31","","-0.12%"
"04/11/2023","22.34","22.32","22.37","22.31","","0.09%"
"04/10/2023","22.32","22.30","22.34","22.26","","0.14%"
"04/07/2023","22.29","22.28","22.30","22.27","","0.04%"
"04/06/2023","22.28","22.31","22.34","22.28","","-0.11%"
"04/05/2023","22.30","22.36","22.39","22.28","","-0.21%"
"04/04/2023","22.35","22.38","22.40","22.35","","-0.11%"
"04/03/2023","22.38","22.38","22.46","22.38","","0.03%"
"03/31/2023","22.37","22.35","22.41","22.34","","0.10%"
"03/30/2023","22.35","22.38","22.41","22.33","","-0.12%"
"03/29/2023","22.37","22.38","22.44","22.37","","0.00%"
"03/28/2023","22.37","22.38","22.41","22.36","","0.00%"
"03/27/2023","22.37","22.42","22.45","22.38","","-0.20%"
"03/24/2023","22.42","22.40","22.47","22.38","","0.12%"
"03/23/2023","22.39","22.47","22.47","22.34","","-0.31%"
"03/22/2023","22.46","22.52","22.53","22.44","","-0.21%"
"03/21/2023","22.51","22.47","22.53","22.46","","0.19%"
"03/20/2023","22.47","22.47","22.52","22.45","","0.00%"
"03/17/2023","22.46","22.50","22.52","22.44","","-0.13%"
"03/16/2023","22.49","22.57","22.57","22.49","","-0.32%"
"03/15/2023","22.57","22.40","22.58","22.38","","0.77%"
"03/14/2023","22.39","22.40","22.48","22.39","","0.02%"
"03/13/2023","22.39","22.32","22.41","22.24","","0.32%"
"03/10/2023","22.32","22.33","22.38","22.28","","-0.05%"
"03/09/2023","22.33","22.31","22.35","22.26","","0.09%"
"03/08/2023","22.31","22.33","22.41","22.29","","-0.06%"
"03/07/2023","22.32","22.27","22.33","22.25","","0.23%"
"03/06/2023","22.27","22.25","22.32","22.22","","0.16%"
"03/03/2023","22.24","22.42","22.44","22.24","","-0.81%"
"03/02/2023","22.42","22.44","22.50","22.42","","-0.10%"
"03/01/2023","22.44","22.50","22.50","22.42","","-0.25%"
"02/28/2023","22.50","22.50","22.53","22.48","","0.00%"
"02/27/2023","22.50","22.58","22.58","22.50","","-0.31%"
"02/24/2023","22.57","22.49","22.61","22.49","","0.37%"
"02/23/2023","22.48","22.55","22.55","22.48","","-0.29%"
"02/22/2023","22.55","22.56","22.58","22.54","","0.00%"
"02/21/2023","22.55","22.52","22.57","22.51","","0.18%"
"02/20/2023","22.51","22.53","22.54","22.49","","-0.08%"
"02/17/2023","22.53","22.52","22.56","22.52","","0.06%"
"02/16/2023","22.51","22.53","22.56","22.48","","-0.05%"
"02/15/2023","22.53","22.57","22.59","22.53","","-0.19%"
"02/14/2023","22.57","22.49","22.61","22.48","","0.39%"
"02/13/2023","22.48","22.47","22.54","22.47","","0.10%"
"02/10/2023","22.46","22.47","22.50","22.41","","0.00%"
"02/09/2023","22.46","22.50","22.51","22.43","","-0.17%"
"02/08/2023","22.50","22.56","22.56","22.45","","-0.25%"
"02/07/2023","22.56","22.53","22.57","22.49","","0.15%"
"02/06/2023","22.52","22.39","22.56","22.39","","0.65%"
"02/03/2023","22.38","22.34","22.41","22.26","","0.21%"
"02/02/2023","22.33","22.26","22.40","22.24","","0.37%"
"02/01/2023","22.25","22.26","22.34","22.24","","0.00%"
"01/31/2023","22.25","22.19","22.35","22.19","","0.27%"
"01/30/2023","22.19","22.19","22.25","22.18","","0.00%"
"01/27/2023","22.19","22.17","22.24","22.17","","0.11%"
"01/26/2023","22.16","22.19","22.21","22.15","","-0.09%"
"01/25/2023","22.18","22.22","22.26","22.18","","-0.13%"
"01/24/2023","22.21","22.18","22.26","22.16","","0.14%"
"01/23/2023","22.18","22.05","22.19","22.02","","0.61%"
"01/20/2023","22.05","22.12","22.14","22.04","","-0.32%"
"01/19/2023","22.11","22.17","22.18","22.11","","-0.25%"
"01/18/2023","22.17","22.23","22.28","22.10","","-0.23%"
"01/17/2023","22.22","22.23","22.29","22.20","","0.00%"
"01/16/2023","22.22","22.13","22.26","22.11","","0.42%"
"01/13/2023","22.13","22.08","22.20","22.08","","0.24%"
"01/12/2023","22.08","22.23","22.26","22.08","","-0.67%"
"01/11/2023","22.22","22.22","22.28","22.19","","0.05%"
"01/10/2023","22.21","22.37","22.41","22.22","","-0.69%"
"01/09/2023","22.37","22.40","22.45","22.35","","-0.13%"
"01/06/2023","22.40","22.49","22.54","22.40","","-0.35%"
"01/05/2023","22.48","22.51","22.55","22.44","","-0.09%"
"01/04/2023","22.50","22.54","22.58","22.51","","-0.16%"
"01/03/2023","22.53","22.54","22.61","22.50","","0.03%"
"01/02/2023","22.53","22.53","22.54","22.48","","0.03%"
"12/30/2022","22.52","22.54","22.55","22.47","","-0.05%"
"12/29/2022","22.53","22.53","22.57","22.53","","0.03%"
"12/28/2022","22.52","22.55","22.58","22.53","","-0.12%"
"12/27/2022","22.55","22.51","22.58","22.50","","0.24%"
"12/26/2022","22.50","22.54","22.56","22.50","","-0.16%"
"12/23/2022","22.53","22.57","22.57","22.53","","-0.22%"
"12/22/2022","22.58","22.57","22.60","22.50","","0.10%"
"12/21/2022","22.56","22.49","22.58","22.49","","0.34%"
"12/20/2022","22.49","22.48","22.57","22.48","","-0.06%"
"12/19/2022","22.50","22.53","22.55","22.48","","-0.07%"
"12/16/2022","22.51","22.56","22.57","22.50","","-0.17%"
"12/15/2022","22.55","22.46","22.60","22.44","","0.45%"
"12/14/2022","22.45","22.43","22.52","22.43","","0.12%"
"12/13/2022","22.42","22.50","22.58","22.43","","-0.32%"
"12/12/2022","22.50","22.44","22.53","22.44","","0.28%"
"12/09/2022","22.43","22.40","22.47","22.35","","0.16%"
"12/08/2022","22.40","22.38","22.46","22.38","","0.09%"
"12/07/2022","22.38","22.46","22.54","22.38","","-0.33%"
"12/06/2022","22.45","22.30","22.50","22.29","","0.72%"
"12/05/2022","22.29","22.17","22.30","22.11","","0.59%"
"12/02/2022","22.16","22.09","22.20","22.08","","0.36%"
"12/01/2022","22.08","22.15","22.16","22.05","","-0.30%"
"11/30/2022","22.15","22.22","22.23","22.13","","-0.32%"
"11/29/2022","22.22","22.23","22.26","22.20","","-0.03%"
"11/28/2022","22.22","22.25","22.28","22.19","","-0.05%"
"11/25/2022","22.24","22.23","22.26","22.17","","0.09%"
"11/24/2022","22.22","22.22","22.26","22.21","","0.00%"
"11/23/2022","22.21","22.25","22.31","22.22","","-0.13%"
"11/22/2022","22.24","22.25","22.28","22.21","","0.00%"
"11/21/2022","22.24","22.23","22.30","22.21","","0.10%"
"11/18/2022","22.22","22.20","22.27","22.19","","0.13%"
"11/17/2022","22.19","22.19","22.29","22.17","","0.04%"
"11/16/2022","22.18","22.08","22.21","22.08","","0.52%"
"11/15/2022","22.07","22.05","22.17","21.97","","0.12%"
"11/14/2022","22.04","21.92","22.13","21.92","","0.61%"
"11/11/2022","21.91","21.95","22.05","21.91","","-0.19%"
"11/10/2022","21.95","22.15","22.31","21.95","","-0.87%"
"11/09/2022","22.14","22.16","22.22","22.11","","-0.05%"
"11/08/2022","22.15","22.28","22.33","22.12","","-0.53%"
"11/07/2022","22.27","22.32","22.41","22.27","","-0.20%"
"11/04/2022","22.31","22.53","22.53","22.32","","-0.93%"
"11/03/2022","22.52","22.53","22.60","22.51","","0.03%"
"11/02/2022","22.52","22.50","22.55","22.49","","0.08%"
"11/01/2022","22.50","22.54","22.55","22.46","","-0.15%"
"10/31/2022","22.53","22.40","22.56","22.40","","0.63%"
"10/28/2022","22.39","22.43","22.47","22.40","","-0.13%"
"10/27/2022","22.42","22.31","22.48","22.30","","0.57%"
"10/26/2022","22.30","22.47","22.47","22.31","","-0.74%"
"10/25/2022","22.46","22.53","22.56","22.44","","-0.28%"
"10/24/2022","22.52","22.47","22.57","22.47","","0.26%"
"10/21/2022","22.47","22.55","22.63","22.47","","-0.35%"
"10/20/2022","22.55","22.60","22.67","22.47","","-0.23%"
"10/19/2022","22.60","22.41","22.63","22.40","","0.88%"
"10/18/2022","22.40","22.38","22.44","22.33","","0.14%"
"10/17/2022","22.37","22.42","22.44","22.35","","-0.21%"
"10/14/2022","22.42","22.38","22.45","22.35","","0.21%"
"10/13/2022","22.37","22.37","22.51","22.35","","0.00%"
"10/12/2022","22.36","22.40","22.43","22.37","","-0.12%"
"10/11/2022","22.39","22.43","22.46","22.35","","-0.14%"
"10/10/2022","22.42","22.55","22.55","22.40","","-0.54%"
"10/07/2022","22.55","22.35","22.55","22.35","","0.93%"
"10/06/2022","22.34","22.23","22.41","22.18","","0.52%"
"10/05/2022","22.22","22.18","22.25","22.14","","0.22%"
"10/04/2022","22.17","22.19","22.24","22.13","","-0.05%"
"10/03/2022","22.18","22.19","22.31","22.19","","0.00%"
"09/30/2022","22.19","22.19","22.25","22.09","","0.06%"
"09/29/2022","22.17","22.17","22.32","22.17","","0.07%"
"09/28/2022","22.16","22.25","22.33","22.15","","-0.37%"
"09/27/2022","22.24","22.22","22.27","22.13","","0.12%"
"09/26/2022","22.22","22.12","22.25","22.12","","0.45%"
"09/23/2022","22.12","22.07","22.13","21.99","","0.24%"
"09/22/2022","22.06","21.76","22.09","21.76","","1.43%"
"09/21/2022","21.75","21.72","21.80","21.71","","0.19%"
"09/20/2022","21.71","21.70","21.72","21.67","","0.07%"
"09/19/2022","21.69","21.70","21.74","21.66","","0.00%"
"09/16/2022","21.69","21.74","21.75","21.67","","-0.19%"
"09/15/2022","21.73","21.63","21.74","21.63","","0.51%"
"09/14/2022","21.62","21.67","21.68","21.61","","-0.18%"
"09/13/2022","21.66","21.60","21.68","21.51","","0.28%"
"09/12/2022","21.60","21.69","21.71","21.59","","-0.36%"
"09/09/2022","21.68","21.70","21.70","21.63","","-0.04%"
"09/08/2022","21.69","21.69","21.74","21.68","","0.05%"
"09/07/2022","21.68","21.75","21.78","21.67","","-0.30%"
"09/06/2022","21.74","21.72","21.76","21.71","","0.11%"
"09/05/2022","21.72","21.71","21.76","21.70","","0.08%"
"09/02/2022","21.70","21.70","21.76","21.67","","0.06%"
"09/01/2022","21.69","21.65","21.71","21.58","","0.23%"
"08/31/2022","21.64","21.69","21.70","21.62","","-0.22%"
"08/30/2022","21.69","21.77","21.78","21.62","","-0.36%"
"08/29/2022","21.76","21.77","21.82","21.75","","0.00%"
"08/26/2022","21.77","21.75","21.78","21.70","","0.11%"
"08/25/2022","21.74","21.73","21.78","21.71","","0.11%"
"08/24/2022","21.72","21.74","21.75","21.70","","-0.09%"
"08/23/2022","21.74","21.74","21.76","21.69","","0.00%"
"08/22/2022","21.74","21.76","21.76","21.72","","-0.09%"
"08/19/2022","21.76","21.72","21.77","21.70","","0.21%"
"08/18/2022","21.71","21.61","21.72","21.60","","0.50%"
"08/17/2022","21.60","21.58","21.65","21.55","","0.13%"
"08/16/2022","21.57","21.66","21.67","21.58","","-0.34%"
"08/15/2022","21.65","21.68","21.69","21.63","","-0.15%"
"08/12/2022","21.68","21.67","21.71","21.67","","0.07%"
"08/11/2022","21.66","21.53","21.70","21.53","","0.62%"
"08/10/2022","21.53","21.66","21.67","21.51","","-0.60%"
"08/09/2022","21.66","21.67","21.69","21.64","","0.00%"
"08/08/2022","21.66","21.61","21.70","21.61","","0.28%"
"08/05/2022","21.60","21.55","21.64","21.49","","0.25%"
"08/04/2022","21.55","21.54","21.74","21.52","","0.07%"
"08/03/2022","21.53","21.40","21.58","21.39","","0.66%"
"08/02/2022","21.39","21.50","21.51","21.34","","-0.47%"
"08/01/2022","21.49","21.60","21.60","21.48","","-0.48%"
"07/29/2022","21.60","21.68","21.68","21.55","","-0.36%"
"07/28/2022","21.68","21.74","21.74","21.67","","-0.27%"
"07/27/2022","21.74","21.74","21.78","21.72","","0.00%"
"07/26/2022","21.74","21.70","21.75","21.70","","0.18%"
"07/25/2022","21.69","21.74","21.75","21.69","","-0.17%"
"07/22/2022","21.73","21.75","21.76","21.73","","-0.04%"
"07/21/2022","21.74","21.78","21.80","21.71","","-0.15%"
"07/20/2022","21.77","21.74","21.80","21.74","","0.16%"
"07/19/2022","21.74","21.78","21.80","21.74","","-0.17%"
"07/18/2022","21.77","21.72","21.79","21.70","","0.29%"
"07/15/2022","21.71","21.76","21.77","21.70","","-0.17%"
"07/14/2022","21.75","21.69","21.84","21.69","","0.30%"
"07/13/2022","21.68","21.64","21.75","21.63","","0.25%"
"07/12/2022","21.63","21.63","21.69","21.63","","0.05%"
"07/11/2022","21.62","21.59","21.67","21.58","","0.19%"
"07/08/2022","21.58","21.56","21.63","21.54","","0.14%"
"07/07/2022","21.55","21.52","21.58","21.48","","0.15%"
"07/06/2022","21.51","21.59","21.61","21.49","","-0.32%"
"07/05/2022","21.58","21.49","21.62","21.49","","0.47%"
"07/04/2022","21.48","21.50","21.52","21.47","","0.00%"
"07/01/2022","21.49","21.50","21.54","21.45","","-0.03%"
"06/30/2022","21.49","21.49","21.53","21.47","","0.04%"
"06/29/2022","21.48","21.51","21.53","21.45","","-0.07%"
"06/28/2022","21.50","21.36","21.52","21.35","","0.71%"
"06/27/2022","21.35","21.31","21.39","21.29","","0.24%"
"06/24/2022","21.30","21.28","21.33","21.27","","0.11%"
"06/23/2022","21.27","21.29","21.34","21.27","","0.00%"
"06/22/2022","21.28","21.27","21.34","21.25","","0.06%"
"06/21/2022","21.26","21.22","21.28","21.21","","0.28%"
"06/20/2022","21.21","21.22","21.25","21.20","","-0.04%"
"06/17/2022","21.22","21.23","21.27","21.22","","0.00%"
"06/16/2022","21.22","21.28","21.28","21.21","","-0.26%"
"06/15/2022","21.27","21.24","21.30","21.23","","0.20%"
"06/14/2022","21.23","21.26","21.27","21.22","","-0.12%"
"06/13/2022","21.26","21.27","21.32","21.23","","-0.04%"
"06/10/2022","21.26","21.19","21.29","21.17","","0.40%"
"06/09/2022","21.18","21.16","21.20","21.15","","0.15%"
"06/08/2022","21.15","21.14","21.18","21.13","","0.05%"
"06/07/2022","21.14","21.19","21.19","21.13","","-0.19%"
"06/06/2022","21.18","21.13","21.20","21.12","","0.27%"
"06/03/2022","21.12","21.07","21.14","21.07","","0.28%"
"06/02/2022","21.07","21.12","21.14","21.07","","-0.22%"
"06/01/2022","21.11","21.13","21.14","21.08","","0.00%"
"05/31/2022","21.12","21.11","21.17","21.11","","0.04%"
"05/30/2022","21.11","21.13","21.14","21.09","","-0.08%"
"05/27/2022","21.12","21.14","21.15","21.11","","-0.02%"
"05/26/2022","21.13","21.11","21.16","21.10","","0.14%"
"05/25/2022","21.10","21.09","21.14","21.08","","0.06%"
"05/24/2022","21.09","21.11","21.15","21.09","","-0.08%"
"05/23/2022","21.10","21.20","21.20","21.08","","-0.42%"
"05/20/2022","21.19","21.08","21.21","21.08","","0.58%"
"05/19/2022","21.07","21.18","21.19","21.07","","-0.51%"
"05/18/2022","21.18","21.09","21.18","21.09","","0.45%"
"05/17/2022","21.08","21.19","21.19","21.07","","-0.46%"
"05/16/2022","21.18","21.10","21.21","21.09","","0.44%"
"05/13/2022","21.09","21.08","21.12","21.03","","0.06%"
"05/12/2022","21.08","21.08","21.14","21.05","","0.00%"
"05/11/2022","21.07","21.03","21.10","21.00","","0.27%"
"05/10/2022","21.02","21.06","21.09","20.99","","-0.19%"
"05/09/2022","21.06","20.95","21.11","20.95","","0.51%"
"05/06/2022","20.95","20.83","20.98","20.83","","0.61%"
"05/05/2022","20.82","20.77","20.85","20.69","","0.31%"
"05/04/2022","20.76","20.82","20.85","20.75","","-0.26%"
"05/03/2022","20.81","20.82","20.88","20.81","","0.00%"
"05/02/2022","20.82","20.84","20.84","20.78","","-0.06%"
"04/29/2022","20.83","20.87","20.88","20.76","","-0.18%"
"04/28/2022","20.87","20.86","20.89","20.81","","0.07%"
"04/27/2022","20.85","20.88","20.91","20.83","","-0.07%"
"04/26/2022","20.87","20.90","20.90","20.81","","-0.08%"
"04/25/2022","20.89","20.82","20.91","20.82","","0.34%"
"04/22/2022","20.81","20.76","20.84","20.74","","0.28%"
"04/21/2022","20.76","20.77","20.79","20.71","","0.00%"
"04/20/2022","20.75","20.81","20.84","20.73","","-0.25%"
"04/19/2022","20.81","20.77","20.85","20.76","","0.22%"
"04/18/2022","20.76","20.78","20.81","20.75","","-0.06%"
"04/15/2022","20.77","20.77","20.79","20.77","","0.05%"
"04/14/2022","20.76","20.73","20.77","20.71","","0.22%"
"04/13/2022","20.72","20.71","20.77","20.70","","0.05%"
"04/12/2022","20.70","20.65","20.74","20.65","","0.32%"
"04/11/2022","20.64","20.68","20.72","20.63","","-0.17%"
"04/08/2022","20.67","20.67","20.71","20.61","","0.06%"
"04/07/2022","20.66","20.68","20.71","20.63","","-0.05%"
"04/06/2022","20.67","20.55","20.71","20.53","","0.64%"
"04/05/2022","20.54","20.54","20.57","20.49","","0.00%"
"04/04/2022","20.53","20.69","20.69","20.52","","-0.72%"
"04/01/2022","20.68","20.67","20.70","20.65","","0.09%"
"03/31/2022","20.66","20.64","20.68","20.59","","0.13%"
"03/30/2022","20.64","20.60","20.69","20.58","","0.21%"
"03/29/2022","20.59","20.72","20.74","20.57","","-0.57%"
"03/28/2022","20.71","20.77","20.80","20.70","","-0.26%"
"03/25/2022","20.76","20.77","20.78","20.73","","-0.02%"
"03/24/2022","20.77","20.84","20.84","20.74","","-0.29%"
"03/23/2022","20.83","20.73","20.84","20.69","","0.51%"
"03/22/2022","20.72","20.77","20.83","20.69","","-0.20%"
"03/21/2022","20.76","20.71","20.77","20.69","","0.29%"
"03/18/2022","20.70","20.67","20.75","20.67","","0.19%"
"03/17/2022","20.67","20.75","20.75","20.62","","-0.36%"
"03/16/2022","20.74","20.81","20.82","20.72","","-0.29%"
"03/15/2022","20.80","20.81","20.88","20.77","","-0.03%"
"03/14/2022","20.81","20.83","20.89","20.81","","-0.07%"
"03/11/2022","20.82","20.78","20.89","20.76","","0.25%"
"03/10/2022","20.77","20.80","20.83","20.71","","-0.08%"
"03/09/2022","20.78","20.94","20.96","20.78","","-0.70%"
"03/08/2022","20.93","20.96","21.01","20.89","","-0.09%"
"03/07/2022","20.95","20.81","21.01","20.81","","0.72%"
"03/04/2022","20.80","20.68","20.81","20.67","","0.61%"
"03/03/2022","20.67","20.59","20.70","20.58","","0.44%"
"03/02/2022","20.58","20.63","20.68","20.57","","-0.18%"
"03/01/2022","20.62","20.56","20.64","20.49","","0.34%"
"02/28/2022","20.55","20.44","20.64","20.44","","0.58%"
"02/25/2022","20.43","20.59","20.59","20.44","","-0.71%"
"02/24/2022","20.58","20.32","20.65","20.32","","1.30%"
"02/23/2022","20.32","20.32","20.35","20.29","","0.00%"
"02/22/2022","20.31","20.29","20.42","20.29","","0.17%"
"02/21/2022","20.28","20.33","20.35","20.24","","-0.24%"
"02/18/2022","20.33","20.45","20.45","20.28","","-0.57%"
"02/17/2022","20.44","20.43","20.48","20.41","","0.10%"
"02/16/2022","20.42","20.47","20.50","20.41","","-0.17%"
"02/15/2022","20.46","20.61","20.62","20.46","","-0.67%"
"02/14/2022","20.60","20.51","20.61","20.51","","0.45%"
"02/11/2022","20.50","20.45","20.59","20.45","","0.32%"
"02/10/2022","20.44","20.37","20.50","20.37","","0.40%"
"02/09/2022","20.36","20.34","20.38","20.32","","0.12%"
"02/08/2022","20.33","20.33","20.37","20.30","","0.08%"
"02/07/2022","20.32","20.32","20.35","20.31","","0.00%"
"02/04/2022","20.32","20.32","20.38","20.31","","0.00%"
"02/03/2022","20.32","20.37","20.40","20.32","","-0.21%"
"02/02/2022","20.36","20.35","20.43","20.33","","0.10%"
"02/01/2022","20.34","20.30","20.39","20.26","","0.26%"
"01/31/2022","20.29","20.43","20.44","20.30","","-0.68%"
"01/28/2022","20.43","20.48","20.48","20.38","","-0.21%"
"01/27/2022","20.47","20.39","20.51","20.39","","0.42%"
"01/26/2022","20.38","20.36","20.41","20.34","","0.14%"
"01/25/2022","20.35","20.32","20.37","20.30","","0.21%"
"01/24/2022","20.31","20.26","20.35","20.23","","0.32%"
"01/21/2022","20.25","20.27","20.30","20.22","","-0.09%"
"01/20/2022","20.27","20.27","20.29","20.23","","0.02%"
"01/19/2022","20.26","20.30","20.35","20.25","","-0.18%"
"01/18/2022","20.30","20.22","20.32","20.20","","0.44%"
"01/17/2022","20.21","20.19","20.25","20.18","","0.12%"
"01/14/2022","20.18","20.14","20.21","20.12","","0.26%"
"01/13/2022","20.13","20.09","20.15","20.09","","0.24%"
"01/12/2022","20.08","20.10","20.16","20.08","","0.00%"
"01/11/2022","20.09","20.15","20.16","20.08","","-0.31%"
"01/10/2022","20.15","20.22","20.22","20.15","","-0.34%"
"01/07/2022","20.22","20.25","20.27","20.21","","-0.15%"
"01/06/2022","20.25","20.22","20.29","20.22","","0.14%"
"01/05/2022","20.22","20.29","20.32","20.22","","-0.30%"
"01/04/2022","20.28","20.26","20.34","20.25","","0.17%"
"01/03/2022","20.25","20.28","20.28","20.21","","-0.12%"
"12/31/2021","20.27","20.26","20.29","20.17","","0.09%"
"12/30/2021","20.25","20.30","20.33","20.23","","-0.22%"
"12/29/2021","20.30","20.34","20.38","20.30","","-0.19%"
"12/28/2021","20.33","20.41","20.42","20.31","","-0.35%"
"12/27/2021","20.41","20.42","20.47","20.40","","0.00%"
"12/24/2021","20.41","20.43","20.47","20.41","","-0.06%"
"12/23/2021","20.42","20.54","20.55","20.43","","-0.56%"
"12/22/2021","20.54","20.61","20.61","20.54","","-0.33%"
"12/21/2021","20.60","20.62","20.64","20.53","","-0.04%"
"12/20/2021","20.61","20.69","20.74","20.62","","-0.35%"
"12/17/2021","20.68","20.74","20.77","20.68","","-0.22%"
"12/16/2021","20.73","20.79","20.79","20.71","","-0.24%"
"12/15/2021","20.78","20.70","20.81","20.70","","0.39%"
"12/14/2021","20.70","20.63","20.70","20.63","","0.37%"
"12/13/2021","20.62","20.61","20.64","20.57","","0.09%"
"12/10/2021","20.60","20.58","20.65","20.58","","0.14%"
"12/09/2021","20.58","20.52","20.61","20.52","","0.30%"
"12/08/2021","20.51","20.53","20.58","20.50","","-0.04%"
"12/07/2021","20.52","20.53","20.56","20.49","","0.00%"
"12/06/2021","20.52","20.48","20.55","20.47","","0.22%"
"12/03/2021","20.48","20.42","20.51","20.40","","0.34%"
"12/02/2021","20.41","20.42","20.44","20.39","","-0.04%"
"12/01/2021","20.42","20.45","20.45","20.36","","-0.11%"
"11/30/2021","20.44","20.43","20.47","20.38","","0.08%"
"11/29/2021","20.42","20.44","20.47","20.36","","0.00%"
"11/26/2021","20.43","20.28","20.44","20.28","","0.75%"
"11/25/2021","20.27","20.32","20.32","20.27","","-0.17%"
"11/24/2021","20.31","20.27","20.32","20.23","","0.24%"
"11/23/2021","20.26","20.27","20.31","20.25","","0.00%"
"11/22/2021","20.26","20.24","20.29","20.22","","0.13%"
"11/19/2021","20.23","20.19","20.25","20.19","","0.23%"
"11/18/2021","20.19","20.22","20.24","20.15","","-0.10%"
"11/17/2021","20.21","20.27","20.30","20.20","","-0.29%"
"11/16/2021","20.27","20.26","20.29","20.22","","0.10%"
"11/15/2021","20.25","20.24","20.28","20.23","","0.04%"
"11/12/2021","20.24","20.23","20.30","20.23","","0.06%"
"11/11/2021","20.23","20.26","20.31","20.22","","-0.14%"
"11/10/2021","20.25","20.19","20.26","20.16","","0.31%"
"11/09/2021","20.19","20.12","20.19","20.10","","0.36%"
"11/08/2021","20.12","20.20","20.22","20.11","","-0.36%"
"11/05/2021","20.19","20.30","20.30","20.19","","-0.49%"
"11/04/2021","20.29","20.27","20.30","20.21","","0.12%"
"11/03/2021","20.27","20.34","20.35","20.25","","-0.32%"
"11/02/2021","20.33","20.38","20.39","20.30","","-0.19%"
"11/01/2021","20.37","20.40","20.43","20.36","","-0.11%"
"10/29/2021","20.39","20.36","20.43","20.35","","0.18%"
"10/28/2021","20.36","20.44","20.46","20.35","","-0.37%"
"10/27/2021","20.43","20.40","20.45","20.39","","0.17%"
"10/26/2021","20.40","20.43","20.47","20.38","","-0.10%"
"10/25/2021","20.42","20.42","20.47","20.39","","0.00%"
"10/22/2021","20.42","20.39","20.42","20.33","","0.17%"
"10/21/2021","20.38","20.37","20.40","20.33","","0.11%"
"10/20/2021","20.36","20.45","20.47","20.35","","-0.42%"
"10/19/2021","20.44","20.48","20.49","20.39","","-0.12%"
"10/18/2021","20.47","20.43","20.53","20.43","","0.24%"
"10/15/2021","20.42","20.42","20.44","20.39","","0.05%"
"10/14/2021","20.41","20.50","20.52","20.41","","-0.42%"
"10/13/2021","20.50","20.55","20.56","20.47","","-0.24%"
"10/12/2021","20.54","20.53","20.60","20.46","","0.10%"
"10/11/2021","20.52","20.46","20.57","20.43","","0.37%"
"10/08/2021","20.45","20.37","20.47","20.37","","0.41%"
"10/07/2021","20.36","20.35","20.40","20.34","","0.06%"
"10/06/2021","20.35","20.30","20.43","20.29","","0.30%"
"10/05/2021","20.29","20.31","20.33","20.26","","-0.04%"
"10/04/2021","20.30","20.19","20.31","20.18","","0.59%"
"10/01/2021","20.18","20.19","20.25","20.17","","-0.05%"
"09/30/2021","20.19","20.23","20.25","20.18","","-0.14%"
"09/29/2021","20.22","20.20","20.24","20.17","","0.11%"
"09/28/2021","20.20","20.10","20.22","20.07","","0.51%"
"09/27/2021","20.09","20.10","20.12","20.04","","0.00%"
"09/24/2021","20.09","20.10","20.11","20.04","","0.00%"
"09/23/2021","20.09","20.10","20.12","20.04","","0.00%"
"09/22/2021","20.09","20.08","20.13","20.05","","0.08%"
"09/21/2021","20.07","20.05","20.08","20.03","","0.12%"
"09/20/2021","20.05","20.06","20.11","20.04","","0.00%"
"09/17/2021","20.05","20.03","20.06","19.99","","0.09%"
"09/16/2021","20.03","20.00","20.04","19.97","","0.18%"
"09/15/2021","19.99","20.05","20.08","19.99","","-0.27%"
"09/14/2021","20.05","20.03","20.07","20.02","","0.11%"
"09/13/2021","20.02","20.02","20.09","20.02","","0.05%"
"09/10/2021","20.01","20.02","20.03","19.98","","0.00%"
"09/09/2021","20.01","20.09","20.11","20.01","","-0.33%"
"09/08/2021","20.08","20.00","20.11","19.98","","0.44%"
"09/07/2021","19.99","19.90","20.01","19.89","","0.51%"
"09/06/2021","19.89","19.87","19.91","19.87","","0.12%"
"09/03/2021","19.87","19.88","19.92","19.86","","0.00%"
"09/02/2021","19.87","19.87","19.91","19.86","","0.00%"
"09/01/2021","19.87","19.86","19.92","19.85","","0.06%"
"08/31/2021","19.86","19.96","19.99","19.85","","-0.47%"
"08/30/2021","19.95","20.00","20.03","19.93","","-0.24%"
"08/27/2021","20.00","20.19","20.20","20.00","","-0.92%"
"08/26/2021","20.18","20.18","20.22","20.17","","0.05%"
"08/25/2021","20.17","20.18","20.23","20.18","","-0.03%"
"08/24/2021","20.18","20.18","20.21","20.17","","0.00%"
"08/23/2021","20.18","20.24","20.24","20.17","","-0.31%"
"08/20/2021","20.24","20.25","20.28","20.24","","-0.03%"
"08/19/2021","20.25","20.23","20.27","20.22","","0.12%"
"08/18/2021","20.22","20.25","20.25","20.21","","-0.12%"
"08/17/2021","20.25","20.19","20.25","20.18","","0.28%"
"08/16/2021","20.19","20.21","20.23","20.18","","-0.10%"
"08/13/2021","20.21","20.23","20.24","20.21","","-0.10%"
"08/12/2021","20.23","20.22","20.24","20.17","","0.08%"
"08/11/2021","20.21","20.27","20.28","20.20","","-0.24%"
"08/10/2021","20.26","20.28","20.29","20.24","","-0.08%"
"08/09/2021","20.28","20.21","20.28","20.20","","0.33%"
"08/06/2021","20.21","20.17","20.21","20.16","","0.20%"
"08/05/2021","20.17","20.19","20.22","20.17","","-0.07%"
"08/04/2021","20.18","20.22","20.22","20.17","","-0.13%"
"08/03/2021","20.21","20.24","20.25","20.20","","-0.15%"
"08/02/2021","20.24","20.24","20.26","20.23","","0.03%"
"07/30/2021","20.24","20.21","20.27","20.21","","0.12%"
"07/29/2021","20.21","20.28","20.28","20.21","","-0.33%"
"07/28/2021","20.28","20.28","20.30","20.23","","0.00%"
"07/27/2021","20.28","20.24","20.29","20.22","","0.23%"
"07/26/2021","20.23","20.26","20.29","20.24","","-0.13%"
"07/23/2021","20.26","20.27","20.30","20.25","","-0.03%"
"07/22/2021","20.27","20.28","20.29","20.23","","-0.05%"
"07/21/2021","20.28","20.29","20.32","20.28","","-0.06%"
"07/20/2021","20.29","20.38","20.41","20.29","","-0.43%"
"07/19/2021","20.38","20.31","20.43","20.31","","0.32%"
"07/16/2021","20.31","20.30","20.33","20.28","","0.09%"
"07/15/2021","20.29","20.27","20.30","20.26","","0.11%"
"07/14/2021","20.27","20.31","20.33","20.27","","-0.18%"
"07/13/2021","20.31","20.30","20.33","20.25","","0.08%"
"07/12/2021","20.29","20.28","20.33","20.26","","0.06%"
"07/09/2021","20.28","20.35","20.36","20.27","","-0.33%"
"07/08/2021","20.34","20.36","20.38","20.32","","-0.08%"
"07/07/2021","20.36","20.31","20.37","20.30","","0.28%"
"07/06/2021","20.30","20.23","20.32","20.21","","0.40%"
"07/05/2021","20.22","20.29","20.30","20.22","","-0.30%"
"07/02/2021","20.28","20.30","20.39","20.28","","-0.07%"
"07/01/2021","20.30","20.25","20.32","20.24","","0.27%"
"06/30/2021","20.24","20.23","20.27","20.20","","0.09%"
"06/29/2021","20.22","20.22","20.24","20.20","","0.00%"
"06/28/2021","20.22","20.21","20.23","20.19","","0.08%"
"06/25/2021","20.20","20.20","20.22","20.18","","0.04%"
"06/24/2021","20.19","20.19","20.22","20.18","","0.05%"
"06/23/2021","20.18","20.24","20.25","20.16","","-0.26%"
"06/22/2021","20.23","20.19","20.26","20.16","","0.27%"
"06/21/2021","20.18","20.18","20.24","20.16","","0.04%"
"06/18/2021","20.17","20.20","20.22","20.09","","-0.08%"
"06/17/2021","20.19","19.95","20.21","19.95","","1.21%"
"06/16/2021","19.95","19.97","19.98","19.94","","-0.11%"
"06/15/2021","19.97","19.93","19.98","19.92","","0.23%"
"06/14/2021","19.92","19.94","19.96","19.90","","-0.08%"
"06/11/2021","19.94","19.90","19.95","19.84","","0.23%"
"06/10/2021","19.89","19.87","19.91","19.86","","0.13%"
"06/09/2021","19.87","19.86","19.88","19.84","","0.04%"
"06/08/2021","19.86","19.82","19.87","19.81","","0.22%"
"06/07/2021","19.81","19.84","19.86","19.80","","-0.10%"
"06/04/2021","19.83","19.89","19.91","19.82","","-0.25%"
"06/03/2021","19.88","19.86","19.92","19.83","","0.13%"
"06/02/2021","19.86","19.84","19.96","19.83","","0.12%"
"06/01/2021","19.83","19.74","19.86","19.74","","0.48%"
"05/31/2021","19.74","19.71","19.78","19.70","","0.16%"
"05/28/2021","19.71","19.80","19.80","19.69","","-0.41%"
"05/27/2021","19.79","19.80","19.82","19.74","","-0.03%"
"05/26/2021","19.80","19.82","19.82","19.79","","-0.10%"
"05/25/2021","19.82","19.83","19.84","19.80","","-0.06%"
"05/24/2021","19.83","19.85","19.87","19.83","","0.00%"
"05/21/2021","19.82","19.88","19.90","19.81","","-0.27%"
"05/20/2021","19.88","19.93","19.94","19.88","","-0.27%"
"05/19/2021","19.93","19.89","19.94","19.86","","0.22%"
"05/18/2021","19.89","19.97","19.97","19.86","","-0.38%"
"05/17/2021","19.96","19.96","19.97","19.92","","0.06%"
"05/14/2021","19.95","20.01","20.01","19.92","","-0.25%"
"05/13/2021","20.00","20.02","20.05","20.00","","-0.08%"
"05/12/2021","20.02","19.98","20.02","19.97","","0.22%"
"05/11/2021","19.97","20.00","20.02","19.95","","-0.11%"
"05/10/2021","20.00","19.94","20.01","19.94","","0.27%"
"05/07/2021","19.94","20.04","20.08","19.94","","-0.47%"
"05/06/2021","20.03","20.09","20.15","20.04","","-0.27%"
"05/05/2021","20.09","20.08","20.16","20.08","","0.05%"
"05/04/2021","20.08","20.10","20.14","20.08","","-0.07%"
"05/03/2021","20.09","20.17","20.24","20.10","","-0.32%"
"04/30/2021","20.16","20.17","20.21","20.13","","-0.06%"
"04/29/2021","20.17","20.28","20.28","20.13","","-0.53%"
"04/28/2021","20.28","20.31","20.32","20.22","","-0.12%"
"04/27/2021","20.30","20.35","20.37","20.28","","-0.20%"
"04/26/2021","20.34","20.40","20.40","20.33","","-0.25%"
"04/23/2021","20.40","20.45","20.45","20.35","","-0.25%"
"04/22/2021","20.45","20.54","20.54","20.38","","-0.41%"
"04/21/2021","20.53","20.53","20.57","20.50","","0.05%"
"04/20/2021","20.52","20.38","20.54","20.28","","0.71%"
"04/19/2021","20.38","20.29","20.43","20.29","","0.43%"
"04/16/2021","20.29","20.35","20.38","20.22","","-0.25%"
"04/15/2021","20.34","20.43","20.51","20.35","","-0.44%"
"04/14/2021","20.43","20.49","20.49","20.43","","-0.28%"
"04/13/2021","20.49","20.42","20.55","20.41","","0.37%"
"04/12/2021","20.41","20.35","20.47","20.34","","0.34%"
"04/09/2021","20.34","20.30","20.41","20.29","","0.20%"
"04/08/2021","20.30","20.25","20.40","20.20","","0.30%"
"04/07/2021","20.24","20.01","20.31","19.99","","1.18%"
"04/06/2021","20.00","19.96","20.01","19.93","","0.26%"
"04/05/2021","19.95","19.98","20.00","19.95","","-0.11%"
"04/02/2021","19.97","19.97","19.98","19.94","","0.07%"
"04/01/2021","19.96","19.91","20.00","19.91","","0.26%"
"03/31/2021","19.91","20.00","20.04","19.89","","-0.42%"
"03/30/2021","19.99","19.81","20.05","19.80","","0.95%"
"03/29/2021","19.80","19.77","19.81","19.73","","0.19%"
"03/26/2021","19.77","19.78","19.78","19.70","","-0.07%"
"03/25/2021","19.78","19.76","19.80","19.75","","0.10%"
"03/24/2021","19.76","19.75","19.80","19.74","","0.05%"
"03/23/2021","19.75","19.71","19.75","19.67","","0.25%"
"03/22/2021","19.70","19.72","19.75","19.68","","-0.04%"
"03/19/2021","19.71","19.79","19.80","19.71","","-0.40%"
"03/18/2021","19.79","19.76","19.80","19.69","","0.19%"
"03/17/2021","19.75","19.74","19.78","19.74","","0.06%"
"03/16/2021","19.74","19.75","19.78","19.70","","0.00%"
"03/15/2021","19.74","19.79","19.82","19.71","","-0.21%"
"03/12/2021","19.78","19.79","19.84","19.77","","0.00%"
"03/11/2021","19.79","19.80","19.82","19.76","","-0.04%"
"03/10/2021","19.80","19.81","19.90","19.80","","-0.06%"
"03/09/2021","19.81","19.97","19.98","19.81","","-0.80%"
"03/08/2021","19.97","19.93","19.99","19.85","","0.23%"
"03/05/2021","19.92","19.80","19.93","19.80","","0.62%"
"03/04/2021","19.80","19.86","19.90","19.76","","-0.27%"
"03/03/2021","19.85","19.95","19.95","19.79","","-0.44%"
"03/02/2021","19.94","19.98","20.02","19.94","","-0.20%"
"03/01/2021","19.98","20.13","20.13","19.92","","-0.71%"
"02/26/2021","20.12","19.81","20.16","19.80","","1.62%"
"02/25/2021","19.80","19.71","19.81","19.68","","0.50%"
"02/24/2021","19.70","19.71","19.73","19.67","","0.00%"
"02/23/2021","19.70","19.72","19.76","19.69","","-0.10%"
"02/22/2021","19.72","19.76","19.77","19.68","","-0.15%"
"02/19/2021","19.75","19.76","19.80","19.72","","-0.04%"
"02/18/2021","19.76","19.83","19.83","19.75","","-0.32%"
"02/17/2021","19.82","19.84","19.87","19.80","","-0.06%"
"02/16/2021","19.83","19.77","19.85","19.77","","0.33%"
"02/15/2021","19.77","19.76","19.79","19.74","","0.05%"
"02/12/2021","19.76","19.80","19.83","19.75","","-0.16%"
"02/11/2021","19.79","19.82","19.85","19.78","","-0.13%"
"02/10/2021","19.82","19.83","19.85","19.81","","-0.09%"
"02/09/2021","19.83","19.86","19.86","19.83","","-0.11%"
"02/08/2021","19.85","19.82","19.88","19.81","","0.17%"
"02/05/2021","19.82","19.86","19.89","19.81","","-0.19%"
"02/04/2021","19.86","19.82","19.87","19.82","","0.19%"
"02/03/2021","19.82","19.85","19.88","19.82","","-0.13%"
"02/02/2021","19.84","19.91","19.91","19.85","","-0.29%"
"02/01/2021","19.90","19.85","19.93","19.82","","0.32%"
"01/29/2021","19.84","19.86","19.88","19.82","","-0.07%"
"01/28/2021","19.85","19.88","19.92","19.84","","-0.18%"
"01/27/2021","19.89","19.85","19.90","19.82","","0.20%"
"01/26/2021","19.85","19.87","19.91","19.83","","-0.08%"
"01/25/2021","19.86","19.87","19.88","19.84","","0.00%"
"01/22/2021","19.87","19.87","19.90","19.85","","0.00%"
"01/21/2021","19.86","19.85","19.89","19.85","","0.08%"
"01/20/2021","19.85","19.93","19.93","19.85","","-0.38%"
"01/19/2021","19.92","19.92","19.96","19.90","","0.00%"
"01/18/2021","19.92","19.91","19.96","19.91","","0.08%"
"01/15/2021","19.91","19.90","19.93","19.87","","0.08%"
"01/14/2021","19.89","19.92","19.94","19.85","","-0.13%"
"01/13/2021","19.92","19.93","19.94","19.89","","-0.08%"
"01/12/2021","19.93","20.00","20.01","19.93","","-0.33%"
"01/11/2021","20.00","19.97","20.04","19.97","","0.18%"
"01/08/2021","19.96","19.99","20.01","19.93","","-0.12%"
"01/07/2021","19.99","19.91","20.01","19.89","","0.41%"
"01/06/2021","19.90","19.91","19.94","19.89","","0.00%"
"01/05/2021","19.91","19.90","19.95","19.87","","0.07%"
"01/04/2021","19.89","19.91","19.91","19.83","","-0.07%"
"01/01/2021","19.91","19.89","19.91","19.88","","0.12%"
"12/31/2020","19.88","19.91","19.94","19.86","","-0.13%"
"12/30/2020","19.91","19.98","19.99","19.91","","-0.36%"
"12/29/2020","19.98","20.02","20.02","19.96","","-0.21%"
"12/28/2020","20.02","20.03","20.04","20.00","","0.00%"
"12/25/2020","20.03","20.03","20.03","20.02","","0.03%"
"12/24/2020","20.02","20.09","20.11","20.01","","-0.31%"
"12/23/2020","20.08","20.11","20.12","20.05","","-0.11%"
"12/22/2020","20.10","20.15","20.16","20.09","","-0.25%"
"12/21/2020","20.15","20.03","20.17","20.03","","0.63%"
"12/18/2020","20.03","20.02","20.03","20.00","","0.06%"
"12/17/2020","20.01","20.05","20.05","19.98","","-0.15%"
"12/16/2020","20.04","20.03","20.05","20.00","","0.10%"
"12/15/2020","20.02","20.05","20.06","20.02","","-0.11%"
"12/14/2020","20.05","20.07","20.08","20.00","","-0.13%"
"12/11/2020","20.07","20.08","20.10","20.02","","0.00%"
"12/10/2020","20.07","20.07","20.09","20.04","","0.00%"
"12/09/2020","20.07","20.07","20.07","20.01","","0.00%"
"12/08/2020","20.07","20.09","20.10","20.01","","-0.14%"
"12/07/2020","20.10","20.09","20.14","20.06","","0.09%"
"12/04/2020","20.08","20.11","20.11","20.05","","-0.14%"
"12/03/2020","20.11","20.08","20.14","20.06","","0.13%"
"12/02/2020","20.08","20.01","20.10","19.98","","0.38%"
"12/01/2020","20.00","20.15","20.15","20.00","","-0.69%"
"11/30/2020","20.14","20.13","20.15","20.11","","0.08%"
"11/27/2020","20.13","20.10","20.18","20.08","","0.13%"
"11/26/2020","20.10","20.09","20.12","20.07","","0.09%"
"11/25/2020","20.08","20.17","20.17","20.08","","-0.42%"
"11/24/2020","20.17","20.22","20.22","20.11","","-0.23%"
"11/23/2020","20.21","20.18","20.22","20.15","","0.19%"
"11/20/2020","20.17","20.18","20.20","20.16","","0.00%"
"11/19/2020","20.17","20.18","20.24","20.17","","0.00%"
"11/18/2020","20.17","20.28","20.29","20.16","","-0.48%"
"11/17/2020","20.27","20.25","20.32","20.24","","0.12%"
"11/16/2020","20.25","20.31","20.31","20.25","","-0.25%"
"11/13/2020","20.30","20.33","20.34","20.27","","-0.17%"
"11/12/2020","20.33","20.27","20.35","20.25","","0.34%"
"11/11/2020","20.26","20.23","20.29","20.19","","0.22%"
"11/10/2020","20.22","20.16","20.28","20.13","","0.34%"
"11/09/2020","20.15","20.14","20.19","20.05","","0.07%"
"11/06/2020","20.14","20.13","20.22","20.11","","0.08%"
"11/05/2020","20.12","20.25","20.26","20.12","","-0.61%"
"11/04/2020","20.24","20.32","20.40","20.24","","-0.33%"
"11/03/2020","20.31","20.29","20.32","20.21","","0.14%"
"11/02/2020","20.28","20.30","20.30","20.22","","-0.06%"
"10/30/2020","20.30","20.25","20.34","20.21","","0.24%"
"10/29/2020","20.25","20.20","20.29","20.13","","0.27%"
"10/28/2020","20.19","20.05","20.22","20.04","","0.76%"
"10/27/2020","20.04","20.14","20.15","20.04","","-0.46%"
"10/26/2020","20.13","20.10","20.18","20.06","","0.17%"
"10/23/2020","20.10","20.06","20.12","20.00","","0.23%"
"10/22/2020","20.05","20.04","20.09","20.02","","0.09%"
"10/21/2020","20.03","20.00","20.08","19.97","","0.20%"
"10/20/2020","19.99","19.97","20.03","19.95","","0.12%"
"10/19/2020","19.97","19.99","20.00","19.95","","-0.10%"
"10/16/2020","19.99","19.99","20.00","19.94","","0.00%"
"10/15/2020","19.99","19.94","20.02","19.93","","0.25%"
"10/14/2020","19.94","19.99","20.00","19.93","","-0.23%"
"10/13/2020","19.98","19.97","20.00","19.94","","0.05%"
"10/12/2020","19.97","19.88","19.99","19.88","","0.49%"
"10/09/2020","19.88","19.96","19.96","19.87","","-0.38%"
"10/08/2020","19.95","19.97","19.98","19.92","","-0.06%"
"10/07/2020","19.96","20.00","20.04","19.94","","-0.14%"
"10/06/2020","19.99","19.91","20.01","19.90","","0.44%"
"10/05/2020","19.90","19.95","19.99","19.89","","-0.25%"
"10/02/2020","19.95","19.93","20.00","19.93","","0.13%"
"10/01/2020","19.92","20.03","20.04","19.88","","-0.49%"
"09/30/2020","20.02","20.08","20.11","20.02","","-0.27%"
"09/29/2020","20.08","20.08","20.12","20.07","","0.00%"
"09/28/2020","20.08","20.06","20.11","20.02","","0.12%"
"09/25/2020","20.05","20.12","20.12","20.03","","-0.32%"
"09/24/2020","20.12","20.03","20.16","20.03","","0.46%"
"09/23/2020","20.03","20.02","20.05","19.99","","0.08%"
"09/22/2020","20.01","20.03","20.05","19.98","","-0.09%"
"09/21/2020","20.03","20.02","20.05","19.94","","0.05%"
"09/18/2020","20.02","20.04","20.04","19.91","","-0.08%"
"09/17/2020","20.03","20.02","20.09","20.02","","0.09%"
"09/16/2020","20.02","20.04","20.09","20.00","","-0.11%"
"09/15/2020","20.04","19.98","20.07","19.96","","0.32%"
"09/14/2020","19.98","20.01","20.04","19.95","","-0.07%"
"09/11/2020","19.99","19.99","20.05","19.98","","0.00%"
"09/10/2020","19.99","19.96","20.01","19.92","","0.18%"
"09/09/2020","19.95","20.08","20.10","19.96","","-0.59%"
"09/08/2020","20.07","20.00","20.14","19.98","","0.40%"
"09/07/2020","19.99","19.95","20.01","19.88","","0.21%"
"09/04/2020","19.95","19.98","20.01","19.88","","-0.14%"
"09/03/2020","19.98","19.95","20.03","19.92","","0.17%"
"09/02/2020","19.94","19.88","19.96","19.84","","0.35%"
"09/01/2020","19.88","19.94","19.95","19.81","","-0.33%"
"08/31/2020","19.94","19.91","20.07","19.89","","0.19%"
"08/28/2020","19.90","20.12","20.12","19.91","","-1.07%"
"08/27/2020","20.12","20.21","20.25","20.09","","-0.42%"
"08/26/2020","20.20","20.21","20.27","20.20","","0.00%"
"08/25/2020","20.20","20.19","20.29","20.17","","0.03%"
"08/24/2020","20.19","20.40","20.40","20.14","","-1.00%"
"08/21/2020","20.40","20.42","20.42","20.37","","-0.13%"
"08/20/2020","20.42","20.38","20.46","20.38","","0.23%"
"08/19/2020","20.38","20.30","20.40","20.30","","0.36%"
"08/18/2020","20.30","20.35","20.39","20.30","","-0.23%"
"08/17/2020","20.35","20.39","20.40","20.34","","-0.16%"
"08/14/2020","20.38","20.37","20.41","20.35","","0.08%"
"08/13/2020","20.36","20.36","20.40","20.36","","0.03%"
"08/12/2020","20.36","20.32","20.40","20.31","","0.23%"
"08/11/2020","20.31","20.38","20.39","20.29","","-0.35%"
"08/10/2020","20.38","20.43","20.43","20.38","","-0.18%"
"08/07/2020","20.42","20.39","20.45","20.39","","0.15%"
"08/06/2020","20.39","20.36","20.42","20.36","","0.14%"
"08/05/2020","20.36","20.43","20.44","20.35","","-0.36%"
"08/04/2020","20.43","20.47","20.48","20.41","","-0.16%"
"08/03/2020","20.47","20.40","20.50","20.38","","0.36%"
"07/31/2020","20.39","20.38","20.40","20.33","","0.04%"
"07/30/2020","20.39","20.41","20.41","20.36","","-0.06%"
"07/29/2020","20.40","20.39","20.41","20.33","","0.03%"
"07/28/2020","20.39","20.37","20.40","20.34","","0.16%"
"07/27/2020","20.36","20.35","20.39","20.33","","0.05%"
"07/24/2020","20.35","20.37","20.41","20.34","","-0.08%"
"07/23/2020","20.36","20.31","20.41","20.31","","0.28%"
"07/22/2020","20.31","20.29","20.38","20.28","","0.09%"
"07/21/2020","20.29","20.35","20.38","20.29","","-0.29%"
"07/20/2020","20.35","20.39","20.43","20.35","","-0.19%"
"07/17/2020","20.39","20.47","20.49","20.39","","-0.38%"
"07/16/2020","20.46","20.45","20.50","20.45","","0.07%"
"07/15/2020","20.45","20.53","20.53","20.43","","-0.35%"
"07/14/2020","20.52","20.48","20.56","20.48","","0.26%"
"07/13/2020","20.47","20.47","20.48","20.44","","0.00%"
"07/10/2020","20.47","20.46","20.51","20.46","","0.07%"
"07/09/2020","20.45","20.40","20.47","20.39","","0.27%"
"07/08/2020","20.40","20.37","20.44","20.37","","0.17%"
"07/07/2020","20.36","20.32","20.42","20.32","","0.24%"
"07/06/2020","20.32","20.32","20.37","20.28","","0.00%"
"07/03/2020","20.32","20.35","20.43","20.30","","-0.14%"
"07/02/2020","20.35","20.55","20.56","20.32","","-0.98%"
"07/01/2020","20.55","20.57","20.59","20.55","","-0.08%"
"06/30/2020","20.56","20.56","20.59","20.53","","0.04%"
"06/29/2020","20.55","20.59","20.60","20.54","","-0.14%"
"06/26/2020","20.58","20.58","20.60","20.54","","0.02%"
"06/25/2020","20.58","20.60","20.63","20.56","","-0.07%"
"06/24/2020","20.59","20.56","20.63","20.55","","0.21%"
"06/23/2020","20.55","20.63","20.67","20.54","","-0.39%"
"06/22/2020","20.63","20.76","20.77","20.62","","-0.61%"
"06/19/2020","20.76","20.80","20.80","20.72","","-0.18%"
"06/18/2020","20.80","20.77","20.80","20.70","","0.14%"
"06/17/2020","20.76","20.76","20.79","20.72","","0.04%"
"06/16/2020","20.76","20.69","20.78","20.63","","0.39%"
"06/15/2020","20.68","20.71","20.74","20.67","","-0.10%"
"06/12/2020","20.70","20.68","20.75","20.62","","0.07%"
"06/11/2020","20.68","20.59","20.68","20.58","","0.48%"
"06/10/2020","20.58","20.56","20.60","20.53","","0.16%"
"06/09/2020","20.55","20.53","20.62","20.53","","0.14%"
"06/08/2020","20.52","20.57","20.60","20.53","","-0.22%"
"06/05/2020","20.57","20.54","20.62","20.51","","0.15%"
"06/04/2020","20.54","20.51","20.59","20.51","","0.18%"
"06/03/2020","20.50","20.45","20.57","20.42","","0.29%"
"06/02/2020","20.44","20.56","20.59","20.41","","-0.55%"
"06/01/2020","20.56","20.58","20.63","20.49","","-0.11%"
"05/29/2020","20.58","20.60","20.62","20.54","","-0.08%"
"05/28/2020","20.59","20.67","20.67","20.59","","-0.33%"
"05/27/2020","20.66","20.54","20.68","20.54","","0.62%"
"05/26/2020","20.53","20.66","20.66","20.53","","-0.60%"
"05/25/2020","20.66","20.68","20.72","20.65","","-0.07%"
"05/22/2020","20.67","20.59","20.70","20.59","","0.43%"
"05/21/2020","20.58","20.57","20.64","20.53","","0.08%"
"05/20/2020","20.57","20.60","20.66","20.55","","-0.12%"
"05/19/2020","20.59","20.61","20.64","20.57","","-0.08%"
"05/18/2020","20.61","20.65","20.71","20.59","","-0.16%"
"05/15/2020","20.64","20.55","20.68","20.53","","0.45%"
"05/14/2020","20.55","20.52","20.61","20.51","","0.17%"
"05/13/2020","20.51","20.44","20.56","20.43","","0.43%"
"05/12/2020","20.43","20.66","20.68","20.43","","-1.09%"
"05/11/2020","20.65","20.56","20.67","20.54","","0.46%"
"05/08/2020","20.56","20.64","20.64","20.49","","-0.36%"
"05/07/2020","20.63","20.72","20.73","20.63","","-0.39%"
"05/06/2020","20.71","20.61","20.72","20.59","","0.51%"
"05/05/2020","20.61","20.59","20.66","20.55","","0.09%"
"05/04/2020","20.59","20.62","20.64","20.57","","-0.16%"
"05/01/2020","20.62","20.44","20.64","20.44","","0.89%"
"04/30/2020","20.44","20.54","20.54","20.39","","-0.50%"
"04/29/2020","20.54","20.71","20.72","20.54","","-0.80%"
"04/28/2020","20.71","20.75","20.81","20.64","","-0.22%"
"04/27/2020","20.75","20.76","20.79","20.70","","-0.03%"
"04/24/2020","20.76","20.66","20.82","20.66","","0.48%"
"04/23/2020","20.66","20.80","20.82","20.64","","-0.67%"
"04/22/2020","20.80","20.96","20.97","20.80","","-0.74%"
"04/21/2020","20.95","20.85","20.96","20.85","","0.53%"
"04/20/2020","20.84","20.84","20.88","20.77","","0.04%"
"04/17/2020","20.84","20.91","20.92","20.76","","-0.33%"
"04/16/2020","20.91","20.85","20.94","20.84","","0.31%"
"04/15/2020","20.84","20.70","20.87","20.67","","0.72%"
"04/14/2020","20.69","20.76","20.79","20.69","","-0.31%"
"04/13/2020","20.75","20.66","20.82","20.66","","0.49%"
"04/10/2020","20.65","20.77","20.77","20.65","","-0.57%"
"04/09/2020","20.77","20.68","20.84","20.68","","0.49%"
"04/08/2020","20.67","20.60","20.80","20.59","","0.41%"
"04/07/2020","20.58","20.68","20.69","20.56","","-0.46%"
"04/06/2020","20.68","20.76","20.76","20.68","","-0.35%"
"04/03/2020","20.75","20.80","20.80","20.63","","-0.21%"
"04/02/2020","20.80","20.80","20.81","20.78","","0.00%"
"04/01/2020","20.80","20.51","20.81","20.51","","1.40%"
"03/31/2020","20.51","20.53","20.60","20.49","","-0.08%"
"03/30/2020","20.52","20.55","20.60","20.44","","-0.10%"
"03/27/2020","20.55","20.39","20.56","20.25","","0.78%"
"03/26/2020","20.39","20.79","20.80","20.39","","-1.92%"
"03/25/2020","20.79","20.80","20.80","20.79","","0.00%"
"03/24/2020","20.79","20.78","20.80","20.68","","0.05%"
"03/23/2020","20.78","20.53","20.78","20.52","","1.24%"
"03/20/2020","20.52","20.36","20.53","20.34","","0.81%"
"03/19/2020","20.36","20.30","20.50","20.30","","0.33%"
"03/18/2020","20.29","20.16","20.30","20.13","","0.65%"
"03/17/2020","20.16","20.15","20.23","20.11","","0.08%"
"03/16/2020","20.15","20.10","20.24","20.10","","0.22%"
"03/13/2020","20.10","20.30","20.30","20.07","","-0.99%"
"03/12/2020","20.30","20.06","20.30","20.06","","1.20%"
"03/11/2020","20.06","20.19","20.19","20.02","","-0.63%"
"03/10/2020","20.19","20.20","20.22","20.19","","-0.05%"
"03/09/2020","20.20","20.15","20.22","20.11","","0.25%"
"03/06/2020","20.15","20.01","20.17","20.01","","0.67%"
"03/05/2020","20.01","20.02","20.03","19.89","","-0.03%"
"03/04/2020","20.02","19.89","20.05","19.85","","0.67%"
"03/03/2020","19.88","19.84","19.98","19.72","","0.22%"
"03/02/2020","19.84","19.75","19.86","19.61","","0.47%"
"02/28/2020","19.75","19.51","19.76","19.51","","1.24%"
"02/27/2020","19.50","19.49","19.52","19.48","","0.10%"
"02/26/2020","19.49","19.55","19.57","19.47","","-0.32%"
"02/25/2020","19.55","19.58","19.59","19.49","","-0.15%"
"02/24/2020","19.58","19.57","19.60","19.54","","0.07%"
"02/21/2020","19.56","19.52","19.61","19.51","","0.28%"
"02/20/2020","19.51","19.49","19.55","19.47","","0.11%"
"02/19/2020","19.49","19.49","19.49","19.45","","0.00%"
"02/18/2020","19.49","19.42","19.49","19.42","","0.36%"
"02/17/2020","19.42","19.48","19.48","19.40","","-0.29%"
"02/14/2020","19.47","19.42","19.50","19.41","","0.29%"
"02/13/2020","19.42","19.41","19.47","19.40","","0.04%"
"02/12/2020","19.41","19.41","19.43","19.38","","0.00%"
"02/11/2020","19.40","19.41","19.42","19.38","","0.00%"
"02/10/2020","19.41","19.47","19.47","19.41","","-0.30%"
"02/07/2020","19.46","19.39","19.48","19.38","","0.39%"
"02/06/2020","19.39","19.38","19.41","19.36","","0.06%"
"02/05/2020","19.38","19.36","19.41","19.36","","0.10%"
"02/04/2020","19.36","19.42","19.42","19.35","","-0.29%"
"02/03/2020","19.42","19.47","19.51","19.40","","-0.31%"
"01/31/2020","19.48","19.48","19.49","19.41","","0.00%"
"01/30/2020","19.48","19.41","19.51","19.41","","0.34%"
"01/29/2020","19.41","19.39","19.44","19.37","","0.14%"
"01/28/2020","19.38","19.45","19.45","19.38","","-0.33%"
"01/27/2020","19.45","19.42","19.47","19.42","","0.16%"
"01/24/2020","19.42","19.44","19.44","19.39","","-0.10%"
"01/23/2020","19.43","19.35","19.45","19.35","","0.45%"
"01/22/2020","19.35","19.38","19.40","19.35","","-0.12%"
"01/21/2020","19.37","19.34","19.40","19.34","","0.18%"
"01/20/2020","19.34","19.35","19.37","19.33","","-0.06%"
"01/17/2020","19.35","19.32","19.36","19.31","","0.17%"
"01/16/2020","19.32","19.25","19.33","19.25","","0.34%"
"01/15/2020","19.25","19.29","19.33","19.24","","-0.18%"
"01/14/2020","19.28","19.25","19.32","19.25","","0.20%"
"01/13/2020","19.25","19.32","19.32","19.25","","-0.35%"
"01/10/2020","19.31","19.39","19.40","19.29","","-0.35%"
"01/09/2020","19.38","19.47","19.48","19.37","","-0.43%"
"01/08/2020","19.47","19.56","19.63","19.46","","-0.47%"
"01/07/2020","19.56","19.57","19.58","19.51","","-0.04%"
"01/06/2020","19.56","19.54","19.64","19.54","","0.14%"
"01/03/2020","19.53","19.43","19.56","19.42","","0.59%"
"01/02/2020","19.42","19.39","19.44","19.39","","0.15%"
"01/01/2020","19.39","19.43","19.43","19.39","","-0.16%"
"12/31/2019","19.42","19.42","19.44","19.39","","0.05%"
"12/30/2019","19.41","19.45","19.45","19.41","","-0.17%"
"12/27/2019","19.45","19.41","19.47","19.38","","0.20%"
"12/26/2019","19.41","19.41","19.43","19.39","","0.04%"
"12/25/2019","19.40","19.41","19.41","19.41","","0.00%"
"12/24/2019","19.40","19.39","19.42","19.37","","0.08%"
"12/23/2019","19.39","19.35","19.41","19.35","","0.23%"
"12/20/2019","19.34","19.38","19.40","19.34","","-0.17%"
"12/19/2019","19.37","19.33","19.39","19.30","","0.25%"
"12/18/2019","19.33","19.34","19.36","19.31","","-0.06%"
"12/17/2019","19.34","19.31","19.35","19.28","","0.17%"
"12/16/2019","19.30","19.28","19.34","19.26","","0.15%"
"12/13/2019","19.27","19.21","19.30","19.20","","0.34%"
"12/12/2019","19.21","19.25","19.30","19.20","","-0.20%"
"12/11/2019","19.25","19.28","19.32","19.25","","-0.15%"
"12/10/2019","19.27","19.32","19.34","19.27","","-0.22%"
"12/09/2019","19.32","19.41","19.41","19.32","","-0.43%"
"12/06/2019","19.40","19.40","19.45","19.38","","0.06%"
"12/05/2019","19.39","19.46","19.51","19.38","","-0.34%"
"12/04/2019","19.46","19.53","19.55","19.45","","-0.36%"
"12/03/2019","19.53","19.50","19.55","19.47","","0.15%"
"12/02/2019","19.50","19.54","19.55","19.49","","-0.18%"
"11/29/2019","19.53","19.47","19.57","19.47","","0.34%"
"11/28/2019","19.46","19.40","19.51","19.39","","0.35%"
"11/27/2019","19.40","19.46","19.46","19.39","","-0.31%"
"11/26/2019","19.46","19.52","19.52","19.46","","-0.32%"
"11/25/2019","19.52","19.54","19.54","19.49","","-0.12%"
"11/22/2019","19.54","19.53","19.57","19.51","","0.07%"
"11/21/2019","19.53","19.53","19.58","19.52","","0.00%"
"11/20/2019","19.53","19.56","19.58","19.51","","-0.12%"
"11/19/2019","19.55","19.59","19.61","19.50","","-0.15%"
"11/18/2019","19.58","19.51","19.59","19.48","","0.42%"
"11/15/2019","19.50","19.59","19.59","19.49","","-0.43%"
"11/14/2019","19.59","19.64","19.67","19.56","","-0.27%"
"11/13/2019","19.64","19.55","19.65","19.51","","0.52%"
"11/12/2019","19.54","19.48","19.55","19.48","","0.31%"
"11/11/2019","19.48","19.43","19.50","19.41","","0.29%"
"11/08/2019","19.42","19.34","19.43","19.34","","0.43%"
"11/07/2019","19.34","19.33","19.36","19.30","","0.06%"
"11/06/2019","19.33","19.27","19.34","19.26","","0.33%"
"11/05/2019","19.26","19.27","19.29","19.23","","-0.04%"
"11/04/2019","19.27","19.27","19.28","19.21","","0.04%"
"11/01/2019","19.26","19.33","19.35","19.27","","-0.32%"
"10/31/2019","19.33","19.32","19.35","19.26","","0.04%"
"10/30/2019","19.32","19.30","19.34","19.29","","0.10%"
"10/29/2019","19.30","19.26","19.31","19.24","","0.20%"
"10/28/2019","19.26","19.28","19.29","19.24","","-0.10%"
"10/25/2019","19.28","19.32","19.35","19.27","","-0.21%"
"10/24/2019","19.32","19.26","19.35","19.25","","0.34%"
"10/23/2019","19.25","19.28","19.34","19.25","","-0.12%"
"10/22/2019","19.28","19.31","19.33","19.28","","-0.16%"
"10/21/2019","19.31","19.36","19.36","19.27","","-0.22%"
"10/18/2019","19.35","19.37","19.42","19.34","","-0.06%"
"10/17/2019","19.36","19.43","19.46","19.35","","-0.32%"
"10/16/2019","19.42","19.47","19.53","19.42","","-0.20%"
"10/15/2019","19.46","19.40","19.49","19.39","","0.37%"
"10/14/2019","19.39","19.31","19.40","19.26","","0.44%"
"10/11/2019","19.30","19.33","19.35","19.27","","-0.09%"
"10/10/2019","19.32","19.36","19.38","19.32","","-0.19%"
"10/09/2019","19.36","19.39","19.39","19.31","","-0.14%"
"10/08/2019","19.39","19.32","19.39","19.31","","0.35%"
"10/07/2019","19.32","19.28","19.36","19.28","","0.21%"
"10/04/2019","19.28","19.34","19.34","19.27","","-0.28%"
"10/03/2019","19.33","19.37","19.43","19.29","","-0.17%"
"10/02/2019","19.37","19.36","19.40","19.36","","0.05%"
"10/01/2019","19.36","19.23","19.38","19.23","","0.65%"
"09/30/2019","19.23","19.20","19.30","19.15","","0.22%"
"09/27/2019","19.19","19.32","19.32","19.16","","-0.65%"
"09/26/2019","19.32","19.33","19.34","19.28","","0.00%"
"09/25/2019","19.32","19.32","19.37","19.31","","0.00%"
"09/24/2019","19.32","19.28","19.34","19.25","","0.24%"
"09/23/2019","19.27","19.35","19.35","19.27","","-0.38%"
"09/20/2019","19.34","19.43","19.43","19.24","","-0.44%"
"09/19/2019","19.43","19.37","19.44","19.35","","0.34%"
"09/18/2019","19.36","19.46","19.47","19.37","","-0.48%"
"09/17/2019","19.46","19.49","19.60","19.43","","-0.12%"
"09/16/2019","19.48","19.34","19.51","19.34","","0.82%"
"09/13/2019","19.32","19.32","19.37","19.29","","0.05%"
"09/12/2019","19.31","19.49","19.49","19.31","","-0.85%"
"09/11/2019","19.48","19.57","19.57","19.47","","-0.45%"
"09/10/2019","19.57","19.54","19.60","19.53","","0.17%"
"09/09/2019","19.53","19.51","19.54","19.46","","0.16%"
"09/06/2019","19.50","19.58","19.59","19.49","","-0.38%"
"09/05/2019","19.58","19.60","19.61","19.54","","-0.08%"
"09/04/2019","19.59","19.65","19.69","19.59","","-0.26%"
"09/03/2019","19.64","19.59","19.71","19.59","","0.28%"
"09/02/2019","19.59","19.45","19.60","19.45","","0.71%"
"08/30/2019","19.45","19.52","19.55","19.43","","-0.32%"
"08/29/2019","19.51","19.56","19.63","19.50","","-0.16%"
"08/28/2019","19.54","19.48","19.57","19.46","","0.37%"
"08/27/2019","19.47","19.61","19.61","19.43","","-0.68%"
"08/26/2019","19.60","19.47","19.67","19.47","","0.73%"
"08/23/2019","19.46","19.58","19.61","19.47","","-0.58%"
"08/22/2019","19.58","19.45","19.60","19.45","","0.67%"
"08/21/2019","19.44","19.48","19.50","19.43","","-0.16%"
"08/20/2019","19.48","19.45","19.56","19.45","","0.14%"
"08/19/2019","19.45","19.37","19.47","19.34","","0.41%"
"08/16/2019","19.37","19.55","19.55","19.34","","-0.86%"
"08/15/2019","19.54","19.41","19.55","19.40","","0.70%"
"08/14/2019","19.40","19.44","19.45","19.29","","-0.20%"
"08/13/2019","19.44","19.41","19.46","19.34","","0.20%"
"08/12/2019","19.40","19.34","19.43","19.33","","0.50%"
"08/09/2019","19.30","19.17","19.31","19.17","","0.71%"
"08/08/2019","19.17","19.37","19.38","19.17","","-1.01%"
"08/07/2019","19.36","19.34","19.39","19.22","","0.14%"
"08/06/2019","19.34","19.28","19.34","19.19","","0.31%"
"08/05/2019","19.28","18.98","19.29","18.98","","1.60%"
"08/02/2019","18.97","18.79","18.98","18.79","","1.00%"
"08/01/2019","18.78","18.75","18.86","18.75","","0.21%"
"07/31/2019","18.75","18.75","18.77","18.72","","0.00%"
"07/30/2019","18.74","18.72","18.76","18.69","","0.14%"
"07/29/2019","18.72","18.75","18.78","18.71","","-0.18%"
"07/26/2019","18.75","18.80","18.83","18.73","","-0.24%"
"07/25/2019","18.79","18.78","18.80","18.75","","0.10%"
"07/24/2019","18.77","18.80","18.82","18.77","","-0.04%"
"07/23/2019","18.78","18.77","18.80","18.76","","0.11%"
"07/22/2019","18.76","18.75","18.80","18.75","","0.11%"
"07/19/2019","18.74","18.75","18.77","18.71","","0.00%"
"07/18/2019","18.74","18.74","18.79","18.71","","0.03%"
"07/17/2019","18.74","18.69","18.76","18.68","","0.27%"
"07/16/2019","18.69","18.66","18.72","18.65","","0.14%"
"07/15/2019","18.66","18.67","18.68","18.64","","0.00%"
"07/12/2019","18.66","18.63","18.70","18.62","","0.23%"
"07/11/2019","18.62","18.63","18.65","18.59","","0.00%"
"07/10/2019","18.62","18.67","18.70","18.60","","-0.23%"
"07/09/2019","18.66","18.67","18.74","18.65","","0.00%"
"07/08/2019","18.66","18.64","18.72","18.63","","0.17%"
"07/05/2019","18.63","18.66","18.72","18.62","","-0.10%"
"07/04/2019","18.65","18.73","18.76","18.64","","-0.41%"
"07/03/2019","18.73","18.76","18.77","18.73","","-0.13%"
"07/02/2019","18.75","18.75","18.80","18.75","","0.00%"
"07/01/2019","18.75","18.77","18.81","18.74","","-0.08%"
"06/28/2019","18.77","18.81","18.82","18.75","","-0.19%"
"06/27/2019","18.80","18.85","18.88","18.79","","-0.25%"
"06/26/2019","18.85","18.88","18.93","18.82","","-0.11%"
"06/25/2019","18.87","18.86","18.90","18.85","","0.09%"
"06/24/2019","18.85","18.95","18.96","18.86","","-0.51%"
"06/21/2019","18.95","18.93","18.99","18.92","","0.14%"
"06/20/2019","18.92","18.96","18.97","18.88","","-0.18%"
"06/19/2019","18.96","18.95","19.01","18.92","","0.05%"
"06/18/2019","18.95","19.02","19.03","18.95","","-0.34%"
"06/17/2019","19.01","19.01","19.06","18.99","","0.04%"
"06/14/2019","19.00","18.93","19.02","18.93","","0.43%"
"06/13/2019","18.92","18.89","18.94","18.87","","0.20%"
"06/12/2019","18.89","18.89","18.91","18.86","","0.00%"
"06/11/2019","18.89","18.93","18.93","18.88","","-0.20%"
"06/10/2019","18.93","18.88","18.97","18.88","","0.26%"
"06/07/2019","18.88","18.83","18.94","18.82","","0.28%"
"06/06/2019","18.82","18.89","18.91","18.83","","-0.32%"
"06/05/2019","18.89","18.86","18.90","18.83","","0.13%"
"06/04/2019","18.86","18.83","18.88","18.79","","0.19%"
"06/03/2019","18.83","18.94","18.95","18.82","","-0.60%"
"05/31/2019","18.94","19.01","19.04","18.94","","-0.36%"
"05/30/2019","19.01","19.02","19.04","18.98","","-0.03%"
"05/29/2019","19.01","18.95","19.06","18.94","","0.36%"
"05/28/2019","18.94","18.92","18.99","18.92","","0.14%"
"05/27/2019","18.92","18.89","18.96","18.88","","0.18%"
"05/24/2019","18.88","18.97","19.00","18.89","","-0.43%"
"05/23/2019","18.97","18.96","19.08","18.89","","0.03%"
"05/22/2019","18.96","18.96","19.00","18.95","","0.00%"
"05/21/2019","18.95","18.95","19.01","18.95","","0.05%"
"05/20/2019","18.94","19.13","19.13","18.88","","-0.98%"
"05/17/2019","19.13","19.09","19.14","19.08","","0.23%"
"05/16/2019","19.09","19.12","19.15","19.05","","-0.16%"
"05/15/2019","19.12","19.15","19.18","19.10","","-0.11%"
"05/14/2019","19.14","19.21","19.23","19.13","","-0.35%"
"05/13/2019","19.21","19.06","19.23","19.05","","0.80%"
"05/10/2019","19.06","19.11","19.11","18.99","","-0.27%"
"05/09/2019","19.11","18.98","19.13","18.98","","0.69%"
"05/08/2019","18.98","18.96","18.99","18.91","","0.11%"
"05/07/2019","18.96","18.89","18.96","18.86","","0.38%"
"05/06/2019","18.88","18.81","18.91","18.81","","0.42%"
"05/03/2019","18.81","18.90","18.90","18.81","","-0.47%"
"05/02/2019","18.89","18.93","18.96","18.87","","-0.18%"
"05/01/2019","18.93","18.96","18.96","18.91","","-0.15%"
"04/30/2019","18.96","19.01","19.04","18.93","","-0.24%"
"04/29/2019","19.00","19.02","19.03","19.00","","-0.05%"
"04/26/2019","19.01","19.10","19.12","19.01","","-0.47%"
"04/25/2019","19.10","19.05","19.15","19.03","","0.30%"
"04/24/2019","19.04","18.99","19.06","18.99","","0.27%"
"04/23/2019","18.99","18.98","19.01","18.93","","0.11%"
"04/22/2019","18.97","18.90","19.03","18.88","","0.41%"
"04/19/2019","18.89","18.89","18.90","18.88","","0.00%"
"04/18/2019","18.89","18.90","18.95","18.87","","-0.05%"
"04/17/2019","18.90","18.93","18.94","18.88","","-0.14%"
"04/16/2019","18.92","18.89","18.97","18.89","","0.20%"
"04/15/2019","18.89","18.84","18.91","18.79","","0.29%"
"04/12/2019","18.83","18.79","18.89","18.79","","0.25%"
"04/11/2019","18.79","18.83","18.84","18.74","","-0.19%"
"04/10/2019","18.82","18.86","18.88","18.81","","-0.19%"
"04/09/2019","18.86","18.94","18.99","18.85","","-0.41%"
"04/08/2019","18.93","18.83","18.98","18.83","","0.56%"
"04/05/2019","18.83","18.78","18.88","18.78","","0.28%"
"04/04/2019","18.78","18.64","18.84","18.63","","0.78%"
"04/03/2019","18.63","18.76","18.77","18.62","","-0.69%"
"04/02/2019","18.76","18.84","18.89","18.71","","-0.40%"
"04/01/2019","18.84","18.84","18.90","18.83","","0.00%"
"03/29/2019","18.83","18.84","18.87","18.80","","0.00%"
"03/28/2019","18.83","18.81","18.89","18.77","","0.12%"
"03/27/2019","18.81","18.79","18.84","18.72","","0.14%"
"03/26/2019","18.78","18.76","18.79","18.72","","0.15%"
"03/25/2019","18.75","18.83","18.83","18.73","","-0.40%"
"03/22/2019","18.83","18.73","18.83","18.66","","0.53%"
"03/21/2019","18.73","18.73","18.73","18.65","","0.03%"
"03/20/2019","18.72","18.79","18.83","18.71","","-0.34%"
"03/19/2019","18.79","18.68","18.81","18.61","","0.57%"
"03/18/2019","18.68","18.78","18.78","18.63","","-0.49%"
"03/15/2019","18.77","18.88","18.89","18.76","","-0.58%"
"03/14/2019","18.88","18.93","18.99","18.85","","-0.22%"
"03/13/2019","18.92","18.96","19.00","18.90","","-0.15%"
"03/12/2019","18.95","19.02","19.02","18.92","","-0.33%"
"03/11/2019","19.01","19.06","19.07","19.01","","-0.22%"
"03/08/2019","19.05","19.09","19.12","19.01","","-0.14%"
"03/07/2019","19.08","19.08","19.10","19.04","","0.00%"
"03/06/2019","19.08","19.19","19.24","19.07","","-0.58%"
"03/05/2019","19.19","19.31","19.32","19.18","","-0.59%"
"03/04/2019","19.30","19.33","19.33","19.27","","-0.12%"
"03/01/2019","19.33","19.29","19.33","19.25","","0.22%"
"02/28/2019","19.28","19.38","19.40","19.25","","-0.51%"
"02/27/2019","19.38","19.34","19.46","19.31","","0.27%"
"02/26/2019","19.33","19.29","19.42","19.28","","0.26%"
"02/25/2019","19.28","19.34","19.36","19.28","","-0.28%"
"02/22/2019","19.33","19.37","19.40","19.34","","-0.19%"
"02/21/2019","19.37","19.33","19.40","19.31","","0.22%"
"02/20/2019","19.33","19.41","19.42","19.31","","-0.41%"
"02/19/2019","19.41","19.44","19.49","19.40","","-0.12%"
"02/18/2019","19.43","19.42","19.47","19.42","","0.08%"
"02/15/2019","19.42","19.34","19.46","19.34","","0.43%"
"02/14/2019","19.33","19.30","19.40","19.27","","0.20%"
"02/13/2019","19.29","19.20","19.30","19.17","","0.48%"
"02/12/2019","19.20","19.37","19.40","19.20","","-0.85%"
"02/11/2019","19.36","19.38","19.41","19.34","","-0.03%"
"02/08/2019","19.37","19.41","19.45","19.33","","-0.19%"
"02/07/2019","19.41","19.48","19.54","19.41","","-0.35%"
"02/06/2019","19.48","19.47","19.52","19.46","","0.04%"
"02/05/2019","19.47","19.52","19.55","19.47","","-0.26%"
"02/04/2019","19.52","19.45","19.56","19.45","","0.40%"
"02/01/2019","19.44","19.32","19.46","19.31","","0.67%"
"01/31/2019","19.31","19.39","19.40","19.29","","-0.39%"
"01/30/2019","19.39","19.45","19.45","19.36","","-0.22%"
"01/29/2019","19.43","19.35","19.46","19.34","","0.44%"
"01/28/2019","19.34","19.30","19.38","19.30","","0.24%"
"01/25/2019","19.30","19.33","19.40","19.30","","-0.14%"
"01/24/2019","19.33","19.38","19.41","19.32","","-0.26%"
"01/23/2019","19.38","19.40","19.43","19.36","","-0.11%"
"01/22/2019","19.40","19.38","19.45","19.37","","0.10%"
"01/21/2019","19.38","19.39","19.47","19.37","","0.00%"
"01/18/2019","19.38","19.34","19.40","19.33","","0.22%"
"01/17/2019","19.34","19.32","19.44","19.32","","0.11%"
"01/16/2019","19.32","19.36","19.40","19.31","","-0.17%"
"01/15/2019","19.35","19.27","19.37","19.25","","0.47%"
"01/14/2019","19.26","19.17","19.31","19.15","","0.53%"
"01/11/2019","19.16","19.17","19.22","19.15","","-0.04%"
"01/10/2019","19.17","19.21","19.23","19.14","","-0.20%"
"01/09/2019","19.20","19.10","19.23","19.07","","0.60%"
"01/08/2019","19.09","19.00","19.12","18.99","","0.50%"
"01/07/2019","19.00","18.93","19.04","18.85","","0.35%"
"01/04/2019","18.93","19.09","19.10","18.93","","-0.80%"
"01/03/2019","19.08","19.06","19.20","19.06","","0.17%"
"01/02/2019","19.05","18.91","19.12","18.91","","0.77%"
"01/01/2019","18.91","18.94","18.99","18.90","","-0.16%"
"12/31/2018","18.94","19.04","19.04","18.94","","-0.51%"
"12/28/2018","19.03","19.16","19.16","19.02","","-0.61%"
"12/27/2018","19.15","19.08","19.16","19.08","","0.40%"
"12/26/2018","19.07","19.07","19.10","18.99","","0.04%"
"12/25/2018","19.06","19.09","19.09","19.07","","-0.10%"
"12/24/2018","19.08","19.10","19.14","19.02","","-0.06%"
"12/21/2018","19.09","19.05","19.14","18.99","","0.26%"
"12/20/2018","19.05","19.13","19.25","18.96","","-0.43%"
"12/19/2018","19.13","19.23","19.23","19.02","","-0.49%"
"12/18/2018","19.22","19.50","19.50","19.17","","-1.39%"
"12/17/2018","19.49","19.58","19.58","19.47","","-0.43%"
"12/14/2018","19.58","19.47","19.62","19.47","","0.54%"
"12/13/2018","19.47","19.56","19.56","19.45","","-0.43%"
"12/12/2018","19.55","19.68","19.68","19.54","","-0.61%"
"12/11/2018","19.67","19.74","19.74","19.52","","-0.32%"
"12/10/2018","19.74","19.29","19.78","19.29","","2.34%"
"12/07/2018","19.29","19.29","19.29","19.18","","0.00%"
"12/06/2018","19.28","19.21","19.37","19.21","","0.41%"
"12/05/2018","19.20","19.20","19.26","19.16","","0.04%"
"12/04/2018","19.20","19.18","19.24","19.15","","0.13%"
"12/03/2018","19.17","18.96","19.19","18.96","","1.13%"
"11/30/2018","18.96","19.00","19.03","18.94","","-0.19%"
"11/29/2018","18.99","19.23","19.23","19.00","","-1.22%"
"11/28/2018","19.23","19.27","19.30","19.21","","-0.21%"
"11/27/2018","19.27","19.28","19.34","19.25","","-0.04%"
"11/26/2018","19.28","19.24","19.30","19.14","","0.23%"
"11/23/2018","19.23","19.25","19.25","19.23","","-0.05%"
"11/22/2018","19.24","19.41","19.41","19.24","","-0.86%"
"11/21/2018","19.41","19.45","19.45","19.41","","-0.17%"
"11/20/2018","19.44","19.50","19.50","19.41","","-0.26%"
"11/19/2018","19.49","19.60","19.62","19.48","","-0.52%"
"11/16/2018","19.59","19.58","19.60","19.52","","0.09%"
"11/15/2018","19.58","19.69","19.69","19.57","","-0.56%"
"11/14/2018","19.68","19.77","19.77","19.60","","-0.41%"
"11/13/2018","19.77","19.84","19.84","19.74","","-0.34%"
"11/12/2018","19.83","19.73","19.89","19.73","","0.53%"
"11/09/2018","19.73","19.71","19.83","19.70","","0.14%"
"11/08/2018","19.70","19.72","19.73","19.70","","-0.10%"
"11/07/2018","19.72","19.86","19.86","19.72","","-0.69%"
"11/06/2018","19.86","19.90","19.90","19.85","","-0.17%"
"11/05/2018","19.89","19.72","19.91","19.72","","0.88%"
"11/02/2018","19.72","20.00","20.00","19.72","","-1.39%"
"11/01/2018","20.00","20.14","20.14","20.00","","-0.68%"
"10/31/2018","20.13","20.06","20.18","20.06","","0.38%"
"10/30/2018","20.05","19.98","20.06","19.98","","0.37%"
"10/29/2018","19.98","20.00","20.02","19.96","","-0.08%"
"10/26/2018","20.00","19.94","20.00","19.94","","0.32%"
"10/25/2018","19.93","19.94","19.98","19.92","","0.00%"
"10/24/2018","19.93","20.02","20.02","19.90","","-0.43%"
"10/23/2018","20.02","20.03","20.10","20.01","","0.00%"
"10/22/2018","20.02","19.98","20.03","19.93","","0.25%"
"10/19/2018","19.97","20.02","20.05","19.95","","-0.20%"
"10/18/2018","20.01","20.04","20.04","20.01","","-0.09%"
"10/17/2018","20.03","20.00","20.06","19.97","","0.18%"
"10/16/2018","20.00","20.08","20.13","20.00","","-0.41%"
"10/15/2018","20.08","20.04","20.17","20.04","","0.22%"
"10/12/2018","20.03","20.16","20.16","20.02","","-0.60%"
"10/11/2018","20.16","20.22","20.28","20.15","","-0.27%"
"10/10/2018","20.21","20.24","20.24","20.16","","-0.12%"
"10/09/2018","20.23","20.16","20.26","20.11","","0.36%"
"10/08/2018","20.16","20.08","20.17","20.08","","0.40%"
"10/05/2018","20.08","20.05","20.21","19.99","","0.19%"
"10/04/2018","20.04","19.97","20.10","19.97","","0.38%"
"10/03/2018","19.97","19.85","19.99","19.85","","0.58%"
"10/02/2018","19.85","19.85","19.86","19.85","","0.00%"
"10/01/2018","19.85","19.74","19.86","19.74","","0.58%"
"09/28/2018","19.74","19.76","19.78","19.71","","-0.08%"
"09/27/2018","19.75","19.77","19.81","19.71","","-0.04%"
"09/26/2018","19.76","19.79","19.81","19.75","","-0.13%"
"09/25/2018","19.78","19.79","19.86","19.76","","0.00%"
"09/24/2018","19.78","19.67","19.80","19.67","","0.60%"
"09/21/2018","19.66","19.61","19.73","19.54","","0.30%"
"09/20/2018","19.60","19.70","19.70","19.60","","-0.47%"
"09/19/2018","19.69","19.80","19.84","19.69","","-0.48%"
"09/18/2018","19.79","19.75","19.87","19.70","","0.22%"
"09/17/2018","19.75","19.57","19.79","19.57","","0.93%"
"09/14/2018","19.56","19.61","19.61","19.47","","-0.22%"
"09/13/2018","19.61","19.65","19.65","19.61","","-0.18%"
"09/12/2018","19.64","19.78","19.85","19.58","","-0.66%"
"09/11/2018","19.77","19.73","19.80","19.67","","0.26%"
"09/10/2018","19.72","19.54","19.79","19.54","","0.93%"
"09/07/2018","19.54","19.59","19.61","19.51","","-0.22%"
"09/06/2018","19.58","19.54","19.63","19.50","","0.27%"
"09/05/2018","19.53","19.49","19.59","19.43","","0.24%"
"09/04/2018","19.49","19.39","19.49","19.35","","0.52%"
"09/03/2018","19.39","19.33","19.39","19.25","","0.29%"
"08/31/2018","19.33","19.26","19.34","19.26","","0.37%"
"08/30/2018","19.26","19.20","19.30","19.20","","0.30%"
"08/29/2018","19.20","19.08","19.23","19.08","","0.63%"
"08/28/2018","19.08","19.10","19.14","19.07","","-0.10%"
"08/27/2018","19.10","19.05","19.10","18.98","","0.28%"
"08/24/2018","19.05","19.09","19.12","19.03","","-0.20%"
"08/23/2018","19.08","19.02","19.10","19.02","","0.35%"
"08/22/2018","19.02","19.02","19.03","19.00","","0.00%"
"08/21/2018","19.01","19.01","19.03","18.93","","0.06%"
"08/20/2018","19.00","19.09","19.09","18.95","","-0.40%"
"08/17/2018","19.08","19.08","19.10","19.08","","0.00%"
"08/16/2018","19.08","19.04","19.17","19.04","","0.24%"
"08/15/2018","19.03","19.05","19.05","19.03","","-0.05%"
"08/14/2018","19.04","19.06","19.08","18.97","","-0.09%"
"08/13/2018","19.06","18.76","19.07","18.75","","1.64%"
"08/10/2018","18.75","18.72","18.79","18.72","","0.20%"
"08/09/2018","18.72","18.69","18.72","18.64","","0.14%"
"08/08/2018","18.69","18.68","18.71","18.67","","0.04%"
"08/07/2018","18.68","18.74","18.77","18.68","","-0.29%"
"08/06/2018","18.73","18.66","18.76","18.66","","0.41%"
"08/03/2018","18.66","18.68","18.74","18.66","","-0.12%"
"08/02/2018","18.68","18.61","18.72","18.59","","0.41%"
"08/01/2018","18.60","18.64","18.68","18.61","","-0.16%"
"07/31/2018","18.63","18.68","18.70","18.63","","-0.22%"
"07/30/2018","18.67","18.68","18.73","18.68","","0.00%"
"07/27/2018","18.67","18.69","18.72","18.66","","-0.08%"
"07/26/2018","18.69","18.71","18.72","18.68","","-0.10%"
"07/25/2018","18.71","18.77","18.78","18.70","","-0.32%"
"07/24/2018","18.77","18.74","18.81","18.74","","0.15%"
"07/23/2018","18.74","18.71","18.75","18.69","","0.16%"
"07/20/2018","18.71","18.79","18.82","18.71","","-0.40%"
"07/19/2018","18.79","18.68","18.82","18.68","","0.57%"
"07/18/2018","18.68","18.63","18.69","18.62","","0.30%"
"07/17/2018","18.63","18.66","18.66","18.59","","-0.18%"
"07/16/2018","18.66","18.65","18.71","18.65","","0.08%"
"07/13/2018","18.64","18.65","18.67","18.60","","-0.04%"
"07/12/2018","18.65","18.71","18.72","18.65","","-0.30%"
"07/11/2018","18.71","18.72","18.76","18.71","","-0.04%"
"07/10/2018","18.72","18.69","18.75","18.69","","0.14%"
"07/09/2018","18.69","18.73","18.73","18.67","","-0.22%"
"07/06/2018","18.73","18.75","18.79","18.73","","-0.10%"
"07/05/2018","18.75","18.70","18.79","18.70","","0.27%"
"07/04/2018","18.70","18.66","18.73","18.63","","0.20%"
"07/03/2018","18.66","18.71","18.78","18.66","","-0.24%"
"07/02/2018","18.70","18.64","18.74","18.60","","0.38%"
"06/29/2018","18.63","18.74","18.74","18.61","","-0.56%"
"06/28/2018","18.74","18.69","18.81","18.69","","0.29%"
"06/27/2018","18.68","18.61","18.71","18.61","","0.39%"
"06/26/2018","18.61","18.55","18.62","18.53","","0.36%"
"06/25/2018","18.54","18.48","18.56","18.48","","0.38%"
"06/22/2018","18.47","18.50","18.50","18.43","","-0.12%"
"06/21/2018","18.50","18.53","18.58","18.50","","-0.16%"
"06/20/2018","18.52","18.60","18.60","18.52","","-0.37%"
"06/19/2018","18.59","18.52","18.62","18.51","","0.40%"
"06/18/2018","18.52","18.53","18.56","18.50","","-0.04%"
"06/15/2018","18.53","18.43","18.53","18.43","","0.55%"
"06/14/2018","18.42","18.42","18.44","18.39","","0.06%"
"06/13/2018","18.41","18.37","18.43","18.37","","0.24%"
"06/12/2018","18.37","18.37","18.38","18.34","","0.00%"
"06/11/2018","18.36","18.39","18.39","18.32","","-0.08%"
"06/08/2018","18.38","18.35","18.46","18.35","","0.16%"
"06/07/2018","18.35","18.20","18.37","18.20","","0.87%"
"06/06/2018","18.19","18.27","18.28","18.20","","-0.39%"
"06/05/2018","18.26","18.26","18.30","18.26","","0.03%"
"06/04/2018","18.26","18.24","18.29","18.20","","0.12%"
"06/01/2018","18.24","18.36","18.36","18.24","","-0.64%"
"05/31/2018","18.35","18.36","18.40","18.33","","0.00%"
"05/30/2018","18.36","18.47","18.48","18.35","","-0.59%"
"05/29/2018","18.47","18.35","18.51","18.35","","0.65%"
"05/28/2018","18.35","18.44","18.44","18.32","","-0.49%"
"05/25/2018","18.44","18.61","18.61","18.44","","-0.88%"
"05/24/2018","18.60","18.61","18.63","18.59","","-0.04%"
"05/23/2018","18.61","18.52","18.64","18.52","","0.52%"
"05/22/2018","18.51","18.54","18.55","18.49","","-0.15%"
"05/21/2018","18.54","18.51","18.56","18.51","","0.18%"
"05/18/2018","18.51","18.45","18.54","18.45","","0.33%"
"05/17/2018","18.45","18.45","18.46","18.40","","0.00%"
"05/16/2018","18.45","18.54","18.55","18.45","","-0.44%"
"05/15/2018","18.53","18.39","18.55","18.36","","0.77%"
"05/14/2018","18.39","18.35","18.41","18.30","","0.29%"
"05/11/2018","18.33","18.31","18.35","18.27","","0.17%"
"05/10/2018","18.30","18.34","18.36","18.30","","-0.16%"
"05/09/2018","18.33","18.28","18.37","18.27","","0.33%"
"05/08/2018","18.27","18.28","18.32","18.24","","0.00%"
"05/07/2018","18.27","18.19","18.29","18.18","","0.48%"
"05/04/2018","18.19","18.15","18.22","18.14","","0.23%"
"05/03/2018","18.15","18.16","18.17","18.11","","-0.03%"
"05/02/2018","18.15","18.19","18.19","18.14","","-0.16%"
"05/01/2018","18.18","18.09","18.19","18.09","","0.51%"
"04/30/2018","18.09","18.14","18.14","18.06","","-0.24%"
"04/27/2018","18.13","18.19","18.20","18.14","","-0.28%"
"04/26/2018","18.18","18.22","18.22","18.16","","-0.16%"
"04/25/2018","18.21","18.08","18.24","18.08","","0.77%"
"04/24/2018","18.08","18.11","18.11","18.05","","-0.19%"
"04/23/2018","18.11","18.02","18.11","18.01","","0.48%"
"04/20/2018","18.02","17.93","18.03","17.93","","0.52%"
"04/19/2018","17.93","17.89","17.93","17.89","","0.23%"
"04/18/2018","17.89","17.88","17.91","17.86","","0.04%"
"04/17/2018","17.88","17.82","17.89","17.81","","0.34%"
"04/16/2018","17.82","17.77","17.83","17.76","","0.32%"
"04/13/2018","17.76","17.77","17.78","17.75","","-0.05%"
"04/12/2018","17.77","17.77","17.82","17.76","","0.05%"
"04/11/2018","17.76","17.68","17.78","17.68","","0.48%"
"04/10/2018","17.68","17.68","17.70","17.67","","0.00%"
"04/09/2018","17.68","17.68","17.71","17.66","","0.04%"
"04/06/2018","17.67","17.67","17.71","17.67","","0.06%"
"04/05/2018","17.66","17.71","17.73","17.67","","-0.24%"
"04/04/2018","17.71","17.70","17.75","17.67","","0.08%"
"04/03/2018","17.69","17.73","17.73","17.69","","-0.20%"
"04/02/2018","17.73","17.73","17.73","17.72","","0.00%"
"03/30/2018","17.73","17.73","17.73","17.73","","0.00%"
"03/29/2018","17.73","17.74","17.74","17.73","","-0.06%"
"03/28/2018","17.74","17.68","17.78","17.67","","0.33%"
"03/27/2018","17.68","17.65","17.69","17.62","","0.18%"
"03/26/2018","17.65","17.69","17.70","17.64","","-0.24%"
"03/23/2018","17.69","17.73","17.75","17.69","","-0.19%"
"03/22/2018","17.72","17.75","17.75","17.70","","-0.11%"
"03/21/2018","17.74","17.76","17.76","17.74","","-0.04%"
"03/20/2018","17.75","17.75","17.76","17.74","","-0.03%"
"03/19/2018","17.75","17.69","17.76","17.69","","0.36%"
"03/16/2018","17.69","17.69","17.70","17.65","","0.00%"
"03/15/2018","17.69","17.65","17.70","17.64","","0.22%"
"03/14/2018","17.65","17.66","17.71","17.65","","0.00%"
"03/13/2018","17.65","17.69","17.70","17.65","","-0.20%"
"03/12/2018","17.69","17.73","17.73","17.68","","-0.21%"
"03/09/2018","17.73","17.73","17.75","17.71","","0.00%"
"03/08/2018","17.72","17.66","17.74","17.66","","0.36%"
"03/07/2018","17.66","17.67","17.70","17.66","","-0.05%"
"03/06/2018","17.67","17.70","17.73","17.67","","-0.18%"
"03/05/2018","17.70","17.76","17.76","17.68","","-0.30%"
"03/02/2018","17.75","17.76","17.77","17.75","","0.00%"
"03/01/2018","17.75","17.75","17.76","17.73","","0.03%"
"02/28/2018","17.75","17.68","17.78","17.67","","0.45%"
"02/27/2018","17.67","17.63","17.69","17.63","","0.23%"
"02/26/2018","17.63","17.62","17.65","17.59","","0.10%"
"02/23/2018","17.61","17.69","17.69","17.61","","-0.42%"
"02/22/2018","17.69","17.64","17.73","17.64","","0.26%"
"02/21/2018","17.64","17.66","17.68","17.62","","-0.08%"
"02/20/2018","17.65","17.49","17.66","17.49","","0.95%"
"02/19/2018","17.49","17.49","17.49","17.49","","0.04%"
"02/16/2018","17.48","17.40","17.49","17.37","","0.51%"
"02/15/2018","17.39","17.45","17.45","17.39","","-0.32%"
"02/14/2018","17.45","17.50","17.50","17.44","","-0.26%"
"02/13/2018","17.49","17.50","17.50","17.50","","0.00%"
"02/12/2018","17.50","17.52","17.52","17.49","","-0.17%"
"02/09/2018","17.52","17.51","17.54","17.50","","0.14%"
"02/08/2018","17.50","17.50","17.53","17.46","","0.00%"
"02/07/2018","17.50","17.49","17.51","17.44","","0.09%"
"02/06/2018","17.48","17.46","17.53","17.45","","0.14%"
"02/05/2018","17.46","17.46","17.49","17.43","","0.00%"
"02/02/2018","17.46","17.42","17.48","17.35","","0.26%"
"02/01/2018","17.41","17.30","17.44","17.30","","0.67%"
"01/31/2018","17.30","17.34","17.36","17.30","","-0.21%"
"01/30/2018","17.33","17.32","17.37","17.31","","0.12%"
"01/29/2018","17.31","17.31","17.32","17.28","","0.00%"
"01/26/2018","17.31","17.29","17.32","17.29","","0.12%"
"01/25/2018","17.29","17.33","17.33","17.28","","-0.22%"
"01/24/2018","17.33","17.36","17.36","17.32","","-0.16%"
"01/23/2018","17.35","17.39","17.40","17.35","","-0.20%"
"01/22/2018","17.39","17.38","17.42","17.35","","0.09%"
"01/19/2018","17.37","17.39","17.39","17.32","","-0.06%"
"01/18/2018","17.38","17.39","17.41","17.36","","-0.03%"
"01/17/2018","17.39","17.43","17.45","17.36","","-0.21%"
"01/16/2018","17.43","17.29","17.46","17.29","","0.80%"
"01/15/2018","17.29","17.32","17.32","17.24","","-0.16%"
"01/12/2018","17.32","17.34","17.35","17.28","","-0.11%"
"01/11/2018","17.33","17.32","17.38","17.32","","0.08%"
"01/10/2018","17.32","17.33","17.38","17.30","","-0.06%"
"01/09/2018","17.33","17.28","17.35","17.27","","0.31%"
"01/08/2018","17.28","17.24","17.30","17.22","","0.21%"
"01/05/2018","17.24","17.26","17.27","17.24","","-0.09%"
"01/04/2018","17.26","17.29","17.32","17.25","","-0.16%"
"01/03/2018","17.28","17.28","17.31","17.27","","0.08%"
"01/02/2018","17.27","17.34","17.36","17.27","","-0.36%"
"01/01/2018","17.33","17.38","17.39","17.32","","-0.25%"
"12/29/2017","17.38","17.45","17.45","17.36","","-0.37%"
"12/28/2017","17.44","17.46","17.50","17.44","","-0.06%"
"12/27/2017","17.45","17.44","17.48","17.44","","0.10%"
"12/26/2017","17.44","17.43","17.46","17.43","","0.04%"
"12/25/2017","17.43","17.43","17.43","17.43","","0.00%"
"12/22/2017","17.43","17.43","17.45","17.43","","0.00%"
"12/21/2017","17.42","17.46","17.46","17.43","","-0.17%"
"12/20/2017","17.45","17.44","17.46","17.43","","0.12%"
"12/19/2017","17.43","17.48","17.49","17.41","","-0.25%"
"12/18/2017","17.48","17.45","17.62","17.45","","0.21%"
"12/15/2017","17.44","17.52","17.52","17.43","","-0.41%"
"12/14/2017","17.51","17.55","17.55","17.49","","-0.18%"
"12/13/2017","17.54","17.54","17.58","17.53","","0.08%"
"12/12/2017","17.53","17.52","17.57","17.52","","0.08%"
"12/11/2017","17.51","17.56","17.56","17.51","","-0.19%"
"12/08/2017","17.55","17.58","17.59","17.54","","-0.15%"
"12/07/2017","17.57","17.57","17.59","17.56","","0.06%"
"12/06/2017","17.56","17.52","17.58","17.52","","0.27%"
"12/05/2017","17.52","17.53","17.55","17.49","","-0.03%"
"12/04/2017","17.52","17.57","17.58","17.50","","-0.22%"
"12/01/2017","17.56","17.56","17.57","17.56","","0.04%"
"11/30/2017","17.55","17.52","17.60","17.52","","0.19%"
"11/29/2017","17.52","17.54","17.57","17.50","","-0.07%"
"11/28/2017","17.53","17.56","17.59","17.52","","-0.11%"
"11/27/2017","17.55","17.61","17.65","17.55","","-0.30%"
"11/24/2017","17.61","17.58","17.63","17.57","","0.18%"
"11/23/2017","17.57","17.66","17.67","17.58","","-0.48%"
"11/22/2017","17.66","17.66","17.69","17.62","","0.00%"
"11/21/2017","17.66","17.72","17.73","17.66","","-0.34%"
"11/20/2017","17.72","17.70","17.73","17.69","","0.12%"
"11/17/2017","17.70","17.78","17.78","17.59","","-0.42%"
"11/16/2017","17.77","17.77","17.80","17.73","","0.04%"
"11/15/2017","17.77","17.81","17.82","17.74","","-0.21%"
"11/14/2017","17.80","17.82","17.84","17.77","","-0.04%"
"11/13/2017","17.81","17.74","17.84","17.74","","0.37%"
"11/10/2017","17.75","17.69","17.75","17.69","","0.32%"
"11/09/2017","17.69","17.68","17.70","17.66","","0.09%"
"11/08/2017","17.67","17.71","17.74","17.67","","-0.20%"
"11/07/2017","17.71","17.59","17.72","17.59","","0.66%"
"11/06/2017","17.59","17.58","17.63","17.58","","0.10%"
"11/03/2017","17.57","17.58","17.60","17.56","","0.00%"
"11/02/2017","17.58","17.58","17.61","17.55","","0.00%"
"11/01/2017","17.58","17.63","17.63","17.56","","-0.28%"
"10/31/2017","17.63","17.66","17.66","17.62","","-0.16%"
"10/30/2017","17.65","17.71","17.71","17.64","","-0.29%"
"10/27/2017","17.71","17.65","17.73","17.65","","0.32%"
"10/26/2017","17.65","17.68","17.68","17.62","","-0.14%"
"10/25/2017","17.67","17.72","17.75","17.67","","-0.25%"
"10/24/2017","17.72","17.70","17.73","17.67","","0.10%"
"10/23/2017","17.70","17.71","17.73","17.69","","0.00%"
"10/20/2017","17.70","17.70","17.71","17.69","","0.06%"
"10/19/2017","17.69","17.71","17.72","17.69","","-0.08%"
"10/18/2017","17.71","17.70","17.74","17.68","","0.00%"
"10/17/2017","17.70","17.61","17.71","17.61","","0.52%"
"10/16/2017","17.61","17.61","17.63","17.61","","0.00%"
"10/13/2017","17.61","17.71","17.71","17.61","","-0.54%"
"10/12/2017","17.71","17.74","17.74","17.70","","-0.16%"
"10/11/2017","17.74","17.76","17.78","17.73","","-0.14%"
"10/10/2017","17.76","17.79","17.80","17.75","","-0.16%"
"10/09/2017","17.79","17.81","17.81","17.77","","-0.06%"
"10/06/2017","17.80","17.74","17.81","17.74","","0.38%"
"10/05/2017","17.73","17.71","17.75","17.69","","0.18%"
"10/04/2017","17.70","17.83","17.83","17.68","","-0.70%"
"10/03/2017","17.83","17.78","17.87","17.78","","0.27%"
"10/02/2017","17.78","17.78","17.78","17.78","","0.00%"
"09/29/2017","17.78","17.82","17.83","17.76","","-0.24%"
"09/28/2017","17.82","17.89","17.94","17.82","","-0.37%"
"09/27/2017","17.89","17.82","17.90","17.79","","0.38%"
"09/26/2017","17.82","17.73","17.83","17.73","","0.50%"
"09/25/2017","17.73","17.64","17.74","17.62","","0.52%"
"09/22/2017","17.64","17.65","17.74","17.63","","0.00%"
"09/21/2017","17.64","17.50","17.66","17.50","","0.80%"
"09/20/2017","17.50","17.51","17.54","17.49","","0.00%"
"09/19/2017","17.50","17.47","17.52","17.46","","0.22%"
"09/18/2017","17.47","17.45","17.47","17.42","","0.08%"
"09/15/2017","17.45","17.46","17.46","17.44","","0.00%"
"09/14/2017","17.46","17.43","17.47","17.43","","0.19%"
"09/13/2017","17.42","17.43","17.44","17.42","","-0.05%"
"09/12/2017","17.43","17.41","17.44","17.41","","0.16%"
"09/11/2017","17.40","17.37","17.41","17.37","","0.23%"
"09/08/2017","17.36","17.43","17.43","17.36","","-0.36%"
"09/07/2017","17.43","17.44","17.44","17.42","","-0.07%"
"09/06/2017","17.44","17.45","17.50","17.44","","-0.07%"
"09/05/2017","17.45","17.44","17.47","17.44","","0.10%"
"09/04/2017","17.43","17.43","17.47","17.41","","0.00%"
"09/01/2017","17.43","17.41","17.44","17.39","","0.15%"
"08/31/2017","17.40","17.42","17.44","17.40","","-0.09%"
"08/30/2017","17.42","17.43","17.43","17.39","","-0.05%"
"08/29/2017","17.43","17.40","17.44","17.40","","0.19%"
"08/28/2017","17.39","17.43","17.43","17.39","","-0.17%"
"08/25/2017","17.42","17.44","17.44","17.42","","-0.06%"
"08/24/2017","17.43","17.44","17.45","17.43","","0.00%"
"08/23/2017","17.43","17.44","17.46","17.44","","-0.04%"
"08/22/2017","17.44","17.45","17.46","17.44","","-0.06%"
"08/21/2017","17.45","17.45","17.47","17.43","","0.00%"
"08/18/2017","17.45","17.47","17.47","17.45","","-0.11%"
"08/17/2017","17.47","17.47","17.47","17.47","","0.00%"
"08/16/2017","17.47","17.46","17.51","17.46","","0.08%"
"08/15/2017","17.45","17.45","17.46","17.45","","0.05%"
"08/14/2017","17.45","17.46","17.46","17.41","","-0.08%"
"08/11/2017","17.46","17.45","17.50","17.45","","0.07%"
"08/10/2017","17.45","17.39","17.46","17.39","","0.37%"
"08/09/2017","17.38","17.34","17.39","17.34","","0.27%"
"08/08/2017","17.34","17.38","17.38","17.32","","-0.21%"
"08/07/2017","17.37","17.33","17.39","17.33","","0.31%"
"08/04/2017","17.32","17.35","17.35","17.31","","-0.10%"
"08/03/2017","17.34","17.33","17.35","17.31","","0.10%"
"08/02/2017","17.32","17.45","17.46","17.31","","-0.72%"
"08/01/2017","17.45","17.48","17.48","17.44","","-0.13%"
"07/31/2017","17.47","17.46","17.49","17.44","","0.09%"
"07/28/2017","17.45","17.46","17.49","17.45","","0.00%"
"07/27/2017","17.45","17.52","17.52","17.44","","-0.31%"
"07/26/2017","17.51","17.53","17.55","17.51","","-0.11%"
"07/25/2017","17.53","17.53","17.54","17.52","","0.00%"
"07/24/2017","17.53","17.53","17.55","17.51","","0.00%"
"07/21/2017","17.53","17.53","17.53","17.51","","0.00%"
"07/20/2017","17.52","17.50","17.55","17.50","","0.18%"
"07/19/2017","17.49","17.51","17.52","17.49","","0.00%"
"07/18/2017","17.50","17.52","17.53","17.50","","-0.10%"
"07/17/2017","17.51","17.54","17.54","17.51","","-0.07%"
"07/14/2017","17.53","17.55","17.56","17.53","","-0.12%"
"07/13/2017","17.55","17.55","17.56","17.53","","0.00%"
"07/12/2017","17.55","17.58","17.58","17.55","","-0.15%"
"07/11/2017","17.57","17.55","17.59","17.55","","0.15%"
"07/10/2017","17.55","17.59","17.60","17.55","","-0.23%"
"07/07/2017","17.59","17.62","17.63","17.57","","-0.18%"
"07/06/2017","17.62","17.64","17.64","17.62","","-0.11%"
"07/05/2017","17.64","17.64","17.66","17.61","","0.03%"
"07/04/2017","17.63","17.65","17.67","17.61","","-0.10%"
"07/03/2017","17.65","17.59","17.67","17.59","","0.34%"
"06/30/2017","17.59","17.60","17.65","17.58","","-0.07%"
"06/29/2017","17.60","17.57","17.61","17.54","","0.25%"
"06/28/2017","17.56","17.55","17.60","17.55","","0.05%"
"06/27/2017","17.55","17.54","17.57","17.53","","0.06%"
"06/26/2017","17.54","17.56","17.56","17.54","","-0.08%"
"06/23/2017","17.55","17.59","17.59","17.54","","-0.16%"
"06/22/2017","17.58","17.57","17.60","17.55","","0.10%"
"06/21/2017","17.57","17.57","17.61","17.56","","0.00%"
"06/20/2017","17.57","17.56","17.57","17.54","","0.10%"
"06/19/2017","17.55","17.55","17.57","17.51","","0.04%"
"06/16/2017","17.55","17.58","17.63","17.53","","-0.14%"
"06/15/2017","17.57","17.49","17.59","17.49","","0.49%"
"06/14/2017","17.49","17.52","17.52","17.49","","-0.14%"
"06/13/2017","17.51","17.56","17.56","17.51","","-0.23%"
"06/12/2017","17.55","17.49","17.56","17.49","","0.36%"
"06/09/2017","17.49","17.49","17.52","17.47","","0.00%"
"06/08/2017","17.49","17.54","17.54","17.48","","-0.26%"
"06/07/2017","17.53","17.54","17.56","17.51","","0.00%"
"06/06/2017","17.54","17.53","17.56","17.51","","0.11%"
"06/05/2017","17.52","17.54","17.54","17.50","","-0.09%"
"06/02/2017","17.53","17.56","17.56","17.52","","-0.06%"
"06/01/2017","17.54","17.56","17.58","17.53","","-0.11%"
"05/31/2017","17.56","17.60","17.60","17.55","","-0.16%"
"05/30/2017","17.59","17.57","17.62","17.57","","0.13%"
"05/29/2017","17.57","17.56","17.59","17.55","","0.03%"
"05/26/2017","17.56","17.58","17.60","17.54","","-0.07%"
"05/25/2017","17.57","17.63","17.63","17.55","","-0.31%"
"05/24/2017","17.63","17.67","17.68","17.62","","-0.18%"
"05/23/2017","17.66","17.56","17.67","17.56","","0.60%"
"05/22/2017","17.55","17.58","17.60","17.54","","-0.13%"
"05/19/2017","17.58","17.66","17.70","17.58","","-0.48%"
"05/18/2017","17.66","17.46","17.68","17.46","","1.17%"
"05/17/2017","17.45","17.44","17.47","17.42","","0.14%"
"05/16/2017","17.43","17.44","17.47","17.43","","0.00%"
"05/15/2017","17.43","17.49","17.49","17.43","","-0.30%"
"05/12/2017","17.49","17.53","17.54","17.49","","-0.24%"
"05/11/2017","17.53","17.59","17.59","17.52","","-0.31%"
"05/10/2017","17.58","17.61","17.61","17.57","","-0.12%"
"05/09/2017","17.60","17.52","17.61","17.52","","0.51%"
"05/08/2017","17.52","17.51","17.53","17.48","","0.06%"
"05/05/2017","17.50","17.48","17.53","17.48","","0.15%"
"05/04/2017","17.48","17.47","17.49","17.47","","0.09%"
"05/03/2017","17.46","17.47","17.48","17.45","","0.00%"
"05/02/2017","17.47","17.49","17.50","17.46","","-0.14%"
"05/01/2017","17.49","17.50","17.51","17.49","","-0.03%"
"04/28/2017","17.50","17.46","17.53","17.45","","0.27%"
"04/27/2017","17.45","17.46","17.47","17.42","","0.00%"
"04/26/2017","17.45","17.51","17.52","17.40","","-0.33%"
"04/25/2017","17.51","17.56","17.56","17.48","","-0.26%"
"04/24/2017","17.56","17.60","17.60","17.54","","-0.22%"
"04/21/2017","17.59","17.59","17.61","17.57","","0.00%"
"04/20/2017","17.59","17.61","17.62","17.57","","-0.04%"
"04/19/2017","17.60","17.59","17.61","17.56","","0.07%"
"04/18/2017","17.58","17.56","17.60","17.55","","0.20%"
"04/17/2017","17.55","17.56","17.58","17.50","","0.00%"
"04/14/2017","17.55","17.55","17.56","17.54","","0.05%"
"04/13/2017","17.54","17.61","17.61","17.50","","-0.40%"
"04/12/2017","17.61","17.58","17.62","17.57","","0.21%"
"04/11/2017","17.57","17.59","17.61","17.54","","-0.05%"
"04/10/2017","17.58","17.50","17.60","17.50","","0.50%"
"04/07/2017","17.50","17.59","17.63","17.47","","-0.52%"
"04/06/2017","17.59","17.66","17.71","17.56","","-0.42%"
"04/05/2017","17.66","17.72","17.74","17.66","","-0.32%"
"04/04/2017","17.72","17.69","17.74","17.69","","0.18%"
"04/03/2017","17.68","17.66","17.72","17.63","","0.17%"
"03/31/2017","17.65","17.66","17.69","17.64","","0.00%"
"03/30/2017","17.65","17.66","17.69","17.66","","0.00%"
"03/29/2017","17.66","17.71","17.73","17.66","","-0.25%"
"03/28/2017","17.70","17.70","17.73","17.69","","0.07%"
"03/27/2017","17.69","17.81","17.81","17.69","","-0.66%"
"03/24/2017","17.80","17.82","17.84","17.80","","-0.04%"
"03/23/2017","17.81","17.82","17.85","17.80","","0.00%"
"03/22/2017","17.81","17.79","17.85","17.79","","0.18%"
"03/21/2017","17.78","17.79","17.82","17.75","","0.00%"
"03/20/2017","17.78","17.83","17.83","17.78","","-0.19%"
"03/17/2017","17.82","17.80","17.88","17.80","","0.14%"
"03/16/2017","17.79","17.87","17.87","17.76","","-0.40%"
"03/15/2017","17.86","17.91","17.91","17.81","","-0.20%"
"03/14/2017","17.90","18.02","18.04","17.90","","-0.63%"
"03/13/2017","18.01","18.12","18.12","18.01","","-0.55%"
"03/10/2017","18.11","18.16","18.17","18.12","","-0.20%"
"03/09/2017","18.15","18.18","18.20","18.15","","-0.13%"
"03/08/2017","18.17","18.14","18.18","18.14","","0.20%"
"03/07/2017","18.14","18.15","18.16","18.13","","-0.05%"
"03/06/2017","18.15","18.18","18.19","18.15","","-0.15%"
"03/03/2017","18.17","18.18","18.21","18.18","","0.00%"
"03/02/2017","18.18","18.20","18.21","18.15","","-0.12%"
"03/01/2017","18.20","18.17","18.22","18.16","","0.21%"
"02/28/2017","18.16","18.16","18.19","18.14","","0.00%"
"02/27/2017","18.16","18.15","18.18","18.14","","0.10%"
"02/24/2017","18.14","18.16","18.16","18.13","","-0.08%"
"02/23/2017","18.15","18.23","18.24","18.16","","-0.31%"
"02/22/2017","18.21","18.24","18.25","18.21","","-0.10%"
"02/21/2017","18.23","18.22","18.25","18.21","","0.09%"
"02/20/2017","18.21","18.26","18.26","18.22","","-0.26%"
"02/17/2017","18.26","18.26","18.28","18.24","","0.00%"
"02/16/2017","18.26","18.21","18.28","18.21","","0.32%"
"02/15/2017","18.20","18.20","18.24","18.20","","0.06%"
"02/14/2017","18.19","18.23","18.24","18.18","","-0.17%"
"02/13/2017","18.22","18.20","18.25","18.20","","0.17%"
"02/10/2017","18.19","18.18","18.24","18.17","","0.10%"
"02/09/2017","18.17","18.26","18.26","18.16","","-0.45%"
"02/08/2017","18.25","18.34","18.35","18.25","","-0.42%"
"02/07/2017","18.33","18.29","18.36","18.29","","0.23%"
"02/06/2017","18.29","18.29","18.31","18.27","","0.00%"
"02/03/2017","18.29","18.30","18.36","18.29","","-0.04%"
"02/02/2017","18.30","18.35","18.38","18.30","","-0.28%"
"02/01/2017","18.35","18.38","18.43","18.35","","-0.15%"
"01/31/2017","18.37","18.47","18.49","18.36","","-0.48%"
"01/30/2017","18.46","18.54","18.55","18.45","","-0.39%"
"01/27/2017","18.53","18.56","18.58","18.51","","-0.12%"
"01/26/2017","18.56","18.51","18.58","18.50","","0.28%"
"01/25/2017","18.50","18.55","18.57","18.51","","-0.22%"
"01/24/2017","18.55","18.53","18.56","18.52","","0.13%"
"01/23/2017","18.52","18.54","18.58","18.51","","-0.03%"
"01/20/2017","18.53","18.54","18.59","18.50","","-0.05%"
"01/19/2017","18.54","18.57","18.60","18.53","","-0.19%"
"01/18/2017","18.57","18.47","18.57","18.47","","0.54%"
"01/17/2017","18.47","18.54","18.56","18.47","","-0.36%"
"01/16/2017","18.54","18.56","18.59","18.53","","-0.10%"
"01/13/2017","18.56","18.55","18.60","18.54","","0.06%"
"01/12/2017","18.55","18.60","18.60","18.50","","-0.18%"
"01/11/2017","18.58","18.60","18.65","18.56","","-0.10%"
"01/10/2017","18.60","18.55","18.61","18.51","","0.34%"
"01/09/2017","18.53","18.55","18.60","18.53","","0.00%"
"01/06/2017","18.54","18.44","18.56","18.44","","0.54%"
"01/05/2017","18.44","18.48","18.52","18.44","","-0.21%"
"01/04/2017","18.48","18.59","18.59","18.47","","-0.55%"
"01/03/2017","18.58","18.55","18.63","18.52","","0.17%"
"01/02/2017","18.55","18.50","18.58","18.49","","0.28%"
"12/30/2016","18.50","18.50","18.52","18.47","","0.00%"
"12/29/2016","18.49","18.58","18.58","18.49","","-0.41%"
"12/28/2016","18.57","18.51","18.59","18.50","","0.37%"
"12/27/2016","18.50","18.47","18.54","18.45","","0.30%"
"12/26/2016","18.45","18.47","18.48","18.43","","-0.10%"
"12/23/2016","18.47","18.47","18.50","18.44","","0.00%"
"12/22/2016","18.47","18.47","18.52","18.47","","0.00%"
"12/21/2016","18.47","18.49","18.53","18.45","","-0.11%"
"12/20/2016","18.49","18.47","18.54","18.46","","0.11%"
"12/19/2016","18.47","18.47","18.49","18.43","","0.00%"
"12/16/2016","18.47","18.47","18.48","18.44","","0.00%"
"12/15/2016","18.47","18.37","18.50","18.37","","0.59%"
"12/14/2016","18.36","18.35","18.41","18.35","","0.08%"
"12/13/2016","18.35","18.36","18.41","18.34","","-0.04%"
"12/12/2016","18.35","18.37","18.42","18.34","","-0.05%"
"12/09/2016","18.36","18.39","18.41","18.34","","-0.11%"
"12/08/2016","18.38","18.36","18.40","18.33","","0.16%"
"12/07/2016","18.35","18.44","18.51","18.36","","-0.44%"
"12/06/2016","18.44","18.52","18.56","18.43","","-0.43%"
"12/05/2016","18.52","18.52","18.59","18.52","","0.00%"
"12/02/2016","18.52","18.58","18.62","18.52","","-0.30%"
"12/01/2016","18.58","18.68","18.68","18.57","","-0.52%"
"11/30/2016","18.67","18.68","18.71","18.61","","0.00%"
"11/29/2016","18.67","18.67","18.73","18.67","","0.05%"
"11/28/2016","18.67","18.65","18.74","18.61","","0.09%"
"11/25/2016","18.65","18.72","18.72","18.59","","-0.36%"
"11/24/2016","18.72","18.73","18.75","18.67","","0.00%"
"11/23/2016","18.72","18.62","18.76","18.61","","0.57%"
"11/22/2016","18.62","18.57","18.65","18.53","","0.24%"
"11/21/2016","18.57","18.56","18.59","18.52","","0.05%"
"11/18/2016","18.56","18.52","18.58","18.50","","0.25%"
"11/17/2016","18.51","18.51","18.54","18.45","","0.04%"
"11/16/2016","18.51","18.45","18.55","18.41","","0.31%"
"11/15/2016","18.45","18.45","18.48","18.38","","0.00%"
"11/14/2016","18.45","18.40","18.46","18.37","","0.36%"
"11/11/2016","18.38","18.20","18.40","18.20","","1.01%"
"11/10/2016","18.20","18.11","18.21","18.06","","0.55%"
"11/09/2016","18.10","18.04","18.22","18.03","","0.38%"
"11/08/2016","18.03","18.17","18.17","18.04","","-0.75%"
"11/07/2016","18.17","18.19","18.19","18.15","","-0.08%"
"11/04/2016","18.18","18.15","18.19","18.15","","0.19%"
"11/03/2016","18.15","18.18","18.19","18.14","","-0.14%"
"11/02/2016","18.17","18.16","18.21","18.14","","0.10%"
"11/01/2016","18.15","18.16","18.18","18.15","","0.00%"
"10/31/2016","18.15","18.18","18.19","18.15","","-0.13%"
"10/28/2016","18.18","18.21","18.22","18.16","","-0.15%"
"10/27/2016","18.20","18.20","18.23","18.18","","0.03%"
"10/26/2016","18.20","18.19","18.21","18.17","","0.08%"
"10/25/2016","18.18","18.20","18.22","18.17","","-0.07%"
"10/24/2016","18.20","18.22","18.23","18.18","","-0.10%"
"10/21/2016","18.22","18.20","18.24","18.18","","0.14%"
"10/20/2016","18.19","18.14","18.21","18.14","","0.28%"
"10/19/2016","18.14","18.17","18.18","18.13","","-0.13%"
"10/18/2016","18.16","18.18","18.20","18.14","","-0.08%"
"10/17/2016","18.18","18.17","18.21","18.16","","0.10%"
"10/14/2016","18.16","18.18","18.22","18.14","","-0.11%"
"10/13/2016","18.18","18.19","18.24","18.17","","0.00%"
"10/12/2016","18.18","18.19","18.21","18.17","","-0.03%"
"10/11/2016","18.19","18.11","18.20","18.10","","0.52%"
"10/10/2016","18.10","18.13","18.14","18.10","","-0.17%"
"10/07/2016","18.13","18.16","18.21","18.11","","-0.14%"
"10/06/2016","18.15","18.12","18.19","18.12","","0.18%"
"10/05/2016","18.12","18.14","18.15","18.11","","-0.06%"
"10/04/2016","18.13","18.12","18.14","18.08","","0.09%"
"10/03/2016","18.11","18.12","18.13","18.09","","0.00%"
"09/30/2016","18.12","18.19","18.21","18.11","","-0.38%"
"09/29/2016","18.18","18.06","18.23","18.06","","0.70%"
"09/28/2016","18.06","18.08","18.12","18.06","","-0.09%"
"09/27/2016","18.08","18.14","18.16","18.08","","-0.30%"
"09/26/2016","18.13","18.16","18.19","18.12","","-0.14%"
"09/23/2016","18.16","18.14","18.17","18.13","","0.12%"
"09/22/2016","18.14","18.18","18.22","18.12","","-0.17%"
"09/21/2016","18.17","18.24","18.28","18.17","","-0.36%"
"09/20/2016","18.23","18.24","18.26","18.22","","0.00%"
"09/19/2016","18.23","18.26","18.26","18.20","","-0.14%"
"09/16/2016","18.26","18.20","18.27","18.18","","0.32%"
"09/15/2016","18.20","18.19","18.26","18.18","","0.09%"
"09/14/2016","18.18","18.28","18.28","18.18","","-0.51%"
"09/13/2016","18.27","18.17","18.28","18.17","","0.61%"
"09/12/2016","18.16","18.21","18.24","18.17","","-0.22%"
"09/09/2016","18.20","18.14","18.21","18.09","","0.38%"
"09/08/2016","18.14","18.10","18.15","18.07","","0.23%"
"09/07/2016","18.09","18.05","18.11","18.04","","0.30%"
"09/06/2016","18.04","18.10","18.13","18.04","","-0.24%"
"09/05/2016","18.08","18.19","18.19","18.08","","-0.51%"
"09/02/2016","18.17","18.19","18.20","18.13","","-0.04%"
"09/01/2016","18.18","18.23","18.27","18.18","","-0.26%"
"08/31/2016","18.23","18.28","18.28","18.22","","-0.26%"
"08/30/2016","18.28","18.27","18.28","18.23","","0.04%"
"08/29/2016","18.27","18.28","18.31","18.26","","-0.03%"
"08/26/2016","18.27","18.24","18.29","18.20","","0.19%"
"08/25/2016","18.24","18.29","18.29","18.24","","-0.17%"
"08/24/2016","18.27","18.27","18.31","18.25","","0.00%"
"08/23/2016","18.27","18.30","18.30","18.25","","-0.12%"
"08/22/2016","18.29","18.27","18.34","18.27","","0.09%"
"08/19/2016","18.28","18.19","18.30","18.19","","0.47%"
"08/18/2016","18.19","18.22","18.22","18.17","","-0.09%"
"08/17/2016","18.21","18.20","18.25","18.20","","0.04%"
"08/16/2016","18.20","18.20","18.23","18.16","","0.00%"
"08/15/2016","18.20","18.22","18.23","18.19","","-0.07%"
"08/12/2016","18.21","18.17","18.22","18.17","","0.24%"
"08/11/2016","18.17","18.18","18.22","18.17","","-0.03%"
"08/10/2016","18.17","18.18","18.19","18.13","","0.00%"
"08/09/2016","18.18","18.19","18.24","18.17","","-0.05%"
"08/08/2016","18.18","18.20","18.21","18.16","","-0.04%"
"08/05/2016","18.19","18.20","18.21","18.16","","0.00%"
"08/04/2016","18.19","18.18","18.24","18.17","","0.12%"
"08/03/2016","18.17","18.16","18.24","18.15","","0.12%"
"08/02/2016","18.15","18.18","18.19","18.13","","-0.13%"
"08/01/2016","18.17","18.15","18.19","18.15","","0.19%"
"07/29/2016","18.14","18.25","18.27","18.14","","-0.56%"
"07/28/2016","18.24","18.26","18.27","18.22","","-0.08%"
"07/27/2016","18.26","18.32","18.34","18.25","","-0.38%"
"07/26/2016","18.33","18.35","18.36","18.31","","-0.13%"
"07/25/2016","18.35","18.28","18.38","18.26","","0.38%"
"07/22/2016","18.28","18.29","18.31","18.26","","0.00%"
"07/21/2016","18.28","18.29","18.32","18.27","","0.00%"
"07/20/2016","18.28","18.29","18.32","18.27","","-0.06%"
"07/19/2016","18.29","18.28","18.31","18.26","","0.09%"
"07/18/2016","18.28","18.27","18.31","18.25","","0.00%"
"07/15/2016","18.27","18.20","18.29","18.20","","0.45%"
"07/14/2016","18.19","18.24","18.25","18.19","","-0.27%"
"07/13/2016","18.24","18.23","18.30","18.22","","0.08%"
"07/12/2016","18.23","18.28","18.30","18.23","","-0.25%"
"07/11/2016","18.27","18.28","18.33","18.25","","0.00%"
"07/08/2016","18.27","18.38","18.39","18.27","","-0.53%"
"07/07/2016","18.37","18.35","18.39","18.33","","0.13%"
"07/06/2016","18.35","18.36","18.40","18.34","","-0.05%"
"07/05/2016","18.36","18.31","18.39","18.31","","0.26%"
"07/04/2016","18.31","18.29","18.33","18.28","","0.12%"
"07/01/2016","18.29","18.38","18.39","18.28","","-0.47%"
"06/30/2016","18.37","18.35","18.44","18.35","","0.13%"
"06/29/2016","18.35","18.44","18.48","18.35","","-0.44%"
"06/28/2016","18.43","18.49","18.51","18.43","","-0.29%"
"06/27/2016","18.49","18.48","18.54","18.46","","0.05%"
"06/24/2016","18.48","18.32","18.58","18.31","","0.88%"
"06/23/2016","18.32","18.36","18.38","18.30","","-0.24%"
"06/22/2016","18.36","18.42","18.43","18.34","","-0.26%"
"06/21/2016","18.41","18.39","18.45","18.34","","0.11%"
"06/20/2016","18.39","18.26","18.43","18.26","","0.70%"
"06/17/2016","18.26","18.33","18.33","18.25","","-0.35%"
"06/16/2016","18.32","18.26","18.36","18.26","","0.36%"
"06/15/2016","18.26","18.32","18.34","18.24","","-0.32%"
"06/14/2016","18.32","18.29","18.35","18.26","","0.16%"
"06/13/2016","18.29","18.23","18.30","18.22","","0.35%"
"06/10/2016","18.22","18.18","18.24","18.16","","0.29%"
"06/09/2016","18.17","18.10","18.19","18.10","","0.38%"
"06/08/2016","18.10","18.15","18.19","18.09","","-0.23%"
"06/07/2016","18.14","18.19","18.23","18.14","","-0.20%"
"06/06/2016","18.18","18.24","18.25","18.18","","-0.30%"
"06/03/2016","18.24","18.32","18.34","18.24","","-0.42%"
"06/02/2016","18.31","18.37","18.38","18.30","","-0.25%"
"06/01/2016","18.36","18.30","18.38","18.27","","0.35%"
"05/31/2016","18.29","18.29","18.33","18.27","","0.04%"
"05/30/2016","18.28","18.25","18.35","18.25","","0.22%"
"05/27/2016","18.24","18.23","18.28","18.21","","0.15%"
"05/26/2016","18.22","18.32","18.35","18.21","","-0.51%"
"05/25/2016","18.31","18.41","18.43","18.30","","-0.53%"
"05/24/2016","18.41","18.36","18.45","18.35","","0.33%"
"05/23/2016","18.35","18.35","18.40","18.31","","0.00%"
"05/20/2016","18.35","18.36","18.39","18.33","","-0.04%"
"05/19/2016","18.36","18.28","18.41","18.27","","0.43%"
"05/18/2016","18.28","18.19","18.29","18.19","","0.49%"
"05/17/2016","18.19","18.20","18.22","18.15","","-0.04%"
"05/16/2016","18.19","18.20","18.23","18.17","","0.00%"
"05/13/2016","18.20","18.18","18.22","18.16","","0.14%"
"05/12/2016","18.17","18.12","18.18","18.11","","0.30%"
"05/11/2016","18.12","18.14","18.20","18.11","","-0.10%"
"05/10/2016","18.14","18.17","18.18","18.12","","-0.18%"
"05/09/2016","18.17","18.13","18.19","18.08","","0.22%"
"05/06/2016","18.13","18.12","18.16","18.10","","0.07%"
"05/05/2016","18.11","18.14","18.15","18.09","","-0.11%"
"05/04/2016","18.14","18.13","18.16","18.10","","0.10%"
"05/03/2016","18.12","18.06","18.13","18.03","","0.31%"
"05/02/2016","18.06","18.08","18.10","18.05","","-0.12%"
"04/29/2016","18.08","18.08","18.12","18.05","","0.04%"
"04/28/2016","18.07","18.08","18.12","18.06","","0.05%"
"04/27/2016","18.06","18.08","18.14","18.06","","-0.06%"
"04/26/2016","18.07","18.16","18.20","18.08","","-0.42%"
"04/25/2016","18.15","18.15","18.18","18.13","","0.04%"
"04/22/2016","18.14","18.11","18.17","18.09","","0.27%"
"04/21/2016","18.10","18.01","18.11","18.01","","0.48%"
"04/20/2016","18.01","18.01","18.06","17.99","","0.03%"
"04/19/2016","18.00","18.08","18.11","18.00","","-0.41%"
"04/18/2016","18.08","18.15","18.16","18.08","","-0.36%"
"04/15/2016","18.14","18.13","18.15","18.10","","0.09%"
"04/14/2016","18.13","18.11","18.16","18.10","","0.15%"
"04/13/2016","18.10","18.04","18.15","18.04","","0.33%"
"04/12/2016","18.04","18.05","18.12","18.04","","0.00%"
"04/11/2016","18.04","18.12","18.13","18.05","","-0.39%"
"04/08/2016","18.11","18.18","18.18","18.10","","-0.31%"
"04/07/2016","18.17","18.11","18.19","18.08","","0.36%"
"04/06/2016","18.10","18.08","18.17","18.07","","0.13%"
"04/05/2016","18.08","18.00","18.12","17.99","","0.48%"
"04/04/2016","17.99","18.07","18.07","17.98","","-0.39%"
"04/01/2016","18.06","18.04","18.11","18.04","","0.17%"
"03/31/2016","18.03","18.07","18.08","18.00","","-0.19%"
"03/30/2016","18.07","18.07","18.11","18.04","","0.00%"
"03/29/2016","18.07","18.14","18.15","18.07","","-0.34%"
"03/28/2016","18.13","18.20","18.22","18.11","","-0.33%"
"03/25/2016","18.19","18.22","18.22","18.17","","-0.13%"
"03/24/2016","18.21","18.22","18.23","18.19","","0.00%"
"03/23/2016","18.22","18.18","18.23","18.14","","0.25%"
"03/22/2016","18.17","18.11","18.20","18.10","","0.39%"
"03/21/2016","18.10","18.08","18.13","18.07","","0.18%"
"03/18/2016","18.07","18.14","18.16","18.04","","-0.36%"
"03/17/2016","18.13","18.29","18.29","18.13","","-0.82%"
"03/16/2016","18.28","18.34","18.36","18.29","","-0.29%"
"03/15/2016","18.34","18.28","18.35","18.28","","0.35%"
"03/14/2016","18.27","18.23","18.31","18.21","","0.32%"
"03/11/2016","18.22","18.33","18.34","18.21","","-0.59%"
"03/10/2016","18.32","18.27","18.34","18.21","","0.30%"
"03/09/2016","18.27","18.33","18.38","18.26","","-0.31%"
"03/08/2016","18.33","18.24","18.37","18.24","","0.52%"
"03/07/2016","18.23","18.24","18.28","18.22","","0.07%"
"03/04/2016","18.22","18.27","18.34","18.21","","-0.27%"
"03/03/2016","18.27","18.35","18.37","18.27","","-0.40%"
"03/02/2016","18.34","18.45","18.45","18.35","","-0.53%"
"03/01/2016","18.44","18.57","18.61","18.43","","-0.66%"
"02/29/2016","18.56","18.71","18.73","18.57","","-0.79%"
"02/26/2016","18.71","18.72","18.75","18.68","","-0.03%"
"02/25/2016","18.72","18.63","18.76","18.62","","0.49%"
"02/24/2016","18.63","18.67","18.70","18.62","","-0.20%"
"02/23/2016","18.66","18.66","18.70","18.64","","0.04%"
"02/22/2016","18.65","18.69","18.71","18.65","","-0.03%"
"02/19/2016","18.66","18.66","18.70","18.65","","0.00%"
"02/18/2016","18.66","18.60","18.68","18.60","","0.31%"
"02/17/2016","18.60","18.64","18.70","18.60","","-0.21%"
"02/16/2016","18.64","18.55","18.65","18.53","","0.50%"
"02/15/2016","18.54","18.55","18.59","18.52","","0.00%"
"02/12/2016","18.54","18.64","18.65","18.54","","-0.52%"
"02/11/2016","18.64","18.48","18.65","18.45","","0.90%"
"02/10/2016","18.47","18.49","18.51","18.46","","-0.05%"
"02/09/2016","18.48","18.53","18.57","18.48","","-0.21%"
"02/08/2016","18.52","18.46","18.53","18.45","","0.33%"
"02/05/2016","18.46","18.39","18.47","18.38","","0.40%"
"02/04/2016","18.39","18.50","18.50","18.38","","-0.57%"
"02/03/2016","18.49","18.51","18.59","18.49","","-0.06%"
"02/02/2016","18.50","18.46","18.53","18.45","","0.21%"
"02/01/2016","18.46","18.48","18.51","18.41","","-0.07%"
"01/29/2016","18.48","18.53","18.56","18.45","","-0.26%"
"01/28/2016","18.52","18.56","18.59","18.52","","-0.12%"
"01/27/2016","18.55","18.45","18.57","18.44","","0.60%"
"01/26/2016","18.44","18.44","18.49","18.43","","0.00%"
"01/25/2016","18.44","18.40","18.47","18.38","","0.29%"
"01/22/2016","18.39","18.47","18.48","18.39","","-0.36%"
"01/21/2016","18.45","18.50","18.54","18.46","","-0.23%"
"01/20/2016","18.50","18.44","18.56","18.44","","0.33%"
"01/19/2016","18.44","18.42","18.46","18.38","","0.11%"
"01/18/2016","18.42","18.46","18.46","18.38","","-0.19%"
"01/15/2016","18.45","18.33","18.48","18.31","","0.71%"
"01/14/2016","18.32","18.22","18.38","18.22","","0.59%"
"01/13/2016","18.21","18.23","18.23","18.17","","-0.04%"
"01/12/2016","18.22","18.18","18.24","18.17","","0.27%"
"01/11/2016","18.17","18.21","18.23","18.16","","-0.14%"
"01/08/2016","18.20","18.21","18.22","18.13","","-0.04%"
"01/07/2016","18.21","18.16","18.24","18.12","","0.28%"
"01/06/2016","18.16","18.11","18.22","18.10","","0.32%"
"01/05/2016","18.10","18.13","18.15","18.09","","-0.14%"
"01/04/2016","18.12","18.01","18.15","18.01","","0.50%"
"01/01/2016","18.03","18.03","18.04","18.01","","0.04%"
"12/31/2015","18.02","18.11","18.11","17.99","","-0.40%"
"12/30/2015","18.10","18.04","18.11","18.03","","0.37%"
"12/29/2015","18.03","18.01","18.08","18.01","","0.16%"
"12/28/2015","18.00","17.98","18.03","17.97","","0.17%"
"12/25/2015","17.97","17.95","17.98","17.95","","0.12%"
"12/24/2015","17.95","17.99","18.01","17.95","","-0.13%"
"12/23/2015","17.97","18.03","18.05","17.97","","-0.31%"
"12/22/2015","18.03","18.04","18.07","18.02","","0.00%"
"12/21/2015","18.03","18.05","18.07","18.02","","0.00%"
"12/18/2015","18.03","18.08","18.11","18.03","","-0.25%"
"12/17/2015","18.08","18.10","18.16","18.04","","-0.08%"
"12/16/2015","18.09","18.20","18.23","18.09","","-0.58%"
"12/15/2015","18.20","18.27","18.28","18.18","","-0.33%"
"12/14/2015","18.26","18.28","18.29","18.23","","-0.10%"
"12/11/2015","18.28","18.18","18.28","18.17","","0.61%"
"12/10/2015","18.17","18.20","18.22","18.15","","-0.15%"
"12/09/2015","18.20","18.21","18.23","18.17","","0.00%"
"12/08/2015","18.20","18.18","18.22","18.16","","0.13%"
"12/07/2015","18.18","18.15","18.21","18.12","","0.20%"
"12/04/2015","18.14","18.18","18.24","18.14","","-0.22%"
"12/03/2015","18.18","18.13","18.22","18.12","","0.30%"
"12/02/2015","18.13","18.09","18.15","18.09","","0.24%"
"12/01/2015","18.08","18.09","18.13","18.07","","-0.03%"
"11/30/2015","18.09","18.19","18.23","18.08","","-0.68%"
"11/27/2015","18.21","18.12","18.22","18.12","","0.51%"
"11/26/2015","18.12","18.07","18.15","18.06","","0.30%"
"11/25/2015","18.07","18.04","18.08","18.04","","0.17%"
"11/24/2015","18.03","18.08","18.10","18.04","","-0.20%"
"11/23/2015","18.07","17.99","18.10","17.98","","0.50%"
"11/20/2015","17.98","17.99","18.04","17.98","","-0.03%"
"11/19/2015","17.99","17.99","18.03","17.98","","0.08%"
"11/18/2015","17.97","17.97","18.06","17.96","","0.09%"
"11/17/2015","17.96","17.95","17.99","17.94","","0.13%"
"11/16/2015","17.93","18.00","18.04","17.93","","-0.26%"
"11/13/2015","17.98","17.98","18.03","17.98","","0.03%"
"11/12/2015","17.98","17.99","18.01","17.97","","-0.03%"
"11/11/2015","17.98","18.02","18.03","17.97","","-0.21%"
"11/10/2015","18.02","18.10","18.10","18.02","","-0.40%"
"11/09/2015","18.09","18.01","18.11","18.01","","0.49%"
"11/06/2015","18.00","17.93","18.01","17.89","","0.44%"
"11/05/2015","17.93","17.86","17.94","17.84","","0.38%"
"11/04/2015","17.86","17.86","17.87","17.79","","0.07%"
"11/03/2015","17.85","17.85","17.91","17.81","","0.00%"
"11/02/2015","17.85","17.81","17.88","17.79","","0.22%"
"10/30/2015","17.81","17.82","17.82","17.73","","-0.05%"
"10/29/2015","17.82","17.69","17.82","17.68","","0.77%"
"10/28/2015","17.68","17.73","17.73","17.65","","-0.24%"
"10/27/2015","17.72","17.67","17.73","17.67","","0.30%"
"10/26/2015","17.67","17.67","17.70","17.64","","0.03%"
"10/23/2015","17.66","17.66","17.72","17.62","","0.05%"
"10/22/2015","17.65","17.73","17.74","17.66","","-0.44%"
"10/21/2015","17.73","17.70","17.76","17.70","","0.19%"
"10/20/2015","17.70","17.67","17.72","17.66","","0.15%"
"10/19/2015","17.67","17.62","17.68","17.61","","0.34%"
"10/16/2015","17.61","17.64","17.70","17.60","","-0.12%"
"10/15/2015","17.63","17.63","17.68","17.61","","0.07%"
"10/14/2015","17.62","17.73","17.75","17.62","","-0.56%"
"10/13/2015","17.72","17.64","17.75","17.64","","0.46%"
"10/12/2015","17.64","17.64","17.67","17.61","","0.00%"
"10/09/2015","17.63","17.65","17.70","17.61","","-0.06%"
"10/08/2015","17.65","17.68","17.75","17.65","","-0.13%"
"10/07/2015","17.67","17.73","17.80","17.65","","-0.33%"
"10/06/2015","17.73","17.74","17.82","17.73","","0.00%"
"10/05/2015","17.73","17.80","17.80","17.71","","-0.35%"
"10/02/2015","17.79","17.87","17.89","17.79","","-0.41%"
"10/01/2015","17.86","17.84","17.88","17.83","","0.17%"
"09/30/2015","17.83","17.92","17.96","17.83","","-0.49%"
"09/29/2015","17.92","18.04","18.09","17.92","","-0.65%"
"09/28/2015","18.04","18.02","18.05","17.97","","0.15%"
"09/25/2015","18.01","18.00","18.04","17.99","","0.07%"
"09/24/2015","18.00","18.02","18.07","17.98","","-0.10%"
"09/23/2015","18.02","17.95","18.02","17.92","","0.41%"
"09/22/2015","17.94","17.89","17.96","17.85","","0.34%"
"09/21/2015","17.88","17.93","17.96","17.86","","-0.26%"
"09/18/2015","17.93","18.00","18.04","17.88","","-0.33%"
"09/17/2015","17.99","18.02","18.05","17.99","","-0.19%"
"09/16/2015","18.02","18.09","18.11","18.02","","-0.34%"
"09/15/2015","18.08","18.05","18.10","18.04","","0.28%"
"09/14/2015","18.03","18.04","18.11","18.03","","0.03%"
"09/11/2015","18.03","18.05","18.13","18.03","","-0.09%"
"09/10/2015","18.05","18.15","18.18","18.05","","-0.48%"
"09/09/2015","18.13","18.05","18.15","18.04","","0.50%"
"09/08/2015","18.04","18.21","18.22","18.05","","-0.90%"
"09/07/2015","18.21","18.16","18.22","18.13","","0.31%"
"09/04/2015","18.15","18.00","18.18","17.99","","0.88%"
"09/03/2015","17.99","18.02","18.05","17.98","","-0.16%"
"09/02/2015","18.02","18.07","18.10","18.00","","-0.28%"
"09/01/2015","18.07","18.08","18.10","18.02","","-0.04%"
"08/31/2015","18.08","18.01","18.11","18.00","","0.41%"
"08/28/2015","18.00","17.97","18.04","17.95","","0.27%"
"08/27/2015","17.96","17.97","18.01","17.93","","-0.06%"
"08/26/2015","17.97","18.05","18.07","17.97","","-0.42%"
"08/25/2015","18.04","18.19","18.22","17.93","","-0.80%"
"08/24/2015","18.19","17.98","18.19","17.98","","1.19%"
"08/21/2015","17.97","17.82","17.98","17.81","","0.92%"
"08/20/2015","17.81","17.73","17.89","17.71","","0.50%"
"08/19/2015","17.72","17.82","17.82","17.71","","-0.53%"
"08/18/2015","17.82","17.82","17.83","17.78","","0.04%"
"08/17/2015","17.81","17.73","17.82","17.72","","0.47%"
"08/14/2015","17.73","17.76","17.80","17.69","","-0.12%"
"08/13/2015","17.75","17.66","17.79","17.59","","0.53%"
"08/12/2015","17.65","17.52","17.69","17.50","","0.81%"
"08/11/2015","17.51","17.36","17.53","17.36","","0.88%"
"08/10/2015","17.36","17.35","17.40","17.34","","0.06%"
"08/07/2015","17.35","17.35","17.42","17.34","","0.03%"
"08/06/2015","17.34","17.34","17.38","17.33","","0.05%"
"08/05/2015","17.34","17.37","17.41","17.33","","-0.17%"
"08/04/2015","17.36","17.47","17.47","17.34","","-0.60%"
"08/03/2015","17.47","17.42","17.48","17.40","","0.30%"
"07/31/2015","17.42","17.47","17.48","17.39","","-0.24%"
"07/30/2015","17.46","17.38","17.47","17.37","","0.50%"
"07/29/2015","17.37","17.37","17.41","17.36","","0.03%"
"07/28/2015","17.37","17.49","17.49","17.35","","-0.62%"
"07/27/2015","17.48","17.45","17.50","17.42","","0.16%"
"07/24/2015","17.45","17.40","17.47","17.38","","0.28%"
"07/23/2015","17.40","17.31","17.41","17.31","","0.55%"
"07/22/2015","17.31","17.31","17.34","17.28","","0.00%"
"07/21/2015","17.31","17.32","17.36","17.30","","-0.03%"
"07/20/2015","17.31","17.28","17.36","17.28","","0.18%"
"07/17/2015","17.28","17.29","17.30","17.25","","0.03%"
"07/16/2015","17.27","17.29","17.31","17.27","","-0.07%"
"07/15/2015","17.29","17.23","17.32","17.23","","0.35%"
"07/14/2015","17.23","17.27","17.32","17.22","","-0.27%"
"07/13/2015","17.27","17.25","17.32","17.24","","0.15%"
"07/10/2015","17.25","17.24","17.29","17.24","","0.07%"
"07/09/2015","17.23","17.28","17.31","17.23","","-0.23%"
"07/08/2015","17.27","17.28","17.33","17.27","","0.00%"
"07/07/2015","17.28","17.22","17.31","17.22","","0.34%"
"07/06/2015","17.22","17.26","17.33","17.22","","-0.22%"
"07/03/2015","17.26","17.23","17.29","17.23","","0.17%"
"07/02/2015","17.23","17.30","17.34","17.23","","-0.40%"
"07/01/2015","17.30","17.32","17.35","17.30","","-0.09%"
"06/30/2015","17.31","17.35","17.37","17.30","","-0.17%"
"06/29/2015","17.34","17.29","17.41","17.27","","0.42%"
"06/26/2015","17.27","17.30","17.34","17.27","","-0.10%"
"06/25/2015","17.29","17.30","17.33","17.29","","0.00%"
"06/24/2015","17.29","17.31","17.35","17.28","","-0.13%"
"06/23/2015","17.32","17.30","17.34","17.29","","0.15%"
"06/22/2015","17.29","17.30","17.31","17.27","","0.00%"
"06/19/2015","17.28","17.31","17.39","17.27","","-0.12%"
"06/18/2015","17.31","17.43","17.43","17.31","","-0.67%"
"06/17/2015","17.42","17.47","17.50","17.42","","-0.25%"
"06/16/2015","17.47","17.45","17.51","17.42","","0.13%"
"06/15/2015","17.44","17.45","17.48","17.42","","0.00%"
"06/12/2015","17.45","17.42","17.48","17.40","","0.21%"
"06/11/2015","17.41","17.36","17.43","17.35","","0.29%"
"06/10/2015","17.36","17.43","17.44","17.36","","-0.38%"
"06/09/2015","17.42","17.41","17.45","17.38","","0.10%"
"06/08/2015","17.41","17.36","17.47","17.36","","0.29%"
"06/05/2015","17.36","17.42","17.44","17.36","","-0.31%"
"06/04/2015","17.41","17.42","17.50","17.40","","-0.06%"
"06/03/2015","17.42","17.34","17.45","17.33","","0.48%"
"06/02/2015","17.34","17.32","17.42","17.31","","0.15%"
"06/01/2015","17.31","17.35","17.38","17.30","","-0.22%"
"05/29/2015","17.35","17.37","17.41","17.34","","-0.05%"
"05/28/2015","17.36","17.38","17.42","17.35","","-0.10%"
"05/27/2015","17.37","17.42","17.47","17.38","","-0.23%"
"05/26/2015","17.41","17.29","17.43","17.28","","0.75%"
"05/25/2015","17.28","17.29","17.34","17.28","","0.00%"
"05/22/2015","17.28","17.31","17.34","17.27","","-0.16%"
"05/21/2015","17.31","17.32","17.36","17.29","","-0.03%"
"05/20/2015","17.31","17.36","17.40","17.30","","-0.26%"
"05/19/2015","17.36","17.35","17.38","17.29","","0.09%"
"05/18/2015","17.34","17.27","17.36","17.27","","0.42%"
"05/15/2015","17.27","17.26","17.33","17.25","","0.09%"
"05/14/2015","17.25","17.43","17.44","17.25","","-0.99%"
"05/13/2015","17.42","17.46","17.50","17.38","","-0.21%"
"05/12/2015","17.46","17.43","17.53","17.42","","0.22%"
"05/11/2015","17.42","17.35","17.43","17.34","","0.46%"
"05/08/2015","17.34","17.44","17.49","17.33","","-0.56%"
"05/07/2015","17.44","17.32","17.50","17.32","","0.72%"
"05/06/2015","17.32","17.25","17.34","17.23","","0.39%"
"05/05/2015","17.25","17.29","17.32","17.24","","-0.22%"
"05/04/2015","17.29","17.35","17.35","17.29","","-0.32%"
"05/01/2015","17.34","17.30","17.35","17.29","","0.28%"
"04/30/2015","17.29","17.28","17.35","17.26","","0.11%"
"04/29/2015","17.27","17.17","17.29","17.16","","0.65%"
"04/28/2015","17.16","17.25","17.28","17.16","","-0.47%"
"04/27/2015","17.24","17.33","17.36","17.25","","-0.50%"
"04/24/2015","17.33","17.23","17.34","17.21","","0.60%"
"04/23/2015","17.23","17.15","17.27","17.12","","0.47%"
"04/22/2015","17.14","17.11","17.16","17.07","","0.20%"
"04/21/2015","17.11","17.19","17.20","17.08","","-0.45%"
"04/20/2015","17.19","17.03","17.20","17.01","","0.95%"
"04/17/2015","17.02","16.97","17.03","16.96","","0.36%"
"04/16/2015","16.96","16.98","16.99","16.95","","-0.07%"
"04/15/2015","16.98","16.95","17.01","16.95","","0.15%"
"04/14/2015","16.95","16.99","17.00","16.94","","-0.22%"
"04/13/2015","16.99","16.95","17.04","16.93","","0.22%"
"04/10/2015","16.95","16.96","17.00","16.94","","-0.06%"
"04/09/2015","16.96","16.93","16.97","16.92","","0.18%"
"04/08/2015","16.93","16.96","16.98","16.92","","-0.16%"
"04/07/2015","16.96","16.94","17.00","16.93","","0.14%"
"04/06/2015","16.93","16.87","16.94","16.86","","0.40%"
"04/03/2015","16.86","16.90","16.92","16.86","","-0.17%"
"04/02/2015","16.89","16.92","16.95","16.89","","-0.12%"
"04/01/2015","16.92","16.96","16.99","16.92","","-0.25%"
"03/31/2015","16.96","17.02","17.07","16.95","","-0.35%"
"03/30/2015","17.02","17.02","17.07","17.00","","0.00%"
"03/27/2015","17.02","17.11","17.11","16.99","","-0.49%"
"03/26/2015","17.10","16.99","17.11","16.99","","0.68%"
"03/25/2015","16.99","16.97","17.00","16.95","","0.11%"
"03/24/2015","16.97","16.94","16.99","16.92","","0.19%"
"03/23/2015","16.94","16.99","16.99","16.94","","-0.29%"
"03/20/2015","16.99","17.01","17.04","16.99","","-0.14%"
"03/19/2015","17.01","17.07","17.07","16.98","","-0.34%"
"03/18/2015","17.07","17.05","17.09","17.05","","0.12%"
"03/17/2015","17.05","17.09","17.11","17.04","","-0.25%"
"03/16/2015","17.09","17.18","17.19","17.09","","-0.48%"
"03/13/2015","17.17","17.03","17.19","17.00","","0.88%"
"03/12/2015","17.02","17.09","17.10","16.99","","-0.39%"
"03/11/2015","17.09","17.08","17.12","17.07","","0.09%"
"03/10/2015","17.07","17.05","17.11","17.03","","0.14%"
"03/09/2015","17.05","17.01","17.10","16.99","","0.29%"
"03/06/2015","17.00","16.99","17.01","16.96","","0.12%"
"03/05/2015","16.98","16.96","17.00","16.92","","0.11%"
"03/04/2015","16.96","16.83","16.99","16.79","","0.79%"
"03/03/2015","16.83","16.84","16.87","16.82","","-0.07%"
"03/02/2015","16.84","16.79","16.88","16.79","","0.33%"
"02/27/2015","16.78","16.81","16.86","16.79","","-0.12%"
"02/26/2015","16.80","16.84","16.88","16.79","","-0.21%"
"02/25/2015","16.84","16.93","16.93","16.84","","-0.49%"
"02/24/2015","16.92","16.92","16.98","16.90","","0.00%"
"02/23/2015","16.92","16.91","16.97","16.91","","0.09%"
"02/20/2015","16.91","16.92","16.96","16.91","","-0.06%"
"02/19/2015","16.92","16.90","16.93","16.89","","0.14%"
"02/18/2015","16.89","16.92","16.98","16.88","","-0.15%"
"02/17/2015","16.92","16.91","16.95","16.90","","0.08%"
"02/16/2015","16.90","16.91","16.95","16.90","","0.04%"
"02/13/2015","16.90","16.92","16.94","16.88","","-0.13%"
"02/12/2015","16.92","16.98","17.03","16.89","","-0.37%"
"02/11/2015","16.98","16.97","17.00","16.91","","0.09%"
"02/10/2015","16.97","16.92","16.98","16.86","","0.29%"
"02/09/2015","16.92","16.89","16.94","16.87","","0.28%"
"02/06/2015","16.87","16.80","16.89","16.79","","0.44%"
"02/05/2015","16.80","16.84","16.87","16.79","","-0.23%"
"02/04/2015","16.83","16.77","16.86","16.76","","0.40%"
"02/03/2015","16.77","16.80","16.84","16.76","","-0.20%"
"02/02/2015","16.80","16.89","16.90","16.78","","-0.49%"
"01/30/2015","16.88","16.83","16.89","16.80","","0.35%"
"01/29/2015","16.82","16.70","16.87","16.70","","0.73%"
"01/28/2015","16.70","16.72","16.75","16.68","","-0.08%"
"01/27/2015","16.72","16.74","16.75","16.70","","-0.11%"
"01/26/2015","16.73","16.73","16.75","16.73","","0.06%"
"01/23/2015","16.72","16.77","16.77","16.71","","-0.26%"
"01/22/2015","16.77","16.76","16.81","16.74","","0.07%"
"01/21/2015","16.76","16.79","16.80","16.75","","-0.16%"
"01/20/2015","16.78","16.78","16.85","16.78","","0.03%"
"01/19/2015","16.78","16.84","16.85","16.77","","-0.38%"
"01/16/2015","16.84","16.90","16.94","16.82","","-0.31%"
"01/15/2015","16.90","16.91","16.91","16.74","","-0.05%"
"01/14/2015","16.90","16.87","16.94","16.87","","0.20%"
"01/13/2015","16.87","16.90","16.93","16.87","","-0.14%"
"01/12/2015","16.90","16.98","16.98","16.90","","-0.46%"
"01/09/2015","16.97","17.06","17.06","16.96","","-0.52%"
"01/08/2015","17.06","17.23","17.23","17.04","","-0.95%"
"01/07/2015","17.23","17.31","17.31","17.20","","-0.46%"
"01/06/2015","17.31","17.25","17.32","17.24","","0.35%"
"01/05/2015","17.24","17.23","17.29","17.23","","0.11%"
"01/02/2015","17.23","17.25","17.28","17.22","","-0.13%"
"01/01/2015","17.25","17.16","17.28","17.16","","0.51%"