"Date","Price","Open","High","Low","Vol.","Change %"
"11/21/2025","0.2365","0.2362","0.2370","0.2357","","0.13%"
"11/20/2025","0.2362","0.2360","0.2366","0.2357","","0.08%"
"11/19/2025","0.2360","0.2351","0.2364","0.2347","","0.38%"
"11/18/2025","0.2351","0.2349","0.2353","0.2345","","0.09%"
"11/17/2025","0.2349","0.2343","0.2351","0.2342","","0.26%"
"11/14/2025","0.2343","0.2339","0.2346","0.2336","","0.13%"
"11/13/2025","0.2340","0.2348","0.2352","0.2336","","-0.34%"
"11/12/2025","0.2348","0.2351","0.2355","0.2347","","-0.13%"
"11/11/2025","0.2351","0.2356","0.2358","0.2346","","-0.21%"
"11/10/2025","0.2356","0.2354","0.2359","0.2350","","0.08%"
"11/07/2025","0.2354","0.2358","0.2362","0.2349","","-0.17%"
"11/06/2025","0.2358","0.2369","0.2370","0.2357","","-0.46%"
"11/05/2025","0.2369","0.2371","0.2374","0.2368","","-0.08%"
"11/04/2025","0.2371","0.2363","0.2373","0.2360","","0.34%"
"11/03/2025","0.2363","0.2360","0.2367","0.2359","","0.13%"
"10/31/2025","0.2360","0.2354","0.2363","0.2352","","0.25%"
"10/30/2025","0.2354","0.2347","0.2358","0.2340","","0.30%"
"10/29/2025","0.2347","0.2337","0.2352","0.2334","","0.43%"
"10/28/2025","0.2337","0.2338","0.2342","0.2333","","-0.04%"
"10/27/2025","0.2338","0.2342","0.2344","0.2337","","-0.17%"
"10/24/2025","0.2342","0.2343","0.2347","0.2337","","-0.04%"
"10/23/2025","0.2343","0.2345","0.2350","0.2343","","-0.09%"
"10/22/2025","0.2345","0.2347","0.2352","0.2342","","-0.09%"
"10/21/2025","0.2347","0.2338","0.2348","0.2336","","0.34%"
"10/20/2025","0.2339","0.2335","0.2339","0.2332","","0.09%"
"10/17/2025","0.2337","0.2329","0.2337","0.2322","","0.34%"
"10/16/2025","0.2329","0.2338","0.2339","0.2328","","-0.38%"
"10/15/2025","0.2338","0.2346","0.2347","0.2337","","-0.34%"
"10/14/2025","0.2346","0.2353","0.2359","0.2344","","-0.30%"
"10/13/2025","0.2353","0.2343","0.2356","0.2341","","0.43%"
"10/10/2025","0.2343","0.2355","0.2356","0.2341","","-0.51%"
"10/09/2025","0.2355","0.2342","0.2359","0.2337","","0.60%"
"10/08/2025","0.2341","0.2336","0.2347","0.2335","","0.21%"
"10/07/2025","0.2336","0.2325","0.2337","0.2324","","0.47%"
"10/06/2025","0.2325","0.2319","0.2337","0.2319","","0.26%"
"10/03/2025","0.2319","0.2324","0.2324","0.2316","","-0.22%"
"10/02/2025","0.2324","0.2321","0.2331","0.2315","","0.13%"
"10/01/2025","0.2321","0.2320","0.2324","0.2312","","0.04%"
"09/30/2025","0.2320","0.2322","0.2325","0.2315","","-0.09%"
"09/29/2025","0.2322","0.2327","0.2327","0.2316","","-0.21%"
"09/26/2025","0.2327","0.2334","0.2336","0.2326","","-0.30%"
"09/25/2025","0.2334","0.2319","0.2338","0.2316","","0.65%"
"09/24/2025","0.2319","0.2304","0.2321","0.2304","","0.65%"
"09/23/2025","0.2304","0.2307","0.2311","0.2303","","-0.13%"
"09/22/2025","0.2307","0.2318","0.2322","0.2306","","-0.47%"
"09/19/2025","0.2318","0.2310","0.2321","0.2309","","0.35%"
"09/18/2025","0.2310","0.2305","0.2317","0.2298","","0.22%"
"09/17/2025","0.2305","0.2294","0.2306","0.2284","","0.48%"
"09/16/2025","0.2294","0.2314","0.2316","0.2292","","-0.91%"
"09/15/2025","0.2315","0.2320","0.2324","0.2312","","-0.22%"
"09/12/2025","0.2320","0.2320","0.2327","0.2318","","0.00%"
"09/11/2025","0.2320","0.2328","0.2334","0.2318","","-0.34%"
"09/10/2025","0.2328","0.2325","0.2331","0.2321","","0.13%"
"09/09/2025","0.2325","0.2315","0.2326","0.2311","","0.43%"
"09/08/2025","0.2315","0.2323","0.2327","0.2314","","-0.34%"
"09/05/2025","0.2323","0.2337","0.2338","0.2315","","-0.60%"
"09/04/2025","0.2337","0.2335","0.2341","0.2333","","0.09%"
"09/03/2025","0.2335","0.2339","0.2346","0.2330","","-0.17%"
"09/02/2025","0.2339","0.2325","0.2345","0.2323","","0.60%"
"09/01/2025","0.2325","0.2330","0.2330","0.2320","","-0.21%"
"08/29/2025","0.2330","0.2330","0.2337","0.2325","","0.00%"
"08/28/2025","0.2330","0.2339","0.2341","0.2327","","-0.38%"
"08/27/2025","0.2339","0.2338","0.2352","0.2337","","0.00%"
"08/26/2025","0.2339","0.2343","0.2347","0.2334","","-0.17%"
"08/25/2025","0.2343","0.2324","0.2347","0.2321","","0.82%"
"08/22/2025","0.2324","0.2346","0.2351","0.2318","","-0.94%"
"08/21/2025","0.2346","0.2337","0.2347","0.2334","","0.39%"
"08/20/2025","0.2337","0.2338","0.2343","0.2332","","0.00%"
"08/19/2025","0.2337","0.2335","0.2340","0.2328","","0.09%"
"08/18/2025","0.2335","0.2328","0.2336","0.2323","","0.34%"
"08/15/2025","0.2327","0.2337","0.2338","0.2324","","-0.43%"
"08/14/2025","0.2337","0.2326","0.2341","0.2324","","0.47%"
"08/13/2025","0.2326","0.2332","0.2333","0.2321","","-0.26%"
"08/12/2025","0.2332","0.2344","0.2347","0.2327","","-0.51%"
"08/11/2025","0.2344","0.2339","0.2349","0.2332","","0.21%"
"08/08/2025","0.2339","0.2334","0.2341","0.2331","","0.21%"
"08/07/2025","0.2334","0.2335","0.2345","0.2327","","-0.04%"
"08/06/2025","0.2335","0.2353","0.2355","0.2333","","-0.72%"
"08/05/2025","0.2352","0.2353","0.2362","0.2350","","-0.04%"
"08/04/2025","0.2353","0.2350","0.2358","0.2348","","0.13%"
"08/01/2025","0.2350","0.2385","0.2390","0.2348","","-1.47%"
"07/31/2025","0.2385","0.2388","0.2388","0.2376","","-0.08%"
"07/30/2025","0.2387","0.2358","0.2388","0.2353","","1.23%"
"07/29/2025","0.2358","0.2349","0.2364","0.2347","","0.38%"
"07/28/2025","0.2349","0.2318","0.2350","0.2313","","1.29%"
"07/25/2025","0.2319","0.2317","0.2326","0.2315","","0.09%"
"07/24/2025","0.2317","0.2313","0.2321","0.2309","","0.17%"
"07/23/2025","0.2313","0.2316","0.2325","0.2312","","-0.13%"
"07/22/2025","0.2316","0.2328","0.2331","0.2315","","-0.52%"
"07/21/2025","0.2328","0.2342","0.2344","0.2323","","-0.60%"
"07/18/2025","0.2342","0.2348","0.2349","0.2332","","-0.26%"
"07/17/2025","0.2348","0.2339","0.2356","0.2338","","0.34%"
"07/16/2025","0.2340","0.2347","0.2355","0.2323","","-0.30%"
"07/15/2025","0.2347","0.2334","0.2349","0.2328","","0.56%"
"07/14/2025","0.2334","0.2329","0.2337","0.2327","","0.21%"
"07/11/2025","0.2329","0.2327","0.2334","0.2324","","0.09%"
"07/10/2025","0.2327","0.2324","0.2335","0.2317","","0.17%"
"07/09/2025","0.2323","0.2322","0.2329","0.2321","","0.04%"
"07/08/2025","0.2322","0.2325","0.2331","0.2314","","-0.13%"
"07/07/2025","0.2325","0.2311","0.2330","0.2309","","0.61%"
"07/04/2025","0.2311","0.2316","0.2317","0.2310","","-0.22%"
"07/03/2025","0.2316","0.2308","0.2323","0.2305","","0.35%"
"07/02/2025","0.2308","0.2306","0.2318","0.2306","","0.09%"
"07/01/2025","0.2306","0.2310","0.2315","0.2301","","-0.17%"
"06/30/2025","0.2310","0.2324","0.2326","0.2310","","-0.56%"
"06/27/2025","0.2323","0.2327","0.2331","0.2316","","-0.17%"
"06/26/2025","0.2327","0.2336","0.2337","0.2318","","-0.34%"
"06/25/2025","0.2335","0.2346","0.2349","0.2334","","-0.47%"
"06/24/2025","0.2346","0.2352","0.2353","0.2339","","-0.26%"
"06/23/2025","0.2352","0.2372","0.2378","0.2351","","-0.47%"
"06/20/2025","0.2363","0.2369","0.2370","0.2359","","-0.25%"
"06/19/2025","0.2369","0.2372","0.2379","0.2368","","-0.13%"
"06/18/2025","0.2372","0.2372","0.2376","0.2362","","0.00%"
"06/17/2025","0.2372","0.2355","0.2373","0.2352","","0.72%"
"06/16/2025","0.2355","0.2361","0.2363","0.2344","","-0.08%"
"06/13/2025","0.2357","0.2350","0.2370","0.2344","","0.30%"
"06/12/2025","0.2350","0.2370","0.2371","0.2341","","-0.84%"
"06/11/2025","0.2370","0.2383","0.2387","0.2368","","-0.55%"
"06/10/2025","0.2383","0.2384","0.2394","0.2378","","-0.04%"
"06/09/2025","0.2384","0.2390","0.2391","0.2380","","-0.21%"
"06/06/2025","0.2389","0.2379","0.2394","0.2376","","0.42%"
"06/05/2025","0.2379","0.2385","0.2388","0.2368","","-0.25%"
"06/04/2025","0.2385","0.2394","0.2397","0.2381","","-0.38%"
"06/03/2025","0.2394","0.2380","0.2396","0.2377","","0.59%"
"06/02/2025","0.2380","0.2400","0.2401","0.2378","","-0.79%"
"05/30/2025","0.2399","0.2394","0.2407","0.2390","","0.21%"
"05/29/2025","0.2394","0.2411","0.2429","0.2391","","-0.71%"
"05/28/2025","0.2411","0.2403","0.2413","0.2400","","0.33%"
"05/27/2025","0.2403","0.2391","0.2405","0.2386","","0.50%"
"05/26/2025","0.2391","0.2396","0.2397","0.2384","","-0.21%"
"05/23/2025","0.2396","0.2414","0.2414","0.2393","","-0.75%"
"05/22/2025","0.2414","0.2403","0.2419","0.2400","","0.46%"
"05/21/2025","0.2403","0.2413","0.2414","0.2396","","-0.41%"
"05/20/2025","0.2413","0.2421","0.2427","0.2412","","-0.33%"
"05/19/2025","0.2421","0.2438","0.2438","0.2412","","-0.74%"
"05/16/2025","0.2439","0.2433","0.2446","0.2426","","0.25%"
"05/15/2025","0.2433","0.2436","0.2437","0.2425","","-0.12%"
"05/14/2025","0.2436","0.2434","0.2439","0.2417","","0.08%"
"05/13/2025","0.2434","0.2456","0.2456","0.2432","","-0.90%"
"05/12/2025","0.2456","0.2427","0.2461","0.2421","","1.49%"
"05/09/2025","0.2420","0.2425","0.2432","0.2411","","-0.21%"
"05/08/2025","0.2425","0.2409","0.2428","0.2401","","0.66%"
"05/07/2025","0.2409","0.2394","0.2411","0.2393","","0.63%"
"05/06/2025","0.2394","0.2406","0.2414","0.2392","","-0.50%"
"05/05/2025","0.2406","0.2410","0.2411","0.2396","","-0.17%"
"05/02/2025","0.2410","0.2411","0.2415","0.2392","","-0.04%"
"05/01/2025","0.2411","0.2403","0.2417","0.2400","","0.33%"
"04/30/2025","0.2403","0.2391","0.2406","0.2388","","0.50%"
"04/29/2025","0.2391","0.2384","0.2394","0.2383","","0.29%"
"04/28/2025","0.2384","0.2395","0.2403","0.2383","","-0.50%"
"04/25/2025","0.2396","0.2390","0.2406","0.2389","","0.25%"
"04/24/2025","0.2390","0.2406","0.2406","0.2389","","-0.67%"
"04/23/2025","0.2406","0.2384","0.2408","0.2380","","0.92%"
"04/22/2025","0.2384","0.2364","0.2385","0.2358","","0.85%"
"04/21/2025","0.2364","0.2391","0.2391","0.2352","","-1.06%"
"04/18/2025","0.2389","0.2396","0.2397","0.2388","","-0.25%"
"04/17/2025","0.2395","0.2389","0.2402","0.2386","","0.29%"
"04/16/2025","0.2388","0.2413","0.2414","0.2386","","-1.02%"
"04/15/2025","0.2413","0.2399","0.2417","0.2393","","0.61%"
"04/14/2025","0.2398","0.2412","0.2413","0.2383","","0.08%"
"04/11/2025","0.2396","0.2431","0.2433","0.2373","","-1.42%"
"04/10/2025","0.2431","0.2486","0.2488","0.2422","","-2.21%"
"04/09/2025","0.2486","0.2485","0.2495","0.2454","","0.06%"
"04/08/2025","0.2484","0.2497","0.2501","0.2477","","-0.49%"
"04/07/2025","0.2497","0.2485","0.2502","0.2464","","0.48%"
"04/04/2025","0.2485","0.2463","0.2492","0.2451","","0.88%"
"04/03/2025","0.2463","0.2508","0.2520","0.2443","","-1.78%"
"04/02/2025","0.2508","0.2522","0.2526","0.2492","","-0.58%"
"04/01/2025","0.2522","0.2517","0.2526","0.2514","","0.22%"
"03/31/2025","0.2517","0.2514","0.2525","0.2509","","0.11%"
"03/28/2025","0.2514","0.2521","0.2529","0.2510","","-0.25%"
"03/27/2025","0.2520","0.2532","0.2537","0.2516","","-0.44%"
"03/26/2025","0.2531","0.2523","0.2534","0.2520","","0.35%"
"03/25/2025","0.2523","0.2521","0.2527","0.2514","","0.09%"
"03/24/2025","0.2520","0.2517","0.2525","0.2507","","0.13%"
"03/21/2025","0.2517","0.2509","0.2522","0.2507","","0.36%"
"03/20/2025","0.2508","0.2497","0.2517","0.2494","","0.46%"
"03/19/2025","0.2497","0.2488","0.2507","0.2487","","0.38%"
"03/18/2025","0.2487","0.2493","0.2500","0.2485","","-0.19%"
"03/17/2025","0.2492","0.2502","0.2505","0.2491","","-0.40%"
"03/14/2025","0.2502","0.2509","0.2514","0.2495","","-0.26%"
"03/13/2025","0.2508","0.2501","0.2516","0.2498","","0.33%"
"03/12/2025","0.2500","0.2494","0.2504","0.2491","","0.28%"
"03/11/2025","0.2493","0.2513","0.2514","0.2487","","-0.76%"
"03/10/2025","0.2512","0.2513","0.2520","0.2504","","0.00%"
"03/07/2025","0.2513","0.2525","0.2526","0.2500","","-0.45%"
"03/06/2025","0.2524","0.2523","0.2529","0.2508","","0.04%"
"03/05/2025","0.2523","0.2562","0.2568","0.2522","","-1.51%"
"03/04/2025","0.2562","0.2596","0.2600","0.2562","","-1.31%"
"03/03/2025","0.2596","0.2624","0.2624","0.2592","","-1.07%"
"02/28/2025","0.2624","0.2618","0.2628","0.2613","","0.22%"
"02/27/2025","0.2618","0.2597","0.2619","0.2595","","0.82%"
"02/26/2025","0.2596","0.2590","0.2599","0.2586","","0.27%"
"02/25/2025","0.2589","0.2601","0.2604","0.2588","","-0.42%"
"02/24/2025","0.2600","0.2603","0.2605","0.2586","","-0.09%"
"02/21/2025","0.2603","0.2593","0.2606","0.2591","","0.42%"
"02/20/2025","0.2592","0.2612","0.2613","0.2592","","-0.76%"
"02/19/2025","0.2612","0.2606","0.2618","0.2602","","0.24%"
"02/18/2025","0.2606","0.2597","0.2609","0.2596","","0.36%"
"02/17/2025","0.2596","0.2596","0.2601","0.2591","","0.08%"
"02/14/2025","0.2594","0.2602","0.2606","0.2589","","-0.29%"
"02/13/2025","0.2601","0.2621","0.2625","0.2601","","-0.78%"
"02/12/2025","0.2622","0.2628","0.2639","0.2610","","-0.20%"
"02/11/2025","0.2627","0.2641","0.2645","0.2623","","-0.52%"
"02/10/2025","0.2641","0.2636","0.2648","0.2634","","0.18%"
"02/07/2025","0.2636","0.2622","0.2642","0.2615","","0.55%"
"02/06/2025","0.2622","0.2617","0.2630","0.2616","","0.18%"
"02/05/2025","0.2617","0.2623","0.2626","0.2607","","-0.21%"
"02/04/2025","0.2623","0.2632","0.2650","0.2621","","-0.35%"
"02/03/2025","0.2632","0.2627","0.2666","0.2627","","0.20%"
"01/31/2025","0.2626","0.2620","0.2630","0.2609","","0.25%"
"01/30/2025","0.2620","0.2613","0.2621","0.2601","","0.28%"
"01/29/2025","0.2612","0.2610","0.2622","0.2607","","0.11%"
"01/28/2025","0.2610","0.2595","0.2614","0.2594","","0.59%"
"01/27/2025","0.2594","0.2595","0.2604","0.2585","","0.00%"
"01/24/2025","0.2594","0.2614","0.2615","0.2587","","-0.74%"
"01/23/2025","0.2613","0.2616","0.2625","0.2608","","-0.07%"
"01/22/2025","0.2615","0.2610","0.2620","0.2603","","0.19%"
"01/21/2025","0.2610","0.2614","0.2633","0.2609","","-0.11%"
"01/20/2025","0.2613","0.2649","0.2652","0.2609","","-1.39%"
"01/17/2025","0.2650","0.2644","0.2652","0.2635","","0.26%"
"01/16/2025","0.2643","0.2646","0.2653","0.2639","","-0.09%"
"01/15/2025","0.2646","0.2641","0.2654","0.2630","","0.20%"
"01/14/2025","0.2640","0.2657","0.2659","0.2641","","-0.63%"
"01/13/2025","0.2657","0.2659","0.2675","0.2656","","0.00%"
"01/10/2025","0.2657","0.2643","0.2665","0.2640","","0.52%"
"01/09/2025","0.2643","0.2638","0.2648","0.2638","","0.19%"
"01/08/2025","0.2638","0.2633","0.2650","0.2628","","0.20%"
"01/07/2025","0.2633","0.2620","0.2633","0.2609","","0.48%"
"01/06/2025","0.2620","0.2643","0.2645","0.2608","","-0.79%"
"01/03/2025","0.2641","0.2652","0.2654","0.2641","","-0.43%"
"01/02/2025","0.2652","0.2630","0.2663","0.2624","","0.91%"
"01/01/2025","0.2628","0.2630","0.2631","0.2628","","-0.03%"
"12/31/2024","0.2629","0.2616","0.2632","0.2612","","0.52%"
"12/30/2024","0.2616","0.2610","0.2625","0.2603","","0.20%"
"12/27/2024","0.2610","0.2612","0.2617","0.2607","","-0.04%"
"12/26/2024","0.2612","0.2617","0.2621","0.2610","","-0.17%"
"12/25/2024","0.2616","0.2618","0.2619","0.2614","","-0.08%"
"12/24/2024","0.2618","0.2617","0.2622","0.2615","","0.07%"
"12/23/2024","0.2616","0.2612","0.2622","0.2606","","0.25%"
"12/20/2024","0.2610","0.2627","0.2632","0.2606","","-0.65%"
"12/19/2024","0.2627","0.2630","0.2631","0.2612","","-0.11%"
"12/18/2024","0.2630","0.2595","0.2632","0.2590","","1.35%"
"12/17/2024","0.2594","0.2590","0.2598","0.2584","","0.20%"
"12/16/2024","0.2589","0.2594","0.2600","0.2587","","-0.10%"
"12/13/2024","0.2592","0.2601","0.2605","0.2587","","-0.33%"
"12/12/2024","0.2601","0.2594","0.2602","0.2585","","0.29%"
"12/11/2024","0.2593","0.2586","0.2598","0.2583","","0.30%"
"12/10/2024","0.2585","0.2580","0.2593","0.2576","","0.25%"
"12/09/2024","0.2579","0.2577","0.2585","0.2570","","0.14%"
"12/06/2024","0.2575","0.2572","0.2582","0.2561","","0.16%"
"12/05/2024","0.2571","0.2590","0.2591","0.2571","","-0.72%"
"12/04/2024","0.2590","0.2590","0.2600","0.2582","","0.00%"
"12/03/2024","0.2590","0.2593","0.2598","0.2584","","-0.11%"
"12/02/2024","0.2593","0.2574","0.2603","0.2571","","0.75%"
"11/29/2024","0.2574","0.2579","0.2583","0.2569","","-0.20%"
"11/28/2024","0.2579","0.2577","0.2586","0.2576","","0.10%"
"11/27/2024","0.2576","0.2596","0.2600","0.2571","","-0.73%"
"11/26/2024","0.2595","0.2594","0.2612","0.2582","","0.05%"
"11/25/2024","0.2594","0.2600","0.2606","0.2585","","-0.71%"
"11/22/2024","0.2612","0.2599","0.2635","0.2593","","0.52%"
"11/21/2024","0.2599","0.2583","0.2602","0.2579","","0.66%"
"11/20/2024","0.2582","0.2569","0.2591","0.2566","","0.49%"
"11/19/2024","0.2569","0.2569","0.2587","0.2568","","0.04%"
"11/18/2024","0.2568","0.2583","0.2586","0.2567","","-0.55%"
"11/15/2024","0.2582","0.2585","0.2589","0.2570","","-0.10%"
"11/14/2024","0.2585","0.2577","0.2594","0.2573","","0.33%"
"11/13/2024","0.2577","0.2563","0.2579","0.2555","","0.56%"
"11/12/2024","0.2562","0.2555","0.2570","0.2553","","0.32%"
"11/11/2024","0.2554","0.2541","0.2562","0.2538","","0.57%"
"11/08/2024","0.2540","0.2520","0.2548","0.2519","","0.81%"
"11/07/2024","0.2519","0.2538","0.2542","0.2515","","-0.71%"
"11/06/2024","0.2537","0.2491","0.2549","0.2489","","1.88%"
"11/05/2024","0.2490","0.2503","0.2504","0.2489","","-0.50%"
"11/04/2024","0.2503","0.2504","0.2505","0.2494","","-0.41%"
"11/01/2024","0.2513","0.2501","0.2513","0.2497","","0.47%"
"10/31/2024","0.2501","0.2508","0.2511","0.2500","","-0.25%"
"10/30/2024","0.2508","0.2517","0.2519","0.2504","","-0.35%"
"10/29/2024","0.2516","0.2518","0.2528","0.2515","","-0.06%"
"10/28/2024","0.2518","0.2522","0.2525","0.2514","","-0.15%"
"10/25/2024","0.2521","0.2514","0.2522","0.2512","","0.29%"
"10/24/2024","0.2514","0.2525","0.2528","0.2514","","-0.40%"
"10/23/2024","0.2524","0.2521","0.2530","0.2519","","0.16%"
"10/22/2024","0.2520","0.2517","0.2523","0.2512","","0.14%"
"10/21/2024","0.2517","0.2507","0.2518","0.2504","","0.47%"
"10/18/2024","0.2505","0.2514","0.2515","0.2505","","-0.32%"
"10/17/2024","0.2513","0.2506","0.2518","0.2504","","0.29%"
"10/16/2024","0.2506","0.2500","0.2508","0.2497","","0.27%"
"10/15/2024","0.2499","0.2496","0.2502","0.2494","","0.16%"
"10/14/2024","0.2495","0.2490","0.2500","0.2489","","0.27%"
"10/11/2024","0.2489","0.2490","0.2492","0.2485","","0.00%"
"10/10/2024","0.2489","0.2489","0.2498","0.2485","","0.03%"
"10/09/2024","0.2488","0.2479","0.2489","0.2479","","0.40%"
"10/08/2024","0.2479","0.2481","0.2484","0.2476","","-0.05%"
"10/07/2024","0.2480","0.2481","0.2485","0.2478","","0.00%"
"10/04/2024","0.2480","0.2468","0.2486","0.2466","","0.51%"
"10/03/2024","0.2467","0.2465","0.2473","0.2464","","0.12%"
"10/02/2024","0.2465","0.2460","0.2468","0.2456","","0.21%"
"10/01/2024","0.2459","0.2445","0.2465","0.2443","","0.59%"
"09/30/2024","0.2445","0.2440","0.2450","0.2429","","0.26%"
"09/27/2024","0.2439","0.2436","0.2447","0.2430","","0.12%"
"09/26/2024","0.2436","0.2445","0.2447","0.2433","","-0.38%"
"09/25/2024","0.2445","0.2435","0.2448","0.2428","","0.42%"
"09/24/2024","0.2435","0.2450","0.2452","0.2435","","-0.61%"
"09/23/2024","0.2450","0.2439","0.2457","0.2438","","0.45%"
"09/20/2024","0.2439","0.2439","0.2445","0.2435","","0.00%"
"09/19/2024","0.2439","0.2449","0.2460","0.2435","","-0.38%"
"09/18/2024","0.2448","0.2450","0.2454","0.2433","","-0.05%"
"09/17/2024","0.2450","0.2446","0.2451","0.2442","","0.17%"
"09/16/2024","0.2445","0.2458","0.2459","0.2445","","-0.50%"
"09/13/2024","0.2458","0.2458","0.2459","0.2452","","0.00%"
"09/12/2024","0.2458","0.2472","0.2474","0.2458","","-0.55%"
"09/11/2024","0.2472","0.2471","0.2475","0.2463","","0.06%"
"09/10/2024","0.2470","0.2467","0.2472","0.2464","","0.13%"
"09/09/2024","0.2467","0.2457","0.2468","0.2455","","0.47%"
"09/06/2024","0.2456","0.2450","0.2461","0.2441","","0.22%"
"09/05/2024","0.2450","0.2457","0.2458","0.2449","","-0.25%"
"09/04/2024","0.2456","0.2465","0.2467","0.2454","","-0.35%"
"09/03/2024","0.2465","0.2459","0.2469","0.2459","","0.26%"
"09/02/2024","0.2459","0.2465","0.2466","0.2458","","-0.23%"
"08/30/2024","0.2464","0.2458","0.2465","0.2454","","0.27%"
"08/29/2024","0.2458","0.2449","0.2463","0.2444","","0.40%"
"08/28/2024","0.2448","0.2434","0.2452","0.2434","","0.58%"
"08/27/2024","0.2434","0.2439","0.2442","0.2433","","-0.21%"
"08/26/2024","0.2439","0.2433","0.2442","0.2430","","0.28%"
"08/23/2024","0.2432","0.2450","0.2452","0.2431","","-0.72%"
"08/22/2024","0.2450","0.2442","0.2454","0.2438","","0.34%"
"08/21/2024","0.2441","0.2446","0.2453","0.2437","","-0.18%"
"08/20/2024","0.2446","0.2456","0.2459","0.2446","","-0.40%"
"08/19/2024","0.2456","0.2470","0.2470","0.2456","","-0.52%"
"08/16/2024","0.2468","0.2481","0.2482","0.2468","","-0.50%"
"08/15/2024","0.2481","0.2472","0.2487","0.2471","","0.36%"
"08/14/2024","0.2472","0.2477","0.2479","0.2464","","-0.17%"
"08/13/2024","0.2476","0.2491","0.2495","0.2475","","-0.57%"
"08/12/2024","0.2490","0.2494","0.2495","0.2489","","-0.14%"
"08/09/2024","0.2494","0.2493","0.2496","0.2491","","0.00%"
"08/08/2024","0.2493","0.2493","0.2502","0.2487","","0.03%"
"08/07/2024","0.2492","0.2491","0.2497","0.2489","","0.09%"
"08/06/2024","0.2490","0.2486","0.2497","0.2483","","0.21%"
"08/05/2024","0.2485","0.2493","0.2500","0.2473","","-0.39%"
"08/02/2024","0.2495","0.2523","0.2525","0.2492","","-1.10%"
"08/01/2024","0.2523","0.2515","0.2526","0.2512","","0.31%"
"07/31/2024","0.2515","0.2517","0.2521","0.2509","","-0.09%"
"07/30/2024","0.2517","0.2516","0.2522","0.2512","","0.06%"
"07/29/2024","0.2515","0.2507","0.2521","0.2505","","0.34%"
"07/26/2024","0.2507","0.2510","0.2511","0.2505","","-0.11%"
"07/25/2024","0.2510","0.2512","0.2515","0.2505","","-0.06%"
"07/24/2024","0.2511","0.2509","0.2515","0.2505","","0.12%"
"07/23/2024","0.2508","0.2500","0.2511","0.2498","","0.36%"
"07/22/2024","0.2499","0.2502","0.2504","0.2497","","-0.12%"
"07/19/2024","0.2502","0.2499","0.2504","0.2497","","0.14%"
"07/18/2024","0.2499","0.2489","0.2500","0.2488","","0.41%"
"07/17/2024","0.2488","0.2498","0.2499","0.2487","","-0.37%"
"07/16/2024","0.2498","0.2499","0.2505","0.2496","","-0.05%"
"07/15/2024","0.2499","0.2496","0.2502","0.2492","","0.13%"
"07/12/2024","0.2496","0.2505","0.2507","0.2495","","-0.37%"
"07/11/2024","0.2505","0.2514","0.2515","0.2498","","-0.34%"
"07/10/2024","0.2513","0.2518","0.2519","0.2513","","-0.15%"
"07/09/2024","0.2517","0.2515","0.2520","0.2513","","0.09%"
"07/08/2024","0.2515","0.2519","0.2521","0.2510","","0.13%"
"07/05/2024","0.2512","0.2518","0.2519","0.2511","","-0.26%"
"07/04/2024","0.2518","0.2524","0.2525","0.2517","","-0.23%"
"07/03/2024","0.2524","0.2534","0.2536","0.2517","","-0.37%"
"07/02/2024","0.2533","0.2535","0.2542","0.2533","","-0.03%"
"07/01/2024","0.2534","0.2537","0.2540","0.2526","","-0.25%"
"06/28/2024","0.2540","0.2544","0.2548","0.2538","","-0.11%"
"06/27/2024","0.2543","0.2549","0.2550","0.2538","","-0.20%"
"06/26/2024","0.2548","0.2541","0.2553","0.2540","","0.31%"
"06/25/2024","0.2540","0.2536","0.2547","0.2534","","0.17%"
"06/24/2024","0.2536","0.2547","0.2549","0.2533","","-0.37%"
"06/21/2024","0.2546","0.2544","0.2552","0.2539","","0.08%"
"06/20/2024","0.2543","0.2534","0.2544","0.2533","","0.41%"
"06/19/2024","0.2533","0.2535","0.2539","0.2532","","-0.04%"
"06/18/2024","0.2534","0.2536","0.2542","0.2530","","-0.07%"
"06/17/2024","0.2536","0.2544","0.2548","0.2535","","-0.29%"
"06/14/2024","0.2543","0.2536","0.2552","0.2533","","0.33%"
"06/13/2024","0.2535","0.2519","0.2537","0.2517","","0.67%"
"06/12/2024","0.2518","0.2535","0.2536","0.2508","","-0.64%"
"06/11/2024","0.2535","0.2529","0.2540","0.2527","","0.24%"
"06/10/2024","0.2528","0.2522","0.2537","0.2522","","0.35%"
"06/07/2024","0.2520","0.2500","0.2521","0.2497","","0.82%"
"06/06/2024","0.2499","0.2505","0.2507","0.2497","","-0.20%"
"06/05/2024","0.2504","0.2502","0.2509","0.2500","","0.11%"
"06/04/2024","0.2502","0.2497","0.2507","0.2494","","0.22%"
"06/03/2024","0.2496","0.2509","0.2515","0.2497","","-0.57%"
"05/31/2024","0.2510","0.2513","0.2518","0.2501","","-0.09%"
"05/30/2024","0.2513","0.2521","0.2524","0.2510","","-0.28%"
"05/29/2024","0.2520","0.2508","0.2521","0.2507","","0.50%"
"05/28/2024","0.2507","0.2507","0.2509","0.2500","","0.00%"
"05/27/2024","0.2507","0.2509","0.2512","0.2505","","-0.09%"
"05/24/2024","0.2509","0.2517","0.2520","0.2507","","-0.31%"
"05/23/2024","0.2517","0.2515","0.2520","0.2506","","0.08%"
"05/22/2024","0.2515","0.2508","0.2517","0.2506","","0.28%"
"05/21/2024","0.2508","0.2508","0.2511","0.2503","","0.03%"
"05/20/2024","0.2507","0.2506","0.2509","0.2501","","0.14%"
"05/17/2024","0.2504","0.2505","0.2513","0.2502","","-0.05%"
"05/16/2024","0.2505","0.2501","0.2508","0.2499","","0.16%"
"05/15/2024","0.2501","0.2517","0.2518","0.2501","","-0.59%"
"05/14/2024","0.2516","0.2523","0.2529","0.2515","","-0.29%"
"05/13/2024","0.2523","0.2527","0.2529","0.2519","","-0.16%"
"05/10/2024","0.2527","0.2525","0.2530","0.2523","","0.09%"
"05/09/2024","0.2525","0.2533","0.2539","0.2524","","-0.31%"
"05/08/2024","0.2533","0.2531","0.2536","0.2531","","0.07%"
"05/07/2024","0.2531","0.2528","0.2533","0.2524","","0.13%"
"05/06/2024","0.2528","0.2530","0.2532","0.2523","","-0.08%"
"05/03/2024","0.2530","0.2538","0.2539","0.2518","","-0.32%"
"05/02/2024","0.2538","0.2542","0.2551","0.2537","","-0.15%"
"05/01/2024","0.2541","0.2553","0.2557","0.2536","","-0.41%"
"04/30/2024","0.2552","0.2539","0.2553","0.2536","","0.50%"
"04/29/2024","0.2539","0.2546","0.2547","0.2536","","-0.24%"
"04/26/2024","0.2545","0.2537","0.2551","0.2532","","0.31%"
"04/25/2024","0.2537","0.2545","0.2550","0.2535","","-0.28%"
"04/24/2024","0.2544","0.2544","0.2550","0.2541","","0.02%"
"04/23/2024","0.2544","0.2555","0.2560","0.2542","","-0.44%"
"04/22/2024","0.2555","0.2555","0.2563","0.2551","","0.00%"
"04/19/2024","0.2555","0.2558","0.2566","0.2550","","-0.12%"
"04/18/2024","0.2558","0.2551","0.2559","0.2547","","0.29%"
"04/17/2024","0.2550","0.2564","0.2567","0.2550","","-0.52%"
"04/16/2024","0.2564","0.2563","0.2569","0.2556","","0.06%"
"04/15/2024","0.2562","0.2559","0.2564","0.2553","","0.19%"
"04/12/2024","0.2557","0.2539","0.2564","0.2537","","0.76%"
"04/11/2024","0.2538","0.2534","0.2545","0.2531","","0.17%"
"04/10/2024","0.2534","0.2508","0.2538","0.2506","","1.06%"
"04/09/2024","0.2508","0.2508","0.2510","0.2501","","0.00%"
"04/08/2024","0.2507","0.2513","0.2517","0.2506","","-0.20%"
"04/05/2024","0.2512","0.2513","0.2524","0.2510","","0.00%"
"04/04/2024","0.2512","0.2514","0.2514","0.2503","","0.00%"
"04/03/2024","0.2512","0.2528","0.2530","0.2512","","-0.60%"
"04/02/2024","0.2528","0.2535","0.2539","0.2526","","-0.26%"
"04/01/2024","0.2534","0.2524","0.2538","0.2521","","0.48%"
"03/29/2024","0.2522","0.2524","0.2529","0.2520","","-0.05%"
"03/28/2024","0.2524","0.2515","0.2527","0.2514","","0.38%"
"03/27/2024","0.2514","0.2514","0.2519","0.2512","","0.02%"
"03/26/2024","0.2513","0.2513","0.2516","0.2506","","0.04%"
"03/25/2024","0.2512","0.2520","0.2521","0.2511","","-0.28%"
"03/22/2024","0.2519","0.2507","0.2521","0.2505","","0.49%"
"03/21/2024","0.2507","0.2494","0.2509","0.2488","","0.55%"
"03/20/2024","0.2493","0.2506","0.2513","0.2492","","-0.48%"
"03/19/2024","0.2505","0.2504","0.2513","0.2503","","0.07%"
"03/18/2024","0.2503","0.2501","0.2506","0.2497","","0.14%"
"03/15/2024","0.2500","0.2502","0.2504","0.2498","","-0.05%"
"03/14/2024","0.2501","0.2487","0.2503","0.2485","","0.58%"
"03/13/2024","0.2487","0.2492","0.2493","0.2483","","-0.18%"
"03/12/2024","0.2491","0.2492","0.2498","0.2488","","-0.02%"
"03/11/2024","0.2492","0.2488","0.2495","0.2487","","0.13%"
"03/08/2024","0.2488","0.2487","0.2494","0.2479","","0.08%"
"03/07/2024","0.2486","0.2499","0.2505","0.2486","","-0.44%"
"03/06/2024","0.2497","0.2507","0.2511","0.2494","","-0.38%"
"03/05/2024","0.2507","0.2508","0.2512","0.2503","","0.00%"
"03/04/2024","0.2507","0.2511","0.2512","0.2505","","-0.16%"
"03/01/2024","0.2511","0.2520","0.2522","0.2510","","-0.31%"
"02/29/2024","0.2519","0.2512","0.2522","0.2508","","0.30%"
"02/28/2024","0.2512","0.2511","0.2522","0.2510","","0.07%"
"02/27/2024","0.2510","0.2509","0.2513","0.2505","","0.05%"
"02/26/2024","0.2508","0.2516","0.2518","0.2507","","-0.29%"
"02/23/2024","0.2516","0.2515","0.2518","0.2512","","0.06%"
"02/22/2024","0.2514","0.2517","0.2520","0.2500","","-0.05%"
"02/21/2024","0.2516","0.2519","0.2523","0.2515","","-0.14%"
"02/20/2024","0.2519","0.2526","0.2530","0.2512","","-0.24%"
"02/19/2024","0.2525","0.2527","0.2530","0.2523","","-0.03%"
"02/16/2024","0.2526","0.2528","0.2537","0.2524","","0.00%"
"02/15/2024","0.2526","0.2538","0.2539","0.2524","","-0.43%"
"02/14/2024","0.2537","0.2542","0.2546","0.2536","","-0.16%"
"02/13/2024","0.2542","0.2528","0.2544","0.2522","","0.59%"
"02/12/2024","0.2527","0.2525","0.2531","0.2519","","0.11%"
"02/09/2024","0.2524","0.2526","0.2530","0.2522","","-0.06%"
"02/08/2024","0.2525","0.2528","0.2535","0.2523","","-0.04%"
"02/07/2024","0.2526","0.2531","0.2532","0.2524","","-0.19%"
"02/06/2024","0.2531","0.2534","0.2539","0.2530","","-0.09%"
"02/05/2024","0.2533","0.2525","0.2539","0.2524","","0.40%"
"02/02/2024","0.2523","0.2504","0.2526","0.2498","","0.79%"
"02/01/2024","0.2503","0.2518","0.2526","0.2503","","-0.49%"
"01/31/2024","0.2516","0.2510","0.2522","0.2500","","0.25%"
"01/30/2024","0.2510","0.2513","0.2518","0.2507","","-0.12%"
"01/29/2024","0.2512","0.2510","0.2522","0.2508","","0.20%"
"01/26/2024","0.2508","0.2511","0.2518","0.2501","","-0.08%"
"01/25/2024","0.2510","0.2501","0.2516","0.2497","","0.37%"
"01/24/2024","0.2500","0.2508","0.2510","0.2490","","-0.34%"
"01/23/2024","0.2509","0.2502","0.2516","0.2494","","0.32%"
"01/22/2024","0.2501","0.2500","0.2503","0.2495","","0.12%"
"01/19/2024","0.2498","0.2503","0.2506","0.2498","","-0.18%"
"01/18/2024","0.2503","0.2502","0.2510","0.2496","","0.06%"
"01/17/2024","0.2501","0.2504","0.2511","0.2501","","-0.06%"
"01/16/2024","0.2503","0.2486","0.2507","0.2486","","0.68%"
"01/15/2024","0.2486","0.2486","0.2491","0.2482","","0.00%"
"01/12/2024","0.2485","0.2481","0.2490","0.2478","","0.19%"
"01/11/2024","0.2481","0.2481","0.2491","0.2477","","0.00%"
"01/10/2024","0.2480","0.2491","0.2493","0.2481","","-0.39%"
"01/09/2024","0.2490","0.2486","0.2496","0.2483","","0.18%"
"01/08/2024","0.2485","0.2488","0.2493","0.2480","","-0.09%"
"01/05/2024","0.2488","0.2487","0.2503","0.2475","","0.04%"
"01/04/2024","0.2487","0.2493","0.2494","0.2481","","-0.23%"
"01/03/2024","0.2492","0.2487","0.2500","0.2483","","0.20%"
"01/02/2024","0.2488","0.2465","0.2489","0.2465","","0.93%"
"01/01/2024","0.2465","0.2467","0.2467","0.2465","","-0.07%"
"12/29/2023","0.2466","0.2462","0.2468","0.2456","","0.22%"
"12/28/2023","0.2461","0.2451","0.2463","0.2444","","0.40%"
"12/27/2023","0.2451","0.2466","0.2469","0.2448","","-0.55%"
"12/26/2023","0.2465","0.2473","0.2474","0.2465","","-0.32%"
"12/25/2023","0.2473","0.2473","0.2477","0.2471","","0.03%"
"12/22/2023","0.2472","0.2473","0.2477","0.2466","","0.00%"
"12/21/2023","0.2472","0.2489","0.2490","0.2472","","-0.64%"
"12/20/2023","0.2488","0.2480","0.2491","0.2479","","0.38%"
"12/19/2023","0.2479","0.2493","0.2495","0.2478","","-0.54%"
"12/18/2023","0.2492","0.2499","0.2500","0.2491","","-0.26%"
"12/15/2023","0.2498","0.2477","0.2501","0.2474","","0.90%"
"12/14/2023","0.2476","0.2504","0.2505","0.2473","","-1.09%"
"12/13/2023","0.2503","0.2523","0.2528","0.2499","","-0.73%"
"12/12/2023","0.2522","0.2530","0.2531","0.2515","","-0.27%"
"12/11/2023","0.2529","0.2530","0.2535","0.2526","","0.00%"
"12/08/2023","0.2529","0.2523","0.2540","0.2521","","0.29%"
"12/07/2023","0.2522","0.2529","0.2532","0.2517","","-0.28%"
"12/06/2023","0.2529","0.2522","0.2531","0.2520","","0.32%"
"12/05/2023","0.2521","0.2513","0.2526","0.2510","","0.35%"
"12/04/2023","0.2512","0.2502","0.2520","0.2499","","0.44%"
"12/01/2023","0.2501","0.2501","0.2515","0.2495","","0.05%"
"11/30/2023","0.2500","0.2482","0.2503","0.2479","","0.76%"
"11/29/2023","0.2481","0.2477","0.2485","0.2471","","0.22%"
"11/28/2023","0.2476","0.2485","0.2490","0.2473","","-0.36%"
"11/27/2023","0.2485","0.2489","0.2493","0.2484","","-0.13%"
"11/24/2023","0.2488","0.2497","0.2499","0.2487","","-0.33%"
"11/23/2023","0.2496","0.2501","0.2502","0.2491","","-0.14%"
"11/22/2023","0.2500","0.2495","0.2509","0.2492","","0.22%"
"11/21/2023","0.2494","0.2489","0.2498","0.2483","","0.25%"
"11/20/2023","0.2488","0.2496","0.2499","0.2486","","-0.28%"
"11/17/2023","0.2495","0.2509","0.2515","0.2494","","-0.53%"
"11/16/2023","0.2508","0.2510","0.2514","0.2499","","-0.04%"
"11/15/2023","0.2509","0.2503","0.2514","0.2501","","0.28%"
"11/14/2023","0.2502","0.2545","0.2546","0.2500","","-1.65%"
"11/13/2023","0.2544","0.2548","0.2553","0.2543","","-0.14%"
"11/10/2023","0.2548","0.2552","0.2555","0.2546","","-0.15%"
"11/09/2023","0.2552","0.2543","0.2554","0.2538","","0.36%"
"11/08/2023","0.2542","0.2545","0.2554","0.2540","","-0.06%"
"11/07/2023","0.2544","0.2540","0.2553","0.2539","","0.16%"
"11/06/2023","0.2540","0.2537","0.2541","0.2531","","0.13%"
"11/03/2023","0.2537","0.2563","0.2565","0.2533","","-1.01%"
"11/02/2023","0.2562","0.2576","0.2577","0.2552","","-0.48%"
"11/01/2023","0.2575","0.2575","0.2589","0.2573","","0.06%"
"10/31/2023","0.2573","0.2565","0.2579","0.2550","","0.35%"
"10/30/2023","0.2564","0.2577","0.2582","0.2562","","-0.46%"
"10/27/2023","0.2576","0.2579","0.2585","0.2569","","-0.03%"
"10/26/2023","0.2577","0.2576","0.2587","0.2575","","0.02%"
"10/25/2023","0.2576","0.2571","0.2577","0.2567","","0.24%"
"10/24/2023","0.2570","0.2552","0.2573","0.2546","","0.75%"
"10/23/2023","0.2551","0.2570","0.2576","0.2550","","-0.73%"
"10/20/2023","0.2570","0.2573","0.2577","0.2567","","-0.08%"
"10/19/2023","0.2572","0.2584","0.2586","0.2564","","-0.44%"
"10/18/2023","0.2583","0.2574","0.2587","0.2570","","0.37%"
"10/17/2023","0.2573","0.2578","0.2585","0.2569","","-0.16%"
"10/16/2023","0.2577","0.2591","0.2591","0.2577","","-0.46%"
"10/13/2023","0.2589","0.2586","0.2594","0.2578","","0.16%"
"10/12/2023","0.2585","0.2563","0.2587","0.2559","","0.87%"
"10/11/2023","0.2563","0.2567","0.2573","0.2560","","-0.12%"
"10/10/2023","0.2566","0.2576","0.2580","0.2563","","-0.36%"
"10/09/2023","0.2576","0.2578","0.2588","0.2575","","0.19%"
"10/06/2023","0.2571","0.2581","0.2597","0.2568","","-0.36%"
"10/05/2023","0.2580","0.2591","0.2593","0.2580","","-0.43%"
"10/04/2023","0.2591","0.2600","0.2605","0.2585","","-0.36%"
"10/03/2023","0.2600","0.2598","0.2606","0.2594","","0.11%"
"10/02/2023","0.2598","0.2576","0.2599","0.2570","","0.90%"
"09/29/2023","0.2575","0.2577","0.2579","0.2564","","-0.10%"
"09/28/2023","0.2577","0.2592","0.2595","0.2573","","-0.55%"
"09/27/2023","0.2591","0.2575","0.2596","0.2575","","0.66%"
"09/26/2023","0.2574","0.2570","0.2578","0.2566","","0.19%"
"09/25/2023","0.2569","0.2556","0.2575","0.2555","","0.59%"
"09/22/2023","0.2555","0.2554","0.2565","0.2551","","0.04%"
"09/21/2023","0.2553","0.2554","0.2564","0.2551","","0.02%"
"09/20/2023","0.2553","0.2550","0.2557","0.2535","","0.17%"
"09/19/2023","0.2549","0.2546","0.2551","0.2540","","0.11%"
"09/18/2023","0.2546","0.2553","0.2555","0.2544","","-0.32%"
"09/15/2023","0.2554","0.2558","0.2561","0.2547","","-0.13%"
"09/14/2023","0.2557","0.2538","0.2561","0.2532","","0.80%"
"09/13/2023","0.2537","0.2532","0.2542","0.2529","","0.25%"
"09/12/2023","0.2531","0.2532","0.2543","0.2528","","-0.05%"
"09/11/2023","0.2532","0.2544","0.2544","0.2530","","-0.46%"
"09/08/2023","0.2544","0.2545","0.2546","0.2534","","0.00%"
"09/07/2023","0.2544","0.2538","0.2548","0.2537","","0.24%"
"09/06/2023","0.2537","0.2538","0.2544","0.2533","","0.02%"
"09/05/2023","0.2537","0.2522","0.2543","0.2521","","0.59%"
"09/04/2023","0.2522","0.2526","0.2528","0.2518","","-0.16%"
"09/01/2023","0.2526","0.2511","0.2528","0.2502","","0.63%"
"08/31/2023","0.2510","0.2492","0.2513","0.2488","","0.75%"
"08/30/2023","0.2491","0.2503","0.2508","0.2487","","-0.42%"
"08/29/2023","0.2502","0.2517","0.2525","0.2500","","-0.56%"
"08/28/2023","0.2516","0.2521","0.2522","0.2516","","-0.17%"
"08/25/2023","0.2520","0.2519","0.2529","0.2511","","0.09%"
"08/24/2023","0.2518","0.2507","0.2520","0.2503","","0.46%"
"08/23/2023","0.2506","0.2510","0.2521","0.2504","","-0.14%"
"08/22/2023","0.2510","0.2499","0.2513","0.2491","","0.44%"
"08/21/2023","0.2499","0.2503","0.2505","0.2494","","-0.22%"
"08/18/2023","0.2504","0.2504","0.2511","0.2499","","0.04%"
"08/17/2023","0.2503","0.2503","0.2508","0.2493","","0.04%"
"08/16/2023","0.2502","0.2497","0.2504","0.2490","","0.24%"
"08/15/2023","0.2496","0.2496","0.2499","0.2485","","0.02%"
"08/14/2023","0.2495","0.2486","0.2504","0.2484","","0.37%"
"08/11/2023","0.2486","0.2479","0.2488","0.2474","","0.32%"
"08/10/2023","0.2479","0.2481","0.2483","0.2460","","-0.06%"
"08/09/2023","0.2480","0.2485","0.2486","0.2476","","-0.17%"
"08/08/2023","0.2484","0.2474","0.2491","0.2472","","0.45%"
"08/07/2023","0.2473","0.2473","0.2483","0.2471","","0.04%"
"08/04/2023","0.2472","0.2487","0.2490","0.2465","","-0.59%"
"08/03/2023","0.2487","0.2489","0.2495","0.2483","","-0.06%"
"08/02/2023","0.2488","0.2479","0.2494","0.2470","","0.42%"
"08/01/2023","0.2478","0.2476","0.2486","0.2474","","0.11%"
"07/31/2023","0.2475","0.2471","0.2477","0.2464","","0.17%"
"07/28/2023","0.2471","0.2480","0.2488","0.2464","","-0.36%"
"07/27/2023","0.2480","0.2457","0.2483","0.2442","","1.00%"
"07/26/2023","0.2456","0.2463","0.2467","0.2451","","-0.26%"
"07/25/2023","0.2462","0.2461","0.2470","0.2456","","0.07%"
"07/24/2023","0.2460","0.2447","0.2462","0.2442","","0.54%"
"07/21/2023","0.2447","0.2445","0.2451","0.2443","","0.07%"
"07/20/2023","0.2445","0.2431","0.2449","0.2424","","0.62%"
"07/19/2023","0.2430","0.2425","0.2437","0.2422","","0.23%"
"07/18/2023","0.2425","0.2423","0.2429","0.2414","","0.10%"
"07/17/2023","0.2422","0.2425","0.2430","0.2420","","-0.06%"
"07/14/2023","0.2424","0.2425","0.2430","0.2421","","-0.02%"
"07/13/2023","0.2424","0.2446","0.2447","0.2425","","-0.85%"
"07/12/2023","0.2445","0.2473","0.2474","0.2444","","-1.10%"
"07/11/2023","0.2473","0.2475","0.2481","0.2469","","-0.06%"
"07/10/2023","0.2474","0.2482","0.2488","0.2474","","-0.29%"
"07/07/2023","0.2481","0.2501","0.2505","0.2481","","-0.73%"
"07/06/2023","0.2500","0.2508","0.2513","0.2498","","-0.32%"
"07/05/2023","0.2508","0.2503","0.2509","0.2496","","0.22%"
"07/04/2023","0.2502","0.2495","0.2503","0.2494","","0.31%"
"07/03/2023","0.2494","0.2495","0.2505","0.2490","","0.00%"
"06/30/2023","0.2494","0.2506","0.2513","0.2490","","-0.42%"
"06/29/2023","0.2505","0.2495","0.2507","0.2488","","0.44%"
"06/28/2023","0.2494","0.2484","0.2499","0.2483","","0.43%"
"06/27/2023","0.2483","0.2496","0.2497","0.2480","","-0.50%"
"06/26/2023","0.2495","0.2499","0.2501","0.2493","","-0.14%"
"06/23/2023","0.2499","0.2485","0.2511","0.2484","","0.60%"
"06/22/2023","0.2484","0.2478","0.2487","0.2472","","0.26%"
"06/21/2023","0.2478","0.2494","0.2497","0.2477","","-0.62%"
"06/20/2023","0.2493","0.2493","0.2500","0.2487","","0.03%"
"06/19/2023","0.2492","0.2490","0.2496","0.2487","","0.16%"
"06/16/2023","0.2488","0.2488","0.2494","0.2482","","0.06%"
"06/15/2023","0.2487","0.2514","0.2520","0.2485","","-1.03%"
"06/14/2023","0.2512","0.2523","0.2527","0.2506","","-0.37%"
"06/13/2023","0.2522","0.2531","0.2532","0.2515","","-0.34%"
"06/12/2023","0.2530","0.2533","0.2537","0.2523","","-0.06%"
"06/09/2023","0.2532","0.2525","0.2535","0.2524","","0.31%"
"06/08/2023","0.2524","0.2545","0.2546","0.2524","","-0.77%"
"06/07/2023","0.2544","0.2546","0.2552","0.2535","","-0.07%"
"06/06/2023","0.2546","0.2541","0.2553","0.2537","","0.21%"
"06/05/2023","0.2540","0.2543","0.2551","0.2539","","-0.06%"
"06/02/2023","0.2542","0.2530","0.2543","0.2526","","0.50%"
"06/01/2023","0.2529","0.2547","0.2554","0.2528","","-0.67%"
"05/31/2023","0.2546","0.2536","0.2560","0.2536","","0.42%"
"05/30/2023","0.2535","0.2543","0.2551","0.2533","","-0.28%"
"05/29/2023","0.2543","0.2539","0.2544","0.2534","","0.16%"
"05/26/2023","0.2539","0.2540","0.2545","0.2531","","-0.03%"
"05/25/2023","0.2539","0.2533","0.2543","0.2531","","0.27%"
"05/24/2023","0.2532","0.2528","0.2534","0.2521","","0.18%"
"05/23/2023","0.2528","0.2518","0.2531","0.2516","","0.41%"
"05/22/2023","0.2518","0.2518","0.2523","0.2514","","-0.08%"
"05/19/2023","0.2520","0.2528","0.2531","0.2515","","-0.32%"
"05/18/2023","0.2528","0.2512","0.2531","0.2510","","0.65%"
"05/17/2023","0.2511","0.2507","0.2520","0.2504","","0.22%"
"05/16/2023","0.2506","0.2504","0.2509","0.2497","","0.09%"
"05/15/2023","0.2504","0.2508","0.2511","0.2500","","-0.22%"
"05/12/2023","0.2509","0.2495","0.2511","0.2490","","0.61%"
"05/11/2023","0.2494","0.2480","0.2499","0.2476","","0.61%"
"05/10/2023","0.2479","0.2484","0.2489","0.2474","","-0.19%"
"05/09/2023","0.2484","0.2474","0.2489","0.2474","","0.41%"
"05/08/2023","0.2473","0.2471","0.2476","0.2463","","0.11%"
"05/05/2023","0.2471","0.2473","0.2483","0.2465","","-0.06%"
"05/04/2023","0.2472","0.2462","0.2479","0.2455","","0.45%"
"05/03/2023","0.2461","0.2476","0.2476","0.2455","","-0.53%"
"05/02/2023","0.2474","0.2481","0.2489","0.2474","","-0.23%"
"05/01/2023","0.2480","0.2471","0.2484","0.2467","","0.41%"
"04/28/2023","0.2470","0.2469","0.2484","0.2465","","0.06%"
"04/27/2023","0.2468","0.2466","0.2478","0.2461","","0.12%"
"04/26/2023","0.2465","0.2482","0.2483","0.2454","","-0.64%"
"04/25/2023","0.2481","0.2465","0.2484","0.2460","","0.65%"
"04/24/2023","0.2465","0.2477","0.2484","0.2464","","-0.47%"
"04/21/2023","0.2477","0.2482","0.2490","0.2477","","-0.20%"
"04/20/2023","0.2482","0.2486","0.2491","0.2478","","-0.13%"
"04/19/2023","0.2485","0.2482","0.2494","0.2479","","0.17%"
"04/18/2023","0.2481","0.2492","0.2493","0.2479","","-0.42%"
"04/17/2023","0.2491","0.2478","0.2496","0.2475","","0.69%"
"04/14/2023","0.2474","0.2466","0.2482","0.2458","","0.39%"
"04/13/2023","0.2465","0.2477","0.2481","0.2460","","-0.48%"
"04/12/2023","0.2477","0.2496","0.2496","0.2475","","-0.69%"
"04/11/2023","0.2494","0.2507","0.2508","0.2492","","-0.48%"
"04/10/2023","0.2506","0.2498","0.2514","0.2494","","0.36%"
"04/07/2023","0.2497","0.2493","0.2503","0.2492","","0.20%"
"04/06/2023","0.2492","0.2497","0.2502","0.2489","","-0.14%"
"04/05/2023","0.2496","0.2486","0.2500","0.2482","","0.41%"
"04/04/2023","0.2486","0.2499","0.2502","0.2481","","-0.50%"
"04/03/2023","0.2498","0.2510","0.2524","0.2494","","-0.51%"
"03/31/2023","0.2511","0.2497","0.2513","0.2492","","0.57%"
"03/30/2023","0.2497","0.2511","0.2516","0.2492","","-0.53%"
"03/29/2023","0.2510","0.2511","0.2517","0.2505","","0.00%"
"03/28/2023","0.2510","0.2522","0.2522","0.2510","","-0.42%"
"03/27/2023","0.2521","0.2530","0.2534","0.2521","","-0.34%"
"03/24/2023","0.2530","0.2515","0.2542","0.2512","","0.66%"
"03/23/2023","0.2513","0.2508","0.2515","0.2491","","0.24%"
"03/22/2023","0.2507","0.2529","0.2531","0.2495","","-0.80%"
"03/21/2023","0.2527","0.2539","0.2544","0.2524","","-0.47%"
"03/20/2023","0.2539","0.2552","0.2561","0.2537","","-0.48%"
"03/17/2023","0.2551","0.2567","0.2567","0.2548","","-0.58%"
"03/16/2023","0.2566","0.2574","0.2581","0.2560","","-0.29%"
"03/15/2023","0.2574","0.2537","0.2589","0.2530","","1.46%"
"03/14/2023","0.2537","0.2537","0.2550","0.2533","","0.00%"
"03/13/2023","0.2536","0.2558","0.2558","0.2533","","-0.83%"
"03/10/2023","0.2558","0.2573","0.2575","0.2544","","-0.56%"
"03/09/2023","0.2572","0.2582","0.2584","0.2570","","-0.34%"
"03/08/2023","0.2581","0.2581","0.2587","0.2575","","0.03%"
"03/07/2023","0.2580","0.2549","0.2582","0.2546","","1.22%"
"03/06/2023","0.2549","0.2560","0.2565","0.2546","","-0.41%"
"03/03/2023","0.2559","0.2569","0.2572","0.2559","","-0.34%"
"03/02/2023","0.2568","0.2552","0.2575","0.2551","","0.67%"
"03/01/2023","0.2551","0.2574","0.2577","0.2546","","-0.86%"
"02/28/2023","0.2573","0.2567","0.2575","0.2557","","0.29%"
"02/27/2023","0.2566","0.2583","0.2585","0.2563","","-0.57%"
"02/24/2023","0.2580","0.2569","0.2584","0.2565","","0.45%"
"02/23/2023","0.2569","0.2567","0.2574","0.2562","","0.07%"
"02/22/2023","0.2567","0.2557","0.2569","0.2553","","0.42%"
"02/21/2023","0.2556","0.2548","0.2559","0.2545","","0.34%"
"02/20/2023","0.2547","0.2546","0.2552","0.2543","","0.07%"
"02/17/2023","0.2546","0.2551","0.2566","0.2545","","-0.20%"
"02/16/2023","0.2551","0.2547","0.2555","0.2539","","0.18%"
"02/15/2023","0.2546","0.2535","0.2554","0.2534","","0.45%"
"02/14/2023","0.2535","0.2539","0.2543","0.2520","","-0.15%"
"02/13/2023","0.2539","0.2549","0.2555","0.2537","","-0.39%"
"02/10/2023","0.2549","0.2535","0.2553","0.2532","","0.55%"
"02/09/2023","0.2535","0.2542","0.2542","0.2522","","-0.25%"
"02/08/2023","0.2541","0.2538","0.2542","0.2530","","0.14%"
"02/07/2023","0.2537","0.2538","0.2552","0.2528","","0.06%"
"02/06/2023","0.2536","0.2523","0.2542","0.2521","","0.59%"
"02/03/2023","0.2521","0.2496","0.2523","0.2488","","1.09%"
"02/02/2023","0.2494","0.2477","0.2501","0.2467","","0.71%"
"02/01/2023","0.2476","0.2506","0.2509","0.2475","","-1.17%"
"01/31/2023","0.2506","0.2509","0.2521","0.2503","","-0.15%"
"01/30/2023","0.2509","0.2504","0.2512","0.2494","","0.21%"
"01/27/2023","0.2504","0.2500","0.2512","0.2497","","0.21%"
"01/26/2023","0.2499","0.2494","0.2509","0.2491","","0.24%"
"01/25/2023","0.2493","0.2501","0.2508","0.2492","","-0.33%"
"01/24/2023","0.2501","0.2504","0.2513","0.2498","","-0.10%"
"01/23/2023","0.2504","0.2507","0.2510","0.2491","","-0.13%"
"01/20/2023","0.2507","0.2513","0.2521","0.2507","","-0.25%"
"01/19/2023","0.2513","0.2523","0.2525","0.2511","","-0.33%"
"01/18/2023","0.2521","0.2523","0.2529","0.2500","","-0.07%"
"01/17/2023","0.2523","0.2516","0.2527","0.2504","","0.29%"
"01/16/2023","0.2516","0.2514","0.2521","0.2504","","0.10%"
"01/13/2023","0.2513","0.2510","0.2526","0.2505","","0.20%"
"01/12/2023","0.2508","0.2531","0.2537","0.2505","","-0.86%"
"01/11/2023","0.2530","0.2536","0.2539","0.2526","","-0.19%"
"01/10/2023","0.2535","0.2539","0.2542","0.2530","","-0.06%"
"01/09/2023","0.2537","0.2558","0.2560","0.2530","","-0.79%"
"01/06/2023","0.2557","0.2587","0.2597","0.2557","","-1.15%"
"01/05/2023","0.2587","0.2567","0.2589","0.2561","","0.75%"
"01/04/2023","0.2567","0.2581","0.2583","0.2560","","-0.47%"
"01/03/2023","0.2579","0.2553","0.2589","0.2548","","1.05%"
"01/02/2023","0.2553","0.2544","0.2557","0.2543","","0.37%"
"12/30/2022","0.2543","0.2554","0.2560","0.2541","","-0.41%"
"12/29/2022","0.2553","0.2566","0.2567","0.2547","","-0.45%"
"12/28/2022","0.2565","0.2559","0.2567","0.2551","","0.26%"
"12/27/2022","0.2558","0.2559","0.2566","0.2552","","0.00%"
"12/26/2022","0.2559","0.2565","0.2568","0.2559","","-0.20%"
"12/23/2022","0.2564","0.2570","0.2572","0.2561","","-0.20%"
"12/22/2022","0.2569","0.2567","0.2576","0.2554","","0.10%"
"12/21/2022","0.2567","0.2562","0.2572","0.2558","","0.16%"
"12/20/2022","0.2562","0.2567","0.2574","0.2554","","-0.14%"
"12/19/2022","0.2566","0.2573","0.2575","0.2555","","-0.22%"
"12/16/2022","0.2572","0.2562","0.2573","0.2553","","0.41%"
"12/15/2022","0.2561","0.2548","0.2571","0.2536","","0.51%"
"12/14/2022","0.2548","0.2560","0.2564","0.2545","","-0.46%"
"12/13/2022","0.2560","0.2585","0.2586","0.2551","","-0.90%"
"12/12/2022","0.2583","0.2586","0.2592","0.2573","","-0.03%"
"12/09/2022","0.2584","0.2578","0.2591","0.2571","","0.22%"
"12/08/2022","0.2578","0.2591","0.2596","0.2577","","-0.48%"
"12/07/2022","0.2591","0.2600","0.2607","0.2580","","-0.35%"
"12/06/2022","0.2600","0.2596","0.2603","0.2585","","0.21%"
"12/05/2022","0.2594","0.2583","0.2598","0.2569","","0.47%"
"12/02/2022","0.2582","0.2587","0.2611","0.2582","","-0.15%"
"12/01/2022","0.2586","0.2616","0.2620","0.2584","","-1.11%"
"11/30/2022","0.2615","0.2636","0.2646","0.2610","","-0.75%"
"11/29/2022","0.2635","0.2633","0.2638","0.2619","","0.10%"
"11/28/2022","0.2632","0.2622","0.2636","0.2593","","0.56%"
"11/25/2022","0.2618","0.2616","0.2629","0.2610","","0.10%"
"11/24/2022","0.2615","0.2618","0.2623","0.2605","","-0.11%"
"11/23/2022","0.2618","0.2642","0.2644","0.2616","","-0.89%"
"11/22/2022","0.2641","0.2658","0.2659","0.2641","","-0.59%"
"11/21/2022","0.2657","0.2637","0.2663","0.2634","","0.78%"
"11/18/2022","0.2637","0.2627","0.2640","0.2619","","0.38%"
"11/17/2022","0.2627","0.2619","0.2642","0.2616","","0.31%"
"11/16/2022","0.2618","0.2632","0.2635","0.2608","","-0.43%"
"11/15/2022","0.2630","0.2637","0.2648","0.2598","","-0.21%"
"11/14/2022","0.2636","0.2626","0.2651","0.2626","","0.27%"
"11/11/2022","0.2628","0.2667","0.2679","0.2627","","-1.41%"
"11/10/2022","0.2666","0.2719","0.2740","0.2663","","-1.90%"
"11/09/2022","0.2718","0.2702","0.2725","0.2698","","0.60%"
"11/08/2022","0.2702","0.2717","0.2730","0.2696","","-0.53%"
"11/07/2022","0.2716","0.2747","0.2750","0.2713","","-0.60%"
"11/04/2022","0.2732","0.2792","0.2795","0.2731","","-2.10%"
"11/03/2022","0.2791","0.2773","0.2799","0.2767","","0.69%"
"11/02/2022","0.2772","0.2757","0.2774","0.2729","","0.55%"
"11/01/2022","0.2757","0.2754","0.2763","0.2735","","0.12%"
"10/31/2022","0.2753","0.2737","0.2758","0.2732","","0.81%"
"10/28/2022","0.2731","0.2732","0.2743","0.2723","","0.00%"
"10/27/2022","0.2731","0.2701","0.2734","0.2697","","1.16%"
"10/26/2022","0.2700","0.2732","0.2738","0.2698","","-1.12%"
"10/25/2022","0.2731","0.2757","0.2765","0.2729","","-0.93%"
"10/24/2022","0.2756","0.2759","0.2776","0.2750","","-0.12%"
"10/21/2022","0.2760","0.2782","0.2806","0.2759","","-0.78%"
"10/20/2022","0.2781","0.2786","0.2791","0.2765","","-0.13%"
"10/19/2022","0.2785","0.2762","0.2790","0.2758","","0.84%"
"10/18/2022","0.2762","0.2767","0.2775","0.2757","","-0.15%"
"10/17/2022","0.2766","0.2801","0.2801","0.2763","","-1.21%"
"10/14/2022","0.2800","0.2785","0.2805","0.2776","","0.56%"
"10/13/2022","0.2784","0.2805","0.2827","0.2776","","-0.71%"
"10/12/2022","0.2804","0.2805","0.2816","0.2797","","0.00%"
"10/11/2022","0.2804","0.2806","0.2815","0.2785","","-0.04%"
"10/10/2022","0.2806","0.2794","0.2812","0.2791","","0.43%"
"10/07/2022","0.2793","0.2781","0.2799","0.2773","","0.49%"
"10/06/2022","0.2780","0.2755","0.2782","0.2743","","0.93%"
"10/05/2022","0.2754","0.2726","0.2769","0.2724","","1.04%"
"10/04/2022","0.2726","0.2770","0.2777","0.2722","","-1.59%"
"10/03/2022","0.2770","0.2778","0.2792","0.2765","","-0.26%"
"09/30/2022","0.2777","0.2773","0.2797","0.2763","","0.15%"
"09/29/2022","0.2773","0.2797","0.2826","0.2773","","-0.82%"
"09/28/2022","0.2796","0.2838","0.2855","0.2792","","-1.45%"
"09/27/2022","0.2837","0.2833","0.2845","0.2815","","0.16%"
"09/26/2022","0.2832","0.2809","0.2846","0.2804","","0.87%"
"09/23/2022","0.2808","0.2767","0.2816","0.2763","","1.46%"
"09/22/2022","0.2768","0.2767","0.2776","0.2748","","0.03%"
"09/21/2022","0.2767","0.2730","0.2774","0.2729","","1.36%"
"09/20/2022","0.2730","0.2716","0.2735","0.2709","","0.52%"
"09/19/2022","0.2715","0.2718","0.2732","0.2714","","-0.06%"
"09/16/2022","0.2717","0.2722","0.2738","0.2712","","-0.15%"
"09/15/2022","0.2721","0.2728","0.2735","0.2718","","-0.20%"
"09/14/2022","0.2727","0.2730","0.2735","0.2716","","-0.12%"
"09/13/2022","0.2730","0.2690","0.2732","0.2672","","1.50%"
"09/12/2022","0.2689","0.2701","0.2707","0.2669","","-0.78%"
"09/09/2022","0.2711","0.2723","0.2724","0.2692","","-0.44%"
"09/08/2022","0.2722","0.2722","0.2742","0.2714","","0.05%"
"09/07/2022","0.2721","0.2749","0.2757","0.2719","","-0.97%"
"09/06/2022","0.2748","0.2742","0.2760","0.2726","","0.24%"
"09/05/2022","0.2741","0.2736","0.2757","0.2736","","0.24%"
"09/02/2022","0.2734","0.2737","0.2738","0.2713","","-0.08%"
"09/01/2022","0.2737","0.2707","0.2747","0.2707","","1.15%"
"08/31/2022","0.2706","0.2719","0.2731","0.2701","","-0.45%"
"08/30/2022","0.2718","0.2723","0.2728","0.2708","","-0.17%"
"08/29/2022","0.2722","0.2727","0.2746","0.2714","","-0.34%"
"08/26/2022","0.2732","0.2730","0.2737","0.2698","","0.11%"
"08/25/2022","0.2729","0.2732","0.2737","0.2713","","-0.08%"
"08/24/2022","0.2731","0.2731","0.2747","0.2722","","0.03%"
"08/23/2022","0.2730","0.2738","0.2750","0.2717","","-0.27%"
"08/22/2022","0.2738","0.2713","0.2743","0.2710","","0.94%"
"08/19/2022","0.2712","0.2698","0.2714","0.2697","","0.54%"
"08/18/2022","0.2697","0.2674","0.2701","0.2671","","0.90%"
"08/17/2022","0.2673","0.2677","0.2684","0.2668","","-0.09%"
"08/16/2022","0.2676","0.2679","0.2690","0.2670","","-0.10%"
"08/15/2022","0.2678","0.2653","0.2681","0.2651","","0.97%"
"08/12/2022","0.2653","0.2639","0.2659","0.2636","","0.56%"
"08/11/2022","0.2638","0.2643","0.2650","0.2626","","-0.19%"
"08/10/2022","0.2643","0.2666","0.2669","0.2626","","-0.83%"
"08/09/2022","0.2665","0.2670","0.2672","0.2657","","-0.16%"
"08/08/2022","0.2669","0.2675","0.2680","0.2663","","-0.14%"
"08/05/2022","0.2673","0.2657","0.2685","0.2655","","0.61%"
"08/04/2022","0.2657","0.2678","0.2681","0.2655","","-0.78%"
"08/03/2022","0.2677","0.2678","0.2690","0.2666","","0.00%"
"08/02/2022","0.2677","0.2653","0.2679","0.2645","","0.97%"
"08/01/2022","0.2652","0.2664","0.2668","0.2649","","-0.42%"
"07/29/2022","0.2663","0.2670","0.2684","0.2655","","-0.23%"
"07/28/2022","0.2669","0.2668","0.2692","0.2660","","0.07%"
"07/27/2022","0.2667","0.2691","0.2697","0.2663","","-0.86%"
"07/26/2022","0.2691","0.2663","0.2694","0.2656","","1.04%"
"07/25/2022","0.2663","0.2666","0.2675","0.2654","","-0.09%"
"07/22/2022","0.2665","0.2662","0.2688","0.2654","","0.17%"
"07/21/2022","0.2661","0.2675","0.2681","0.2649","","-0.49%"
"07/20/2022","0.2674","0.2662","0.2681","0.2650","","0.46%"
"07/19/2022","0.2661","0.2684","0.2690","0.2651","","-0.82%"
"07/18/2022","0.2684","0.2699","0.2702","0.2669","","-0.52%"
"07/15/2022","0.2698","0.2718","0.2721","0.2696","","-0.70%"
"07/14/2022","0.2717","0.2706","0.2736","0.2705","","0.44%"
"07/13/2022","0.2705","0.2712","0.2723","0.2689","","-0.23%"
"07/12/2022","0.2711","0.2712","0.2723","0.2702","","0.02%"
"07/11/2022","0.2711","0.2676","0.2713","0.2673","","1.43%"
"07/08/2022","0.2672","0.2679","0.2703","0.2671","","-0.24%"
"07/07/2022","0.2679","0.2674","0.2684","0.2663","","0.19%"
"07/06/2022","0.2673","0.2651","0.2679","0.2649","","0.85%"
"07/05/2022","0.2651","0.2613","0.2660","0.2605","","1.52%"
"07/04/2022","0.2611","0.2611","0.2614","0.2602","","0.05%"
"07/01/2022","0.2610","0.2597","0.2626","0.2596","","0.52%"
"06/30/2022","0.2596","0.2608","0.2622","0.2596","","-0.40%"
"06/29/2022","0.2607","0.2588","0.2609","0.2584","","0.74%"
"06/28/2022","0.2588","0.2572","0.2592","0.2567","","0.61%"
"06/27/2022","0.2572","0.2579","0.2581","0.2565","","-0.25%"
"06/24/2022","0.2578","0.2586","0.2590","0.2575","","-0.29%"
"06/23/2022","0.2586","0.2576","0.2597","0.2573","","0.38%"
"06/22/2022","0.2576","0.2586","0.2601","0.2567","","-0.36%"
"06/21/2022","0.2585","0.2590","0.2591","0.2572","","-0.15%"
"06/20/2022","0.2589","0.2593","0.2600","0.2581","","-0.10%"
"06/17/2022","0.2592","0.2581","0.2607","0.2578","","0.48%"
"06/16/2022","0.2580","0.2607","0.2623","0.2568","","-1.01%"
"06/15/2022","0.2606","0.2614","0.2628","0.2591","","-0.26%"
"06/14/2022","0.2613","0.2615","0.2619","0.2597","","-0.10%"
"06/13/2022","0.2615","0.2590","0.2618","0.2588","","1.05%"
"06/10/2022","0.2588","0.2564","0.2592","0.2558","","0.93%"
"06/09/2022","0.2564","0.2541","0.2566","0.2527","","0.94%"
"06/08/2022","0.2540","0.2544","0.2551","0.2533","","-0.14%"
"06/07/2022","0.2544","0.2546","0.2556","0.2541","","-0.07%"
"06/06/2022","0.2545","0.2539","0.2548","0.2532","","0.24%"
"06/03/2022","0.2539","0.2533","0.2543","0.2529","","0.28%"
"06/02/2022","0.2532","0.2557","0.2558","0.2532","","-0.91%"
"06/01/2022","0.2556","0.2536","0.2562","0.2535","","0.80%"
"05/31/2022","0.2535","0.2526","0.2550","0.2526","","0.41%"
"05/30/2022","0.2525","0.2538","0.2538","0.2524","","-0.47%"
"05/27/2022","0.2537","0.2538","0.2545","0.2529","","-0.03%"
"05/26/2022","0.2537","0.2549","0.2554","0.2537","","-0.41%"
"05/25/2022","0.2548","0.2536","0.2558","0.2535","","0.49%"
"05/24/2022","0.2536","0.2547","0.2554","0.2533","","-0.40%"
"05/23/2022","0.2546","0.2575","0.2579","0.2545","","-1.21%"
"05/20/2022","0.2577","0.2571","0.2585","0.2569","","0.26%"
"05/19/2022","0.2570","0.2601","0.2603","0.2566","","-1.14%"
"05/18/2022","0.2600","0.2581","0.2603","0.2577","","0.78%"
"05/17/2022","0.2580","0.2610","0.2611","0.2579","","-1.10%"
"05/16/2022","0.2609","0.2617","0.2621","0.2607","","-0.19%"
"05/13/2022","0.2614","0.2623","0.2631","0.2613","","-0.34%"
"05/12/2022","0.2623","0.2590","0.2630","0.2586","","1.30%"
"05/11/2022","0.2589","0.2586","0.2593","0.2574","","0.15%"
"05/10/2022","0.2585","0.2579","0.2587","0.2572","","0.26%"
"05/09/2022","0.2578","0.2580","0.2594","0.2570","","-0.04%"
"05/06/2022","0.2579","0.2583","0.2597","0.2568","","-0.10%"
"05/05/2022","0.2582","0.2563","0.2595","0.2558","","0.77%"
"05/04/2022","0.2562","0.2589","0.2592","0.2561","","-0.95%"
"05/03/2022","0.2587","0.2592","0.2595","0.2574","","-0.17%"
"05/02/2022","0.2591","0.2581","0.2595","0.2576","","0.37%"
"04/29/2022","0.2582","0.2594","0.2595","0.2570","","-0.41%"
"04/28/2022","0.2592","0.2579","0.2600","0.2577","","0.54%"
"04/27/2022","0.2578","0.2559","0.2590","0.2555","","0.76%"
"04/26/2022","0.2559","0.2541","0.2560","0.2535","","0.71%"
"04/25/2022","0.2541","0.2511","0.2545","0.2511","","0.76%"
"04/22/2022","0.2521","0.2512","0.2528","0.2509","","0.40%"
"04/21/2022","0.2512","0.2509","0.2515","0.2489","","0.15%"
"04/20/2022","0.2508","0.2524","0.2525","0.2505","","-0.60%"
"04/19/2022","0.2523","0.2525","0.2530","0.2517","","-0.06%"
"04/18/2022","0.2524","0.2520","0.2528","0.2516","","0.24%"
"04/15/2022","0.2518","0.2514","0.2522","0.2514","","0.19%"
"04/14/2022","0.2513","0.2501","0.2531","0.2492","","0.53%"
"04/13/2022","0.2500","0.2515","0.2519","0.2499","","-0.54%"
"04/12/2022","0.2514","0.2502","0.2516","0.2497","","0.50%"
"04/11/2022","0.2501","0.2490","0.2504","0.2486","","-0.04%"
"04/08/2022","0.2502","0.2503","0.2512","0.2499","","0.00%"
"04/07/2022","0.2502","0.2499","0.2506","0.2489","","0.16%"
"04/06/2022","0.2498","0.2497","0.2504","0.2489","","0.08%"
"04/05/2022","0.2496","0.2481","0.2498","0.2477","","0.61%"
"04/04/2022","0.2481","0.2466","0.2484","0.2463","","0.76%"
"04/01/2022","0.2462","0.2460","0.2469","0.2458","","0.11%"
"03/31/2022","0.2459","0.2440","0.2462","0.2434","","0.83%"
"03/30/2022","0.2439","0.2456","0.2457","0.2437","","-0.65%"
"03/29/2022","0.2455","0.2480","0.2482","0.2444","","-0.96%"
"03/28/2022","0.2479","0.2477","0.2488","0.2475","","0.03%"
"03/25/2022","0.2478","0.2476","0.2480","0.2466","","0.13%"
"03/24/2022","0.2475","0.2474","0.2483","0.2472","","0.06%"
"03/23/2022","0.2473","0.2469","0.2483","0.2465","","0.24%"
"03/22/2022","0.2467","0.2471","0.2484","0.2465","","-0.13%"
"03/21/2022","0.2471","0.2462","0.2473","0.2459","","0.29%"
"03/18/2022","0.2464","0.2455","0.2474","0.2448","","0.39%"
"03/17/2022","0.2454","0.2467","0.2473","0.2444","","-0.53%"
"03/16/2022","0.2467","0.2486","0.2487","0.2464","","-0.72%"
"03/15/2022","0.2485","0.2489","0.2492","0.2470","","-0.13%"
"03/14/2022","0.2488","0.2488","0.2498","0.2476","","-0.26%"
"03/11/2022","0.2494","0.2479","0.2497","0.2465","","0.68%"
"03/10/2022","0.2478","0.2458","0.2480","0.2448","","0.83%"
"03/09/2022","0.2457","0.2497","0.2500","0.2454","","-1.58%"
"03/08/2022","0.2497","0.2508","0.2510","0.2484","","-0.43%"
"03/07/2022","0.2508","0.2486","0.2520","0.2486","","0.67%"
"03/04/2022","0.2491","0.2460","0.2501","0.2460","","1.28%"
"03/03/2022","0.2459","0.2449","0.2468","0.2447","","0.49%"
"03/02/2022","0.2447","0.2447","0.2462","0.2442","","0.06%"
"03/01/2022","0.2446","0.2427","0.2455","0.2424","","0.84%"
"02/28/2022","0.2426","0.2435","0.2448","0.2421","","0.43%"
"02/25/2022","0.2415","0.2433","0.2438","0.2415","","-0.67%"
"02/24/2022","0.2432","0.2407","0.2451","0.2406","","1.05%"
"02/23/2022","0.2406","0.2404","0.2409","0.2397","","0.13%"
"02/22/2022","0.2403","0.2407","0.2412","0.2395","","-0.14%"
"02/21/2022","0.2406","0.2406","0.2408","0.2390","","0.12%"
"02/18/2022","0.2404","0.2396","0.2406","0.2393","","0.33%"
"02/17/2022","0.2396","0.2394","0.2405","0.2391","","0.12%"
"02/16/2022","0.2393","0.2397","0.2400","0.2389","","-0.13%"
"02/15/2022","0.2396","0.2408","0.2409","0.2395","","-0.45%"
"02/14/2022","0.2407","0.2398","0.2414","0.2395","","0.39%"
"02/11/2022","0.2398","0.2382","0.2403","0.2382","","0.66%"
"02/10/2022","0.2382","0.2382","0.2394","0.2368","","-0.02%"
"02/09/2022","0.2383","0.2385","0.2388","0.2378","","-0.08%"
"02/08/2022","0.2385","0.2379","0.2389","0.2378","","0.24%"
"02/07/2022","0.2379","0.2374","0.2385","0.2374","","0.06%"
"02/04/2022","0.2377","0.2380","0.2386","0.2371","","-0.07%"
"02/03/2022","0.2379","0.2408","0.2416","0.2377","","-1.19%"
"02/02/2022","0.2408","0.2416","0.2417","0.2403","","-0.29%"
"02/01/2022","0.2415","0.2423","0.2426","0.2414","","-0.32%"
"01/31/2022","0.2422","0.2443","0.2444","0.2420","","-0.80%"
"01/28/2022","0.2442","0.2443","0.2448","0.2436","","0.00%"
"01/27/2022","0.2442","0.2422","0.2446","0.2421","","0.84%"
"01/26/2022","0.2422","0.2409","0.2423","0.2407","","0.55%"
"01/25/2022","0.2408","0.2404","0.2417","0.2403","","0.21%"
"01/24/2022","0.2403","0.2400","0.2411","0.2399","","0.15%"
"01/21/2022","0.2400","0.2407","0.2409","0.2397","","-0.26%"
"01/20/2022","0.2406","0.2400","0.2409","0.2395","","0.26%"
"01/19/2022","0.2400","0.2404","0.2406","0.2397","","-0.13%"
"01/18/2022","0.2403","0.2386","0.2406","0.2384","","0.73%"
"01/17/2022","0.2386","0.2385","0.2390","0.2381","","0.06%"
"01/14/2022","0.2384","0.2376","0.2389","0.2371","","0.34%"
"01/13/2022","0.2376","0.2379","0.2381","0.2371","","-0.10%"
"01/12/2022","0.2378","0.2395","0.2398","0.2377","","-0.69%"
"01/11/2022","0.2395","0.2404","0.2407","0.2393","","-0.35%"
"01/10/2022","0.2403","0.2398","0.2413","0.2396","","0.31%"
"01/07/2022","0.2396","0.2411","0.2412","0.2395","","-0.60%"
"01/06/2022","0.2410","0.2406","0.2413","0.2402","","0.20%"
"01/05/2022","0.2405","0.2412","0.2414","0.2399","","-0.25%"
"01/04/2022","0.2411","0.2410","0.2415","0.2404","","0.08%"
"01/03/2022","0.2410","0.2395","0.2414","0.2392","","0.66%"
"12/31/2021","0.2394","0.2405","0.2409","0.2391","","-0.40%"
"12/30/2021","0.2403","0.2399","0.2410","0.2397","","0.23%"
"12/29/2021","0.2398","0.2407","0.2415","0.2395","","-0.34%"
"12/28/2021","0.2406","0.2404","0.2412","0.2402","","0.15%"
"12/27/2021","0.2403","0.2406","0.2409","0.2402","","-0.08%"
"12/24/2021","0.2405","0.2403","0.2409","0.2400","","0.08%"
"12/23/2021","0.2403","0.2404","0.2412","0.2400","","0.00%"
"12/22/2021","0.2403","0.2414","0.2417","0.2400","","-0.36%"
"12/21/2021","0.2412","0.2414","0.2418","0.2409","","-0.07%"
"12/20/2021","0.2413","0.2422","0.2424","0.2408","","-0.33%"
"12/17/2021","0.2421","0.2403","0.2423","0.2399","","0.80%"
"12/16/2021","0.2402","0.2412","0.2413","0.2396","","-0.38%"
"12/15/2021","0.2411","0.2418","0.2426","0.2409","","-0.25%"
"12/14/2021","0.2417","0.2413","0.2419","0.2404","","0.22%"
"12/13/2021","0.2412","0.2407","0.2418","0.2405","","0.26%"
"12/10/2021","0.2406","0.2411","0.2417","0.2404","","-0.19%"
"12/09/2021","0.2410","0.2400","0.2414","0.2399","","0.43%"
"12/08/2021","0.2400","0.2416","0.2417","0.2398","","-0.65%"
"12/07/2021","0.2416","0.2412","0.2425","0.2409","","0.17%"
"12/06/2021","0.2412","0.2405","0.2417","0.2405","","0.26%"
"12/03/2021","0.2405","0.2409","0.2417","0.2402","","-0.12%"
"12/02/2021","0.2408","0.2405","0.2410","0.2399","","0.16%"
"12/01/2021","0.2405","0.2401","0.2409","0.2396","","0.16%"
"11/30/2021","0.2401","0.2411","0.2423","0.2392","","-0.41%"
"11/29/2021","0.2411","0.2409","0.2418","0.2406","","0.25%"
"11/26/2021","0.2405","0.2429","0.2430","0.2403","","-0.98%"
"11/25/2021","0.2428","0.2431","0.2431","0.2424","","-0.09%"
"11/24/2021","0.2430","0.2420","0.2434","0.2419","","0.45%"
"11/23/2021","0.2420","0.2423","0.2425","0.2415","","-0.11%"
"11/22/2021","0.2422","0.2411","0.2424","0.2411","","0.46%"
"11/19/2021","0.2411","0.2394","0.2420","0.2394","","0.73%"
"11/18/2021","0.2394","0.2405","0.2407","0.2393","","-0.47%"
"11/17/2021","0.2405","0.2405","0.2417","0.2402","","0.03%"
"11/16/2021","0.2404","0.2395","0.2407","0.2391","","0.42%"
"11/15/2021","0.2394","0.2377","0.2398","0.2375","","0.73%"
"11/12/2021","0.2377","0.2377","0.2381","0.2375","","0.00%"
"11/11/2021","0.2377","0.2371","0.2379","0.2370","","0.27%"
"11/10/2021","0.2371","0.2348","0.2372","0.2348","","0.98%"
"11/09/2021","0.2348","0.2349","0.2353","0.2345","","-0.04%"
"11/08/2021","0.2349","0.2354","0.2357","0.2348","","-0.18%"
"11/05/2021","0.2353","0.2356","0.2365","0.2352","","-0.12%"
"11/04/2021","0.2356","0.2345","0.2362","0.2343","","0.50%"
"11/03/2021","0.2344","0.2351","0.2355","0.2344","","-0.29%"
"11/02/2021","0.2351","0.2345","0.2352","0.2344","","0.24%"
"11/01/2021","0.2345","0.2355","0.2358","0.2345","","-0.37%"
"10/29/2021","0.2354","0.2331","0.2360","0.2329","","1.02%"
"10/28/2021","0.2330","0.2346","0.2351","0.2328","","-0.64%"
"10/27/2021","0.2345","0.2348","0.2350","0.2342","","-0.10%"
"10/26/2021","0.2347","0.2346","0.2350","0.2342","","0.12%"
"10/25/2021","0.2345","0.2337","0.2349","0.2334","","0.35%"
"10/22/2021","0.2336","0.2342","0.2343","0.2336","","-0.22%"
"10/21/2021","0.2342","0.2337","0.2343","0.2333","","0.25%"
"10/20/2021","0.2336","0.2340","0.2344","0.2335","","-0.15%"
"10/19/2021","0.2340","0.2345","0.2345","0.2333","","-0.20%"
"10/18/2021","0.2344","0.2348","0.2353","0.2342","","-0.09%"
"10/15/2021","0.2346","0.2348","0.2350","0.2343","","-0.03%"
"10/14/2021","0.2347","0.2348","0.2350","0.2342","","-0.04%"
"10/13/2021","0.2348","0.2362","0.2362","0.2347","","-0.55%"
"10/12/2021","0.2361","0.2356","0.2362","0.2353","","0.18%"
"10/11/2021","0.2357","0.2353","0.2358","0.2349","","0.16%"
"10/08/2021","0.2353","0.2357","0.2359","0.2350","","-0.14%"
"10/07/2021","0.2356","0.2356","0.2358","0.2353","","0.06%"
"10/06/2021","0.2355","0.2346","0.2362","0.2346","","0.35%"
"10/05/2021","0.2347","0.2343","0.2351","0.2342","","0.20%"
"10/04/2021","0.2342","0.2348","0.2350","0.2339","","-0.22%"
"10/01/2021","0.2347","0.2351","0.2355","0.2345","","-0.12%"
"09/30/2021","0.2350","0.2348","0.2355","0.2345","","0.13%"
"09/29/2021","0.2347","0.2330","0.2349","0.2329","","0.74%"
"09/28/2021","0.2330","0.2328","0.2333","0.2326","","0.10%"
"09/27/2021","0.2327","0.2322","0.2330","0.2321","","0.18%"
"09/24/2021","0.2323","0.2319","0.2327","0.2317","","0.19%"
"09/23/2021","0.2319","0.2330","0.2330","0.2317","","-0.43%"
"09/22/2021","0.2329","0.2322","0.2330","0.2316","","0.32%"
"09/21/2021","0.2321","0.2322","0.2324","0.2317","","0.00%"
"09/20/2021","0.2321","0.2321","0.2327","0.2320","","0.00%"
"09/17/2021","0.2321","0.2315","0.2322","0.2309","","0.33%"
"09/16/2021","0.2313","0.2304","0.2317","0.2303","","0.43%"
"09/15/2021","0.2303","0.2306","0.2307","0.2301","","-0.11%"
"09/14/2021","0.2306","0.2305","0.2307","0.2298","","0.05%"
"09/13/2021","0.2305","0.2305","0.2313","0.2304","","0.03%"
"09/10/2021","0.2304","0.2302","0.2306","0.2297","","0.09%"
"09/09/2021","0.2302","0.2304","0.2306","0.2299","","-0.08%"
"09/08/2021","0.2304","0.2299","0.2307","0.2297","","0.20%"
"09/07/2021","0.2299","0.2294","0.2300","0.2291","","0.26%"
"09/06/2021","0.2293","0.2291","0.2297","0.2290","","0.10%"
"09/03/2021","0.2291","0.2293","0.2295","0.2286","","-0.06%"
"09/02/2021","0.2292","0.2299","0.2301","0.2292","","-0.31%"
"09/01/2021","0.2299","0.2305","0.2309","0.2296","","-0.24%"
"08/31/2021","0.2305","0.2308","0.2308","0.2298","","-0.10%"
"08/30/2021","0.2307","0.2309","0.2311","0.2305","","0.00%"
"08/27/2021","0.2307","0.2317","0.2320","0.2307","","-0.37%"
"08/26/2021","0.2316","0.2313","0.2318","0.2311","","0.17%"
"08/25/2021","0.2312","0.2316","0.2322","0.2312","","-0.15%"
"08/24/2021","0.2315","0.2318","0.2322","0.2314","","-0.09%"
"08/23/2021","0.2317","0.2328","0.2329","0.2317","","-0.42%"
"08/20/2021","0.2327","0.2332","0.2334","0.2326","","-0.17%"
"08/19/2021","0.2331","0.2325","0.2334","0.2324","","0.31%"
"08/18/2021","0.2324","0.2325","0.2328","0.2318","","-0.03%"
"08/17/2021","0.2324","0.2312","0.2325","0.2310","","0.60%"
"08/16/2021","0.2311","0.2308","0.2314","0.2307","","0.12%"
"08/13/2021","0.2308","0.2321","0.2321","0.2306","","-0.54%"
"08/12/2021","0.2321","0.2319","0.2322","0.2317","","0.09%"
"08/11/2021","0.2318","0.2323","0.2326","0.2316","","-0.16%"
"08/10/2021","0.2322","0.2319","0.2325","0.2318","","0.16%"
"08/09/2021","0.2319","0.2315","0.2320","0.2313","","0.19%"
"08/06/2021","0.2314","0.2301","0.2316","0.2300","","0.63%"
"08/05/2021","0.2300","0.2300","0.2302","0.2296","","0.03%"
"08/04/2021","0.2299","0.2295","0.2301","0.2288","","0.21%"
"08/03/2021","0.2294","0.2294","0.2297","0.2289","","0.05%"
"08/02/2021","0.2293","0.2295","0.2296","0.2288","","0.00%"
"07/30/2021","0.2293","0.2290","0.2297","0.2286","","0.14%"
"07/29/2021","0.2289","0.2298","0.2299","0.2289","","-0.37%"
"07/28/2021","0.2298","0.2304","0.2312","0.2297","","-0.23%"
"07/27/2021","0.2303","0.2307","0.2313","0.2299","","-0.13%"
"07/26/2021","0.2306","0.2312","0.2314","0.2304","","-0.24%"
"07/23/2021","0.2312","0.2313","0.2316","0.2310","","0.00%"
"07/22/2021","0.2312","0.2309","0.2316","0.2301","","0.20%"
"07/21/2021","0.2308","0.2311","0.2317","0.2306","","-0.11%"
"07/20/2021","0.2310","0.2307","0.2316","0.2306","","0.16%"
"07/19/2021","0.2307","0.2306","0.2314","0.2302","","0.06%"
"07/16/2021","0.2305","0.2304","0.2309","0.2303","","0.07%"
"07/15/2021","0.2304","0.2300","0.2308","0.2297","","0.20%"
"07/14/2021","0.2299","0.2312","0.2313","0.2300","","-0.52%"
"07/13/2021","0.2311","0.2295","0.2313","0.2292","","0.72%"
"07/12/2021","0.2295","0.2293","0.2300","0.2292","","0.12%"
"07/09/2021","0.2292","0.2299","0.2302","0.2291","","-0.26%"
"07/08/2021","0.2298","0.2309","0.2311","0.2294","","-0.45%"
"07/07/2021","0.2308","0.2303","0.2311","0.2300","","0.28%"
"07/06/2021","0.2302","0.2295","0.2306","0.2289","","0.34%"
"07/05/2021","0.2294","0.2295","0.2297","0.2291","","0.02%"
"07/02/2021","0.2294","0.2297","0.2306","0.2293","","-0.13%"
"07/01/2021","0.2297","0.2296","0.2300","0.2291","","0.05%"
"06/30/2021","0.2296","0.2288","0.2299","0.2286","","0.35%"
"06/29/2021","0.2288","0.2283","0.2292","0.2282","","0.25%"
"06/28/2021","0.2282","0.2281","0.2287","0.2279","","0.07%"
"06/25/2021","0.2280","0.2282","0.2283","0.2273","","-0.02%"
"06/24/2021","0.2281","0.2283","0.2284","0.2277","","-0.05%"
"06/23/2021","0.2282","0.2280","0.2286","0.2274","","0.12%"
"06/22/2021","0.2280","0.2285","0.2292","0.2278","","-0.20%"
"06/21/2021","0.2284","0.2294","0.2298","0.2284","","-0.45%"
"06/18/2021","0.2294","0.2286","0.2298","0.2283","","0.39%"
"06/17/2021","0.2286","0.2270","0.2289","0.2267","","0.71%"
"06/16/2021","0.2269","0.2245","0.2270","0.2243","","1.10%"
"06/15/2021","0.2245","0.2246","0.2250","0.2241","","-0.06%"
"06/14/2021","0.2246","0.2248","0.2251","0.2244","","-0.08%"
"06/11/2021","0.2248","0.2237","0.2251","0.2232","","0.51%"
"06/10/2021","0.2236","0.2235","0.2242","0.2232","","0.08%"
"06/09/2021","0.2235","0.2237","0.2237","0.2228","","-0.06%"
"06/08/2021","0.2236","0.2234","0.2238","0.2232","","0.13%"
"06/07/2021","0.2233","0.2237","0.2242","0.2231","","-0.17%"
"06/04/2021","0.2237","0.2245","0.2249","0.2234","","-0.34%"
"06/03/2021","0.2245","0.2230","0.2247","0.2229","","0.70%"
"06/02/2021","0.2229","0.2229","0.2238","0.2227","","0.00%"
"06/01/2021","0.2229","0.2227","0.2230","0.2221","","0.11%"
"05/31/2021","0.2226","0.2233","0.2235","0.2226","","-0.27%"
"05/28/2021","0.2232","0.2233","0.2244","0.2231","","0.00%"
"05/27/2021","0.2232","0.2233","0.2236","0.2229","","-0.02%"
"05/26/2021","0.2232","0.2222","0.2235","0.2220","","0.48%"
"05/25/2021","0.2222","0.2229","0.2230","0.2219","","-0.30%"
"05/24/2021","0.2228","0.2236","0.2237","0.2226","","-0.27%"
"05/21/2021","0.2234","0.2226","0.2239","0.2224","","0.39%"
"05/20/2021","0.2226","0.2237","0.2237","0.2226","","-0.44%"
"05/19/2021","0.2236","0.2228","0.2239","0.2223","","0.40%"
"05/18/2021","0.2227","0.2240","0.2241","0.2225","","-0.57%"
"05/17/2021","0.2240","0.2243","0.2245","0.2237","","-0.08%"
"05/14/2021","0.2242","0.2254","0.2256","0.2241","","-0.51%"
"05/13/2021","0.2253","0.2255","0.2259","0.2249","","-0.06%"
"05/12/2021","0.2254","0.2241","0.2257","0.2240","","0.62%"
"05/11/2021","0.2241","0.2245","0.2246","0.2235","","-0.16%"
"05/10/2021","0.2244","0.2239","0.2245","0.2236","","0.28%"
"05/07/2021","0.2238","0.2256","0.2259","0.2237","","-0.80%"
"05/06/2021","0.2256","0.2268","0.2270","0.2255","","-0.51%"
"05/05/2021","0.2267","0.2266","0.2272","0.2264","","0.08%"
"05/04/2021","0.2265","0.2257","0.2269","0.2256","","0.40%"
"05/03/2021","0.2256","0.2263","0.2266","0.2254","","-0.35%"
"04/30/2021","0.2264","0.2246","0.2266","0.2245","","0.83%"
"04/29/2021","0.2246","0.2245","0.2250","0.2241","","0.04%"
"04/28/2021","0.2245","0.2251","0.2258","0.2243","","-0.28%"
"04/27/2021","0.2251","0.2254","0.2258","0.2251","","-0.08%"
"04/26/2021","0.2253","0.2251","0.2257","0.2247","","0.15%"
"04/23/2021","0.2250","0.2266","0.2266","0.2250","","-0.69%"
"04/22/2021","0.2265","0.2262","0.2270","0.2256","","0.16%"
"04/21/2021","0.2262","0.2262","0.2269","0.2260","","0.00%"
"04/20/2021","0.2262","0.2262","0.2265","0.2254","","0.00%"
"04/19/2021","0.2262","0.2272","0.2280","0.2260","","-0.42%"
"04/16/2021","0.2271","0.2275","0.2278","0.2270","","-0.15%"
"04/15/2021","0.2274","0.2273","0.2277","0.2270","","0.11%"
"04/14/2021","0.2272","0.2279","0.2279","0.2271","","-0.26%"
"04/13/2021","0.2278","0.2286","0.2292","0.2277","","-0.32%"
"04/12/2021","0.2285","0.2290","0.2294","0.2284","","-0.07%"
"04/09/2021","0.2287","0.2285","0.2294","0.2284","","0.08%"
"04/08/2021","0.2285","0.2294","0.2295","0.2283","","-0.34%"
"04/07/2021","0.2293","0.2293","0.2295","0.2285","","0.03%"
"04/06/2021","0.2292","0.2304","0.2308","0.2292","","-0.53%"
"04/05/2021","0.2304","0.2315","0.2319","0.2303","","-0.41%"
"04/02/2021","0.2314","0.2312","0.2317","0.2310","","0.11%"
"04/01/2021","0.2311","0.2321","0.2324","0.2311","","-0.40%"
"03/31/2021","0.2320","0.2324","0.2326","0.2315","","-0.12%"
"03/30/2021","0.2323","0.2314","0.2325","0.2312","","0.41%"
"03/29/2021","0.2314","0.2308","0.2315","0.2308","","0.25%"
"03/26/2021","0.2308","0.2314","0.2315","0.2306","","-0.26%"
"03/25/2021","0.2314","0.2305","0.2315","0.2302","","0.42%"
"03/24/2021","0.2304","0.2297","0.2305","0.2297","","0.32%"
"03/23/2021","0.2297","0.2282","0.2299","0.2280","","0.71%"
"03/22/2021","0.2280","0.2288","0.2294","0.2279","","-0.27%"
"03/19/2021","0.2287","0.2285","0.2293","0.2280","","0.09%"
"03/18/2021","0.2285","0.2273","0.2287","0.2271","","0.54%"
"03/17/2021","0.2272","0.2288","0.2291","0.2271","","-0.63%"
"03/16/2021","0.2287","0.2282","0.2291","0.2278","","0.24%"
"03/15/2021","0.2281","0.2278","0.2286","0.2275","","0.20%"
"03/12/2021","0.2277","0.2272","0.2286","0.2271","","0.26%"
"03/11/2021","0.2271","0.2283","0.2285","0.2271","","-0.49%"
"03/10/2021","0.2282","0.2288","0.2294","0.2282","","-0.23%"
"03/09/2021","0.2287","0.2298","0.2300","0.2285","","-0.46%"
"03/08/2021","0.2298","0.2284","0.2299","0.2281","","0.61%"
"03/05/2021","0.2284","0.2275","0.2289","0.2273","","0.43%"
"03/04/2021","0.2274","0.2257","0.2276","0.2256","","0.80%"
"03/03/2021","0.2256","0.2252","0.2261","0.2248","","0.22%"
"03/02/2021","0.2251","0.2260","0.2270","0.2251","","-0.35%"
"03/01/2021","0.2259","0.2254","0.2264","0.2250","","0.23%"
"02/26/2021","0.2254","0.2236","0.2257","0.2234","","0.83%"
"02/25/2021","0.2235","0.2238","0.2240","0.2224","","-0.11%"
"02/24/2021","0.2238","0.2241","0.2248","0.2236","","-0.12%"
"02/23/2021","0.2241","0.2240","0.2244","0.2235","","0.05%"
"02/22/2021","0.2239","0.2247","0.2252","0.2237","","-0.30%"
"02/19/2021","0.2246","0.2252","0.2253","0.2242","","-0.23%"
"02/18/2021","0.2251","0.2262","0.2262","0.2251","","-0.44%"
"02/17/2021","0.2261","0.2249","0.2265","0.2248","","0.58%"
"02/16/2021","0.2248","0.2245","0.2251","0.2237","","0.19%"
"02/15/2021","0.2244","0.2246","0.2247","0.2242","","-0.08%"
"02/12/2021","0.2246","0.2244","0.2254","0.2243","","0.08%"
"02/11/2021","0.2244","0.2247","0.2248","0.2241","","-0.10%"
"02/10/2021","0.2246","0.2246","0.2249","0.2242","","0.00%"
"02/09/2021","0.2246","0.2260","0.2260","0.2246","","-0.59%"
"02/08/2021","0.2259","0.2261","0.2265","0.2256","","0.00%"
"02/05/2021","0.2260","0.2276","0.2278","0.2259","","-0.69%"
"02/04/2021","0.2275","0.2262","0.2277","0.2261","","0.59%"
"02/03/2021","0.2262","0.2261","0.2268","0.2259","","0.09%"
"02/02/2021","0.2260","0.2258","0.2267","0.2252","","0.13%"
"02/01/2021","0.2257","0.2243","0.2259","0.2241","","0.63%"
"01/29/2021","0.2243","0.2246","0.2251","0.2240","","-0.10%"
"01/28/2021","0.2245","0.2248","0.2254","0.2242","","-0.10%"
"01/27/2021","0.2247","0.2239","0.2258","0.2237","","0.40%"
"01/26/2021","0.2238","0.2243","0.2249","0.2236","","-0.18%"
"01/25/2021","0.2242","0.2237","0.2247","0.2235","","0.24%"
"01/22/2021","0.2237","0.2238","0.2241","0.2233","","-0.04%"
"01/21/2021","0.2238","0.2249","0.2250","0.2236","","-0.47%"
"01/20/2021","0.2248","0.2245","0.2254","0.2239","","0.18%"
"01/19/2021","0.2244","0.2254","0.2255","0.2242","","-0.42%"
"01/18/2021","0.2254","0.2253","0.2259","0.2252","","0.00%"
"01/15/2021","0.2253","0.2240","0.2255","0.2238","","0.65%"
"01/14/2021","0.2239","0.2239","0.2248","0.2235","","0.00%"
"01/13/2021","0.2239","0.2230","0.2243","0.2227","","0.42%"
"01/12/2021","0.2230","0.2240","0.2243","0.2230","","-0.47%"
"01/11/2021","0.2240","0.2228","0.2244","0.2227","","0.56%"
"01/08/2021","0.2228","0.2218","0.2233","0.2216","","0.44%"
"01/07/2021","0.2218","0.2209","0.2223","0.2205","","0.45%"
"01/06/2021","0.2208","0.2214","0.2220","0.2204","","-0.23%"
"01/05/2021","0.2213","0.2222","0.2223","0.2212","","-0.39%"
"01/04/2021","0.2222","0.2226","0.2227","0.2212","","-0.91%"
"01/01/2021","0.2242","0.2229","0.2243","0.2229","","0.63%"
"12/31/2020","0.2228","0.2214","0.2230","0.2212","","0.67%"
"12/30/2020","0.2213","0.2223","0.2223","0.2212","","-0.39%"
"12/29/2020","0.2222","0.2228","0.2230","0.2218","","-0.26%"
"12/28/2020","0.2228","0.2231","0.2235","0.2222","","-0.10%"
"12/25/2020","0.2230","0.2234","0.2238","0.2229","","-0.15%"
"12/24/2020","0.2234","0.2234","0.2236","0.2229","","0.00%"
"12/23/2020","0.2233","0.2238","0.2240","0.2228","","-0.20%"
"12/22/2020","0.2238","0.2224","0.2240","0.2221","","0.64%"
"12/21/2020","0.2223","0.2224","0.2245","0.2222","","0.13%"
"12/18/2020","0.2221","0.2219","0.2227","0.2218","","0.09%"
"12/17/2020","0.2219","0.2232","0.2233","0.2218","","-0.56%"
"12/16/2020","0.2231","0.2240","0.2245","0.2229","","-0.38%"
"12/15/2020","0.2240","0.2242","0.2246","0.2237","","-0.08%"
"12/14/2020","0.2242","0.2244","0.2247","0.2236","","-0.24%"
"12/11/2020","0.2247","0.2243","0.2249","0.2238","","0.21%"
"12/10/2020","0.2242","0.2253","0.2255","0.2239","","-0.47%"
"12/09/2020","0.2253","0.2249","0.2258","0.2241","","0.18%"
"12/08/2020","0.2249","0.2248","0.2251","0.2244","","0.05%"
"12/07/2020","0.2248","0.2245","0.2254","0.2238","","0.11%"
"12/04/2020","0.2245","0.2242","0.2248","0.2236","","0.17%"
"12/03/2020","0.2241","0.2247","0.2250","0.2236","","-0.23%"
"12/02/2020","0.2247","0.2256","0.2261","0.2246","","-0.38%"
"12/01/2020","0.2255","0.2282","0.2283","0.2254","","-1.15%"
"11/30/2020","0.2281","0.2277","0.2283","0.2268","","0.28%"
"11/27/2020","0.2275","0.2286","0.2286","0.2275","","-0.42%"
"11/26/2020","0.2285","0.2285","0.2291","0.2280","","0.00%"
"11/25/2020","0.2285","0.2290","0.2291","0.2282","","-0.19%"
"11/24/2020","0.2289","0.2299","0.2300","0.2288","","-0.43%"
"11/23/2020","0.2299","0.2297","0.2307","0.2287","","0.13%"
"11/20/2020","0.2296","0.2293","0.2298","0.2289","","0.17%"
"11/19/2020","0.2292","0.2297","0.2304","0.2291","","-0.18%"
"11/18/2020","0.2296","0.2295","0.2298","0.2289","","0.08%"
"11/17/2020","0.2294","0.2297","0.2299","0.2289","","-0.10%"
"11/16/2020","0.2297","0.2302","0.2305","0.2294","","-0.15%"
"11/13/2020","0.2300","0.2306","0.2308","0.2300","","-0.25%"
"11/12/2020","0.2306","0.2312","0.2315","0.2303","","-0.24%"
"11/11/2020","0.2311","0.2305","0.2318","0.2300","","0.33%"
"11/10/2020","0.2304","0.2305","0.2311","0.2299","","0.00%"
"11/09/2020","0.2304","0.2291","0.2308","0.2284","","0.51%"
"11/06/2020","0.2292","0.2302","0.2308","0.2289","","-0.40%"
"11/05/2020","0.2301","0.2322","0.2325","0.2295","","-0.86%"
"11/04/2020","0.2321","0.2324","0.2346","0.2313","","-0.09%"
"11/03/2020","0.2323","0.2339","0.2340","0.2319","","-0.64%"
"11/02/2020","0.2338","0.2335","0.2343","0.2335","","0.08%"
"10/30/2020","0.2336","0.2332","0.2339","0.2326","","0.21%"
"10/29/2020","0.2332","0.2318","0.2337","0.2315","","0.61%"
"10/28/2020","0.2318","0.2308","0.2323","0.2308","","0.44%"
"10/27/2020","0.2307","0.2305","0.2309","0.2300","","0.12%"
"10/26/2020","0.2305","0.2296","0.2307","0.2295","","0.44%"
"10/23/2020","0.2295","0.2304","0.2310","0.2294","","-0.36%"
"10/22/2020","0.2303","0.2295","0.2305","0.2294","","0.35%"
"10/21/2020","0.2295","0.2303","0.2303","0.2291","","-0.33%"
"10/20/2020","0.2303","0.2313","0.2315","0.2299","","-0.48%"
"10/19/2020","0.2314","0.2323","0.2326","0.2308","","-0.40%"
"10/16/2020","0.2323","0.2325","0.2328","0.2318","","-0.09%"
"10/15/2020","0.2325","0.2318","0.2329","0.2315","","0.32%"
"10/14/2020","0.2317","0.2318","0.2323","0.2313","","0.00%"
"10/13/2020","0.2317","0.2305","0.2321","0.2304","","0.57%"
"10/12/2020","0.2304","0.2303","0.2310","0.2302","","0.12%"
"10/09/2020","0.2301","0.2315","0.2317","0.2301","","-0.57%"
"10/08/2020","0.2315","0.2315","0.2321","0.2311","","0.03%"
"10/07/2020","0.2314","0.2320","0.2322","0.2311","","-0.24%"
"10/06/2020","0.2319","0.2311","0.2321","0.2306","","0.42%"
"10/05/2020","0.2310","0.2324","0.2326","0.2307","","-0.57%"
"10/02/2020","0.2323","0.2317","0.2328","0.2317","","0.28%"
"10/01/2020","0.2317","0.2323","0.2324","0.2313","","-0.25%"
"09/30/2020","0.2322","0.2319","0.2330","0.2316","","0.19%"
"09/29/2020","0.2318","0.2334","0.2335","0.2318","","-0.65%"
"09/28/2020","0.2333","0.2339","0.2344","0.2331","","-0.29%"
"09/25/2020","0.2340","0.2333","0.2345","0.2330","","0.35%"
"09/24/2020","0.2332","0.2335","0.2342","0.2329","","-0.10%"
"09/23/2020","0.2334","0.2325","0.2337","0.2323","","0.40%"
"09/22/2020","0.2325","0.2313","0.2329","0.2312","","0.53%"
"09/21/2020","0.2313","0.2298","0.2321","0.2293","","0.59%"
"09/18/2020","0.2299","0.2298","0.2302","0.2293","","0.08%"
"09/17/2020","0.2297","0.2304","0.2320","0.2297","","-0.27%"
"09/16/2020","0.2303","0.2298","0.2310","0.2291","","0.24%"
"09/15/2020","0.2298","0.2295","0.2300","0.2288","","0.19%"
"09/14/2020","0.2294","0.2300","0.2302","0.2290","","-0.17%"
"09/11/2020","0.2298","0.2304","0.2305","0.2293","","-0.26%"
"09/10/2020","0.2304","0.2307","0.2307","0.2284","","-0.11%"
"09/09/2020","0.2306","0.2312","0.2317","0.2300","","-0.21%"
"09/08/2020","0.2311","0.2304","0.2314","0.2302","","0.34%"
"09/07/2020","0.2303","0.2301","0.2305","0.2298","","0.18%"
"09/04/2020","0.2299","0.2297","0.2311","0.2294","","0.10%"
"09/03/2020","0.2297","0.2297","0.2309","0.2294","","0.04%"
"09/02/2020","0.2296","0.2286","0.2303","0.2282","","0.47%"
"09/01/2020","0.2285","0.2281","0.2288","0.2266","","0.20%"
"08/31/2020","0.2280","0.2288","0.2291","0.2275","","-0.25%"
"08/28/2020","0.2286","0.2303","0.2305","0.2284","","-0.72%"
"08/27/2020","0.2303","0.2301","0.2315","0.2288","","0.09%"
"08/26/2020","0.2301","0.2301","0.2313","0.2299","","0.03%"
"08/25/2020","0.2300","0.2309","0.2311","0.2298","","-0.41%"
"08/24/2020","0.2309","0.2310","0.2310","0.2297","","0.10%"
"08/21/2020","0.2307","0.2296","0.2316","0.2291","","0.53%"
"08/20/2020","0.2295","0.2300","0.2307","0.2294","","-0.19%"
"08/19/2020","0.2299","0.2282","0.2301","0.2278","","0.77%"
"08/18/2020","0.2282","0.2294","0.2295","0.2275","","-0.51%"
"08/17/2020","0.2293","0.2299","0.2302","0.2291","","-0.22%"
"08/14/2020","0.2298","0.2304","0.2311","0.2297","","-0.23%"
"08/13/2020","0.2304","0.2310","0.2311","0.2295","","-0.26%"
"08/12/2020","0.2310","0.2319","0.2325","0.2304","","-0.39%"
"08/11/2020","0.2319","0.2320","0.2323","0.2306","","0.00%"
"08/10/2020","0.2319","0.2310","0.2320","0.2307","","0.43%"
"08/07/2020","0.2309","0.2292","0.2316","0.2291","","0.74%"
"08/06/2020","0.2292","0.2295","0.2304","0.2285","","-0.10%"
"08/05/2020","0.2294","0.2307","0.2309","0.2287","","-0.52%"
"08/04/2020","0.2306","0.2315","0.2323","0.2306","","-0.34%"
"08/03/2020","0.2314","0.2311","0.2328","0.2308","","0.15%"
"07/31/2020","0.2311","0.2298","0.2315","0.2286","","0.56%"
"07/30/2020","0.2298","0.2310","0.2321","0.2298","","-0.45%"
"07/29/2020","0.2308","0.2324","0.2324","0.2306","","-0.64%"
"07/28/2020","0.2323","0.2317","0.2327","0.2312","","0.29%"
"07/27/2020","0.2316","0.2338","0.2340","0.2311","","-0.80%"
"07/24/2020","0.2335","0.2348","0.2351","0.2335","","-0.52%"
"07/23/2020","0.2347","0.2352","0.2359","0.2341","","-0.23%"
"07/22/2020","0.2352","0.2362","0.2366","0.2347","","-0.37%"
"07/21/2020","0.2361","0.2378","0.2383","0.2359","","-0.71%"
"07/20/2020","0.2378","0.2386","0.2388","0.2374","","-0.15%"
"07/17/2020","0.2382","0.2391","0.2393","0.2379","","-0.39%"
"07/16/2020","0.2391","0.2386","0.2394","0.2379","","0.24%"
"07/15/2020","0.2385","0.2388","0.2390","0.2377","","-0.13%"
"07/14/2020","0.2388","0.2400","0.2404","0.2386","","-0.47%"
"07/13/2020","0.2400","0.2409","0.2410","0.2393","","-0.39%"
"07/10/2020","0.2409","0.2413","0.2419","0.2404","","-0.13%"
"07/09/2020","0.2412","0.2403","0.2414","0.2394","","0.40%"
"07/08/2020","0.2402","0.2415","0.2417","0.2398","","-0.51%"
"07/07/2020","0.2415","0.2408","0.2418","0.2402","","0.32%"
"07/06/2020","0.2407","0.2422","0.2422","0.2399","","-0.52%"
"07/03/2020","0.2420","0.2422","0.2427","0.2419","","-0.09%"
"07/02/2020","0.2422","0.2420","0.2426","0.2409","","0.13%"
"07/01/2020","0.2419","0.2424","0.2434","0.2414","","-0.17%"
"06/30/2020","0.2423","0.2422","0.2433","0.2417","","0.07%"
"06/29/2020","0.2421","0.2425","0.2427","0.2412","","-0.20%"
"06/26/2020","0.2426","0.2427","0.2432","0.2422","","-0.03%"
"06/25/2020","0.2427","0.2420","0.2433","0.2418","","0.31%"
"06/24/2020","0.2419","0.2408","0.2420","0.2404","","0.49%"
"06/23/2020","0.2407","0.2418","0.2424","0.2399","","-0.42%"
"06/22/2020","0.2417","0.2434","0.2438","0.2416","","-0.73%"
"06/19/2020","0.2435","0.2429","0.2438","0.2419","","0.23%"
"06/18/2020","0.2430","0.2421","0.2434","0.2417","","0.37%"
"06/17/2020","0.2421","0.2417","0.2429","0.2410","","0.17%"
"06/16/2020","0.2417","0.2404","0.2425","0.2398","","0.53%"
"06/15/2020","0.2404","0.2421","0.2425","0.2402","","-0.59%"
"06/12/2020","0.2418","0.2410","0.2428","0.2401","","0.37%"
"06/11/2020","0.2409","0.2394","0.2412","0.2387","","0.64%"
"06/10/2020","0.2394","0.2400","0.2404","0.2383","","-0.29%"
"06/09/2020","0.2401","0.2410","0.2422","0.2395","","-0.40%"
"06/08/2020","0.2410","0.2412","0.2416","0.2405","","-0.06%"
"06/05/2020","0.2412","0.2401","0.2414","0.2391","","0.45%"
"06/04/2020","0.2401","0.2423","0.2432","0.2396","","-0.90%"
"06/03/2020","0.2423","0.2437","0.2438","0.2418","","-0.56%"
"06/02/2020","0.2436","0.2445","0.2449","0.2432","","-0.34%"
"06/01/2020","0.2445","0.2453","0.2454","0.2441","","-0.31%"
"05/29/2020","0.2452","0.2458","0.2459","0.2443","","-0.19%"
"05/28/2020","0.2457","0.2474","0.2477","0.2454","","-0.65%"
"05/27/2020","0.2473","0.2479","0.2490","0.2468","","-0.22%"
"05/26/2020","0.2479","0.2498","0.2500","0.2476","","-0.74%"
"05/25/2020","0.2497","0.2497","0.2505","0.2494","","0.02%"
"05/22/2020","0.2497","0.2486","0.2501","0.2484","","0.45%"
"05/21/2020","0.2486","0.2480","0.2489","0.2473","","0.27%"
"05/20/2020","0.2479","0.2493","0.2494","0.2475","","-0.51%"
"05/19/2020","0.2492","0.2495","0.2497","0.2480","","-0.11%"
"05/18/2020","0.2494","0.2517","0.2521","0.2492","","-0.89%"
"05/15/2020","0.2517","0.2520","0.2524","0.2509","","-0.10%"
"05/14/2020","0.2519","0.2516","0.2527","0.2515","","0.13%"
"05/13/2020","0.2516","0.2510","0.2518","0.2498","","0.29%"
"05/12/2020","0.2509","0.2519","0.2525","0.2501","","-0.37%"
"05/11/2020","0.2518","0.2512","0.2521","0.2509","","0.28%"
"05/08/2020","0.2511","0.2513","0.2518","0.2503","","-0.04%"
"05/07/2020","0.2512","0.2522","0.2529","0.2513","","-0.37%"
"05/06/2020","0.2522","0.2512","0.2525","0.2510","","0.39%"
"05/05/2020","0.2512","0.2496","0.2515","0.2492","","0.67%"
"05/04/2020","0.2495","0.2479","0.2499","0.2479","","0.66%"
"05/01/2020","0.2479","0.2485","0.2490","0.2471","","-0.22%"
"04/30/2020","0.2484","0.2504","0.2513","0.2481","","-0.75%"
"04/29/2020","0.2503","0.2516","0.2517","0.2501","","-0.50%"
"04/28/2020","0.2516","0.2514","0.2519","0.2500","","0.09%"
"04/27/2020","0.2513","0.2519","0.2519","0.2506","","-0.06%"
"04/24/2020","0.2515","0.2526","0.2538","0.2514","","-0.40%"
"04/23/2020","0.2525","0.2515","0.2531","0.2510","","0.40%"
"04/22/2020","0.2515","0.2508","0.2520","0.2501","","0.34%"
"04/21/2020","0.2507","0.2506","0.2517","0.2502","","0.04%"
"04/20/2020","0.2506","0.2504","0.2511","0.2498","","0.12%"
"04/17/2020","0.2503","0.2513","0.2518","0.2499","","-0.35%"
"04/16/2020","0.2512","0.2495","0.2517","0.2495","","0.67%"
"04/15/2020","0.2495","0.2479","0.2508","0.2477","","0.66%"
"04/14/2020","0.2479","0.2494","0.2497","0.2478","","-0.61%"
"04/13/2020","0.2494","0.2488","0.2500","0.2482","","0.20%"
"04/10/2020","0.2489","0.2491","0.2493","0.2486","","-0.07%"
"04/09/2020","0.2491","0.2508","0.2511","0.2486","","-0.64%"
"04/08/2020","0.2507","0.2500","0.2514","0.2497","","0.30%"
"04/07/2020","0.2499","0.2522","0.2525","0.2492","","-0.91%"
"04/06/2020","0.2522","0.2518","0.2528","0.2513","","0.15%"
"04/03/2020","0.2518","0.2507","0.2527","0.2506","","0.45%"
"04/02/2020","0.2507","0.2483","0.2516","0.2482","","0.98%"
"04/01/2020","0.2482","0.2468","0.2497","0.2466","","0.60%"
"03/31/2020","0.2468","0.2465","0.2492","0.2463","","0.15%"
"03/30/2020","0.2464","0.2445","0.2473","0.2443","","0.86%"
"03/27/2020","0.2443","0.2468","0.2486","0.2442","","-1.01%"
"03/26/2020","0.2468","0.2502","0.2505","0.2462","","-1.33%"
"03/25/2020","0.2501","0.2524","0.2530","0.2499","","-0.86%"
"03/24/2020","0.2523","0.2538","0.2539","0.2500","","-0.62%"
"03/23/2020","0.2539","0.2545","0.2560","0.2514","","-0.26%"
"03/20/2020","0.2545","0.2546","0.2559","0.2513","","-0.02%"
"03/19/2020","0.2546","0.2494","0.2555","0.2479","","2.09%"
"03/18/2020","0.2493","0.2476","0.2520","0.2465","","0.74%"
"03/17/2020","0.2475","0.2435","0.2485","0.2433","","1.69%"
"03/16/2020","0.2434","0.2456","0.2465","0.2423","","-0.68%"
"03/13/2020","0.2451","0.2434","0.2463","0.2426","","0.71%"
"03/12/2020","0.2433","0.2416","0.2463","0.2402","","0.74%"
"03/11/2020","0.2415","0.2414","0.2418","0.2395","","0.09%"
"03/10/2020","0.2413","0.2379","0.2415","0.2376","","1.51%"
"03/09/2020","0.2377","0.2411","0.2413","0.2369","","-1.43%"
"03/06/2020","0.2412","0.2422","0.2428","0.2397","","-0.41%"
"03/05/2020","0.2422","0.2445","0.2449","0.2421","","-0.92%"
"03/04/2020","0.2444","0.2437","0.2454","0.2433","","0.32%"
"03/03/2020","0.2436","0.2445","0.2454","0.2428","","-0.34%"
"03/02/2020","0.2445","0.2474","0.2474","0.2434","","-0.98%"
"02/28/2020","0.2469","0.2475","0.2486","0.2463","","-0.23%"
"02/27/2020","0.2474","0.2501","0.2503","0.2474","","-1.08%"
"02/26/2020","0.2501","0.2502","0.2508","0.2496","","0.00%"
"02/25/2020","0.2501","0.2508","0.2514","0.2500","","-0.25%"
"02/24/2020","0.2508","0.2511","0.2520","0.2504","","-0.08%"
"02/21/2020","0.2510","0.2524","0.2525","0.2506","","-0.56%"
"02/20/2020","0.2524","0.2519","0.2526","0.2516","","0.20%"
"02/19/2020","0.2519","0.2523","0.2525","0.2518","","-0.15%"
"02/18/2020","0.2522","0.2512","0.2524","0.2512","","0.42%"
"02/17/2020","0.2512","0.2514","0.2516","0.2509","","-0.03%"
"02/14/2020","0.2513","0.2511","0.2515","0.2506","","0.08%"
"02/13/2020","0.2511","0.2504","0.2513","0.2500","","0.30%"
"02/12/2020","0.2503","0.2494","0.2506","0.2492","","0.40%"
"02/11/2020","0.2493","0.2495","0.2500","0.2492","","-0.06%"
"02/10/2020","0.2495","0.2486","0.2496","0.2484","","0.32%"
"02/07/2020","0.2487","0.2479","0.2488","0.2478","","0.31%"
"02/06/2020","0.2479","0.2475","0.2483","0.2472","","0.18%"
"02/05/2020","0.2474","0.2465","0.2477","0.2464","","0.40%"
"02/04/2020","0.2465","0.2462","0.2468","0.2460","","0.15%"
"02/03/2020","0.2461","0.2455","0.2467","0.2454","","0.29%"
"01/31/2020","0.2454","0.2468","0.2471","0.2453","","-0.54%"
"01/30/2020","0.2467","0.2473","0.2474","0.2466","","-0.19%"
"01/29/2020","0.2472","0.2470","0.2477","0.2469","","0.09%"
"01/28/2020","0.2470","0.2471","0.2476","0.2469","","-0.02%"
"01/27/2020","0.2470","0.2470","0.2473","0.2466","","0.06%"
"01/24/2020","0.2469","0.2463","0.2471","0.2461","","0.26%"
"01/23/2020","0.2462","0.2454","0.2467","0.2451","","0.35%"
"01/22/2020","0.2454","0.2456","0.2459","0.2453","","-0.08%"
"01/21/2020","0.2456","0.2454","0.2457","0.2448","","0.09%"
"01/20/2020","0.2453","0.2454","0.2458","0.2452","","-0.04%"
"01/17/2020","0.2454","0.2445","0.2456","0.2443","","0.43%"
"01/16/2020","0.2444","0.2441","0.2447","0.2437","","0.12%"
"01/15/2020","0.2441","0.2446","0.2449","0.2439","","-0.20%"
"01/14/2020","0.2446","0.2445","0.2452","0.2443","","0.05%"
"01/13/2020","0.2444","0.2447","0.2450","0.2442","","-0.11%"
"01/10/2020","0.2447","0.2451","0.2456","0.2446","","-0.16%"
"01/09/2020","0.2451","0.2452","0.2454","0.2448","","0.00%"
"01/08/2020","0.2451","0.2441","0.2452","0.2438","","0.43%"
"01/07/2020","0.2440","0.2432","0.2446","0.2431","","0.38%"
"01/06/2020","0.2431","0.2438","0.2441","0.2429","","-0.32%"
"01/03/2020","0.2439","0.2437","0.2447","0.2435","","0.10%"
"01/02/2020","0.2436","0.2428","0.2439","0.2425","","0.35%"
"01/01/2020","0.2428","0.2428","0.2430","0.2426","","0.00%"
"12/31/2019","0.2428","0.2431","0.2431","0.2422","","-0.12%"
"12/30/2019","0.2430","0.2436","0.2437","0.2426","","-0.20%"
"12/27/2019","0.2435","0.2454","0.2454","0.2433","","-0.71%"
"12/26/2019","0.2453","0.2455","0.2457","0.2450","","-0.05%"
"12/25/2019","0.2454","0.2455","0.2459","0.2451","","-0.04%"
"12/24/2019","0.2455","0.2455","0.2460","0.2454","","0.00%"
"12/23/2019","0.2455","0.2457","0.2460","0.2453","","-0.09%"
"12/20/2019","0.2457","0.2448","0.2460","0.2447","","0.40%"
"12/19/2019","0.2447","0.2450","0.2451","0.2443","","-0.08%"
"12/18/2019","0.2449","0.2442","0.2450","0.2440","","0.32%"
"12/17/2019","0.2441","0.2443","0.2447","0.2436","","-0.05%"
"12/16/2019","0.2442","0.2448","0.2448","0.2440","","-0.22%"
"12/13/2019","0.2448","0.2446","0.2450","0.2431","","0.09%"
"12/12/2019","0.2445","0.2446","0.2452","0.2441","","0.00%"
"12/11/2019","0.2445","0.2455","0.2460","0.2443","","-0.35%"
"12/10/2019","0.2454","0.2461","0.2461","0.2453","","-0.24%"
"12/09/2019","0.2460","0.2463","0.2463","0.2457","","-0.04%"
"12/06/2019","0.2461","0.2452","0.2466","0.2450","","0.40%"
"12/05/2019","0.2451","0.2457","0.2458","0.2451","","-0.23%"
"12/04/2019","0.2457","0.2457","0.2460","0.2449","","0.04%"
"12/03/2019","0.2456","0.2457","0.2460","0.2454","","-0.03%"
"12/02/2019","0.2457","0.2472","0.2474","0.2455","","-0.56%"
"11/29/2019","0.2471","0.2473","0.2479","0.2468","","-0.07%"
"11/28/2019","0.2472","0.2475","0.2475","0.2471","","-0.10%"
"11/27/2019","0.2475","0.2470","0.2477","0.2469","","0.20%"
"11/26/2019","0.2470","0.2472","0.2474","0.2469","","-0.08%"
"11/25/2019","0.2472","0.2470","0.2474","0.2468","","0.12%"
"11/22/2019","0.2469","0.2462","0.2472","0.2456","","0.30%"
"11/21/2019","0.2462","0.2458","0.2463","0.2453","","0.13%"
"11/20/2019","0.2458","0.2458","0.2463","0.2457","","0.04%"
"11/19/2019","0.2457","0.2459","0.2461","0.2456","","-0.04%"
"11/18/2019","0.2458","0.2463","0.2464","0.2455","","-0.18%"
"11/15/2019","0.2463","0.2470","0.2472","0.2462","","-0.26%"
"11/14/2019","0.2469","0.2474","0.2478","0.2469","","-0.17%"
"11/13/2019","0.2473","0.2473","0.2476","0.2470","","0.04%"
"11/12/2019","0.2472","0.2468","0.2475","0.2466","","0.21%"
"11/11/2019","0.2467","0.2470","0.2471","0.2465","","-0.11%"
"11/08/2019","0.2470","0.2464","0.2472","0.2462","","0.27%"
"11/07/2019","0.2463","0.2460","0.2467","0.2454","","0.13%"
"11/06/2019","0.2460","0.2458","0.2461","0.2454","","0.08%"
"11/05/2019","0.2458","0.2447","0.2461","0.2444","","0.49%"
"11/04/2019","0.2446","0.2439","0.2448","0.2436","","0.35%"
"11/01/2019","0.2438","0.2442","0.2447","0.2437","","-0.14%"
"10/31/2019","0.2441","0.2442","0.2446","0.2436","","0.00%"
"10/30/2019","0.2441","0.2450","0.2457","0.2441","","-0.34%"
"10/29/2019","0.2450","0.2453","0.2459","0.2449","","-0.11%"
"10/28/2019","0.2452","0.2457","0.2458","0.2451","","-0.18%"
"10/25/2019","0.2457","0.2452","0.2459","0.2447","","0.21%"
"10/24/2019","0.2451","0.2446","0.2455","0.2439","","0.25%"
"10/23/2019","0.2446","0.2447","0.2451","0.2444","","-0.05%"
"10/22/2019","0.2447","0.2442","0.2449","0.2440","","0.21%"
"10/21/2019","0.2442","0.2443","0.2445","0.2435","","0.21%"
"10/18/2019","0.2436","0.2447","0.2450","0.2437","","-0.43%"
"10/17/2019","0.2447","0.2459","0.2461","0.2444","","-0.46%"
"10/16/2019","0.2458","0.2468","0.2470","0.2456","","-0.35%"
"10/15/2019","0.2467","0.2469","0.2477","0.2465","","-0.04%"
"10/14/2019","0.2468","0.2465","0.2472","0.2464","","0.13%"
"10/11/2019","0.2465","0.2474","0.2475","0.2461","","-0.32%"
"10/10/2019","0.2473","0.2482","0.2482","0.2467","","-0.32%"
"10/09/2019","0.2481","0.2485","0.2486","0.2477","","-0.14%"
"10/08/2019","0.2484","0.2482","0.2488","0.2476","","0.13%"
"10/07/2019","0.2481","0.2480","0.2484","0.2475","","0.07%"
"10/04/2019","0.2479","0.2483","0.2485","0.2476","","-0.12%"
"10/03/2019","0.2482","0.2484","0.2488","0.2475","","-0.07%"
"10/02/2019","0.2484","0.2490","0.2497","0.2483","","-0.24%"
"10/01/2019","0.2490","0.2498","0.2503","0.2488","","-0.29%"
"09/30/2019","0.2497","0.2489","0.2501","0.2487","","0.35%"
"09/27/2019","0.2488","0.2493","0.2497","0.2484","","-0.16%"
"09/26/2019","0.2492","0.2488","0.2496","0.2482","","0.21%"
"09/25/2019","0.2487","0.2471","0.2489","0.2470","","0.70%"
"09/24/2019","0.2470","0.2476","0.2479","0.2469","","-0.25%"
"09/23/2019","0.2476","0.2471","0.2483","0.2469","","0.22%"
"09/20/2019","0.2471","0.2466","0.2476","0.2460","","0.21%"
"09/19/2019","0.2465","0.2468","0.2470","0.2458","","-0.10%"
"09/18/2019","0.2468","0.2459","0.2472","0.2458","","0.39%"
"09/17/2019","0.2458","0.2475","0.2477","0.2458","","-0.63%"
"09/16/2019","0.2474","0.2456","0.2477","0.2454","","0.66%"
"09/13/2019","0.2458","0.2461","0.2463","0.2450","","-0.10%"
"09/12/2019","0.2460","0.2473","0.2492","0.2455","","-0.49%"
"09/11/2019","0.2472","0.2465","0.2479","0.2462","","0.29%"
"09/10/2019","0.2465","0.2465","0.2468","0.2461","","0.06%"
"09/09/2019","0.2464","0.2470","0.2472","0.2460","","-0.17%"
"09/06/2019","0.2468","0.2467","0.2471","0.2462","","0.04%"
"09/05/2019","0.2467","0.2467","0.2471","0.2456","","0.03%"
"09/04/2019","0.2466","0.2481","0.2482","0.2466","","-0.56%"
"09/03/2019","0.2480","0.2482","0.2492","0.2480","","-0.06%"
"09/02/2019","0.2482","0.2478","0.2485","0.2475","","0.21%"
"08/30/2019","0.2476","0.2462","0.2483","0.2461","","0.60%"
"08/29/2019","0.2462","0.2458","0.2466","0.2454","","0.17%"
"08/28/2019","0.2457","0.2455","0.2459","0.2453","","0.11%"
"08/27/2019","0.2455","0.2452","0.2456","0.2449","","0.13%"
"08/26/2019","0.2451","0.2443","0.2454","0.2438","","0.37%"
"08/23/2019","0.2442","0.2457","0.2464","0.2441","","-0.57%"
"08/22/2019","0.2457","0.2456","0.2461","0.2450","","0.05%"
"08/21/2019","0.2455","0.2453","0.2457","0.2451","","0.13%"
"08/20/2019","0.2452","0.2457","0.2460","0.2451","","-0.20%"
"08/19/2019","0.2457","0.2455","0.2458","0.2449","","0.10%"
"08/16/2019","0.2455","0.2450","0.2460","0.2450","","0.19%"
"08/15/2019","0.2450","0.2444","0.2455","0.2440","","0.25%"
"08/14/2019","0.2444","0.2437","0.2446","0.2433","","0.28%"
"08/13/2019","0.2437","0.2428","0.2437","0.2424","","0.39%"
"08/12/2019","0.2427","0.2430","0.2439","0.2424","","-0.12%"
"08/09/2019","0.2430","0.2435","0.2435","0.2426","","-0.17%"
"08/08/2019","0.2434","0.2431","0.2436","0.2424","","0.17%"
"08/07/2019","0.2430","0.2431","0.2435","0.2422","","0.00%"
"08/06/2019","0.2430","0.2430","0.2438","0.2420","","0.00%"
"08/05/2019","0.2430","0.2452","0.2452","0.2428","","-0.82%"
"08/02/2019","0.2450","0.2456","0.2459","0.2449","","-0.20%"
"08/01/2019","0.2455","0.2458","0.2469","0.2454","","-0.08%"
"07/31/2019","0.2457","0.2441","0.2462","0.2439","","0.71%"
"07/30/2019","0.2440","0.2443","0.2446","0.2439","","-0.11%"
"07/29/2019","0.2442","0.2447","0.2450","0.2441","","-0.14%"
"07/26/2019","0.2446","0.2443","0.2450","0.2441","","0.16%"
"07/25/2019","0.2442","0.2444","0.2453","0.2433","","-0.05%"
"07/24/2019","0.2443","0.2441","0.2447","0.2440","","0.15%"
"07/23/2019","0.2440","0.2429","0.2443","0.2428","","0.48%"
"07/22/2019","0.2428","0.2427","0.2430","0.2425","","0.12%"
"07/19/2019","0.2425","0.2414","0.2430","0.2413","","0.49%"
"07/18/2019","0.2413","0.2426","0.2430","0.2413","","-0.48%"
"07/17/2019","0.2425","0.2428","0.2431","0.2423","","-0.11%"
"07/16/2019","0.2428","0.2418","0.2431","0.2417","","0.41%"
"07/15/2019","0.2418","0.2416","0.2419","0.2412","","0.12%"
"07/12/2019","0.2415","0.2419","0.2423","0.2414","","-0.15%"
"07/11/2019","0.2419","0.2420","0.2421","0.2412","","0.00%"
"07/10/2019","0.2419","0.2429","0.2431","0.2417","","-0.39%"
"07/09/2019","0.2429","0.2428","0.2432","0.2426","","0.06%"
"07/08/2019","0.2427","0.2426","0.2429","0.2423","","0.10%"
"07/05/2019","0.2425","0.2413","0.2429","0.2412","","0.52%"
"07/04/2019","0.2412","0.2414","0.2415","0.2410","","-0.06%"
"07/03/2019","0.2413","0.2413","0.2416","0.2407","","0.07%"
"07/02/2019","0.2412","0.2412","0.2415","0.2405","","0.00%"
"07/01/2019","0.2412","0.2394","0.2413","0.2393","","0.76%"
"06/28/2019","0.2394","0.2395","0.2399","0.2389","","0.00%"
"06/27/2019","0.2394","0.2395","0.2399","0.2392","","0.00%"
"06/26/2019","0.2394","0.2395","0.2399","0.2390","","-0.03%"
"06/25/2019","0.2395","0.2389","0.2400","0.2385","","0.28%"
"06/24/2019","0.2388","0.2396","0.2396","0.2387","","-0.25%"
"06/21/2019","0.2394","0.2411","0.2413","0.2393","","-0.66%"
"06/20/2019","0.2410","0.2425","0.2425","0.2405","","-0.59%"
"06/19/2019","0.2424","0.2433","0.2434","0.2419","","-0.30%"
"06/18/2019","0.2432","0.2427","0.2435","0.2421","","0.22%"
"06/17/2019","0.2426","0.2427","0.2430","0.2420","","-0.07%"
"06/14/2019","0.2428","0.2413","0.2430","0.2411","","0.60%"
"06/13/2019","0.2414","0.2412","0.2416","0.2408","","0.11%"
"06/12/2019","0.2411","0.2404","0.2413","0.2400","","0.38%"
"06/11/2019","0.2402","0.2407","0.2409","0.2401","","-0.15%"
"06/10/2019","0.2406","0.2404","0.2411","0.2403","","0.16%"
"06/07/2019","0.2402","0.2415","0.2420","0.2399","","-0.50%"
"06/06/2019","0.2414","0.2424","0.2428","0.2407","","-0.49%"
"06/05/2019","0.2426","0.2420","0.2427","0.2408","","0.27%"
"06/04/2019","0.2419","0.2422","0.2425","0.2414","","-0.09%"
"06/03/2019","0.2421","0.2438","0.2441","0.2417","","-0.50%"
"05/31/2019","0.2434","0.2445","0.2447","0.2434","","-0.49%"
"05/30/2019","0.2446","0.2446","0.2449","0.2443","","0.00%"
"05/29/2019","0.2445","0.2439","0.2447","0.2436","","0.26%"
"05/28/2019","0.2439","0.2431","0.2440","0.2430","","0.35%"
"05/27/2019","0.2431","0.2432","0.2434","0.2427","","0.07%"
"05/24/2019","0.2429","0.2435","0.2436","0.2428","","-0.24%"
"05/23/2019","0.2435","0.2442","0.2451","0.2433","","-0.25%"
"05/22/2019","0.2441","0.2439","0.2443","0.2435","","0.10%"
"05/21/2019","0.2439","0.2437","0.2444","0.2433","","0.09%"
"05/20/2019","0.2437","0.2440","0.2442","0.2436","","-0.12%"
"05/17/2019","0.2439","0.2436","0.2441","0.2434","","0.14%"
"05/16/2019","0.2436","0.2430","0.2438","0.2425","","0.25%"
"05/15/2019","0.2430","0.2428","0.2436","0.2425","","0.11%"
"05/14/2019","0.2427","0.2426","0.2431","0.2421","","0.09%"
"05/13/2019","0.2425","0.2422","0.2426","0.2416","","0.11%"
"05/10/2019","0.2422","0.2427","0.2428","0.2419","","-0.17%"
"05/09/2019","0.2427","0.2433","0.2437","0.2419","","-0.23%"
"05/08/2019","0.2432","0.2433","0.2435","0.2427","","0.00%"
"05/07/2019","0.2432","0.2431","0.2438","0.2426","","0.09%"
"05/06/2019","0.2430","0.2430","0.2440","0.2428","","0.02%"
"05/03/2019","0.2430","0.2436","0.2445","0.2429","","-0.21%"
"05/02/2019","0.2435","0.2430","0.2437","0.2426","","0.15%"
"05/01/2019","0.2431","0.2428","0.2434","0.2416","","0.16%"
"04/30/2019","0.2427","0.2434","0.2436","0.2424","","-0.25%"
"04/29/2019","0.2433","0.2441","0.2444","0.2433","","-0.33%"
"04/26/2019","0.2441","0.2446","0.2450","0.2436","","-0.15%"
"04/25/2019","0.2445","0.2441","0.2449","0.2439","","0.20%"
"04/24/2019","0.2440","0.2425","0.2444","0.2424","","0.67%"
"04/23/2019","0.2424","0.2418","0.2433","0.2417","","0.28%"
"04/22/2019","0.2417","0.2421","0.2423","0.2417","","-0.10%"
"04/19/2019","0.2420","0.2422","0.2425","0.2419","","-0.16%"
"04/18/2019","0.2423","0.2410","0.2425","0.2408","","0.59%"
"04/17/2019","0.2409","0.2413","0.2414","0.2404","","-0.15%"
"04/16/2019","0.2413","0.2407","0.2414","0.2406","","0.26%"
"04/15/2019","0.2407","0.2409","0.2411","0.2405","","-0.06%"
"04/12/2019","0.2408","0.2420","0.2420","0.2404","","-0.44%"
"04/11/2019","0.2419","0.2415","0.2420","0.2411","","0.17%"
"04/10/2019","0.2415","0.2417","0.2424","0.2412","","-0.10%"
"04/09/2019","0.2417","0.2415","0.2419","0.2412","","0.00%"
"04/08/2019","0.2417","0.2427","0.2428","0.2414","","-0.41%"
"04/05/2019","0.2427","0.2426","0.2429","0.2421","","0.04%"
"04/04/2019","0.2426","0.2423","0.2430","0.2420","","0.12%"
"04/03/2019","0.2423","0.2430","0.2431","0.2419","","-0.26%"
"04/02/2019","0.2429","0.2427","0.2435","0.2427","","0.06%"
"04/01/2019","0.2428","0.2427","0.2430","0.2420","","0.05%"
"03/29/2019","0.2426","0.2426","0.2429","0.2420","","0.10%"
"03/28/2019","0.2424","0.2421","0.2428","0.2417","","0.14%"
"03/27/2019","0.2421","0.2416","0.2422","0.2412","","0.19%"
"03/26/2019","0.2416","0.2407","0.2418","0.2403","","0.42%"
"03/25/2019","0.2406","0.2406","0.2413","0.2402","","0.00%"
"03/22/2019","0.2406","0.2394","0.2415","0.2389","","0.55%"
"03/21/2019","0.2393","0.2385","0.2400","0.2380","","0.35%"
"03/20/2019","0.2385","0.2398","0.2402","0.2378","","-0.55%"
"03/19/2019","0.2398","0.2402","0.2402","0.2396","","-0.15%"
"03/18/2019","0.2401","0.2404","0.2406","0.2396","","-0.10%"
"03/15/2019","0.2403","0.2408","0.2410","0.2399","","-0.17%"
"03/14/2019","0.2408","0.2404","0.2411","0.2400","","0.19%"
"03/13/2019","0.2403","0.2412","0.2414","0.2401","","-0.34%"
"03/12/2019","0.2411","0.2420","0.2421","0.2408","","-0.33%"
"03/11/2019","0.2419","0.2423","0.2426","0.2418","","-0.07%"
"03/08/2019","0.2421","0.2432","0.2434","0.2421","","-0.42%"
"03/07/2019","0.2431","0.2408","0.2436","0.2404","","1.00%"
"03/06/2019","0.2407","0.2408","0.2412","0.2404","","0.02%"
"03/05/2019","0.2407","0.2401","0.2412","0.2398","","0.27%"
"03/04/2019","0.2400","0.2393","0.2407","0.2389","","0.33%"
"03/01/2019","0.2393","0.2392","0.2398","0.2386","","-0.06%"
"02/28/2019","0.2394","0.2394","0.2397","0.2384","","0.00%"
"02/27/2019","0.2394","0.2390","0.2396","0.2387","","0.26%"
"02/26/2019","0.2388","0.2395","0.2400","0.2387","","-0.34%"
"02/25/2019","0.2396","0.2401","0.2404","0.2395","","-0.12%"
"02/22/2019","0.2399","0.2402","0.2406","0.2397","","-0.08%"
"02/21/2019","0.2401","0.2402","0.2405","0.2395","","0.00%"
"02/20/2019","0.2401","0.2401","0.2404","0.2394","","0.03%"
"02/19/2019","0.2400","0.2407","0.2415","0.2397","","-0.27%"
"02/18/2019","0.2406","0.2412","0.2413","0.2402","","-0.15%"
"02/15/2019","0.2410","0.2410","0.2424","0.2407","","0.00%"
"02/14/2019","0.2410","0.2418","0.2421","0.2407","","-0.31%"
"02/13/2019","0.2417","0.2404","0.2418","0.2400","","0.58%"
"02/12/2019","0.2403","0.2414","0.2419","0.2400","","-0.44%"
"02/11/2019","0.2414","0.2403","0.2417","0.2403","","0.50%"
"02/08/2019","0.2402","0.2401","0.2405","0.2398","","0.13%"
"02/07/2019","0.2399","0.2396","0.2404","0.2393","","0.13%"
"02/06/2019","0.2396","0.2387","0.2397","0.2384","","0.48%"
"02/05/2019","0.2384","0.2380","0.2388","0.2377","","0.21%"
"02/04/2019","0.2379","0.2377","0.2384","0.2375","","0.15%"
"02/01/2019","0.2376","0.2378","0.2382","0.2370","","-0.08%"
"01/31/2019","0.2378","0.2372","0.2381","0.2364","","0.27%"
"01/30/2019","0.2371","0.2381","0.2387","0.2367","","-0.39%"
"01/29/2019","0.2381","0.2382","0.2386","0.2377","","-0.05%"
"01/28/2019","0.2382","0.2387","0.2390","0.2378","","-0.17%"
"01/25/2019","0.2386","0.2408","0.2410","0.2384","","-0.90%"
"01/24/2019","0.2408","0.2392","0.2412","0.2388","","0.67%"
"01/23/2019","0.2392","0.2397","0.2399","0.2389","","-0.20%"
"01/22/2019","0.2396","0.2396","0.2402","0.2391","","0.08%"
"01/21/2019","0.2395","0.2395","0.2398","0.2387","","-0.03%"
"01/18/2019","0.2395","0.2389","0.2398","0.2386","","0.27%"
"01/17/2019","0.2389","0.2389","0.2395","0.2386","","0.05%"
"01/16/2019","0.2387","0.2385","0.2393","0.2382","","0.11%"
"01/15/2019","0.2385","0.2373","0.2392","0.2369","","0.55%"
"01/14/2019","0.2372","0.2374","0.2380","0.2371","","-0.06%"
"01/11/2019","0.2373","0.2368","0.2376","0.2359","","0.27%"
"01/10/2019","0.2367","0.2359","0.2371","0.2353","","0.36%"
"01/09/2019","0.2358","0.2379","0.2381","0.2356","","-0.86%"
"01/08/2019","0.2379","0.2372","0.2384","0.2370","","0.29%"
"01/07/2019","0.2372","0.2389","0.2390","0.2371","","-0.69%"
"01/04/2019","0.2388","0.2390","0.2400","0.2384","","0.00%"
"01/03/2019","0.2389","0.2400","0.2407","0.2386","","-0.45%"
"01/02/2019","0.2400","0.2375","0.2404","0.2368","","1.07%"
"01/01/2019","0.2374","0.2374","0.2383","0.2358","","0.05%"
"12/31/2018","0.2373","0.2379","0.2384","0.2373","","-0.25%"
"12/28/2018","0.2379","0.2382","0.2383","0.2372","","-0.09%"
"12/27/2018","0.2381","0.2398","0.2399","0.2376","","-0.68%"
"12/26/2018","0.2397","0.2396","0.2400","0.2383","","0.08%"
"12/25/2018","0.2395","0.2388","0.2396","0.2382","","0.31%"
"12/24/2018","0.2388","0.2394","0.2398","0.2380","","-0.25%"
"12/21/2018","0.2394","0.2379","0.2398","0.2372","","0.68%"
"12/20/2018","0.2378","0.2393","0.2394","0.2370","","-0.60%"
"12/19/2018","0.2392","0.2396","0.2397","0.2379","","-0.15%"
"12/18/2018","0.2396","0.2399","0.2402","0.2387","","-0.11%"
"12/17/2018","0.2399","0.2408","0.2410","0.2397","","-0.34%"
"12/14/2018","0.2407","0.2396","0.2416","0.2394","","0.49%"
"12/13/2018","0.2395","0.2395","0.2403","0.2389","","0.03%"
"12/12/2018","0.2394","0.2406","0.2407","0.2390","","-0.45%"
"12/11/2018","0.2405","0.2398","0.2408","0.2388","","0.35%"
"12/10/2018","0.2397","0.2393","0.2399","0.2379","","0.19%"
"12/07/2018","0.2392","0.2393","0.2397","0.2383","","-0.03%"
"12/06/2018","0.2393","0.2400","0.2405","0.2385","","-0.28%"
"12/05/2018","0.2399","0.2400","0.2407","0.2396","","0.00%"
"12/04/2018","0.2399","0.2398","0.2406","0.2384","","0.08%"
"12/03/2018","0.2397","0.2406","0.2406","0.2392","","-0.33%"
"11/30/2018","0.2405","0.2389","0.2409","0.2388","","0.67%"
"11/29/2018","0.2389","0.2395","0.2399","0.2388","","-0.25%"
"11/28/2018","0.2395","0.2411","0.2417","0.2391","","-0.69%"
"11/27/2018","0.2411","0.2403","0.2414","0.2400","","0.37%"
"11/26/2018","0.2403","0.2400","0.2404","0.2391","","0.11%"
"11/23/2018","0.2400","0.2387","0.2404","0.2384","","0.58%"
"11/22/2018","0.2386","0.2391","0.2393","0.2381","","-0.19%"
"11/21/2018","0.2391","0.2394","0.2396","0.2383","","-0.13%"
"11/20/2018","0.2394","0.2377","0.2397","0.2373","","0.73%"
"11/19/2018","0.2376","0.2384","0.2390","0.2374","","-0.29%"
"11/16/2018","0.2383","0.2403","0.2405","0.2383","","-0.80%"
"11/15/2018","0.2403","0.2407","0.2416","0.2396","","-0.17%"
"11/14/2018","0.2407","0.2411","0.2418","0.2399","","-0.16%"
"11/13/2018","0.2411","0.2427","0.2428","0.2410","","-0.66%"
"11/12/2018","0.2426","0.2403","0.2428","0.2402","","1.06%"
"11/09/2018","0.2401","0.2396","0.2406","0.2394","","0.23%"
"11/08/2018","0.2395","0.2383","0.2398","0.2378","","0.57%"
"11/07/2018","0.2382","0.2382","0.2389","0.2367","","0.00%"
"11/06/2018","0.2382","0.2387","0.2390","0.2380","","-0.18%"
"11/05/2018","0.2386","0.2390","0.2398","0.2383","","-0.16%"
"11/02/2018","0.2390","0.2387","0.2394","0.2376","","0.19%"
"11/01/2018","0.2386","0.2407","0.2408","0.2383","","-0.86%"
"10/31/2018","0.2406","0.2400","0.2409","0.2396","","0.28%"
"10/30/2018","0.2400","0.2394","0.2401","0.2391","","0.25%"
"10/29/2018","0.2394","0.2387","0.2396","0.2384","","0.30%"
"10/26/2018","0.2386","0.2393","0.2402","0.2384","","-0.26%"
"10/25/2018","0.2393","0.2390","0.2398","0.2381","","0.14%"
"10/24/2018","0.2389","0.2373","0.2393","0.2372","","0.71%"
"10/23/2018","0.2373","0.2375","0.2380","0.2368","","-0.06%"
"10/22/2018","0.2374","0.2366","0.2377","0.2357","","0.43%"
"10/19/2018","0.2364","0.2377","0.2382","0.2360","","-0.54%"
"10/18/2018","0.2377","0.2367","0.2378","0.2362","","0.43%"
"10/17/2018","0.2367","0.2352","0.2369","0.2350","","0.63%"
"10/16/2018","0.2352","0.2351","0.2354","0.2342","","0.04%"
"10/15/2018","0.2351","0.2355","0.2360","0.2345","","-0.14%"
"10/12/2018","0.2354","0.2349","0.2360","0.2345","","0.27%"
"10/11/2018","0.2348","0.2363","0.2364","0.2347","","-0.63%"
"10/10/2018","0.2363","0.2369","0.2372","0.2358","","-0.26%"
"10/09/2018","0.2369","0.2369","0.2382","0.2367","","0.00%"
"10/08/2018","0.2368","0.2363","0.2376","0.2360","","0.27%"
"10/05/2018","0.2362","0.2364","0.2371","0.2357","","-0.08%"
"10/04/2018","0.2364","0.2372","0.2375","0.2359","","-0.31%"
"10/03/2018","0.2371","0.2358","0.2375","0.2348","","0.61%"
"10/02/2018","0.2357","0.2351","0.2366","0.2351","","0.26%"
"10/01/2018","0.2351","0.2345","0.2355","0.2341","","0.26%"
"09/28/2018","0.2345","0.2339","0.2353","0.2336","","0.28%"
"09/27/2018","0.2338","0.2319","0.2340","0.2315","","0.84%"
"09/26/2018","0.2319","0.2314","0.2322","0.2308","","0.28%"
"09/25/2018","0.2312","0.2318","0.2321","0.2308","","-0.20%"
"09/24/2018","0.2317","0.2317","0.2322","0.2304","","0.00%"
"09/21/2018","0.2316","0.2312","0.2321","0.2306","","0.22%"
"09/20/2018","0.2311","0.2333","0.2334","0.2310","","-0.88%"
"09/19/2018","0.2332","0.2334","0.2337","0.2324","","-0.03%"
"09/18/2018","0.2333","0.2330","0.2337","0.2322","","0.11%"
"09/17/2018","0.2330","0.2342","0.2344","0.2327","","-0.43%"
"09/14/2018","0.2340","0.2329","0.2344","0.2322","","0.51%"
"09/13/2018","0.2328","0.2342","0.2345","0.2326","","-0.56%"
"09/12/2018","0.2341","0.2346","0.2353","0.2337","","-0.17%"
"09/11/2018","0.2345","0.2348","0.2354","0.2338","","-0.10%"
"09/10/2018","0.2348","0.2355","0.2362","0.2344","","-0.36%"
"09/07/2018","0.2356","0.2342","0.2357","0.2337","","0.59%"
"09/06/2018","0.2342","0.2341","0.2346","0.2335","","0.07%"
"09/05/2018","0.2341","0.2351","0.2359","0.2339","","-0.41%"
"09/04/2018","0.2350","0.2342","0.2361","0.2341","","0.36%"
"09/03/2018","0.2342","0.2348","0.2350","0.2341","","-0.17%"
"08/31/2018","0.2346","0.2333","0.2350","0.2329","","0.57%"
"08/30/2018","0.2332","0.2325","0.2339","0.2323","","0.33%"
"08/29/2018","0.2325","0.2328","0.2337","0.2325","","-0.11%"
"08/28/2018","0.2327","0.2331","0.2335","0.2320","","-0.15%"
"08/27/2018","0.2331","0.2341","0.2348","0.2328","","-0.47%"
"08/24/2018","0.2342","0.2359","0.2361","0.2339","","-0.72%"
"08/23/2018","0.2359","0.2348","0.2361","0.2347","","0.50%"
"08/22/2018","0.2347","0.2353","0.2357","0.2342","","-0.22%"
"08/21/2018","0.2352","0.2371","0.2372","0.2347","","-0.78%"
"08/20/2018","0.2371","0.2379","0.2389","0.2370","","-0.39%"
"08/17/2018","0.2380","0.2393","0.2396","0.2378","","-0.51%"
"08/16/2018","0.2392","0.2400","0.2402","0.2386","","-0.28%"
"08/15/2018","0.2399","0.2400","0.2409","0.2397","","0.00%"
"08/14/2018","0.2399","0.2386","0.2403","0.2382","","0.57%"
"08/13/2018","0.2386","0.2391","0.2396","0.2381","","0.00%"
"08/10/2018","0.2385","0.2362","0.2391","0.2360","","1.02%"
"08/09/2018","0.2361","0.2345","0.2362","0.2343","","0.73%"
"08/08/2018","0.2344","0.2347","0.2353","0.2341","","-0.09%"
"08/07/2018","0.2347","0.2356","0.2358","0.2345","","-0.41%"
"08/06/2018","0.2356","0.2352","0.2362","0.2352","","0.12%"
"08/03/2018","0.2353","0.2350","0.2355","0.2345","","0.15%"
"08/02/2018","0.2350","0.2335","0.2351","0.2333","","0.66%"
"08/01/2018","0.2334","0.2329","0.2336","0.2327","","0.25%"
"07/31/2018","0.2328","0.2326","0.2330","0.2318","","0.14%"
"07/30/2018","0.2325","0.2335","0.2337","0.2323","","-0.42%"
"07/27/2018","0.2335","0.2338","0.2343","0.2334","","-0.12%"
"07/26/2018","0.2338","0.2321","0.2339","0.2318","","0.73%"
"07/25/2018","0.2321","0.2330","0.2334","0.2319","","-0.35%"
"07/24/2018","0.2329","0.2329","0.2336","0.2323","","0.05%"
"07/23/2018","0.2328","0.2322","0.2331","0.2317","","0.24%"
"07/20/2018","0.2322","0.2338","0.2342","0.2319","","-0.66%"
"07/19/2018","0.2338","0.2339","0.2352","0.2331","","-0.04%"
"07/18/2018","0.2339","0.2335","0.2347","0.2334","","0.20%"
"07/17/2018","0.2334","0.2325","0.2337","0.2318","","0.41%"
"07/16/2018","0.2324","0.2332","0.2332","0.2322","","-0.21%"
"07/13/2018","0.2330","0.2333","0.2345","0.2329","","-0.10%"
"07/12/2018","0.2332","0.2332","0.2337","0.2328","","0.00%"
"07/11/2018","0.2331","0.2318","0.2334","0.2315","","0.60%"
"07/10/2018","0.2318","0.2317","0.2329","0.2314","","0.06%"
"07/09/2018","0.2316","0.2319","0.2321","0.2309","","-0.03%"
"07/06/2018","0.2317","0.2329","0.2331","0.2313","","-0.48%"
"07/05/2018","0.2328","0.2336","0.2337","0.2323","","-0.30%"
"07/04/2018","0.2335","0.2335","0.2341","0.2330","","0.00%"
"07/03/2018","0.2335","0.2339","0.2343","0.2332","","-0.17%"
"07/02/2018","0.2339","0.2337","0.2349","0.2327","","0.40%"
"06/29/2018","0.2329","0.2353","0.2356","0.2329","","-0.99%"
"06/28/2018","0.2353","0.2357","0.2362","0.2347","","-0.14%"
"06/27/2018","0.2356","0.2338","0.2359","0.2332","","0.81%"
"06/26/2018","0.2337","0.2326","0.2340","0.2323","","0.49%"
"06/25/2018","0.2326","0.2336","0.2342","0.2324","","-0.39%"
"06/22/2018","0.2335","0.2346","0.2347","0.2332","","-0.46%"
"06/21/2018","0.2346","0.2353","0.2366","0.2340","","-0.27%"
"06/20/2018","0.2352","0.2349","0.2360","0.2347","","0.16%"
"06/19/2018","0.2348","0.2342","0.2361","0.2338","","0.27%"
"06/18/2018","0.2342","0.2345","0.2354","0.2342","","-0.11%"
"06/15/2018","0.2344","0.2353","0.2359","0.2341","","-0.34%"
"06/14/2018","0.2353","0.2309","0.2355","0.2297","","1.92%"
"06/13/2018","0.2308","0.2318","0.2322","0.2307","","-0.39%"
"06/12/2018","0.2317","0.2310","0.2320","0.2305","","0.33%"
"06/11/2018","0.2310","0.2314","0.2316","0.2303","","-0.13%"
"06/08/2018","0.2313","0.2307","0.2322","0.2305","","0.26%"
"06/07/2018","0.2307","0.2312","0.2313","0.2299","","-0.22%"
"06/06/2018","0.2312","0.2323","0.2325","0.2308","","-0.47%"
"06/05/2018","0.2323","0.2327","0.2336","0.2320","","-0.18%"
"06/04/2018","0.2327","0.2336","0.2337","0.2318","","-0.31%"
"06/01/2018","0.2334","0.2328","0.2344","0.2323","","0.28%"
"05/31/2018","0.2328","0.2334","0.2339","0.2322","","-0.24%"
"05/30/2018","0.2334","0.2359","0.2364","0.2331","","-1.06%"
"05/29/2018","0.2359","0.2342","0.2366","0.2339","","0.72%"
"05/28/2018","0.2342","0.2337","0.2346","0.2321","","0.24%"
"05/25/2018","0.2336","0.2323","0.2338","0.2320","","0.58%"
"05/24/2018","0.2323","0.2328","0.2329","0.2317","","-0.20%"
"05/23/2018","0.2327","0.2311","0.2332","0.2309","","0.71%"
"05/22/2018","0.2311","0.2309","0.2316","0.2301","","0.11%"
"05/21/2018","0.2308","0.2315","0.2324","0.2308","","-0.11%"
"05/18/2018","0.2311","0.2308","0.2317","0.2303","","0.14%"
"05/17/2018","0.2308","0.2306","0.2312","0.2300","","0.10%"
"05/16/2018","0.2305","0.2300","0.2315","0.2296","","0.26%"
"05/15/2018","0.2299","0.2283","0.2304","0.2280","","0.77%"
"05/14/2018","0.2282","0.2279","0.2283","0.2269","","0.14%"
"05/11/2018","0.2279","0.2285","0.2290","0.2275","","-0.24%"
"05/10/2018","0.2284","0.2297","0.2299","0.2279","","-0.55%"
"05/09/2018","0.2297","0.2295","0.2303","0.2288","","0.13%"
"05/08/2018","0.2294","0.2284","0.2300","0.2280","","0.49%"
"05/07/2018","0.2283","0.2278","0.2289","0.2273","","0.32%"
"05/04/2018","0.2276","0.2271","0.2286","0.2269","","0.23%"
"05/03/2018","0.2270","0.2278","0.2279","0.2267","","-0.31%"
"05/02/2018","0.2277","0.2270","0.2281","0.2263","","0.34%"
"05/01/2018","0.2270","0.2254","0.2272","0.2252","","0.71%"
"04/30/2018","0.2254","0.2245","0.2257","0.2243","","0.43%"
"04/27/2018","0.2244","0.2249","0.2259","0.2244","","-0.22%"
"04/26/2018","0.2249","0.2239","0.2251","0.2230","","0.48%"
"04/25/2018","0.2238","0.2226","0.2239","0.2224","","0.59%"
"04/24/2018","0.2225","0.2230","0.2235","0.2223","","-0.20%"
"04/23/2018","0.2229","0.2215","0.2232","0.2215","","0.64%"
"04/20/2018","0.2215","0.2205","0.2223","0.2204","","0.48%"
"04/19/2018","0.2205","0.2200","0.2208","0.2196","","0.22%"
"04/18/2018","0.2200","0.2201","0.2206","0.2196","","-0.05%"
"04/17/2018","0.2201","0.2199","0.2207","0.2193","","0.10%"
"04/16/2018","0.2199","0.2209","0.2209","0.2196","","-0.39%"
"04/13/2018","0.2207","0.2209","0.2212","0.2205","","-0.03%"
"04/12/2018","0.2208","0.2201","0.2214","0.2199","","0.33%"
"04/11/2018","0.2201","0.2204","0.2205","0.2196","","-0.10%"
"04/10/2018","0.2203","0.2210","0.2213","0.2199","","-0.29%"
"04/09/2018","0.2209","0.2217","0.2221","0.2208","","-0.30%"
"04/06/2018","0.2216","0.2224","0.2229","0.2215","","-0.36%"
"04/05/2018","0.2224","0.2218","0.2228","0.2215","","0.31%"
"04/04/2018","0.2217","0.2219","0.2221","0.2211","","-0.06%"
"04/03/2018","0.2218","0.2213","0.2222","0.2207","","0.26%"
"04/02/2018","0.2212","0.2209","0.2217","0.2205","","0.16%"
"03/30/2018","0.2209","0.2214","0.2215","0.2208","","-0.17%"
"03/29/2018","0.2213","0.2212","0.2217","0.2207","","0.06%"
"03/28/2018","0.2211","0.2195","0.2214","0.2192","","0.77%"
"03/27/2018","0.2194","0.2188","0.2201","0.2182","","0.30%"
"03/26/2018","0.2188","0.2205","0.2206","0.2185","","-0.70%"
"03/23/2018","0.2203","0.2213","0.2213","0.2200","","-0.42%"
"03/22/2018","0.2212","0.2207","0.2216","0.2198","","0.29%"
"03/21/2018","0.2206","0.2224","0.2224","0.2204","","-0.77%"
"03/20/2018","0.2223","0.2207","0.2225","0.2204","","0.74%"
"03/19/2018","0.2207","0.2217","0.2221","0.2203","","-0.37%"
"03/16/2018","0.2215","0.2213","0.2221","0.2207","","0.12%"
"03/15/2018","0.2212","0.2202","0.2214","0.2198","","0.51%"
"03/14/2018","0.2201","0.2197","0.2205","0.2193","","0.19%"
"03/13/2018","0.2197","0.2207","0.2211","0.2194","","-0.45%"
"03/12/2018","0.2207","0.2212","0.2215","0.2205","","-0.23%"
"03/09/2018","0.2212","0.2211","0.2218","0.2207","","0.04%"
"03/08/2018","0.2211","0.2193","0.2214","0.2187","","0.81%"
"03/07/2018","0.2193","0.2195","0.2198","0.2188","","-0.05%"
"03/06/2018","0.2194","0.2207","0.2208","0.2192","","-0.56%"
"03/05/2018","0.2207","0.2209","0.2219","0.2202","","-0.17%"
"03/02/2018","0.2210","0.2219","0.2222","0.2207","","-0.40%"
"03/01/2018","0.2219","0.2233","0.2240","0.2218","","-0.59%"
"02/28/2018","0.2232","0.2226","0.2234","0.2224","","0.32%"
"02/27/2018","0.2225","0.2210","0.2228","0.2205","","0.69%"
"02/26/2018","0.2210","0.2214","0.2217","0.2204","","-0.20%"
"02/23/2018","0.2214","0.2208","0.2217","0.2207","","0.31%"
"02/22/2018","0.2207","0.2217","0.2221","0.2204","","-0.38%"
"02/21/2018","0.2216","0.2207","0.2217","0.2203","","0.44%"
"02/20/2018","0.2206","0.2194","0.2210","0.2193","","0.56%"
"02/19/2018","0.2194","0.2194","0.2201","0.2189","","0.00%"
"02/16/2018","0.2194","0.2177","0.2197","0.2168","","0.80%"
"02/15/2018","0.2176","0.2187","0.2187","0.2176","","-0.44%"
"02/14/2018","0.2186","0.2204","0.2218","0.2184","","-0.79%"
"02/13/2018","0.2204","0.2215","0.2216","0.2201","","-0.49%"
"02/12/2018","0.2214","0.2222","0.2225","0.2214","","-0.47%"
"02/09/2018","0.2225","0.2223","0.2231","0.2216","","0.11%"
"02/08/2018","0.2222","0.2220","0.2229","0.2214","","0.13%"
"02/07/2018","0.2219","0.2200","0.2223","0.2194","","0.91%"
"02/06/2018","0.2199","0.2201","0.2211","0.2189","","-0.07%"
"02/05/2018","0.2201","0.2186","0.2202","0.2182","","0.75%"
"02/02/2018","0.2184","0.2176","0.2194","0.2175","","0.42%"
"02/01/2018","0.2175","0.2193","0.2198","0.2174","","-0.73%"
"01/31/2018","0.2191","0.2195","0.2198","0.2182","","-0.14%"
"01/30/2018","0.2194","0.2199","0.2207","0.2186","","-0.18%"
"01/29/2018","0.2198","0.2191","0.2207","0.2189","","0.31%"
"01/26/2018","0.2191","0.2196","0.2201","0.2179","","-0.20%"
"01/25/2018","0.2196","0.2194","0.2202","0.2171","","0.10%"
"01/24/2018","0.2193","0.2214","0.2215","0.2193","","-0.88%"
"01/23/2018","0.2213","0.2220","0.2227","0.2212","","-0.30%"
"01/22/2018","0.2220","0.2220","0.2229","0.2218","","-0.35%"
"01/19/2018","0.2227","0.2225","0.2229","0.2214","","0.14%"
"01/18/2018","0.2224","0.2234","0.2238","0.2220","","-0.43%"
"01/17/2018","0.2234","0.2221","0.2236","0.2209","","0.61%"
"01/16/2018","0.2220","0.2220","0.2233","0.2216","","0.04%"
"01/15/2018","0.2219","0.2232","0.2234","0.2214","","-0.64%"
"01/12/2018","0.2234","0.2263","0.2263","0.2234","","-1.26%"
"01/11/2018","0.2262","0.2279","0.2282","0.2258","","-0.71%"
"01/10/2018","0.2278","0.2281","0.2284","0.2265","","-0.08%"
"01/09/2018","0.2280","0.2275","0.2285","0.2273","","0.26%"
"01/08/2018","0.2274","0.2263","0.2277","0.2259","","0.52%"
"01/05/2018","0.2263","0.2256","0.2265","0.2253","","0.32%"
"01/04/2018","0.2255","0.2266","0.2268","0.2252","","-0.43%"
"01/03/2018","0.2265","0.2258","0.2269","0.2256","","0.36%"
"01/02/2018","0.2257","0.2267","0.2269","0.2253","","-0.42%"
"01/01/2018","0.2266","0.2269","0.2270","0.2266","","-0.10%"
"12/29/2017","0.2269","0.2280","0.2281","0.2263","","-0.45%"
"12/28/2017","0.2279","0.2290","0.2290","0.2277","","-0.46%"
"12/27/2017","0.2290","0.2296","0.2297","0.2286","","-0.27%"
"12/26/2017","0.2296","0.2294","0.2299","0.2292","","0.09%"
"12/25/2017","0.2294","0.2298","0.2299","0.2292","","-0.07%"
"12/22/2017","0.2296","0.2293","0.2304","0.2293","","0.13%"
"12/21/2017","0.2292","0.2293","0.2298","0.2290","","-0.03%"
"12/20/2017","0.2293","0.2300","0.2302","0.2287","","-0.23%"
"12/19/2017","0.2298","0.2311","0.2312","0.2298","","-0.52%"
"12/18/2017","0.2310","0.2316","0.2320","0.2300","","-0.22%"
"12/15/2017","0.2315","0.2312","0.2317","0.2305","","0.20%"
"12/14/2017","0.2311","0.2302","0.2313","0.2295","","0.42%"
"12/13/2017","0.2301","0.2319","0.2321","0.2301","","-0.71%"
"12/12/2017","0.2317","0.2313","0.2324","0.2309","","0.23%"
"12/11/2017","0.2312","0.2313","0.2315","0.2305","","-0.05%"
"12/08/2017","0.2313","0.2313","0.2321","0.2312","","0.07%"
"12/07/2017","0.2312","0.2308","0.2313","0.2304","","0.20%"
"12/06/2017","0.2307","0.2302","0.2311","0.2298","","0.26%"
"12/05/2017","0.2301","0.2294","0.2308","0.2292","","0.34%"
"12/04/2017","0.2294","0.2292","0.2302","0.2290","","0.21%"
"12/01/2017","0.2289","0.2287","0.2297","0.2280","","0.10%"
"11/30/2017","0.2287","0.2298","0.2306","0.2282","","-0.50%"
"11/29/2017","0.2298","0.2299","0.2304","0.2291","","-0.04%"
"11/28/2017","0.2299","0.2288","0.2302","0.2284","","0.48%"
"11/27/2017","0.2288","0.2282","0.2289","0.2276","","0.26%"
"11/24/2017","0.2282","0.2297","0.2300","0.2279","","-0.64%"
"11/23/2017","0.2297","0.2303","0.2305","0.2296","","-0.24%"
"11/22/2017","0.2302","0.2320","0.2321","0.2302","","-0.72%"
"11/21/2017","0.2319","0.2321","0.2324","0.2315","","-0.05%"
"11/20/2017","0.2320","0.2309","0.2323","0.2305","","0.54%"
"11/17/2017","0.2308","0.2313","0.2314","0.2303","","-0.21%"
"11/16/2017","0.2313","0.2309","0.2316","0.2307","","0.18%"
"11/15/2017","0.2308","0.2308","0.2310","0.2295","","0.06%"
"11/14/2017","0.2307","0.2333","0.2335","0.2306","","-1.11%"
"11/13/2017","0.2333","0.2334","0.2340","0.2332","","0.00%"
"11/10/2017","0.2333","0.2339","0.2343","0.2331","","-0.21%"
"11/09/2017","0.2338","0.2348","0.2350","0.2336","","-0.39%"
"11/08/2017","0.2348","0.2350","0.2351","0.2345","","-0.07%"
"11/07/2017","0.2349","0.2345","0.2357","0.2344","","0.20%"
"11/06/2017","0.2345","0.2345","0.2351","0.2342","","0.00%"
"11/03/2017","0.2345","0.2335","0.2348","0.2329","","0.43%"
"11/02/2017","0.2335","0.2343","0.2345","0.2330","","-0.33%"
"11/01/2017","0.2342","0.2338","0.2346","0.2335","","0.23%"
"10/31/2017","0.2337","0.2337","0.2342","0.2335","","0.05%"
"10/30/2017","0.2336","0.2347","0.2348","0.2335","","-0.36%"
"10/27/2017","0.2345","0.2337","0.2353","0.2335","","0.34%"
"10/26/2017","0.2337","0.2305","0.2339","0.2300","","1.40%"
"10/25/2017","0.2304","0.2315","0.2317","0.2304","","-0.44%"
"10/24/2017","0.2315","0.2317","0.2319","0.2309","","-0.09%"
"10/23/2017","0.2317","0.2313","0.2322","0.2312","","0.29%"
"10/20/2017","0.2310","0.2297","0.2315","0.2296","","0.58%"
"10/19/2017","0.2297","0.2310","0.2314","0.2296","","-0.56%"
"10/18/2017","0.2309","0.2314","0.2321","0.2306","","-0.18%"
"10/17/2017","0.2314","0.2308","0.2320","0.2307","","0.26%"
"10/16/2017","0.2307","0.2302","0.2311","0.2302","","0.23%"
"10/13/2017","0.2302","0.2301","0.2306","0.2293","","0.06%"
"10/12/2017","0.2301","0.2295","0.2302","0.2292","","0.26%"
"10/11/2017","0.2295","0.2306","0.2308","0.2293","","-0.46%"
"10/10/2017","0.2306","0.2319","0.2319","0.2302","","-0.55%"
"10/09/2017","0.2318","0.2321","0.2324","0.2316","","-0.06%"
"10/06/2017","0.2320","0.2325","0.2333","0.2319","","-0.19%"
"10/05/2017","0.2324","0.2315","0.2327","0.2311","","0.42%"
"10/04/2017","0.2315","0.2318","0.2320","0.2309","","-0.14%"
"10/03/2017","0.2318","0.2321","0.2328","0.2313","","-0.09%"
"10/02/2017","0.2320","0.2304","0.2321","0.2304","","0.68%"
"09/29/2017","0.2304","0.2310","0.2313","0.2301","","-0.23%"
"09/28/2017","0.2309","0.2318","0.2323","0.2306","","-0.35%"
"09/27/2017","0.2317","0.2309","0.2324","0.2308","","0.41%"
"09/26/2017","0.2308","0.2298","0.2316","0.2295","","0.46%"
"09/25/2017","0.2298","0.2278","0.2301","0.2276","","0.85%"
"09/22/2017","0.2278","0.2280","0.2281","0.2268","","-0.05%"
"09/21/2017","0.2279","0.2289","0.2295","0.2277","","-0.41%"
"09/20/2017","0.2289","0.2270","0.2295","0.2263","","0.85%"
"09/19/2017","0.2269","0.2277","0.2278","0.2267","","-0.34%"
"09/18/2017","0.2277","0.2279","0.2285","0.2274","","-0.09%"
"09/15/2017","0.2279","0.2284","0.2288","0.2271","","-0.21%"
"09/14/2017","0.2284","0.2291","0.2300","0.2284","","-0.27%"
"09/13/2017","0.2290","0.2275","0.2293","0.2270","","0.67%"
"09/12/2017","0.2275","0.2278","0.2283","0.2273","","-0.11%"
"09/11/2017","0.2277","0.2261","0.2279","0.2261","","0.68%"
"09/08/2017","0.2262","0.2264","0.2266","0.2251","","-0.10%"
"09/07/2017","0.2264","0.2285","0.2285","0.2258","","-0.88%"
"09/06/2017","0.2284","0.2285","0.2287","0.2278","","0.00%"
"09/05/2017","0.2285","0.2289","0.2294","0.2280","","-0.16%"
"09/04/2017","0.2288","0.2296","0.2297","0.2283","","-0.30%"
"09/01/2017","0.2295","0.2286","0.2298","0.2273","","0.44%"
"08/31/2017","0.2285","0.2291","0.2303","0.2285","","-0.21%"
"08/30/2017","0.2290","0.2274","0.2292","0.2272","","0.72%"
"08/29/2017","0.2274","0.2273","0.2279","0.2256","","0.08%"
"08/28/2017","0.2272","0.2283","0.2285","0.2272","","-0.48%"
"08/25/2017","0.2283","0.2307","0.2313","0.2280","","-1.04%"
"08/24/2017","0.2307","0.2306","0.2311","0.2303","","0.08%"
"08/23/2017","0.2305","0.2315","0.2319","0.2303","","-0.39%"
"08/22/2017","0.2314","0.2304","0.2318","0.2302","","0.44%"
"08/21/2017","0.2304","0.2316","0.2321","0.2302","","-0.44%"
"08/18/2017","0.2314","0.2322","0.2326","0.2312","","-0.33%"
"08/17/2017","0.2322","0.2313","0.2335","0.2309","","0.37%"
"08/16/2017","0.2313","0.2320","0.2331","0.2311","","-0.27%"
"08/15/2017","0.2319","0.2311","0.2330","0.2309","","0.39%"
"08/14/2017","0.2311","0.2306","0.2313","0.2300","","0.33%"
"08/11/2017","0.2303","0.2313","0.2318","0.2298","","-0.40%"
"08/10/2017","0.2312","0.2315","0.2326","0.2310","","-0.11%"
"08/09/2017","0.2315","0.2317","0.2329","0.2314","","-0.05%"
"08/08/2017","0.2316","0.2308","0.2324","0.2302","","0.37%"
"08/07/2017","0.2307","0.2314","0.2314","0.2305","","-0.19%"
"08/04/2017","0.2312","0.2294","0.2321","0.2290","","0.82%"
"08/03/2017","0.2293","0.2296","0.2302","0.2289","","-0.11%"
"08/02/2017","0.2296","0.2307","0.2309","0.2286","","-0.48%"
"08/01/2017","0.2307","0.2299","0.2310","0.2298","","0.36%"
"07/31/2017","0.2298","0.2319","0.2323","0.2298","","-0.77%"
"07/28/2017","0.2316","0.2332","0.2333","0.2314","","-0.64%"
"07/27/2017","0.2331","0.2320","0.2337","0.2312","","0.50%"
"07/26/2017","0.2320","0.2337","0.2345","0.2319","","-0.75%"
"07/25/2017","0.2337","0.2339","0.2341","0.2324","","0.00%"
"07/24/2017","0.2338","0.2335","0.2342","0.2330","","0.16%"
"07/21/2017","0.2334","0.2341","0.2343","0.2330","","-0.26%"
"07/20/2017","0.2340","0.2364","0.2372","0.2336","","-1.00%"
"07/19/2017","0.2364","0.2356","0.2366","0.2355","","0.35%"
"07/18/2017","0.2356","0.2372","0.2374","0.2350","","-0.68%"
"07/17/2017","0.2372","0.2375","0.2381","0.2370","","-0.07%"
"07/14/2017","0.2373","0.2388","0.2390","0.2373","","-0.60%"
"07/13/2017","0.2388","0.2386","0.2395","0.2376","","0.10%"
"07/12/2017","0.2385","0.2375","0.2390","0.2369","","0.49%"
"07/11/2017","0.2374","0.2388","0.2392","0.2371","","-0.59%"
"07/10/2017","0.2388","0.2390","0.2392","0.2384","","0.00%"
"07/07/2017","0.2388","0.2383","0.2393","0.2380","","0.21%"
"07/06/2017","0.2383","0.2398","0.2403","0.2383","","-0.61%"
"07/05/2017","0.2397","0.2400","0.2407","0.2395","","-0.05%"
"07/04/2017","0.2399","0.2396","0.2402","0.2393","","0.16%"
"07/03/2017","0.2395","0.2384","0.2398","0.2382","","0.54%"
"06/30/2017","0.2382","0.2380","0.2390","0.2379","","0.10%"
"06/29/2017","0.2380","0.2393","0.2394","0.2379","","-0.52%"
"06/28/2017","0.2392","0.2401","0.2411","0.2390","","-0.35%"
"06/27/2017","0.2400","0.2435","0.2436","0.2399","","-1.38%"
"06/26/2017","0.2434","0.2431","0.2437","0.2426","","0.10%"
"06/23/2017","0.2431","0.2441","0.2443","0.2429","","-0.36%"
"06/22/2017","0.2440","0.2438","0.2444","0.2436","","0.14%"
"06/21/2017","0.2437","0.2445","0.2447","0.2437","","-0.31%"
"06/20/2017","0.2445","0.2442","0.2449","0.2438","","0.13%"
"06/19/2017","0.2441","0.2431","0.2443","0.2427","","0.43%"
"06/16/2017","0.2431","0.2443","0.2444","0.2430","","-0.45%"
"06/15/2017","0.2442","0.2427","0.2446","0.2424","","0.64%"
"06/14/2017","0.2426","0.2429","0.2433","0.2410","","-0.07%"
"06/13/2017","0.2428","0.2430","0.2434","0.2425","","-0.06%"
"06/12/2017","0.2429","0.2432","0.2433","0.2424","","-0.06%"
"06/09/2017","0.2431","0.2428","0.2438","0.2423","","0.15%"
"06/08/2017","0.2427","0.2419","0.2432","0.2416","","0.38%"
"06/07/2017","0.2418","0.2414","0.2430","0.2413","","0.19%"
"06/06/2017","0.2413","0.2419","0.2422","0.2413","","-0.21%"
"06/05/2017","0.2418","0.2414","0.2424","0.2412","","0.24%"
"06/02/2017","0.2412","0.2428","0.2430","0.2412","","-0.61%"
"06/01/2017","0.2427","0.2421","0.2430","0.2418","","0.28%"
"05/31/2017","0.2421","0.2434","0.2439","0.2419","","-0.51%"
"05/30/2017","0.2433","0.2438","0.2451","0.2430","","-0.20%"
"05/29/2017","0.2438","0.2435","0.2440","0.2433","","0.15%"
"05/26/2017","0.2434","0.2429","0.2440","0.2423","","0.25%"
"05/25/2017","0.2428","0.2427","0.2432","0.2420","","0.08%"
"05/24/2017","0.2426","0.2435","0.2438","0.2426","","-0.32%"
"05/23/2017","0.2434","0.2423","0.2437","0.2416","","0.47%"
"05/22/2017","0.2422","0.2430","0.2439","0.2417","","-0.25%"
"05/19/2017","0.2429","0.2452","0.2454","0.2428","","-0.93%"
"05/18/2017","0.2451","0.2440","0.2458","0.2437","","0.49%"
"05/17/2017","0.2439","0.2457","0.2457","0.2439","","-0.68%"
"05/16/2017","0.2456","0.2481","0.2481","0.2453","","-0.96%"
"05/15/2017","0.2480","0.2492","0.2493","0.2477","","-0.38%"
"05/12/2017","0.2490","0.2507","0.2508","0.2490","","-0.66%"
"05/11/2017","0.2506","0.2505","0.2512","0.2499","","0.07%"
"05/10/2017","0.2504","0.2504","0.2509","0.2498","","0.06%"
"05/09/2017","0.2503","0.2492","0.2506","0.2490","","0.46%"
"05/08/2017","0.2492","0.2475","0.2494","0.2470","","0.68%"
"05/05/2017","0.2475","0.2479","0.2487","0.2475","","-0.14%"
"05/04/2017","0.2478","0.2501","0.2504","0.2478","","-0.86%"
"05/03/2017","0.2500","0.2491","0.2502","0.2489","","0.38%"
"05/02/2017","0.2491","0.2498","0.2501","0.2490","","-0.29%"
"05/01/2017","0.2498","0.2496","0.2502","0.2492","","0.00%"
"04/28/2017","0.2498","0.2503","0.2508","0.2487","","-0.22%"
"04/27/2017","0.2503","0.2497","0.2509","0.2490","","0.26%"
"04/26/2017","0.2497","0.2492","0.2508","0.2486","","0.22%"
"04/25/2017","0.2491","0.2505","0.2509","0.2486","","-0.55%"
"04/24/2017","0.2505","0.2493","0.2516","0.2489","","-1.26%"
"04/21/2017","0.2537","0.2540","0.2549","0.2535","","-0.12%"
"04/20/2017","0.2540","0.2542","0.2543","0.2526","","-0.04%"
"04/19/2017","0.2541","0.2537","0.2545","0.2535","","0.18%"
"04/18/2017","0.2537","0.2558","0.2560","0.2535","","-0.81%"
"04/17/2017","0.2557","0.2565","0.2568","0.2551","","-0.30%"
"04/14/2017","0.2565","0.2565","0.2567","0.2560","","0.00%"
"04/13/2017","0.2565","0.2553","0.2567","0.2550","","0.49%"
"04/12/2017","0.2552","0.2567","0.2571","0.2550","","-0.61%"
"04/11/2017","0.2568","0.2570","0.2574","0.2561","","-0.04%"
"04/10/2017","0.2569","0.2570","0.2576","0.2567","","-0.06%"
"04/07/2017","0.2570","0.2558","0.2573","0.2552","","0.52%"
"04/06/2017","0.2557","0.2553","0.2562","0.2548","","0.15%"
"04/05/2017","0.2553","0.2551","0.2560","0.2547","","0.10%"
"04/04/2017","0.2550","0.2552","0.2560","0.2550","","-0.04%"
"04/03/2017","0.2551","0.2554","0.2558","0.2549","","-0.14%"
"03/31/2017","0.2555","0.2551","0.2556","0.2544","","0.20%"
"03/30/2017","0.2550","0.2529","0.2551","0.2527","","0.85%"
"03/29/2017","0.2528","0.2518","0.2535","0.2515","","0.43%"
"03/28/2017","0.2517","0.2506","0.2522","0.2504","","0.48%"
"03/27/2017","0.2505","0.2522","0.2522","0.2497","","-0.59%"
"03/24/2017","0.2520","0.2525","0.2530","0.2517","","-0.15%"
"03/23/2017","0.2524","0.2522","0.2529","0.2520","","0.12%"
"03/22/2017","0.2521","0.2519","0.2527","0.2515","","0.15%"
"03/21/2017","0.2517","0.2535","0.2540","0.2516","","-0.68%"
"03/20/2017","0.2535","0.2536","0.2539","0.2526","","0.00%"
"03/17/2017","0.2535","0.2529","0.2538","0.2525","","0.27%"
"03/16/2017","0.2528","0.2536","0.2543","0.2527","","-0.29%"
"03/15/2017","0.2535","0.2568","0.2568","0.2535","","-1.22%"
"03/14/2017","0.2567","0.2556","0.2569","0.2553","","0.45%"
"03/13/2017","0.2555","0.2551","0.2556","0.2541","","0.20%"
"03/10/2017","0.2550","0.2574","0.2576","0.2544","","-0.90%"
"03/09/2017","0.2573","0.2583","0.2587","0.2565","","-0.34%"
"03/08/2017","0.2582","0.2577","0.2585","0.2575","","0.24%"
"03/07/2017","0.2576","0.2573","0.2579","0.2568","","0.15%"
"03/06/2017","0.2572","0.2564","0.2575","0.2559","","0.39%"
"03/03/2017","0.2562","0.2592","0.2593","0.2563","","-1.12%"
"03/02/2017","0.2591","0.2582","0.2595","0.2580","","0.40%"
"03/01/2017","0.2581","0.2575","0.2590","0.2571","","0.28%"
"02/28/2017","0.2574","0.2572","0.2576","0.2561","","0.10%"
"02/27/2017","0.2571","0.2578","0.2581","0.2561","","-0.23%"
"02/24/2017","0.2577","0.2573","0.2580","0.2564","","0.18%"
"02/23/2017","0.2572","0.2579","0.2584","0.2570","","-0.25%"
"02/22/2017","0.2579","0.2584","0.2595","0.2575","","-0.18%"
"02/21/2017","0.2583","0.2565","0.2587","0.2564","","0.76%"
"02/20/2017","0.2564","0.2565","0.2568","0.2560","","-0.02%"
"02/17/2017","0.2564","0.2551","0.2567","0.2550","","0.56%"
"02/16/2017","0.2550","0.2568","0.2571","0.2549","","-0.67%"
"02/15/2017","0.2567","0.2574","0.2588","0.2566","","-0.24%"
"02/14/2017","0.2573","0.2569","0.2578","0.2560","","0.21%"
"02/13/2017","0.2568","0.2560","0.2571","0.2554","","0.41%"
"02/10/2017","0.2557","0.2555","0.2567","0.2552","","0.13%"
"02/09/2017","0.2554","0.2545","0.2557","0.2542","","0.41%"
"02/08/2017","0.2544","0.2549","0.2559","0.2541","","-0.15%"
"02/07/2017","0.2548","0.2533","0.2555","0.2532","","0.61%"
"02/06/2017","0.2532","0.2525","0.2544","0.2520","","0.33%"
"02/03/2017","0.2524","0.2531","0.2541","0.2521","","-0.25%"
"02/02/2017","0.2530","0.2528","0.2532","0.2514","","0.13%"
"02/01/2017","0.2527","0.2522","0.2537","0.2519","","0.25%"
"01/31/2017","0.2521","0.2545","0.2549","0.2518","","-0.95%"
"01/30/2017","0.2545","0.2547","0.2564","0.2535","","0.06%"
"01/27/2017","0.2543","0.2549","0.2555","0.2538","","-0.16%"
"01/26/2017","0.2548","0.2534","0.2555","0.2529","","0.62%"
"01/25/2017","0.2532","0.2537","0.2542","0.2528","","-0.18%"
"01/24/2017","0.2537","0.2529","0.2540","0.2526","","0.35%"
"01/23/2017","0.2528","0.2547","0.2548","0.2528","","-0.59%"
"01/20/2017","0.2543","0.2553","0.2563","0.2542","","-0.38%"
"01/19/2017","0.2553","0.2561","0.2571","0.2550","","-0.33%"
"01/18/2017","0.2561","0.2541","0.2562","0.2540","","0.80%"
"01/17/2017","0.2541","0.2569","0.2570","0.2540","","-1.02%"
"01/16/2017","0.2567","0.2564","0.2574","0.2559","","0.39%"
"01/13/2017","0.2557","0.2565","0.2569","0.2551","","-0.28%"
"01/12/2017","0.2564","0.2573","0.2575","0.2548","","-0.31%"
"01/11/2017","0.2572","0.2580","0.2604","0.2563","","-0.24%"
"01/10/2017","0.2578","0.2575","0.2581","0.2562","","0.17%"
"01/09/2017","0.2574","0.2583","0.2591","0.2572","","-0.39%"
"01/06/2017","0.2584","0.2567","0.2587","0.2563","","0.73%"
"01/05/2017","0.2565","0.2595","0.2598","0.2564","","-1.13%"
"01/04/2017","0.2595","0.2616","0.2621","0.2593","","-0.79%"
"01/03/2017","0.2615","0.2604","0.2633","0.2595","","0.52%"
"01/02/2017","0.2602","0.2585","0.2606","0.2584","","0.54%"
"12/30/2016","0.2588","0.2596","0.2598","0.2555","","-0.26%"
"12/29/2016","0.2595","0.2614","0.2616","0.2594","","-0.73%"
"12/28/2016","0.2614","0.2604","0.2625","0.2598","","0.42%"
"12/27/2016","0.2603","0.2605","0.2610","0.2602","","-0.02%"
"12/26/2016","0.2603","0.2605","0.2609","0.2600","","0.00%"
"12/23/2016","0.2603","0.2609","0.2612","0.2601","","-0.21%"
"12/22/2016","0.2609","0.2612","0.2613","0.2593","","-0.10%"
"12/21/2016","0.2611","0.2621","0.2623","0.2605","","-0.32%"
"12/20/2016","0.2620","0.2617","0.2630","0.2613","","0.11%"
"12/19/2016","0.2617","0.2606","0.2620","0.2598","","0.50%"
"12/16/2016","0.2604","0.2614","0.2618","0.2599","","-0.37%"
"12/15/2016","0.2614","0.2584","0.2627","0.2582","","1.17%"
"12/14/2016","0.2583","0.2562","0.2594","0.2552","","0.87%"
"12/13/2016","0.2561","0.2560","0.2568","0.2552","","0.05%"
"12/12/2016","0.2560","0.2580","0.2587","0.2556","","-0.66%"
"12/09/2016","0.2577","0.2565","0.2586","0.2561","","0.49%"
"12/08/2016","0.2564","0.2532","0.2569","0.2504","","1.31%"
"12/07/2016","0.2531","0.2540","0.2542","0.2528","","-0.31%"
"12/06/2016","0.2539","0.2529","0.2545","0.2524","","0.40%"
"12/05/2016","0.2529","0.2550","0.2592","0.2521","","-0.85%"
"12/02/2016","0.2550","0.2554","0.2563","0.2547","","-0.11%"
"12/01/2016","0.2553","0.2572","0.2573","0.2552","","-0.68%"
"11/30/2016","0.2571","0.2556","0.2580","0.2552","","0.58%"
"11/29/2016","0.2556","0.2565","0.2577","0.2555","","-0.32%"
"11/28/2016","0.2564","0.2569","0.2578","0.2548","","-0.25%"
"11/25/2016","0.2571","0.2580","0.2584","0.2561","","-0.33%"
"11/24/2016","0.2579","0.2580","0.2589","0.2572","","0.00%"
"11/23/2016","0.2579","0.2562","0.2587","0.2558","","0.68%"
"11/22/2016","0.2561","0.2561","0.2573","0.2554","","0.04%"
"11/21/2016","0.2560","0.2572","0.2574","0.2556","","-0.39%"
"11/18/2016","0.2570","0.2562","0.2576","0.2558","","0.35%"
"11/17/2016","0.2562","0.2546","0.2564","0.2533","","0.61%"
"11/16/2016","0.2546","0.2539","0.2553","0.2530","","0.28%"
"11/15/2016","0.2539","0.2536","0.2542","0.2517","","0.16%"
"11/14/2016","0.2535","0.2509","0.2543","0.2509","","1.14%"
"11/11/2016","0.2506","0.2499","0.2514","0.2492","","0.32%"
"11/10/2016","0.2498","0.2496","0.2506","0.2485","","0.12%"
"11/09/2016","0.2495","0.2469","0.2497","0.2410","","1.08%"
"11/08/2016","0.2468","0.2466","0.2474","0.2460","","0.13%"
"11/07/2016","0.2465","0.2445","0.2469","0.2444","","0.91%"
"11/04/2016","0.2443","0.2452","0.2457","0.2443","","-0.31%"
"11/03/2016","0.2451","0.2453","0.2462","0.2447","","-0.07%"
"11/02/2016","0.2453","0.2462","0.2464","0.2448","","-0.37%"
"11/01/2016","0.2462","0.2480","0.2485","0.2459","","-0.69%"
"10/31/2016","0.2479","0.2478","0.2490","0.2477","","0.08%"
"10/28/2016","0.2477","0.2499","0.2500","0.2477","","-0.83%"
"10/27/2016","0.2498","0.2496","0.2502","0.2488","","0.11%"
"10/26/2016","0.2495","0.2500","0.2504","0.2487","","-0.20%"
"10/25/2016","0.2500","0.2502","0.2509","0.2496","","-0.05%"
"10/24/2016","0.2501","0.2502","0.2507","0.2498","","0.02%"
"10/21/2016","0.2501","0.2491","0.2507","0.2490","","0.42%"
"10/20/2016","0.2490","0.2481","0.2494","0.2466","","0.40%"
"10/19/2016","0.2480","0.2480","0.2486","0.2474","","0.07%"
"10/18/2016","0.2479","0.2475","0.2482","0.2469","","0.17%"
"10/17/2016","0.2474","0.2481","0.2483","0.2473","","-0.27%"
"10/14/2016","0.2481","0.2462","0.2482","0.2461","","0.80%"
"10/13/2016","0.2461","0.2474","0.2479","0.2462","","-0.44%"
"10/12/2016","0.2472","0.2463","0.2474","0.2459","","0.39%"
"10/11/2016","0.2463","0.2444","0.2464","0.2443","","0.77%"
"10/10/2016","0.2444","0.2431","0.2446","0.2430","","0.58%"
"10/07/2016","0.2430","0.2442","0.2452","0.2429","","-0.46%"
"10/06/2016","0.2441","0.2430","0.2444","0.2428","","0.51%"
"10/05/2016","0.2429","0.2430","0.2433","0.2423","","0.00%"
"10/04/2016","0.2429","0.2429","0.2445","0.2422","","0.05%"
"10/03/2016","0.2428","0.2423","0.2430","0.2421","","0.28%"
"09/30/2016","0.2421","0.2426","0.2441","0.2420","","-0.17%"
"09/29/2016","0.2425","0.2427","0.2432","0.2420","","-0.06%"
"09/28/2016","0.2427","0.2428","0.2435","0.2423","","0.00%"
"09/27/2016","0.2427","0.2419","0.2433","0.2417","","0.34%"
"09/26/2016","0.2419","0.2425","0.2426","0.2414","","-0.22%"
"09/23/2016","0.2424","0.2429","0.2433","0.2422","","-0.19%"
"09/22/2016","0.2429","0.2432","0.2435","0.2418","","-0.14%"
"09/21/2016","0.2432","0.2441","0.2448","0.2431","","-0.34%"
"09/20/2016","0.2440","0.2436","0.2443","0.2428","","0.19%"
"09/19/2016","0.2436","0.2439","0.2442","0.2431","","-0.14%"
"09/16/2016","0.2439","0.2421","0.2442","0.2419","","0.75%"
"09/15/2016","0.2421","0.2420","0.2427","0.2413","","0.06%"
"09/14/2016","0.2420","0.2427","0.2429","0.2415","","-0.25%"
"09/13/2016","0.2426","0.2423","0.2430","0.2418","","0.12%"
"09/12/2016","0.2423","0.2424","0.2429","0.2416","","0.00%"
"09/09/2016","0.2423","0.2418","0.2431","0.2412","","0.24%"
"09/08/2016","0.2417","0.2422","0.2424","0.2404","","-0.17%"
"09/07/2016","0.2421","0.2419","0.2425","0.2416","","0.13%"
"09/06/2016","0.2418","0.2442","0.2444","0.2417","","-1.00%"
"09/05/2016","0.2442","0.2441","0.2444","0.2434","","0.11%"
"09/02/2016","0.2440","0.2431","0.2442","0.2419","","0.37%"
"09/01/2016","0.2430","0.2440","0.2447","0.2429","","-0.34%"
"08/31/2016","0.2439","0.2443","0.2448","0.2438","","-0.15%"
"08/30/2016","0.2442","0.2433","0.2446","0.2431","","0.39%"
"08/29/2016","0.2433","0.2432","0.2440","0.2429","","0.11%"
"08/26/2016","0.2430","0.2413","0.2435","0.2401","","0.78%"
"08/25/2016","0.2412","0.2417","0.2419","0.2410","","-0.19%"
"08/24/2016","0.2416","0.2408","0.2422","0.2406","","0.36%"
"08/23/2016","0.2408","0.2405","0.2409","0.2398","","0.13%"
"08/22/2016","0.2404","0.2409","0.2416","0.2403","","0.04%"
"08/19/2016","0.2404","0.2398","0.2409","0.2396","","0.27%"
"08/18/2016","0.2397","0.2411","0.2413","0.2395","","-0.57%"
"08/17/2016","0.2411","0.2414","0.2422","0.2406","","-0.07%"
"08/16/2016","0.2413","0.2434","0.2436","0.2405","","-0.88%"
"08/15/2016","0.2434","0.2439","0.2441","0.2430","","-0.18%"
"08/12/2016","0.2438","0.2444","0.2447","0.2426","","-0.22%"
"08/11/2016","0.2444","0.2436","0.2445","0.2432","","0.35%"
"08/10/2016","0.2435","0.2449","0.2452","0.2433","","-0.51%"
"08/09/2016","0.2448","0.2455","0.2460","0.2448","","-0.24%"
"08/08/2016","0.2454","0.2456","0.2459","0.2451","","-0.08%"
"08/05/2016","0.2456","0.2446","0.2465","0.2439","","0.40%"
"08/04/2016","0.2446","0.2442","0.2450","0.2440","","0.19%"
"08/03/2016","0.2441","0.2426","0.2444","0.2424","","0.70%"
"08/02/2016","0.2424","0.2439","0.2441","0.2423","","-0.57%"
"08/01/2016","0.2438","0.2436","0.2441","0.2434","","0.09%"
"07/29/2016","0.2436","0.2458","0.2460","0.2431","","-0.88%"
"07/28/2016","0.2458","0.2462","0.2464","0.2449","","-0.13%"
"07/27/2016","0.2461","0.2478","0.2484","0.2460","","-0.67%"
"07/26/2016","0.2477","0.2476","0.2480","0.2468","","0.10%"
"07/25/2016","0.2475","0.2482","0.2486","0.2475","","-0.19%"
"07/22/2016","0.2480","0.2469","0.2486","0.2466","","0.45%"
"07/21/2016","0.2469","0.2472","0.2480","0.2462","","-0.09%"
"07/20/2016","0.2471","0.2470","0.2480","0.2468","","0.06%"
"07/19/2016","0.2470","0.2458","0.2475","0.2456","","0.48%"
"07/18/2016","0.2458","0.2466","0.2467","0.2456","","-0.34%"
"07/15/2016","0.2466","0.2449","0.2470","0.2442","","0.77%"
"07/14/2016","0.2447","0.2455","0.2456","0.2438","","-0.29%"
"07/13/2016","0.2455","0.2461","0.2466","0.2448","","-0.27%"
"07/12/2016","0.2461","0.2462","0.2464","0.2447","","0.00%"
"07/11/2016","0.2461","0.2464","0.2472","0.2458","","-0.03%"
"07/08/2016","0.2462","0.2461","0.2475","0.2450","","0.09%"
"07/07/2016","0.2460","0.2453","0.2464","0.2450","","0.30%"
"07/06/2016","0.2452","0.2458","0.2468","0.2450","","-0.22%"
"07/05/2016","0.2458","0.2441","0.2462","0.2434","","0.75%"
"07/04/2016","0.2440","0.2443","0.2454","0.2438","","-0.19%"
"07/01/2016","0.2444","0.2452","0.2459","0.2437","","-0.27%"
"06/30/2016","0.2451","0.2447","0.2470","0.2441","","0.18%"
"06/29/2016","0.2447","0.2461","0.2465","0.2446","","-0.54%"
"06/28/2016","0.2460","0.2470","0.2473","0.2450","","-0.38%"
"06/27/2016","0.2469","0.2459","0.2482","0.2456","","0.85%"
"06/24/2016","0.2448","0.2391","0.2495","0.2381","","2.44%"
"06/23/2016","0.2390","0.2410","0.2410","0.2384","","-0.81%"
"06/22/2016","0.2409","0.2421","0.2423","0.2401","","-0.50%"
"06/21/2016","0.2421","0.2406","0.2422","0.2399","","0.67%"
"06/20/2016","0.2405","0.2413","0.2413","0.2392","","-0.34%"
"06/17/2016","0.2413","0.2425","0.2427","0.2410","","-0.45%"
"06/16/2016","0.2424","0.2418","0.2446","0.2410","","0.30%"
"06/15/2016","0.2417","0.2429","0.2433","0.2409","","-0.47%"
"06/14/2016","0.2428","0.2411","0.2434","0.2409","","0.75%"
"06/13/2016","0.2410","0.2420","0.2424","0.2409","","-0.36%"
"06/10/2016","0.2419","0.2406","0.2421","0.2403","","0.57%"
"06/09/2016","0.2405","0.2388","0.2408","0.2385","","0.67%"
"06/08/2016","0.2389","0.2397","0.2399","0.2386","","-0.30%"
"06/07/2016","0.2396","0.2398","0.2401","0.2392","","-0.03%"
"06/06/2016","0.2397","0.2398","0.2404","0.2390","","0.12%"
"06/03/2016","0.2394","0.2442","0.2445","0.2393","","-1.91%"
"06/02/2016","0.2441","0.2434","0.2443","0.2426","","0.34%"
"06/01/2016","0.2433","0.2446","0.2450","0.2432","","-0.49%"
"05/31/2016","0.2445","0.2444","0.2448","0.2436","","0.11%"
"05/30/2016","0.2442","0.2449","0.2453","0.2442","","-0.28%"
"05/27/2016","0.2449","0.2432","0.2451","0.2431","","0.73%"
"05/26/2016","0.2431","0.2441","0.2443","0.2427","","-0.37%"
"05/25/2016","0.2440","0.2444","0.2447","0.2438","","-0.13%"
"05/24/2016","0.2443","0.2427","0.2446","0.2425","","0.72%"
"05/23/2016","0.2426","0.2427","0.2434","0.2421","","0.03%"
"05/20/2016","0.2425","0.2430","0.2432","0.2423","","-0.20%"
"05/19/2016","0.2430","0.2427","0.2435","0.2424","","0.13%"
"05/18/2016","0.2427","0.2406","0.2428","0.2404","","0.89%"
"05/17/2016","0.2405","0.2405","0.2409","0.2399","","0.04%"
"05/16/2016","0.2404","0.2407","0.2409","0.2400","","-0.12%"
"05/13/2016","0.2407","0.2393","0.2413","0.2392","","0.61%"
"05/12/2016","0.2393","0.2383","0.2395","0.2381","","0.44%"
"05/11/2016","0.2382","0.2394","0.2395","0.2378","","-0.45%"
"05/10/2016","0.2393","0.2392","0.2397","0.2386","","0.08%"
"05/09/2016","0.2391","0.2388","0.2394","0.2384","","0.20%"
"05/06/2016","0.2386","0.2386","0.2391","0.2372","","0.00%"
"05/05/2016","0.2387","0.2370","0.2391","0.2368","","0.72%"
"05/04/2016","0.2369","0.2368","0.2374","0.2361","","0.09%"
"05/03/2016","0.2367","0.2360","0.2369","0.2344","","0.31%"
"05/02/2016","0.2360","0.2379","0.2379","0.2360","","-0.67%"
"04/29/2016","0.2376","0.2398","0.2402","0.2376","","-0.89%"
"04/28/2016","0.2397","0.2405","0.2410","0.2395","","-0.28%"
"04/27/2016","0.2404","0.2410","0.2415","0.2396","","-0.22%"
"04/26/2016","0.2409","0.2417","0.2419","0.2401","","-0.26%"
"04/25/2016","0.2415","0.2424","0.2428","0.2414","","-0.29%"
"04/22/2016","0.2423","0.2412","0.2427","0.2407","","0.48%"
"04/21/2016","0.2411","0.2410","0.2416","0.2389","","0.07%"
"04/20/2016","0.2409","0.2397","0.2412","0.2391","","0.55%"
"04/19/2016","0.2396","0.2406","0.2409","0.2391","","-0.39%"
"04/18/2016","0.2406","0.2409","0.2415","0.2402","","-0.27%"
"04/15/2016","0.2412","0.2416","0.2421","0.2406","","-0.14%"
"04/14/2016","0.2415","0.2415","0.2424","0.2410","","0.05%"
"04/13/2016","0.2414","0.2391","0.2417","0.2390","","1.00%"
"04/12/2016","0.2390","0.2386","0.2399","0.2375","","0.18%"
"04/11/2016","0.2386","0.2387","0.2394","0.2378","","-0.05%"
"04/08/2016","0.2387","0.2393","0.2399","0.2384","","-0.23%"
"04/07/2016","0.2392","0.2388","0.2402","0.2377","","0.20%"
"04/06/2016","0.2388","0.2392","0.2404","0.2381","","-0.14%"
"04/05/2016","0.2391","0.2390","0.2402","0.2387","","0.07%"
"04/04/2016","0.2389","0.2390","0.2397","0.2385","","-0.04%"
"04/01/2016","0.2390","0.2392","0.2402","0.2380","","-0.05%"
"03/31/2016","0.2392","0.2401","0.2408","0.2386","","-0.37%"
"03/30/2016","0.2400","0.2412","0.2414","0.2396","","-0.44%"
"03/29/2016","0.2411","0.2432","0.2438","0.2408","","-0.83%"
"03/28/2016","0.2431","0.2439","0.2441","0.2427","","-0.26%"
"03/25/2016","0.2437","0.2436","0.2441","0.2433","","0.05%"
"03/24/2016","0.2436","0.2435","0.2443","0.2433","","0.09%"
"03/23/2016","0.2434","0.2427","0.2440","0.2425","","0.30%"
"03/22/2016","0.2427","0.2421","0.2434","0.2418","","0.22%"
"03/21/2016","0.2421","0.2416","0.2424","0.2412","","0.27%"
"03/18/2016","0.2415","0.2406","0.2419","0.2401","","0.42%"
"03/17/2016","0.2405","0.2426","0.2430","0.2400","","-0.81%"
"03/16/2016","0.2424","0.2451","0.2462","0.2422","","-1.05%"
"03/15/2016","0.2450","0.2452","0.2459","0.2447","","0.00%"
"03/14/2016","0.2451","0.2441","0.2458","0.2436","","0.41%"
"03/11/2016","0.2441","0.2436","0.2457","0.2429","","0.24%"
"03/10/2016","0.2435","0.2474","0.2516","0.2427","","-1.55%"
"03/09/2016","0.2473","0.2474","0.2488","0.2467","","0.00%"
"03/08/2016","0.2473","0.2472","0.2477","0.2462","","0.07%"
"03/07/2016","0.2471","0.2473","0.2489","0.2469","","-0.09%"
"03/04/2016","0.2473","0.2485","0.2497","0.2465","","-0.40%"
"03/03/2016","0.2483","0.2504","0.2509","0.2481","","-0.84%"
"03/02/2016","0.2504","0.2505","0.2515","0.2502","","0.00%"
"03/01/2016","0.2504","0.2504","0.2513","0.2499","","0.05%"
"02/29/2016","0.2503","0.2490","0.2508","0.2483","","0.55%"
"02/26/2016","0.2489","0.2471","0.2495","0.2459","","0.83%"
"02/25/2016","0.2469","0.2472","0.2478","0.2464","","-0.10%"
"02/24/2016","0.2471","0.2471","0.2485","0.2465","","0.07%"
"02/23/2016","0.2470","0.2469","0.2478","0.2463","","0.06%"
"02/22/2016","0.2468","0.2447","0.2475","0.2445","","0.95%"
"02/19/2016","0.2445","0.2451","0.2460","0.2444","","-0.22%"
"02/18/2016","0.2450","0.2447","0.2460","0.2442","","0.16%"
"02/17/2016","0.2446","0.2443","0.2452","0.2435","","0.17%"
"02/16/2016","0.2442","0.2441","0.2448","0.2432","","0.09%"
"02/15/2016","0.2440","0.2420","0.2447","0.2419","","0.94%"
"02/12/2016","0.2417","0.2403","0.2428","0.2402","","0.57%"
"02/11/2016","0.2403","0.2412","0.2415","0.2393","","-0.32%"
"02/10/2016","0.2411","0.2411","0.2440","0.2407","","0.04%"
"02/09/2016","0.2410","0.2431","0.2439","0.2401","","-0.86%"
"02/08/2016","0.2431","0.2440","0.2456","0.2427","","-0.34%"
"02/05/2016","0.2439","0.2429","0.2451","0.2421","","0.44%"
"02/04/2016","0.2428","0.2452","0.2460","0.2422","","-0.93%"
"02/03/2016","0.2451","0.2493","0.2497","0.2443","","-1.67%"
"02/02/2016","0.2493","0.2500","0.2502","0.2489","","-0.27%"
"02/01/2016","0.2500","0.2513","0.2518","0.2495","","-0.49%"
"01/29/2016","0.2512","0.2489","0.2519","0.2487","","0.94%"
"01/28/2016","0.2488","0.2500","0.2505","0.2482","","-0.41%"
"01/27/2016","0.2499","0.2504","0.2509","0.2494","","-0.18%"
"01/26/2016","0.2503","0.2510","0.2517","0.2504","","-0.22%"
"01/25/2016","0.2509","0.2521","0.2524","0.2507","","-0.49%"
"01/22/2016","0.2521","0.2504","0.2524","0.2503","","0.72%"
"01/21/2016","0.2503","0.2500","0.2526","0.2493","","0.16%"
"01/20/2016","0.2499","0.2496","0.2503","0.2480","","0.18%"
"01/19/2016","0.2495","0.2500","0.2507","0.2489","","-0.15%"
"01/18/2016","0.2499","0.2494","0.2506","0.2489","","0.20%"
"01/15/2016","0.2493","0.2506","0.2508","0.2479","","-0.46%"
"01/14/2016","0.2505","0.2502","0.2513","0.2487","","0.12%"
"01/13/2016","0.2502","0.2508","0.2520","0.2500","","-0.20%"
"01/12/2016","0.2507","0.2507","0.2517","0.2497","","0.00%"
"01/11/2016","0.2507","0.2492","0.2510","0.2482","","0.67%"
"01/08/2016","0.2490","0.2490","0.2520","0.2490","","0.05%"
"01/07/2016","0.2489","0.2525","0.2528","0.2488","","-1.41%"
"01/06/2016","0.2524","0.2533","0.2540","0.2521","","-0.32%"
"01/05/2016","0.2533","0.2514","0.2542","0.2512","","0.79%"
"01/04/2016","0.2513","0.2507","0.2525","0.2487","","0.24%"
"01/01/2016","0.2507","0.2507","0.2511","0.2505","","0.00%"
"12/31/2015","0.2507","0.2490","0.2510","0.2489","","0.69%"
"12/30/2015","0.2490","0.2494","0.2498","0.2487","","-0.16%"
"12/29/2015","0.2494","0.2483","0.2498","0.2477","","0.50%"
"12/28/2015","0.2482","0.2480","0.2486","0.2477","","0.10%"
"12/25/2015","0.2479","0.2481","0.2488","0.2480","","-0.10%"
"12/24/2015","0.2482","0.2495","0.2498","0.2481","","-0.55%"
"12/23/2015","0.2495","0.2485","0.2505","0.2484","","0.42%"
"12/22/2015","0.2485","0.2494","0.2497","0.2478","","-0.35%"
"12/21/2015","0.2493","0.2506","0.2510","0.2489","","-0.43%"
"12/18/2015","0.2504","0.2515","0.2520","0.2503","","-0.41%"
"12/17/2015","0.2515","0.2494","0.2521","0.2494","","0.81%"
"12/16/2015","0.2494","0.2490","0.2501","0.2473","","0.12%"
"12/15/2015","0.2491","0.2477","0.2497","0.2462","","0.61%"
"12/14/2015","0.2476","0.2479","0.2487","0.2464","","-0.04%"
"12/11/2015","0.2477","0.2488","0.2492","0.2468","","-0.44%"
"12/10/2015","0.2488","0.2469","0.2492","0.2468","","0.77%"
"12/09/2015","0.2469","0.2500","0.2503","0.2465","","-1.20%"
"12/08/2015","0.2499","0.2512","0.2515","0.2497","","-0.53%"
"12/07/2015","0.2512","0.2501","0.2522","0.2500","","0.49%"
"12/04/2015","0.2500","0.2489","0.2513","0.2485","","0.45%"
"12/03/2015","0.2489","0.2565","0.2583","0.2480","","-2.91%"
"12/02/2015","0.2564","0.2561","0.2581","0.2559","","0.12%"
"12/01/2015","0.2561","0.2576","0.2578","0.2559","","-0.61%"
"11/30/2015","0.2576","0.2571","0.2579","0.2569","","0.27%"
"11/27/2015","0.2569","0.2566","0.2576","0.2559","","0.18%"
"11/26/2015","0.2565","0.2562","0.2569","0.2560","","0.12%"
"11/25/2015","0.2562","0.2558","0.2577","0.2547","","0.15%"
"11/24/2015","0.2558","0.2560","0.2564","0.2551","","-0.04%"
"11/23/2015","0.2559","0.2557","0.2570","0.2555","","0.09%"
"11/20/2015","0.2557","0.2536","0.2559","0.2534","","0.83%"
"11/19/2015","0.2536","0.2554","0.2556","0.2529","","-0.70%"
"11/18/2015","0.2554","0.2558","0.2564","0.2546","","-0.11%"
"11/17/2015","0.2557","0.2547","0.2561","0.2546","","0.37%"
"11/16/2015","0.2547","0.2532","0.2551","0.2526","","0.87%"
"11/13/2015","0.2525","0.2517","0.2541","0.2517","","0.35%"
"11/12/2015","0.2516","0.2534","0.2547","0.2514","","-0.69%"
"11/11/2015","0.2534","0.2539","0.2543","0.2527","","-0.20%"
"11/10/2015","0.2539","0.2532","0.2551","0.2529","","0.26%"
"11/09/2015","0.2532","0.2537","0.2540","0.2523","","-0.07%"
"11/06/2015","0.2534","0.2502","0.2543","0.2499","","1.33%"
"11/05/2015","0.2501","0.2506","0.2513","0.2498","","-0.16%"
"11/04/2015","0.2505","0.2482","0.2511","0.2482","","0.91%"
"11/03/2015","0.2482","0.2472","0.2490","0.2468","","0.47%"
"11/02/2015","0.2470","0.2469","0.2475","0.2463","","-0.12%"
"10/30/2015","0.2473","0.2480","0.2483","0.2459","","-0.27%"
"10/29/2015","0.2480","0.2492","0.2497","0.2478","","-0.50%"
"10/28/2015","0.2493","0.2463","0.2499","0.2454","","1.18%"
"10/27/2015","0.2464","0.2462","0.2468","0.2457","","0.07%"
"10/26/2015","0.2462","0.2473","0.2478","0.2460","","-0.33%"
"10/23/2015","0.2470","0.2451","0.2477","0.2444","","0.78%"
"10/22/2015","0.2451","0.2401","0.2453","0.2398","","2.12%"
"10/21/2015","0.2400","0.2400","0.2402","0.2393","","0.07%"
"10/20/2015","0.2399","0.2404","0.2405","0.2391","","-0.22%"
"10/19/2015","0.2404","0.2399","0.2408","0.2392","","0.20%"
"10/16/2015","0.2399","0.2392","0.2402","0.2389","","0.32%"
"10/15/2015","0.2392","0.2373","0.2396","0.2368","","0.80%"
"10/14/2015","0.2373","0.2393","0.2393","0.2369","","-0.79%"
"10/13/2015","0.2392","0.2398","0.2400","0.2386","","-0.24%"
"10/12/2015","0.2397","0.2397","0.2398","0.2389","","0.05%"
"10/09/2015","0.2396","0.2414","0.2417","0.2391","","-0.72%"
"10/08/2015","0.2414","0.2423","0.2424","0.2404","","-0.39%"
"10/07/2015","0.2423","0.2415","0.2429","0.2413","","0.36%"
"10/06/2015","0.2414","0.2433","0.2437","0.2413","","-0.79%"
"10/05/2015","0.2434","0.2426","0.2437","0.2411","","0.22%"
"10/02/2015","0.2428","0.2432","0.2442","0.2405","","-0.11%"
"10/01/2015","0.2431","0.2436","0.2445","0.2429","","-0.18%"
"09/30/2015","0.2435","0.2420","0.2440","0.2417","","0.67%"
"09/29/2015","0.2419","0.2421","0.2432","0.2413","","-0.05%"
"09/28/2015","0.2420","0.2432","0.2442","0.2420","","-0.47%"
"09/25/2015","0.2432","0.2425","0.2450","0.2424","","0.31%"
"09/24/2015","0.2424","0.2434","0.2439","0.2410","","-0.37%"
"09/23/2015","0.2433","0.2449","0.2452","0.2428","","-0.59%"
"09/22/2015","0.2448","0.2433","0.2450","0.2429","","0.64%"
"09/21/2015","0.2432","0.2412","0.2435","0.2403","","1.01%"
"09/18/2015","0.2408","0.2381","0.2416","0.2376","","1.15%"
"09/17/2015","0.2381","0.2412","0.2413","0.2380","","-1.26%"
"09/16/2015","0.2411","0.2416","0.2428","0.2405","","-0.20%"
"09/15/2015","0.2416","0.2407","0.2418","0.2403","","0.49%"
"09/14/2015","0.2404","0.2401","0.2413","0.2394","","0.15%"
"09/11/2015","0.2401","0.2414","0.2419","0.2399","","-0.51%"
"09/10/2015","0.2413","0.2429","0.2437","0.2411","","-0.68%"
"09/09/2015","0.2429","0.2430","0.2446","0.2427","","-0.05%"
"09/08/2015","0.2430","0.2437","0.2441","0.2425","","-0.30%"
"09/07/2015","0.2438","0.2440","0.2448","0.2436","","-0.17%"
"09/04/2015","0.2442","0.2448","0.2455","0.2435","","-0.20%"
"09/03/2015","0.2447","0.2425","0.2456","0.2421","","0.92%"
"09/02/2015","0.2425","0.2407","0.2428","0.2405","","0.80%"
"09/01/2015","0.2405","0.2428","0.2430","0.2402","","-0.88%"
"08/31/2015","0.2427","0.2436","0.2439","0.2417","","-0.33%"
"08/28/2015","0.2435","0.2421","0.2441","0.2407","","0.59%"
"08/27/2015","0.2421","0.2406","0.2430","0.2396","","0.63%"
"08/26/2015","0.2406","0.2364","0.2411","0.2355","","1.79%"
"08/25/2015","0.2363","0.2343","0.2389","0.2342","","0.89%"
"08/24/2015","0.2342","0.2389","0.2396","0.2325","","-1.99%"
"08/21/2015","0.2390","0.2421","0.2425","0.2390","","-1.32%"
"08/20/2015","0.2422","0.2448","0.2451","0.2421","","-1.07%"
"08/19/2015","0.2448","0.2470","0.2471","0.2445","","-0.88%"
"08/18/2015","0.2470","0.2458","0.2471","0.2454","","0.53%"
"08/17/2015","0.2457","0.2451","0.2462","0.2447","","0.23%"
"08/14/2015","0.2451","0.2442","0.2453","0.2433","","0.38%"
"08/13/2015","0.2442","0.2440","0.2457","0.2433","","0.06%"
"08/12/2015","0.2440","0.2466","0.2470","0.2428","","-1.04%"
"08/11/2015","0.2466","0.2471","0.2484","0.2455","","-0.19%"
"08/10/2015","0.2471","0.2482","0.2492","0.2466","","-0.43%"
"08/07/2015","0.2481","0.2491","0.2508","0.2480","","-0.41%"
"08/06/2015","0.2491","0.2496","0.2504","0.2488","","-0.18%"
"08/05/2015","0.2496","0.2502","0.2510","0.2489","","-0.21%"
"08/04/2015","0.2501","0.2486","0.2503","0.2477","","0.61%"
"08/03/2015","0.2486","0.2479","0.2488","0.2476","","0.34%"
"07/31/2015","0.2477","0.2490","0.2493","0.2450","","-0.51%"
"07/30/2015","0.2490","0.2478","0.2499","0.2477","","0.49%"
"07/29/2015","0.2478","0.2462","0.2483","0.2456","","0.67%"
"07/28/2015","0.2461","0.2454","0.2470","0.2453","","0.31%"
"07/27/2015","0.2454","0.2477","0.2482","0.2446","","-0.98%"
"07/24/2015","0.2478","0.2479","0.2492","0.2476","","-0.03%"
"07/23/2015","0.2479","0.2491","0.2493","0.2471","","-0.45%"
"07/22/2015","0.2490","0.2489","0.2505","0.2483","","0.04%"
"07/21/2015","0.2489","0.2515","0.2518","0.2482","","-1.00%"
"07/20/2015","0.2514","0.2513","0.2519","0.2504","","0.00%"
"07/17/2015","0.2514","0.2504","0.2515","0.2496","","0.43%"
"07/16/2015","0.2503","0.2487","0.2508","0.2483","","0.68%"
"07/15/2015","0.2486","0.2473","0.2491","0.2467","","0.58%"
"07/14/2015","0.2472","0.2474","0.2483","0.2457","","-0.08%"
"07/13/2015","0.2474","0.2453","0.2476","0.2431","","1.48%"
"07/10/2015","0.2438","0.2467","0.2468","0.2427","","-1.12%"
"07/09/2015","0.2466","0.2458","0.2477","0.2447","","0.35%"
"07/08/2015","0.2457","0.2472","0.2481","0.2454","","-0.59%"
"07/07/2015","0.2472","0.2462","0.2494","0.2461","","0.40%"
"07/06/2015","0.2462","0.2484","0.2484","0.2454","","0.52%"
"07/03/2015","0.2449","0.2456","0.2460","0.2449","","-0.26%"
"07/02/2015","0.2456","0.2463","0.2468","0.2448","","-0.29%"
"07/01/2015","0.2463","0.2444","0.2466","0.2437","","0.77%"
"06/30/2015","0.2444","0.2423","0.2450","0.2421","","0.87%"
"06/29/2015","0.2423","0.2475","0.2486","0.2414","","-0.60%"
"06/26/2015","0.2438","0.2430","0.2446","0.2427","","0.33%"
"06/25/2015","0.2430","0.2430","0.2441","0.2425","","0.00%"
"06/24/2015","0.2430","0.2438","0.2441","0.2423","","-0.32%"
"06/23/2015","0.2437","0.2401","0.2445","0.2399","","1.55%"
"06/22/2015","0.2400","0.2396","0.2407","0.2386","","0.09%"
"06/19/2015","0.2398","0.2397","0.2411","0.2390","","0.07%"
"06/18/2015","0.2396","0.2402","0.2403","0.2380","","-0.20%"
"06/17/2015","0.2401","0.2420","0.2428","0.2397","","-0.80%"
"06/16/2015","0.2420","0.2412","0.2430","0.2403","","0.32%"
"06/15/2015","0.2413","0.2429","0.2433","0.2410","","-0.10%"
"06/12/2015","0.2415","0.2418","0.2442","0.2410","","-0.11%"
"06/11/2015","0.2418","0.2404","0.2435","0.2402","","0.62%"
"06/10/2015","0.2403","0.2413","0.2418","0.2391","","-0.40%"
"06/09/2015","0.2413","0.2411","0.2428","0.2400","","0.08%"
"06/08/2015","0.2411","0.2450","0.2457","0.2408","","-1.56%"
"06/05/2015","0.2449","0.2423","0.2464","0.2414","","1.12%"
"06/04/2015","0.2422","0.2415","0.2426","0.2392","","0.31%"
"06/03/2015","0.2415","0.2441","0.2457","0.2412","","-1.05%"
"06/02/2015","0.2440","0.2491","0.2494","0.2433","","-2.03%"
"06/01/2015","0.2491","0.2478","0.2501","0.2477","","0.55%"
"05/29/2015","0.2477","0.2487","0.2492","0.2474","","-0.36%"
"05/28/2015","0.2486","0.2497","0.2505","0.2484","","-0.40%"
"05/27/2015","0.2496","0.2504","0.2516","0.2491","","-0.30%"
"05/26/2015","0.2504","0.2480","0.2506","0.2478","","0.98%"
"05/25/2015","0.2480","0.2474","0.2484","0.2473","","0.38%"
"05/22/2015","0.2470","0.2450","0.2475","0.2429","","0.83%"
"05/21/2015","0.2450","0.2454","0.2457","0.2435","","-0.16%"
"05/20/2015","0.2454","0.2442","0.2461","0.2441","","0.51%"
"05/19/2015","0.2441","0.2406","0.2449","0.2403","","1.48%"
"05/18/2015","0.2406","0.2377","0.2410","0.2377","","1.21%"
"05/15/2015","0.2377","0.2386","0.2404","0.2374","","-0.36%"
"05/14/2015","0.2386","0.2397","0.2401","0.2379","","-0.46%"
"05/13/2015","0.2397","0.2428","0.2430","0.2392","","-1.26%"
"05/12/2015","0.2427","0.2441","0.2445","0.2414","","-0.54%"
"05/11/2015","0.2440","0.2431","0.2446","0.2429","","0.45%"
"05/08/2015","0.2430","0.2416","0.2435","0.2412","","0.55%"
"05/07/2015","0.2416","0.2399","0.2423","0.2390","","0.78%"
"05/06/2015","0.2397","0.2434","0.2436","0.2394","","-1.48%"
"05/05/2015","0.2433","0.2443","0.2460","0.2426","","-0.34%"
"05/04/2015","0.2442","0.2431","0.2448","0.2425","","0.49%"
"05/01/2015","0.2430","0.2426","0.2436","0.2411","","0.20%"
"04/30/2015","0.2425","0.2446","0.2459","0.2416","","-0.83%"
"04/29/2015","0.2445","0.2479","0.2484","0.2433","","-1.35%"
"04/28/2015","0.2479","0.2499","0.2507","0.2477","","-0.85%"
"04/27/2015","0.2500","0.2504","0.2516","0.2492","","-0.14%"
"04/24/2015","0.2503","0.2515","0.2525","0.2498","","-0.43%"
"04/23/2015","0.2514","0.2539","0.2553","0.2510","","-0.93%"
"04/22/2015","0.2538","0.2536","0.2543","0.2521","","0.09%"
"04/21/2015","0.2535","0.2536","0.2554","0.2525","","0.04%"
"04/20/2015","0.2534","0.2516","0.2541","0.2515","","0.64%"
"04/17/2015","0.2518","0.2530","0.2536","0.2509","","-0.44%"
"04/16/2015","0.2530","0.2548","0.2563","0.2517","","-0.69%"
"04/15/2015","0.2547","0.2555","0.2576","0.2544","","-0.32%"
"04/14/2015","0.2555","0.2576","0.2585","0.2543","","-0.81%"
"04/13/2015","0.2576","0.2567","0.2588","0.2564","","0.36%"
"04/10/2015","0.2567","0.2554","0.2576","0.2548","","0.51%"
"04/09/2015","0.2554","0.2525","0.2560","0.2524","","1.14%"
"04/08/2015","0.2525","0.2517","0.2529","0.2501","","0.31%"
"04/07/2015","0.2517","0.2493","0.2520","0.2485","","1.02%"
"04/06/2015","0.2492","0.2477","0.2495","0.2467","","0.50%"
"04/03/2015","0.2479","0.2501","0.2506","0.2469","","-0.86%"
"04/02/2015","0.2501","0.2529","0.2533","0.2497","","-1.11%"
"04/01/2015","0.2529","0.2536","0.2540","0.2521","","-0.32%"
"03/31/2015","0.2537","0.2513","0.2541","0.2510","","0.95%"
"03/30/2015","0.2513","0.2501","0.2519","0.2499","","0.52%"
"03/27/2015","0.2500","0.2501","0.2521","0.2487","","-0.03%"
"03/26/2015","0.2501","0.2482","0.2508","0.2463","","0.81%"
"03/25/2015","0.2481","0.2492","0.2498","0.2472","","-0.41%"
"03/24/2015","0.2491","0.2487","0.2500","0.2468","","0.16%"
"03/23/2015","0.2487","0.2516","0.2529","0.2481","","-1.13%"
"03/20/2015","0.2515","0.2554","0.2557","0.2502","","-1.51%"
"03/19/2015","0.2554","0.2506","0.2565","0.2494","","1.94%"
"03/18/2015","0.2505","0.2569","0.2574","0.2477","","-2.46%"
"03/17/2015","0.2568","0.2576","0.2581","0.2556","","-0.27%"
"03/16/2015","0.2575","0.2594","0.2604","0.2563","","-0.70%"
"03/13/2015","0.2594","0.2560","0.2602","0.2559","","1.33%"
"03/12/2015","0.2560","0.2581","0.2594","0.2548","","-0.82%"
"03/11/2015","0.2581","0.2545","0.2590","0.2540","","1.42%"
"03/10/2015","0.2545","0.2509","0.2546","0.2508","","1.45%"
"03/09/2015","0.2508","0.2514","0.2515","0.2496","","-0.06%"
"03/06/2015","0.2510","0.2468","0.2511","0.2467","","1.71%"
"03/05/2015","0.2468","0.2458","0.2478","0.2450","","0.44%"
"03/04/2015","0.2457","0.2436","0.2461","0.2434","","0.87%"
"03/03/2015","0.2436","0.2435","0.2441","0.2427","","0.07%"
"03/02/2015","0.2434","0.2432","0.2440","0.2422","","0.11%"
"02/27/2015","0.2431","0.2431","0.2436","0.2421","","0.00%"
"02/26/2015","0.2431","0.2397","0.2435","0.2392","","1.45%"
"02/25/2015","0.2396","0.2401","0.2402","0.2391","","-0.17%"
"02/24/2015","0.2400","0.2402","0.2412","0.2397","","-0.07%"
"02/23/2015","0.2402","0.2392","0.2411","0.2385","","0.43%"
"02/20/2015","0.2392","0.2395","0.2414","0.2382","","-0.15%"
"02/19/2015","0.2395","0.2389","0.2398","0.2378","","0.29%"
"02/18/2015","0.2388","0.2386","0.2402","0.2385","","0.14%"
"02/17/2015","0.2385","0.2398","0.2405","0.2378","","-0.50%"
"02/16/2015","0.2397","0.2391","0.2405","0.2382","","0.27%"
"02/13/2015","0.2391","0.2388","0.2393","0.2379","","0.13%"
"02/12/2015","0.2387","0.2402","0.2409","0.2383","","-0.60%"
"02/11/2015","0.2402","0.2405","0.2414","0.2399","","-0.12%"
"02/10/2015","0.2404","0.2404","0.2415","0.2399","","0.02%"
"02/09/2015","0.2404","0.2406","0.2416","0.2397","","-0.06%"
"02/06/2015","0.2405","0.2372","0.2407","0.2370","","1.43%"
"02/05/2015","0.2371","0.2400","0.2409","0.2368","","-1.15%"
"02/04/2015","0.2399","0.2371","0.2406","0.2370","","1.18%"
"02/03/2015","0.2371","0.2400","0.2407","0.2360","","-1.21%"
"02/02/2015","0.2400","0.2412","0.2414","0.2396","","-0.46%"
"01/30/2015","0.2411","0.2405","0.2414","0.2396","","0.26%"
"01/29/2015","0.2405","0.2412","0.2418","0.2395","","-0.27%"
"01/28/2015","0.2411","0.2392","0.2415","0.2391","","0.82%"
"01/27/2015","0.2392","0.2423","0.2426","0.2383","","-1.26%"
"01/26/2015","0.2422","0.2438","0.2453","0.2410","","-0.28%"
"01/23/2015","0.2429","0.2395","0.2450","0.2393","","1.42%"
"01/22/2015","0.2395","0.2345","0.2406","0.2337","","2.15%"
"01/21/2015","0.2344","0.2357","0.2359","0.2332","","-0.52%"
"01/20/2015","0.2357","0.2346","0.2359","0.2344","","0.48%"
"01/19/2015","0.2345","0.2353","0.2358","0.2339","","-0.31%"
"01/16/2015","0.2353","0.2340","0.2376","0.2337","","0.53%"
"01/15/2015","0.2340","0.2309","0.2354","0.2308","","1.35%"
"01/14/2015","0.2309","0.2313","0.2322","0.2298","","-0.14%"
"01/13/2015","0.2313","0.2301","0.2316","0.2296","","0.53%"
"01/12/2015","0.2300","0.2299","0.2310","0.2293","","0.07%"
"01/09/2015","0.2299","0.2309","0.2315","0.2298","","-0.43%"
"01/08/2015","0.2309","0.2300","0.2316","0.2298","","0.40%"
"01/07/2015","0.2299","0.2290","0.2307","0.2288","","0.44%"
"01/06/2015","0.2289","0.2282","0.2291","0.2275","","0.37%"
"01/05/2015","0.2281","0.2268","0.2291","0.2267","","0.58%"
"01/02/2015","0.2268","0.2249","0.2269","0.2248","","0.84%"
"01/01/2015","0.2249","0.2250","0.2251","0.2249","","-0.05%"