"Date","Price","Open","High","Low","Vol.","Change %"
"11/21/2025","12.6128","12.4630","12.6259","12.4581","","1.18%"
"11/20/2025","12.4663","12.4427","12.4775","12.4329","","0.18%"
"11/19/2025","12.4433","12.4591","12.4641","12.4339","","-0.12%"
"11/18/2025","12.4584","12.4668","12.4752","12.4504","","-0.10%"
"11/17/2025","12.4704","12.4880","12.4920","12.4599","","-0.17%"
"11/14/2025","12.4922","12.5111","12.5210","12.4847","","-0.20%"
"11/13/2025","12.5168","12.4551","12.5187","12.4548","","0.50%"
"11/12/2025","12.4551","12.4347","12.4592","12.4336","","0.20%"
"11/11/2025","12.4298","12.4595","12.4599","12.4237","","-0.24%"
"11/10/2025","12.4595","12.4520","12.4648","12.4462","","0.09%"
"11/07/2025","12.4484","12.4531","12.4586","12.4408","","-0.05%"
"11/06/2025","12.4552","12.4366","12.4570","12.4169","","0.23%"
"11/05/2025","12.4260","12.4397","12.4551","12.4243","","-0.16%"
"11/04/2025","12.4454","12.4593","12.4659","12.3989","","-0.11%"
"11/03/2025","12.4595","12.4680","12.4816","12.4525","","-0.10%"
"10/31/2025","12.4721","12.4659","12.4833","12.4557","","0.06%"
"10/30/2025","12.4651","12.4412","12.4842","12.4404","","0.09%"
"10/29/2025","12.4544","12.4283","12.4664","12.4130","","0.21%"
"10/28/2025","12.4287","12.4073","12.4505","12.3985","","0.17%"
"10/27/2025","12.4076","12.3547","12.4225","12.3433","","0.60%"
"10/24/2025","12.3338","12.3236","12.3398","12.3003","","0.08%"
"10/23/2025","12.3239","12.3085","12.3490","12.3085","","0.10%"
"10/22/2025","12.3119","12.3559","12.3559","12.2992","","-0.38%"
"10/21/2025","12.3584","12.3426","12.3744","12.3426","","0.13%"
"10/20/2025","12.3419","12.3508","12.3531","12.3174","","-0.05%"
"10/17/2025","12.3477","12.3440","12.3681","12.3137","","-0.03%"
"10/16/2025","12.3513","12.3135","12.3608","12.2974","","0.24%"
"10/15/2025","12.3213","12.4288","12.4601","12.3212","","-0.92%"
"10/14/2025","12.4362","12.4344","12.4431","12.4210","","0.03%"
"10/13/2025","12.4320","12.4477","12.4543","12.4173","","-0.06%"
"10/10/2025","12.4392","12.4595","12.4671","12.4218","","-0.22%"
"10/09/2025","12.4663","12.4696","12.4733","12.4332","","-0.01%"
"10/08/2025","12.4671","12.4670","12.4761","12.4621","","0.02%"
"10/07/2025","12.4642","12.4616","12.4706","12.4574","","0.02%"
"10/06/2025","12.4616","12.4675","12.4782","12.4580","","-0.02%"
"10/03/2025","12.4636","12.4655","12.4749","12.4536","","0.02%"
"10/02/2025","12.4614","12.4543","12.4843","12.4425","","0.04%"
"10/01/2025","12.4563","12.4707","12.4806","12.4463","","-0.18%"
"09/30/2025","12.4784","12.4642","12.4835","12.4449","","0.15%"
"09/29/2025","12.4594","12.4431","12.4731","12.4425","","0.23%"
"09/26/2025","12.4307","12.4423","12.4476","12.4233","","-0.09%"
"09/25/2025","12.4414","12.4412","12.4611","12.4313","","-0.05%"
"09/24/2025","12.4475","12.4844","12.4993","12.4407","","-0.31%"
"09/23/2025","12.4868","12.4116","12.4902","12.4048","","0.61%"
"09/22/2025","12.4113","12.3795","12.4188","12.3790","","0.24%"
"09/19/2025","12.3813","12.4018","12.4215","12.3769","","-0.16%"
"09/18/2025","12.4017","12.3406","12.4179","12.3364","","0.40%"
"09/17/2025","12.3522","12.3523","12.3677","12.3394","","-0.01%"
"09/16/2025","12.3530","12.3709","12.3891","12.3523","","-0.20%"
"09/15/2025","12.3783","12.3904","12.4005","12.3738","","-0.10%"
"09/12/2025","12.3901","12.4037","12.4173","12.3866","","-0.08%"
"09/11/2025","12.3994","12.3723","12.4236","12.3676","","0.28%"
"09/10/2025","12.3651","12.3879","12.3944","12.3602","","-0.22%"
"09/09/2025","12.3918","12.3397","12.3936","12.3397","","0.42%"
"09/08/2025","12.3397","12.3653","12.3680","12.3267","","-0.19%"
"09/05/2025","12.3634","12.3549","12.3847","12.3454","","0.12%"
"09/04/2025","12.3490","12.3327","12.3532","12.3200","","0.14%"
"09/03/2025","12.3315","12.3321","12.3426","12.3094","","0.05%"
"09/02/2025","12.3255","12.3267","12.3424","12.2950","","-0.03%"
"09/01/2025","12.3288","12.3646","12.3878","12.3200","","-0.29%"
"08/29/2025","12.3652","12.2837","12.3818","12.2778","","0.66%"
"08/28/2025","12.2837","12.2526","12.2957","12.2409","","0.25%"
"08/27/2025","12.2529","12.2572","12.2722","12.2449","","0.01%"
"08/26/2025","12.2516","12.2523","12.2743","12.2362","","0.01%"
"08/25/2025","12.2503","12.1844","12.2512","12.1794","","0.52%"
"08/22/2025","12.1874","12.1531","12.1954","12.1482","","0.25%"
"08/21/2025","12.1571","12.1267","12.1646","12.1159","","0.26%"
"08/20/2025","12.1259","12.1231","12.1346","12.1066","","0.03%"
"08/19/2025","12.1227","12.1500","12.1622","12.1047","","-0.24%"
"08/18/2025","12.1520","12.1893","12.1913","12.1499","","-0.27%"
"08/15/2025","12.1849","12.2130","12.2137","12.1740","","-0.23%"
"08/14/2025","12.2128","12.1909","12.2235","12.1838","","0.20%"
"08/13/2025","12.1880","12.2012","12.2207","12.1774","","-0.12%"
"08/12/2025","12.2028","12.1934","12.2098","12.1812","","0.07%"
"08/11/2025","12.1940","12.1852","12.2161","12.1781","","0.13%"
"08/08/2025","12.1779","12.1752","12.2174","12.1717","","0.01%"
"08/07/2025","12.1766","12.2123","12.2287","12.1671","","-0.30%"
"08/06/2025","12.2136","12.2195","12.2267","12.1883","","-0.10%"
"08/05/2025","12.2258","12.2152","12.2508","12.2078","","0.10%"
"08/04/2025","12.2139","12.1031","12.2262","12.1030","","0.96%"
"08/01/2025","12.0977","12.1528","12.1624","12.0872","","-0.47%"
"07/31/2025","12.1552","12.1926","12.2061","12.1542","","-0.28%"
"07/30/2025","12.1892","12.1396","12.2273","12.1311","","0.43%"
"07/29/2025","12.1368","12.0886","12.1375","12.0809","","0.48%"
"07/28/2025","12.0784","12.0672","12.0890","12.0523","","0.09%"
"07/25/2025","12.0675","12.0809","12.0910","12.0588","","-0.05%"
"07/24/2025","12.0736","12.0668","12.0813","12.0555","","0.08%"
"07/23/2025","12.0639","12.0319","12.0736","12.0258","","0.27%"
"07/22/2025","12.0310","12.0110","12.0477","12.0110","","0.17%"
"07/21/2025","12.0110","12.0024","12.0321","11.9995","","0.07%"
"07/18/2025","12.0021","11.9726","12.0140","11.9710","","0.22%"
"07/17/2025","11.9760","11.9614","11.9957","11.9534","","0.11%"
"07/16/2025","11.9625","11.9837","11.9867","11.9409","","-0.21%"
"07/15/2025","11.9881","12.0004","12.0021","11.9516","","-0.11%"
"07/14/2025","12.0014","11.9747","12.0058","11.9667","","0.24%"
"07/11/2025","11.9724","11.9494","11.9852","11.9406","","0.18%"
"07/10/2025","11.9513","11.9378","11.9536","11.9170","","0.15%"
"07/09/2025","11.9329","11.9542","11.9682","11.9269","","-0.18%"
"07/08/2025","11.9542","11.9557","11.9659","11.9383","","0.01%"
"07/07/2025","11.9531","11.9308","11.9934","11.9194","","0.18%"
"07/04/2025","11.9321","11.9233","11.9379","11.9080","","0.13%"
"07/03/2025","11.9167","11.9435","11.9627","11.8948","","-0.27%"
"07/02/2025","11.9491","11.9520","11.9678","11.9396","","-0.01%"
"07/01/2025","11.9506","11.9629","11.9757","11.9319","","-0.10%"
"06/30/2025","11.9629","11.9277","11.9818","11.9241","","0.41%"
"06/27/2025","11.9142","11.9483","11.9541","11.9139","","-0.29%"
"06/26/2025","11.9483","11.9860","12.0117","11.9431","","-0.34%"
"06/25/2025","11.9887","11.9828","12.0106","11.9648","","0.04%"
"06/24/2025","11.9838","12.0660","12.0680","11.9759","","-0.62%"
"06/23/2025","12.0585","12.0467","12.0895","12.0409","","0.00%"
"06/20/2025","12.0588","12.0978","12.0999","12.0485","","-0.18%"
"06/19/2025","12.0807","12.0199","12.0870","12.0174","","0.49%"
"06/18/2025","12.0219","12.0129","12.0461","12.0028","","0.07%"
"06/17/2025","12.0132","11.9561","12.0276","11.9524","","0.47%"
"06/16/2025","11.9566","11.9836","12.0063","11.9493","","-0.28%"
"06/13/2025","11.9902","11.9191","12.0115","11.9191","","0.50%"
"06/12/2025","11.9304","11.8821","11.9333","11.8754","","0.41%"
"06/11/2025","11.8817","11.9143","11.9151","11.8778","","-0.23%"
"06/10/2025","11.9088","11.9294","11.9322","11.8976","","-0.18%"
"06/09/2025","11.9299","11.9344","11.9421","11.8933","","-0.02%"
"06/06/2025","11.9320","11.9619","11.9746","11.9171","","-0.25%"
"06/05/2025","11.9614","11.9481","11.9691","11.9278","","0.08%"
"06/04/2025","11.9516","11.9215","11.9651","11.9181","","0.23%"
"06/03/2025","11.9238","11.8566","11.9241","11.8559","","0.58%"
"06/02/2025","11.8551","11.8760","11.8884","11.8465","","-0.20%"
"05/30/2025","11.8788","11.8800","11.9028","11.8608","","-0.07%"
"05/29/2025","11.8870","11.8480","11.8981","11.8458","","0.13%"
"05/28/2025","11.8715","11.8608","11.9127","11.8467","","0.11%"
"05/27/2025","11.8586","11.8376","11.8804","11.8284","","0.16%"
"05/26/2025","11.8393","11.8755","11.8863","11.8182","","-0.22%"
"05/23/2025","11.8653","11.9308","11.9479","11.8507","","-0.60%"
"05/22/2025","11.9366","11.8860","11.9490","11.8751","","0.44%"
"05/21/2025","11.8848","11.8481","11.8941","11.8414","","0.31%"
"05/20/2025","11.8485","11.8326","11.8650","11.8223","","0.11%"
"05/19/2025","11.8353","11.8542","11.8687","11.8313","","-0.20%"
"05/16/2025","11.8593","11.8554","11.9023","11.8381","","-0.08%"
"05/15/2025","11.8693","11.8421","11.8929","11.8270","","0.19%"
"05/14/2025","11.8464","11.8005","11.8632","11.7816","","0.11%"
"05/13/2025","11.8333","11.8002","11.8714","11.7689","","0.41%"
"05/12/2025","11.7848","11.8161","11.8227","11.7054","","-0.14%"
"05/09/2025","11.8017","11.8710","11.8716","11.7788","","-0.18%"
"05/08/2025","11.8228","11.7335","11.8577","11.6844","","0.83%"
"05/07/2025","11.7258","11.6774","11.7491","11.6637","","0.38%"
"05/06/2025","11.6814","11.6495","11.7226","11.6449","","0.77%"
"05/05/2025","11.5927","11.6197","11.6244","11.5679","","-0.27%"
"05/02/2025","11.6246","11.6425","11.6464","11.5199","","-0.08%"
"05/01/2025","11.6334","11.6360","11.6546","11.6281","","-0.01%"
"04/30/2025","11.6345","11.7230","11.7268","11.6278","","-0.68%"
"04/29/2025","11.7140","11.6743","11.7455","11.6743","","0.34%"
"04/28/2025","11.6746","11.7159","11.7174","11.6412","","-0.36%"
"04/25/2025","11.7163","11.7026","11.7563","11.6682","","0.08%"
"04/24/2025","11.7071","11.7353","11.7363","11.6901","","-0.05%"
"04/23/2025","11.7127","11.6544","11.7306","11.6527","","0.55%"
"04/22/2025","11.6489","11.6778","11.6790","11.6331","","-0.25%"
"04/21/2025","11.6777","11.6952","11.7145","11.6674","","-0.20%"
"04/18/2025","11.7010","11.6926","11.7205","11.6926","","0.06%"
"04/17/2025","11.6943","11.7162","11.7279","11.6898","","-0.16%"
"04/16/2025","11.7125","11.7161","11.7347","11.6703","","0.02%"
"04/15/2025","11.7107","11.7636","11.7690","11.7094","","-0.44%"
"04/14/2025","11.7621","11.7988","11.8095","11.7489","","-0.48%"
"04/11/2025","11.8188","11.7908","11.8237","11.7400","","0.31%"
"04/10/2025","11.7826","11.7891","11.8032","11.7287","","-0.05%"
"04/09/2025","11.7890","11.7410","11.8037","11.7349","","0.32%"
"04/08/2025","11.7509","11.7591","11.7635","11.7078","","0.04%"
"04/07/2025","11.7460","11.7564","11.7599","11.7012","","0.05%"
"04/04/2025","11.7403","11.7113","11.7605","11.6632","","0.30%"
"04/03/2025","11.7053","11.8056","11.8056","11.6797","","-0.43%"
"04/02/2025","11.7559","11.7757","11.7922","11.7538","","-0.11%"
"04/01/2025","11.7693","11.7757","11.7832","11.7626","","-0.04%"
"03/31/2025","11.7737","11.7861","11.7994","11.7746","","-0.01%"
"03/28/2025","11.7751","11.7929","11.8029","11.7579","","-0.09%"
"03/27/2025","11.7861","11.8043","11.8302","11.7854","","0.05%"
"03/26/2025","11.7798","11.7963","11.8240","11.7823","","-0.09%"
"03/25/2025","11.7902","11.7913","11.8203","11.7776","","-0.03%"
"03/24/2025","11.7939","11.8620","11.8671","11.7813","","-0.56%"
"03/21/2025","11.8609","11.9096","11.9127","11.8475","","-0.39%"
"03/20/2025","11.9078","11.9402","11.9465","11.9053","","-0.23%"
"03/19/2025","11.9353","11.9769","11.9841","11.9328","","-0.26%"
"03/18/2025","11.9662","11.9799","11.9953","11.9678","","-0.14%"
"03/17/2025","11.9825","12.0128","12.0347","11.9822","","-0.22%"
"03/14/2025","12.0089","11.9986","12.0274","11.9900","","0.12%"
"03/13/2025","11.9942","12.0415","12.0594","11.9985","","-0.38%"
"03/12/2025","12.0401","12.0604","12.0885","12.0337","","-0.15%"
"03/11/2025","12.0577","12.0292","12.0774","12.0292","","0.30%"
"03/10/2025","12.0219","12.0267","12.0399","12.0079","","-0.13%"
"03/07/2025","12.0375","12.0039","12.0431","12.0001","","0.28%"
"03/06/2025","12.0035","11.9797","12.0349","11.9797","","0.20%"
"03/05/2025","11.9792","12.0107","12.0155","11.9755","","-0.23%"
"03/04/2025","12.0069","11.9746","12.0226","11.9746","","0.25%"
"03/03/2025","11.9771","12.0060","12.0072","11.9683","","-0.25%"
"02/28/2025","12.0066","11.9844","12.0265","11.9749","","0.19%"
"02/27/2025","11.9844","11.9981","12.0280","11.9807","","-0.11%"
"02/26/2025","11.9977","12.0163","12.0173","11.9899","","-0.12%"
"02/25/2025","12.0126","11.9613","12.0191","11.9446","","0.48%"
"02/24/2025","11.9549","11.9503","11.9848","11.9439","","0.15%"
"02/21/2025","11.9368","11.9220","11.9677","11.9219","","0.07%"
"02/20/2025","11.9279","11.9310","11.9507","11.9108","","-0.01%"
"02/19/2025","11.9286","11.9409","11.9423","11.9158","","-0.02%"
"02/18/2025","11.9313","11.9571","11.9628","11.9353","","-0.15%"
"02/17/2025","11.9491","11.9487","11.9823","11.9472","","0.08%"
"02/14/2025","11.9394","11.9040","11.9660","11.8957","","0.41%"
"02/13/2025","11.8902","11.8962","11.9294","11.8834","","0.01%"
"02/12/2025","11.8890","11.8775","11.9072","11.8126","","0.11%"
"02/11/2025","11.8759","11.9745","11.9843","11.8555","","-0.81%"
"02/10/2025","11.9724","12.0029","12.0415","11.9668","","-0.41%"
"02/07/2025","12.0215","12.0173","12.0261","11.9792","","0.07%"
"02/06/2025","12.0132","12.0086","12.0281","12.0035","","0.05%"
"02/05/2025","12.0074","12.0082","12.0316","11.9573","","0.01%"
"02/04/2025","12.0063","11.9947","12.0174","11.9906","","0.13%"
"02/03/2025","11.9912","11.9861","12.0399","11.9829","","0.49%"
"01/31/2025","11.9327","11.9487","11.9538","11.9356","","-0.01%"
"01/30/2025","11.9339","11.9353","11.9510","11.9342","","-0.10%"
"01/29/2025","11.9457","11.9379","11.9492","11.9267","","0.05%"
"01/28/2025","11.9393","11.9143","11.9420","11.9137","","0.27%"
"01/27/2025","11.9071","11.8831","11.9114","11.8699","","0.10%"
"01/24/2025","11.8954","11.8618","11.9246","11.8618","","0.32%"
"01/23/2025","11.8578","11.8897","11.8948","11.8544","","-0.23%"
"01/22/2025","11.8856","11.8882","11.9024","11.8656","","-0.01%"
"01/21/2025","11.8867","11.8069","11.9001","11.8069","","0.69%"
"01/20/2025","11.8054","11.8173","11.8376","11.8055","","-0.10%"
"01/17/2025","11.8178","11.8132","11.8258","11.8054","","0.09%"
"01/16/2025","11.8076","11.7908","11.8182","11.7823","","0.22%"
"01/15/2025","11.7820","11.8034","11.8118","11.7703","","-0.17%"
"01/14/2025","11.8023","11.8182","11.8298","11.7961","","-0.13%"
"01/13/2025","11.8175","11.7527","11.8288","11.7411","","0.57%"
"01/10/2025","11.7508","11.7185","11.7549","11.7097","","0.31%"
"01/09/2025","11.7141","11.7193","11.7227","11.7063","","-0.04%"
"01/08/2025","11.7186","11.7076","11.7222","11.7027","","0.06%"
"01/07/2025","11.7113","11.7044","11.7174","11.6883","","0.07%"
"01/06/2025","11.7035","11.7226","11.7274","11.6967","","-0.09%"
"01/03/2025","11.7139","11.7592","11.7598","11.7121","","-0.30%"
"01/02/2025","11.7487","11.7357","11.7542","11.7318","","0.15%"
"01/01/2025","11.7311","11.7233","11.7417","11.7233","","0.09%"
"12/31/2024","11.7207","11.7186","11.7389","11.7158","","0.09%"
"12/30/2024","11.7097","11.7014","11.7279","11.6996","","0.09%"
"12/27/2024","11.6987","11.6813","11.7577","11.6781","","0.15%"
"12/26/2024","11.6814","11.6742","11.6887","11.6722","","0.07%"
"12/25/2024","11.6729","11.6762","11.6770","11.6670","","-0.01%"
"12/24/2024","11.6743","11.6600","11.6765","11.6566","","0.13%"
"12/23/2024","11.6592","11.6439","11.6652","11.6390","","0.15%"
"12/20/2024","11.6414","11.6641","11.6678","11.6375","","-0.16%"
"12/19/2024","11.6599","11.6352","11.6688","11.6310","","0.12%"
"12/18/2024","11.6464","11.6556","11.6645","11.6453","","-0.07%"
"12/17/2024","11.6547","11.6532","11.6653","11.6494","","0.01%"
"12/16/2024","11.6538","11.6608","11.6665","11.6452","","0.03%"
"12/13/2024","11.6508","11.6682","11.6777","11.6432","","-0.13%"
"12/12/2024","11.6654","11.6841","11.6927","11.6685","","-0.08%"
"12/11/2024","11.6749","11.7085","11.7251","11.6638","","-0.27%"
"12/10/2024","11.7063","11.6860","11.7222","11.6801","","0.20%"
"12/09/2024","11.6828","11.6490","11.6890","11.6353","","0.35%"
"12/06/2024","11.6419","11.6643","11.6728","11.6440","","-0.18%"
"12/05/2024","11.6625","11.6603","11.6698","11.6461","","0.07%"
"12/04/2024","11.6546","11.6231","11.6655","11.6196","","0.30%"
"12/03/2024","11.6203","11.6508","11.6597","11.6135","","-0.27%"
"12/02/2024","11.6515","11.6766","11.6787","11.6416","","-0.19%"
"11/29/2024","11.6739","11.6607","11.6947","11.6583","","0.16%"
"11/28/2024","11.6556","11.6596","11.6632","11.6472","","0.08%"
"11/27/2024","11.6468","11.6268","11.6533","11.6222","","0.17%"
"11/26/2024","11.6268","11.6399","11.6505","11.6088","","-0.10%"
"11/25/2024","11.6380","11.6493","11.6598","11.6248","","-0.12%"
"11/22/2024","11.6514","11.6753","11.6775","11.6460","","-0.19%"
"11/21/2024","11.6735","11.6432","11.6780","11.6421","","0.27%"
"11/20/2024","11.6420","11.6602","11.6618","11.6389","","-0.12%"
"11/19/2024","11.6561","11.6621","11.6747","11.6507","","-0.03%"
"11/18/2024","11.6601","11.6758","11.6799","11.6461","","-0.09%"
"11/15/2024","11.6708","11.6845","11.6869","11.6604","","-0.07%"
"11/14/2024","11.6791","11.6838","11.6862","11.6492","","-0.02%"
"11/13/2024","11.6813","11.6663","11.7106","11.6657","","0.14%"
"11/12/2024","11.6650","11.6952","11.7001","11.6544","","-0.24%"
"11/11/2024","11.6933","11.7531","11.7600","11.6984","","-0.53%"
"11/08/2024","11.7552","11.8059","11.8094","11.7497","","-0.40%"
"11/07/2024","11.8026","11.7452","11.8061","11.7274","","0.49%"
"11/06/2024","11.7450","11.8386","11.8504","11.7429","","-0.78%"
"11/05/2024","11.8372","11.8530","11.8572","11.8292","","-0.11%"
"11/04/2024","11.8500","11.8018","11.8646","11.8010","","0.39%"
"11/01/2024","11.8034","11.8118","11.8231","11.7940","","-0.05%"
"10/31/2024","11.8088","11.8184","11.8259","11.7998","","-0.06%"
"10/30/2024","11.8156","11.7890","11.8179","11.7791","","0.25%"
"10/29/2024","11.7862","11.8012","11.8017","11.7690","","-0.08%"
"10/28/2024","11.7962","11.8090","11.8104","11.7832","","-0.11%"
"10/25/2024","11.8091","11.8105","11.8148","11.7942","","0.04%"
"10/24/2024","11.8043","11.8011","11.8255","11.7969","","0.08%"
"10/23/2024","11.7949","11.8075","11.8085","11.7852","","-0.06%"
"10/22/2024","11.8018","11.8092","11.8133","11.7989","","-0.05%"
"10/21/2024","11.8076","11.8385","11.8406","11.8081","","-0.23%"
"10/18/2024","11.8351","11.7977","11.8405","11.7954","","0.33%"
"10/17/2024","11.7960","11.8047","11.8076","11.7882","","-0.06%"
"10/16/2024","11.8025","11.8059","11.8190","11.7987","","-0.01%"
"10/15/2024","11.8039","11.8610","11.8621","11.8029","","-0.45%"
"10/14/2024","11.8574","11.8965","11.9012","11.8541","","-0.36%"
"10/11/2024","11.9005","11.8600","11.9061","11.8567","","0.38%"
"10/10/2024","11.8551","11.8543","11.8871","11.8532","","0.01%"
"10/09/2024","11.8543","11.8892","11.8997","11.8535","","-0.29%"
"10/08/2024","11.8892","11.9641","11.9674","11.8602","","-0.63%"
"10/07/2024","11.9640","11.9693","11.9708","11.9605","","-0.05%"
"10/04/2024","11.9701","11.9650","11.9755","11.9595","","0.04%"
"10/03/2024","11.9654","11.9579","11.9735","11.9535","","0.08%"
"10/02/2024","11.9554","11.9552","11.9701","11.9468","","0.02%"
"10/01/2024","11.9526","11.9471","11.9614","11.9379","","0.17%"
"09/30/2024","11.9319","11.9376","11.9546","11.9249","","-0.06%"
"09/27/2024","11.9396","11.9272","11.9418","11.9149","","0.14%"
"09/26/2024","11.9234","11.8938","11.9379","11.8886","","0.31%"
"09/25/2024","11.8868","11.8895","11.9145","11.8830","","-0.02%"
"09/24/2024","11.8887","11.8515","11.9009","11.8266","","0.37%"
"09/23/2024","11.8444","11.8392","11.8562","11.8298","","0.05%"
"09/20/2024","11.8385","11.8310","11.8707","11.8278","","0.07%"
"09/19/2024","11.8305","11.8174","11.8538","11.7801","","0.17%"
"09/18/2024","11.8108","11.8083","11.8274","11.7956","","0.05%"
"09/17/2024","11.8047","11.8284","11.8294","11.7985","","-0.11%"
"09/16/2024","11.8178","11.8240","11.8301","11.8180","","-0.05%"
"09/13/2024","11.8234","11.7914","11.8340","11.7889","","0.28%"
"09/12/2024","11.7898","11.8006","11.8010","11.7851","","-0.02%"
"09/11/2024","11.7923","11.7937","11.8128","11.7906","","0.03%"
"09/10/2024","11.7889","11.8088","11.8095","11.7844","","-0.07%"
"09/09/2024","11.7973","11.8419","11.8473","11.7947","","-0.41%"
"09/06/2024","11.8456","11.8408","11.8547","11.8293","","0.09%"
"09/05/2024","11.8353","11.8073","11.8489","11.8065","","0.27%"
"09/04/2024","11.8037","11.7947","11.8155","11.7882","","0.13%"
"09/03/2024","11.7878","11.7905","11.8031","11.7819","","0.03%"
"09/02/2024","11.7842","11.8287","11.8295","11.7854","","-0.36%"
"08/30/2024","11.8264","11.8187","11.8383","11.8112","","0.08%"
"08/29/2024","11.8174","11.7806","11.8309","11.7693","","0.38%"
"08/28/2024","11.7726","11.7847","11.7893","11.7659","","-0.03%"
"08/27/2024","11.7767","11.7762","11.7880","11.7678","","0.05%"
"08/26/2024","11.7708","11.7806","11.7926","11.7643","","0.08%"
"08/23/2024","11.7618","11.7465","11.7713","11.7401","","0.14%"
"08/22/2024","11.7459","11.7594","11.7750","11.7479","","-0.07%"
"08/21/2024","11.7547","11.7494","11.7715","11.7414","","0.12%"
"08/20/2024","11.7404","11.7381","11.7578","11.7184","","-0.02%"
"08/19/2024","11.7427","11.7049","11.7669","11.7022","","0.31%"
"08/16/2024","11.7061","11.7001","11.7216","11.6933","","0.08%"
"08/15/2024","11.6973","11.7262","11.7380","11.6973","","-0.54%"
"08/14/2024","11.7604","11.7280","11.7654","11.7255","","0.30%"
"08/13/2024","11.7258","11.7002","11.7371","11.6876","","0.25%"
"08/12/2024","11.6966","11.7080","11.7113","11.6875","","-0.12%"
"08/09/2024","11.7101","11.7075","11.7203","11.6955","","0.07%"
"08/08/2024","11.7017","11.6961","11.7338","11.6922","","0.13%"
"08/07/2024","11.6867","11.7305","11.7305","11.6769","","-0.34%"
"08/06/2024","11.7260","11.7802","11.7802","11.7248","","-0.48%"
"08/05/2024","11.7827","11.7024","11.8274","11.7010","","0.69%"
"08/02/2024","11.7021","11.5611","11.7076","11.5574","","1.27%"
"08/01/2024","11.5548","11.5945","11.6067","11.5519","","-0.32%"
"07/31/2024","11.5924","11.5515","11.5988","11.5461","","0.40%"
"07/30/2024","11.5457","11.5351","11.5534","11.5260","","0.09%"
"07/29/2024","11.5348","11.5465","11.5489","11.5305","","-0.06%"
"07/26/2024","11.5422","11.5826","11.5826","11.5383","","-0.29%"
"07/25/2024","11.5762","11.5338","11.6094","11.5289","","0.44%"
"07/24/2024","11.5252","11.5041","11.5288","11.4998","","0.20%"
"07/23/2024","11.5020","11.5022","11.5103","11.4931","","0.01%"
"07/22/2024","11.5004","11.5192","11.5192","11.4995","","-0.14%"
"07/19/2024","11.5167","11.5238","11.5271","11.5029","","0.05%"
"07/18/2024","11.5110","11.5097","11.5312","11.5080","","0.02%"
"07/17/2024","11.5092","11.4922","11.5175","11.4902","","0.16%"
"07/16/2024","11.4911","11.5140","11.5159","11.4920","","-0.14%"
"07/15/2024","11.5076","11.5176","11.5194","11.4966","","-0.09%"
"07/12/2024","11.5178","11.5057","11.5242","11.4947","","0.11%"
"07/11/2024","11.5052","11.4784","11.5191","11.4731","","0.24%"
"07/10/2024","11.4771","11.4804","11.4826","11.4714","","0.00%"
"07/09/2024","11.4766","11.4848","11.4861","11.4772","","-0.09%"
"07/08/2024","11.4871","11.4874","11.4901","11.4775","","0.00%"
"07/05/2024","11.4876","11.4888","11.4950","11.4820","","0.04%"
"07/04/2024","11.4828","11.4845","11.4943","11.4803","","-0.04%"
"07/03/2024","11.4874","11.4831","11.4895","11.4767","","0.04%"
"07/02/2024","11.4833","11.4799","11.4930","11.4727","","0.03%"
"07/01/2024","11.4796","11.4734","11.4857","11.4691","","0.08%"
"06/28/2024","11.4699","11.4816","11.4903","11.4679","","-0.08%"
"06/27/2024","11.4788","11.5017","11.5041","11.4767","","-0.18%"
"06/26/2024","11.4990","11.4901","11.5092","11.4809","","0.14%"
"06/25/2024","11.4833","11.4942","11.5041","11.4824","","-0.10%"
"06/24/2024","11.4948","11.5085","11.5123","11.4895","","-0.11%"
"06/21/2024","11.5078","11.5218","11.5218","11.4972","","-0.08%"
"06/20/2024","11.5171","11.4955","11.5260","11.4907","","0.14%"
"06/19/2024","11.5006","11.4956","11.5047","11.4859","","0.12%"
"06/18/2024","11.4865","11.5072","11.5159","11.4833","","-0.18%"
"06/17/2024","11.5074","11.5113","11.5176","11.5079","","-0.06%"
"06/14/2024","11.5145","11.5196","11.5224","11.5114","","-0.03%"
"06/13/2024","11.5183","11.5345","11.5360","11.5150","","-0.02%"
"06/12/2024","11.5211","11.5265","11.5320","11.5104","","-0.02%"
"06/11/2024","11.5239","11.5238","11.5293","11.5087","","0.03%"
"06/10/2024","11.5204","11.5250","11.5279","11.5164","","-0.03%"
"06/07/2024","11.5233","11.5211","11.5285","11.5104","","0.03%"
"06/06/2024","11.5196","11.5057","11.5311","11.5013","","0.15%"
"06/05/2024","11.5028","11.5389","11.5408","11.4903","","-0.29%"
"06/04/2024","11.5361","11.4771","11.5548","11.4670","","0.56%"
"06/03/2024","11.4716","11.5205","11.5232","11.4487","","-0.42%"
"05/31/2024","11.5195","11.5202","11.5308","11.4944","","0.05%"
"05/30/2024","11.5133","11.4995","11.5185","11.4945","","0.15%"
"05/29/2024","11.4960","11.4834","11.5059","11.4787","","0.16%"
"05/28/2024","11.4781","11.4759","11.4845","11.4685","","0.07%"
"05/27/2024","11.4703","11.4690","11.4783","11.4607","","0.03%"
"05/24/2024","11.4668","11.5005","11.5026","11.4590","","-0.23%"
"05/23/2024","11.4937","11.5016","11.5067","11.4883","","0.02%"
"05/22/2024","11.4919","11.5121","11.5121","11.4942","","-0.08%"
"05/21/2024","11.5015","11.5129","11.5220","11.5003","","-0.07%"
"05/20/2024","11.5094","11.5308","11.5338","11.5098","","-0.15%"
"05/17/2024","11.5263","11.5681","11.5681","11.5281","","-0.27%"
"05/16/2024","11.5580","11.5548","11.5737","11.5526","","0.05%"
"05/15/2024","11.5528","11.5436","11.5714","11.5414","","0.11%"
"05/14/2024","11.5398","11.5485","11.5505","11.5357","","0.01%"
"05/13/2024","11.5386","11.5578","11.5633","11.5387","","-0.17%"
"05/10/2024","11.5588","11.5563","11.5635","11.5504","","0.06%"
"05/09/2024","11.5521","11.5537","11.5608","11.5485","","0.01%"
"05/08/2024","11.5504","11.5626","11.5671","11.5464","","-0.09%"
"05/07/2024","11.5606","11.5792","11.5803","11.5574","","-0.15%"
"05/06/2024","11.5785","11.5163","11.5907","11.5162","","0.57%"
"05/03/2024","11.5127","11.5204","11.5289","11.5049","","-0.07%"
"05/02/2024","11.5208","11.5218","11.5318","11.5177","","-0.03%"
"05/01/2024","11.5237","11.5279","11.5358","11.5240","","0.01%"
"04/30/2024","11.5229","11.5399","11.5399","11.5184","","-0.08%"
"04/29/2024","11.5325","11.5070","11.5416","11.5027","","0.21%"
"04/26/2024","11.5087","11.5013","11.5119","11.4928","","0.02%"
"04/25/2024","11.5061","11.5012","11.5103","11.4903","","0.07%"
"04/24/2024","11.4985","11.4944","11.5045","11.4908","","0.05%"
"04/23/2024","11.4922","11.5115","11.5141","11.4906","","-0.13%"
"04/22/2024","11.5075","11.5218","11.5256","11.5013","","-0.05%"
"04/19/2024","11.5129","11.5418","11.5591","11.5136","","-0.22%"
"04/18/2024","11.5386","11.5474","11.5510","11.5338","","-0.14%"
"04/17/2024","11.5550","11.5606","11.5684","11.5471","","0.00%"
"04/16/2024","11.5545","11.5407","11.5632","11.5317","","0.18%"
"04/15/2024","11.5333","11.5472","11.5477","11.5234","","-0.08%"
"04/12/2024","11.5425","11.5191","11.5540","11.5135","","0.26%"
"04/11/2024","11.5128","11.5303","11.5337","11.5099","","-0.12%"
"04/10/2024","11.5265","11.5077","11.5316","11.4958","","0.23%"
"04/09/2024","11.5003","11.5161","11.5184","11.4992","","-0.13%"
"04/08/2024","11.5155","11.5217","11.5274","11.5054","","0.02%"
"04/05/2024","11.5133","11.5316","11.5391","11.5073","","-0.06%"
"04/04/2024","11.5198","11.5401","11.5449","11.5224","","-0.20%"
"04/03/2024","11.5424","11.5271","11.5516","11.5185","","0.21%"
"04/02/2024","11.5183","11.5305","11.5331","11.5183","","-0.09%"
"04/01/2024","11.5281","11.5414","11.5435","11.5250","","-0.11%"
"03/29/2024","11.5408","11.5388","11.5479","11.5304","","0.08%"
"03/28/2024","11.5321","11.5359","11.5431","11.5294","","0.07%"
"03/27/2024","11.5246","11.5491","11.5517","11.5239","","-0.14%"
"03/26/2024","11.5402","11.5674","11.5711","11.5336","","-0.21%"
"03/25/2024","11.5645","11.5962","11.6175","11.5604","","0.03%"
"03/22/2024","11.5611","11.5610","11.5850","11.5240","","0.07%"
"03/21/2024","11.5526","11.5450","11.5613","11.5336","","0.00%"
"03/20/2024","11.5526","11.5363","11.5629","11.5274","","0.20%"
"03/19/2024","11.5294","11.5215","11.5375","11.5163","","0.11%"
"03/18/2024","11.5163","11.5190","11.5218","11.5077","","-0.01%"
"03/15/2024","11.5170","11.5362","11.5363","11.5091","","-0.07%"
"03/14/2024","11.5248","11.5249","11.5319","11.5150","","0.02%"
"03/13/2024","11.5228","11.5282","11.5360","11.5106","","-0.04%"
"03/12/2024","11.5270","11.5203","11.5438","11.5189","","0.07%"
"03/11/2024","11.5189","11.5160","11.5258","11.4938","","0.06%"
"03/08/2024","11.5119","11.4993","11.5177","11.4935","","0.15%"
"03/07/2024","11.4943","11.5062","11.5121","11.4852","","-0.05%"
"03/06/2024","11.4995","11.5185","11.5206","11.5014","","-0.16%"
"03/05/2024","11.5174","11.5178","11.5259","11.5107","","0.01%"
"03/04/2024","11.5161","11.5115","11.5197","11.5081","","0.06%"
"03/01/2024","11.5097","11.5357","11.5364","11.5091","","-0.18%"
"02/29/2024","11.5305","11.5184","11.5362","11.5174","","0.12%"
"02/28/2024","11.5164","11.5205","11.5253","11.5115","","0.02%"
"02/27/2024","11.5137","11.5180","11.5202","11.5093","","0.04%"
"02/26/2024","11.5096","11.5168","11.5205","11.5105","","-0.03%"
"02/23/2024","11.5136","11.5148","11.5255","11.5121","","0.00%"
"02/22/2024","11.5133","11.5348","11.5409","11.5134","","-0.17%"
"02/21/2024","11.5333","11.5262","11.5501","11.5171","","0.09%"
"02/20/2024","11.5234","11.5351","11.5381","11.5176","","-0.09%"
"02/19/2024","11.5333","11.5402","11.5409","11.5263","","-0.05%"
"02/16/2024","11.5387","11.5368","11.5448","11.5357","","0.03%"
"02/15/2024","11.5352","11.5428","11.5484","11.5356","","-0.06%"
"02/14/2024","11.5416","11.5524","11.5547","11.5401","","-0.07%"
"02/13/2024","11.5500","11.5392","11.5549","11.5329","","0.15%"
"02/12/2024","11.5327","11.5416","11.5459","11.5312","","-0.04%"
"02/09/2024","11.5369","11.5308","11.5462","11.5246","","0.06%"
"02/08/2024","11.5295","11.5333","11.5431","11.5218","","-0.02%"
"02/07/2024","11.5315","11.5515","11.5623","11.5296","","-0.16%"
"02/06/2024","11.5495","11.5359","11.5564","11.5334","","0.14%"
"02/05/2024","11.5337","11.5414","11.5438","11.5280","","-0.05%"
"02/02/2024","11.5389","11.5529","11.5653","11.5349","","-0.11%"
"02/01/2024","11.5517","11.5936","11.5936","11.5476","","-0.32%"
"01/31/2024","11.5888","11.5799","11.5950","11.5602","","0.06%"
"01/30/2024","11.5814","11.5777","11.5879","11.5738","","0.05%"
"01/29/2024","11.5761","11.5849","11.5868","11.5730","","-0.02%"
"01/26/2024","11.5783","11.6002","11.6002","11.5714","","-0.15%"
"01/25/2024","11.5953","11.6236","11.6262","11.5840","","-0.21%"
"01/24/2024","11.6201","11.5936","11.6306","11.5860","","0.26%"
"01/23/2024","11.5895","11.5526","11.6054","11.5507","","0.33%"
"01/22/2024","11.5518","11.5490","11.5601","11.5460","","0.02%"
"01/19/2024","11.5497","11.5597","11.5632","11.5460","","-0.06%"
"01/18/2024","11.5563","11.5612","11.5646","11.5489","","-0.02%"
"01/17/2024","11.5587","11.5539","11.5632","11.5411","","0.06%"
"01/16/2024","11.5523","11.5501","11.5648","11.5365","","0.03%"
"01/15/2024","11.5487","11.5566","11.5629","11.5388","","-0.08%"
"01/12/2024","11.5577","11.5880","11.6037","11.5513","","-0.24%"
"01/11/2024","11.5850","11.5740","11.6115","11.5721","","0.08%"
"01/10/2024","11.5760","11.5939","11.5964","11.5725","","-0.14%"
"01/09/2024","11.5928","11.6081","11.6133","11.5908","","-0.09%"
"01/08/2024","11.6033","11.6402","11.6411","11.5981","","-0.27%"
"01/05/2024","11.6345","11.6259","11.6432","11.5990","","0.07%"
"01/04/2024","11.6261","11.6488","11.6543","11.6246","","-0.17%"
"01/03/2024","11.6459","11.6569","11.6688","11.6421","","-0.06%"
"01/02/2024","11.6533","11.7156","11.7230","11.6549","","-0.57%"
"01/01/2024","11.7205","11.7242","11.7246","11.7115","","0.06%"
"12/29/2023","11.7138","11.7002","11.7354","11.6942","","0.13%"
"12/28/2023","11.6983","11.6607","11.7266","11.6563","","0.34%"
"12/27/2023","11.6591","11.6420","11.6689","11.6331","","0.15%"
"12/26/2023","11.6411","11.6541","11.6586","11.6312","","-0.10%"
"12/25/2023","11.6528","11.6613","11.6670","11.6457","","-0.03%"
"12/22/2023","11.6561","11.6571","11.6734","11.6368","","0.01%"
"12/21/2023","11.6545","11.6540","11.6643","11.6376","","0.05%"
"12/20/2023","11.6490","11.6570","11.6686","11.6470","","-0.05%"
"12/19/2023","11.6547","11.6559","11.6604","11.6347","","0.01%"
"12/18/2023","11.6538","11.6625","11.6655","11.6297","","-0.07%"
"12/15/2023","11.6621","11.7168","11.7285","11.6603","","-0.45%"
"12/14/2023","11.7144","11.6112","11.7284","11.6101","","0.82%"
"12/13/2023","11.6192","11.6209","11.6260","11.6037","","0.00%"
"12/12/2023","11.6188","11.6176","11.6343","11.6115","","0.04%"
"12/11/2023","11.6143","11.6394","11.6453","11.5999","","-0.21%"
"12/08/2023","11.6390","11.6563","11.6603","11.6362","","-0.13%"
"12/07/2023","11.6539","11.6400","11.6636","11.6365","","0.13%"
"12/06/2023","11.6384","11.6585","11.6614","11.6356","","-0.15%"
"12/05/2023","11.6564","11.6802","11.6816","11.6583","","-0.19%"
"12/04/2023","11.6786","11.6552","11.6902","11.6549","","0.17%"
"12/01/2023","11.6591","11.6806","11.6892","11.6582","","-0.18%"
"11/30/2023","11.6804","11.6897","11.7074","11.6715","","-0.06%"
"11/29/2023","11.6872","11.6537","11.7022","11.6497","","0.24%"
"11/28/2023","11.6587","11.6537","11.6671","11.6438","","0.08%"
"11/27/2023","11.6495","11.6687","11.6705","11.6484","","-0.05%"
"11/24/2023","11.6551","11.6664","11.6670","11.6489","","0.01%"
"11/23/2023","11.6535","11.6488","11.6811","11.6459","","0.15%"
"11/22/2023","11.6360","11.6726","11.6767","11.6398","","-0.27%"
"11/21/2023","11.6680","11.6220","11.6896","11.6220","","0.42%"
"11/20/2023","11.6194","11.5455","11.6379","11.5428","","0.68%"
"11/17/2023","11.5413","11.4821","11.5552","11.4819","","0.53%"
"11/16/2023","11.4800","11.4790","11.4967","11.4543","","0.01%"
"11/15/2023","11.4790","11.4396","11.4924","11.4309","","0.36%"
"11/14/2023","11.4375","11.4152","11.4431","11.3966","","0.24%"
"11/13/2023","11.4098","11.4212","11.4323","11.4113","","-0.16%"
"11/10/2023","11.4285","11.4367","11.4495","11.4163","","-0.08%"
"11/09/2023","11.4381","11.4324","11.4423","11.4253","","0.08%"
"11/08/2023","11.4291","11.4334","11.4556","11.4295","","-0.02%"
"11/07/2023","11.4313","11.4468","11.4468","11.4209","","-0.12%"
"11/06/2023","11.4452","11.4103","11.4535","11.4079","","0.52%"
"11/03/2023","11.3859","11.3782","11.3960","11.3674","","0.09%"
"11/02/2023","11.3759","11.3752","11.3812","11.3658","","0.01%"
"11/01/2023","11.3746","11.3822","11.3861","11.3715","","-0.03%"
"10/31/2023","11.3781","11.3846","11.3869","11.3721","","-0.04%"
"10/30/2023","11.3831","11.3812","11.3883","11.3716","","0.04%"
"10/27/2023","11.3786","11.3826","11.3858","11.3681","","0.01%"
"10/26/2023","11.3775","11.3654","11.3830","11.3609","","0.15%"
"10/25/2023","11.3610","11.3613","11.3742","11.3545","","0.06%"
"10/24/2023","11.3541","11.3494","11.3812","11.3487","","-0.01%"
"10/23/2023","11.3547","11.3664","11.3740","11.3567","","-0.08%"
"10/20/2023","11.3636","11.3694","11.3829","11.3434","","0.03%"
"10/19/2023","11.3607","11.3846","11.3892","11.3581","","-0.21%"
"10/18/2023","11.3849","11.3848","11.4066","11.3767","","0.05%"
"10/17/2023","11.3792","11.3820","11.3892","11.3756","","0.01%"
"10/16/2023","11.3777","11.3968","11.3977","11.3778","","-0.14%"
"10/13/2023","11.3939","11.3998","11.4059","11.3867","","-0.09%"
"10/12/2023","11.4040","11.3937","11.4110","11.3857","","0.12%"
"10/11/2023","11.3902","11.4063","11.4136","11.3840","","-0.06%"
"10/10/2023","11.3971","11.4183","11.4414","11.3977","","-0.16%"
"10/09/2023","11.4148","11.3840","11.4324","11.3834","","0.28%"
"10/06/2023","11.3829","11.3975","11.4090","11.3842","","-0.10%"
"10/05/2023","11.3941","11.3968","11.4093","11.3919","","-0.06%"
"10/04/2023","11.4010","11.3998","11.4149","11.3913","","0.04%"
"10/03/2023","11.3960","11.3995","11.4046","11.3849","","0.05%"
"10/02/2023","11.3906","11.3901","11.3996","11.3844","","0.17%"
"09/29/2023","11.3709","11.3961","11.3961","11.3692","","-0.14%"
"09/28/2023","11.3873","11.3852","11.3998","11.3762","","0.09%"
"09/27/2023","11.3767","11.3930","11.4199","11.3737","","-0.05%"
"09/26/2023","11.3819","11.3680","11.3983","11.3658","","0.12%"
"09/25/2023","11.3677","11.3674","11.3804","11.3582","","0.00%"
"09/22/2023","11.3673","11.3408","11.3706","11.3315","","-0.02%"
"09/21/2023","11.3698","11.3763","11.4000","11.3588","","-0.06%"
"09/20/2023","11.3764","11.4097","11.4168","11.3783","","-0.35%"
"09/19/2023","11.4159","11.4170","11.4262","11.4046","","-0.03%"
"09/18/2023","11.4194","11.4083","11.4263","11.4017","","-0.01%"
"09/15/2023","11.4211","11.4129","11.4611","11.4016","","0.15%"
"09/14/2023","11.4040","11.4036","11.4186","11.3930","","-0.01%"
"09/13/2023","11.4047","11.3653","11.4079","11.3638","","0.39%"
"09/12/2023","11.3608","11.3735","11.3895","11.3615","","-0.09%"
"09/11/2023","11.3710","11.3376","11.3965","11.3243","","0.62%"
"09/08/2023","11.3007","11.3253","11.3272","11.2875","","-0.38%"
"09/07/2023","11.3439","11.3733","11.3747","11.3433","","-0.21%"
"09/06/2023","11.3682","11.3730","11.3917","11.3460","","0.02%"
"09/05/2023","11.3664","11.3779","11.3797","11.3454","","-0.04%"
"09/04/2023","11.3713","11.3846","11.3961","11.3657","","-0.13%"
"09/01/2023","11.3856","11.4163","11.4165","11.3666","","-0.06%"
"08/31/2023","11.3922","11.3489","11.3975","11.3287","","0.49%"
"08/30/2023","11.3370","11.3442","11.3562","11.3304","","-0.02%"
"08/29/2023","11.3398","11.3362","11.3569","11.3311","","0.09%"
"08/28/2023","11.3292","11.3727","11.3727","11.3233","","-0.04%"
"08/25/2023","11.3341","11.3482","11.3532","11.3237","","-0.08%"
"08/24/2023","11.3437","11.3400","11.3531","11.3232","","0.09%"
"08/23/2023","11.3335","11.3902","11.4035","11.3161","","-0.43%"
"08/22/2023","11.3824","11.4045","11.4362","11.3680","","-0.15%"
"08/21/2023","11.3994","11.4250","11.4265","11.3601","","-0.14%"
"08/18/2023","11.4152","11.3949","11.4306","11.3896","","0.13%"
"08/17/2023","11.4002","11.4026","11.4139","11.3455","","0.00%"
"08/16/2023","11.4001","11.4292","11.4571","11.3895","","-0.20%"
"08/15/2023","11.4232","11.4584","11.4596","11.4194","","-0.27%"
"08/14/2023","11.4543","11.4522","11.4678","11.4164","","0.07%"
"08/11/2023","11.4463","11.4698","11.4698","11.4367","","0.02%"
"08/10/2023","11.4435","11.4897","11.4986","11.4492","","-0.39%"
"08/09/2023","11.4879","11.4825","11.5098","11.4791","","0.10%"
"08/08/2023","11.4764","11.5056","11.5095","11.4714","","-0.23%"
"08/07/2023","11.5023","11.5025","11.5176","11.4969","","-0.22%"
"08/04/2023","11.5281","11.5457","11.5681","11.5199","","-0.15%"
"08/03/2023","11.5452","11.5142","11.5514","11.4930","","0.37%"
"08/02/2023","11.5027","11.4732","11.5172","11.4620","","0.27%"
"08/01/2023","11.4712","11.5137","11.5180","11.4689","","-0.37%"
"07/31/2023","11.5134","11.5139","11.5283","11.4967","","0.12%"
"07/28/2023","11.5000","11.4678","11.5085","11.4512","","0.45%"
"07/27/2023","11.4490","11.4857","11.5104","11.4336","","-0.09%"
"07/26/2023","11.4590","11.4424","11.4794","11.4363","","-0.06%"
"07/25/2023","11.4657","11.3845","11.4834","11.3821","","0.76%"
"07/24/2023","11.3795","11.4096","11.4182","11.3618","","-0.20%"
"07/21/2023","11.4027","11.4362","11.4575","11.4063","","-0.26%"
"07/20/2023","11.4320","11.3552","11.4430","11.3514","","0.71%"
"07/19/2023","11.3517","11.4324","11.4349","11.3499","","-0.65%"
"07/18/2023","11.4263","11.4418","11.4592","11.4244","","-0.10%"
"07/17/2023","11.4373","11.4731","11.4731","11.4303","","-0.44%"
"07/14/2023","11.4878","11.4953","11.5283","11.4733","","0.15%"
"07/13/2023","11.4709","11.4425","11.4754","11.4304","","0.28%"
"07/12/2023","11.4385","11.4289","11.4659","11.4177","","0.12%"
"07/11/2023","11.4250","11.4145","11.4494","11.4110","","0.14%"
"07/10/2023","11.4095","11.4431","11.4437","11.4084","","-0.26%"
"07/07/2023","11.4388","11.4153","11.4452","11.4031","","0.22%"
"07/06/2023","11.4133","11.3693","11.4222","11.3535","","0.40%"
"07/05/2023","11.3676","11.3657","11.3713","11.3357","","0.08%"
"07/04/2023","11.3582","11.3214","11.3701","11.3090","","0.38%"
"07/03/2023","11.3153","11.3152","11.3428","11.2828","","-0.02%"
"06/30/2023","11.3177","11.3188","11.3319","11.2873","","-0.01%"
"06/29/2023","11.3187","11.3447","11.3492","11.3109","","-0.02%"
"06/28/2023","11.3204","11.3557","11.3603","11.3100","","-0.29%"
"06/27/2023","11.3533","11.3338","11.3813","11.3286","","0.26%"
"06/26/2023","11.3237","11.4176","11.4221","11.3263","","-0.81%"
"06/23/2023","11.4162","11.4114","11.4339","11.4113","","0.04%"
"06/22/2023","11.4121","11.4160","11.4238","11.4044","","0.02%"
"06/21/2023","11.4093","11.4171","11.4263","11.3957","","-0.07%"
"06/20/2023","11.4176","11.4383","11.4597","11.4162","","-0.17%"
"06/19/2023","11.4367","11.4767","11.4767","11.4363","","-0.48%"
"06/16/2023","11.4913","11.5030","11.5285","11.4772","","-0.07%"
"06/15/2023","11.4988","11.4528","11.5113","11.4393","","0.55%"
"06/14/2023","11.4359","11.4733","11.4958","11.4389","","-0.29%"
"06/13/2023","11.4693","11.5127","11.5253","11.4732","","-0.50%"
"06/12/2023","11.5271","11.5538","11.5538","11.5315","","-0.31%"
"06/09/2023","11.5627","11.6019","11.6038","11.5562","","-0.29%"
"06/08/2023","11.5960","11.5899","11.6035","11.5591","","0.22%"
"06/07/2023","11.5710","11.5893","11.6195","11.5732","","-0.15%"
"06/06/2023","11.5885","11.6172","11.6291","11.5838","","-0.24%"
"06/05/2023","11.6160","11.6384","11.6400","11.5947","","-0.09%"
"06/02/2023","11.6268","11.5974","11.6660","11.5918","","0.28%"
"06/01/2023","11.5941","11.6241","11.6499","11.5775","","-0.26%"
"05/31/2023","11.6248","11.6735","11.6770","11.6243","","-0.43%"
"05/30/2023","11.6745","11.6798","11.6931","11.6498","","0.00%"
"05/29/2023","11.6746","11.6930","11.6940","11.6681","","-0.09%"
"05/26/2023","11.6849","11.6890","11.7337","11.6865","","-0.01%"
"05/25/2023","11.6863","11.7095","11.7157","11.6878","","-0.16%"
"05/24/2023","11.7055","11.7451","11.7561","11.7066","","-0.26%"
"05/23/2023","11.7365","11.7734","11.7734","11.7302","","-0.31%"
"05/22/2023","11.7729","11.8165","11.8173","11.7739","","-0.43%"
"05/19/2023","11.8232","11.7243","11.8312","11.7170","","0.57%"
"05/18/2023","11.7557","11.7814","11.7818","11.7364","","-0.15%"
"05/17/2023","11.7728","11.7746","11.7850","11.7652","","-0.13%"
"05/16/2023","11.7877","11.8287","11.8334","11.7869","","-0.34%"
"05/15/2023","11.8276","11.8197","11.8497","11.8017","","0.16%"
"05/12/2023","11.8082","11.8117","11.8356","11.8083","","-0.04%"
"05/11/2023","11.8124","11.8163","11.8397","11.8071","","0.02%"
"05/10/2023","11.8105","11.8641","11.8641","11.8138","","-0.44%"
"05/09/2023","11.8626","11.8319","11.8706","11.8113","","0.29%"
"05/08/2023","11.8288","11.8242","11.8325","11.8122","","0.06%"
"05/05/2023","11.8217","11.8318","11.8351","11.8097","","-0.07%"
"05/04/2023","11.8295","11.8289","11.8554","11.8162","","0.03%"
"05/03/2023","11.8259","11.8327","11.8448","11.8155","","0.01%"
"05/02/2023","11.8252","11.8336","11.8575","11.8221","","-0.02%"
"05/01/2023","11.8281","11.8336","11.8364","11.8221","","0.06%"
"04/28/2023","11.8209","11.8028","11.8364","11.8009","","0.21%"
"04/27/2023","11.7963","11.7960","11.8268","11.7885","","-0.03%"
"04/26/2023","11.7994","11.8287","11.8514","11.7985","","-0.19%"
"04/25/2023","11.8224","11.8715","11.8808","11.8245","","-0.50%"
"04/24/2023","11.8820","11.9110","11.9110","11.8753","","-0.13%"
"04/21/2023","11.8970","11.9440","11.9454","11.8994","","-0.42%"
"04/20/2023","11.9468","11.9534","11.9602","11.9255","","0.01%"
"04/19/2023","11.9458","11.9398","11.9500","11.9017","","0.08%"
"04/18/2023","11.9363","11.9182","11.9467","11.9123","","0.19%"
"04/17/2023","11.9140","11.9213","11.9473","11.8997","","0.09%"
"04/14/2023","11.9033","11.8954","11.9406","11.8954","","0.14%"
"04/13/2023","11.8871","11.9289","11.9409","11.8760","","-0.23%"
"04/12/2023","11.9145","11.9114","11.9362","11.9064","","0.02%"
"04/11/2023","11.9116","11.8997","11.9339","11.8946","","0.02%"
"04/10/2023","11.9092","11.9003","11.9277","11.8896","","-0.02%"
"04/07/2023","11.9112","11.8956","11.9223","11.8950","","0.11%"
"04/06/2023","11.8983","11.9121","11.9268","11.8962","","-0.05%"
"04/05/2023","11.9042","11.9368","11.9505","11.8962","","-0.21%"
"04/04/2023","11.9289","11.9508","11.9522","11.9296","","-0.16%"
"04/03/2023","11.9481","11.9475","11.9689","11.9319","","-0.09%"
"03/31/2023","11.9585","11.9454","11.9932","11.9437","","0.13%"
"03/30/2023","11.9427","11.9409","11.9585","11.9095","","0.10%"
"03/29/2023","11.9306","11.9511","11.9647","11.9332","","-0.17%"
"03/28/2023","11.9514","11.9588","11.9622","11.9355","","0.15%"
"03/27/2023","11.9331","11.9769","11.9829","11.9389","","-0.45%"
"03/24/2023","11.9872","12.0625","12.0713","11.9742","","-0.57%"
"03/23/2023","12.0563","11.9937","12.0625","11.9888","","0.55%"
"03/22/2023","11.9901","12.0091","12.0206","11.9749","","-0.14%"
"03/21/2023","12.0065","11.9962","12.0370","11.9887","","0.12%"
"03/20/2023","11.9927","11.9988","12.0121","11.9478","","0.11%"
"03/17/2023","11.9797","11.9762","12.0246","11.9712","","0.05%"
"03/16/2023","11.9739","12.0253","12.0318","11.9611","","-0.20%"
"03/15/2023","11.9977","11.9443","12.0127","11.9440","","0.29%"
"03/14/2023","11.9629","11.9907","12.0111","11.9600","","-0.39%"
"03/13/2023","12.0095","11.8473","12.0187","11.8473","","1.25%"
"03/10/2023","11.8611","11.7788","11.8707","11.7708","","0.74%"
"03/09/2023","11.7735","11.7912","11.7943","11.7344","","-0.10%"
"03/08/2023","11.7854","11.7823","11.7996","11.7643","","0.10%"
"03/07/2023","11.7732","11.8112","11.8147","11.7575","","-0.26%"
"03/06/2023","11.8043","11.8273","11.8568","11.7917","","-0.14%"
"03/03/2023","11.8205","11.9081","11.9588","11.8257","","-0.69%"
"03/02/2023","11.9030","11.9995","12.0069","11.9091","","-0.76%"
"03/01/2023","11.9942","11.9276","12.0205","11.9050","","0.64%"
"02/28/2023","11.9176","11.9064","11.9333","11.8947","","0.18%"
"02/27/2023","11.8961","11.9114","11.9260","11.8867","","-0.15%"
"02/24/2023","11.9140","11.9471","11.9558","11.9039","","-0.34%"
"02/23/2023","11.9545","12.0133","12.0338","11.9592","","-0.51%"
"02/22/2023","12.0153","12.0534","12.0571","12.0050","","-0.26%"
"02/21/2023","12.0465","12.0626","12.0709","12.0296","","-0.12%"
"02/20/2023","12.0611","12.0450","12.0721","12.0357","","0.12%"
"02/17/2023","12.0469","12.0549","12.0549","12.0264","","-0.05%"
"02/16/2023","12.0530","12.0834","12.0878","12.0412","","-0.15%"
"02/15/2023","12.0717","12.1348","12.1416","12.0773","","-0.58%"
"02/14/2023","12.1423","12.1056","12.1667","12.1056","","0.33%"
"02/13/2023","12.1021","12.1274","12.1341","12.0894","","-0.09%"
"02/10/2023","12.1124","12.1722","12.1722","12.1074","","-0.43%"
"02/09/2023","12.1644","12.1748","12.1872","12.1519","","-0.05%"
"02/08/2023","12.1705","12.2331","12.2381","12.1555","","-0.20%"
"02/07/2023","12.1953","12.1781","12.2127","12.1725","","0.21%"
"02/06/2023","12.1694","12.0870","12.2106","12.0870","","0.32%"
"02/03/2023","12.1310","12.1866","12.2036","12.1145","","-0.40%"
"02/02/2023","12.1797","12.1902","12.2350","12.1645","","0.49%"
"02/01/2023","12.1204","12.1049","12.1657","12.1014","","0.17%"
"01/31/2023","12.1000","12.0603","12.1487","12.0603","","0.21%"
"01/30/2023","12.0752","12.0714","12.1048","12.0588","","0.54%"
"01/27/2023","12.0106","12.0141","12.0392","12.0086","","0.11%"
"01/26/2023","11.9971","12.0173","12.0243","11.9914","","-0.09%"
"01/25/2023","12.0078","12.0277","12.0540","12.0093","","-0.13%"
"01/24/2023","12.0230","12.0109","12.0525","11.9995","","0.14%"
"01/23/2023","12.0059","11.9291","12.0140","11.9205","","0.61%"
"01/20/2023","11.9328","12.0048","12.0101","11.9349","","-0.41%"
"01/19/2023","11.9823","12.0348","12.0348","11.9822","","-0.66%"
"01/18/2023","12.0618","12.0380","12.0687","12.0068","","0.12%"
"01/17/2023","12.0478","12.1264","12.1264","12.0379","","-0.60%"
"01/16/2023","12.1200","12.1355","12.1538","12.1154","","-0.02%"
"01/13/2023","12.1223","12.0371","12.1386","12.0371","","0.76%"
"01/12/2023","12.0309","12.0607","12.1074","12.0364","","-0.22%"
"01/11/2023","12.0569","12.0417","12.0880","12.0264","","0.18%"
"01/10/2023","12.0357","12.1593","12.1690","12.0390","","-0.76%"
"01/09/2023","12.1284","12.0726","12.1819","12.0726","","0.84%"
"01/06/2023","12.0278","12.0082","12.0854","12.0065","","0.28%"
"01/05/2023","11.9942","12.0068","12.0428","11.9932","","0.00%"
"01/04/2023","11.9943","11.9710","12.0418","11.9707","","0.22%"
"01/03/2023","11.9676","11.9713","12.0398","11.9545","","-0.20%"
"01/02/2023","11.9920","11.9836","12.0024","11.9677","","0.03%"
"12/30/2022","11.9880","11.8883","11.9958","11.8834","","0.89%"
"12/29/2022","11.8820","11.8564","11.9046","11.8548","","0.24%"
"12/28/2022","11.8533","11.8965","11.9047","11.8572","","-0.40%"
"12/27/2022","11.9005","11.8723","11.9113","11.8670","","0.26%"
"12/26/2022","11.8692","11.8433","11.8845","11.8432","","0.25%"
"12/23/2022","11.8396","11.8664","11.8675","11.8369","","-0.30%"
"12/22/2022","11.8752","11.8893","11.8893","11.8360","","0.04%"
"12/21/2022","11.8705","11.8599","11.8827","11.8511","","0.08%"
"12/20/2022","11.8615","11.8317","11.8905","11.8251","","0.21%"
"12/19/2022","11.8371","11.8701","11.8701","11.8290","","-0.16%"
"12/16/2022","11.8561","11.8823","11.9008","11.8511","","-0.16%"
"12/15/2022","11.8754","11.8743","11.9081","11.8359","","0.10%"
"12/14/2022","11.8633","11.8522","11.8907","11.8336","","0.03%"
"12/13/2022","11.8593","11.8292","11.8870","11.7999","","0.14%"
"12/12/2022","11.8424","11.8466","11.8550","11.7985","","0.03%"
"12/09/2022","11.8390","11.8365","11.8579","11.8027","","0.29%"
"12/08/2022","11.8050","11.7915","11.8330","11.7822","","0.14%"
"12/07/2022","11.7884","11.7985","11.8514","11.7787","","0.03%"
"12/06/2022","11.7854","11.7653","11.8205","11.7319","","0.21%"
"12/05/2022","11.7607","11.6763","11.7776","11.6444","","1.41%"
"12/02/2022","11.5969","11.5218","11.6145","11.4843","","0.74%"
"12/01/2022","11.5121","11.5506","11.5527","11.4542","","0.42%"
"11/30/2022","11.4639","11.4049","11.5057","11.4001","","0.60%"
"11/29/2022","11.3960","11.3251","11.4173","11.3251","","0.63%"
"11/28/2022","11.3247","11.3048","11.3636","11.2865","","-0.64%"
"11/25/2022","11.3982","11.3958","11.4108","11.3703","","-0.09%"
"11/24/2022","11.4080","11.4004","11.4558","11.3986","","0.14%"
"11/23/2022","11.3924","11.4454","11.4511","11.3997","","-0.44%"
"11/22/2022","11.4429","11.4061","11.4530","11.4033","","0.38%"
"11/21/2022","11.4000","11.4667","11.4667","11.3817","","-0.55%"
"11/18/2022","11.4631","11.3876","11.4845","11.3876","","0.66%"
"11/17/2022","11.3876","11.4796","11.4796","11.3876","","-0.87%"
"11/16/2022","11.4875","11.5117","11.5219","11.4580","","-0.16%"
"11/15/2022","11.5062","11.4406","11.5544","11.4406","","0.57%"
"11/14/2022","11.4406","11.3620","11.5412","11.3599","","1.08%"
"11/11/2022","11.3188","11.2150","11.3864","11.2123","","0.93%"
"11/10/2022","11.2142","11.2401","11.3009","11.1809","","-0.13%"
"11/09/2022","11.2284","11.2467","11.2619","11.2037","","0.04%"
"11/08/2022","11.2234","11.3105","11.3272","11.2019","","-0.77%"
"11/07/2022","11.3105","11.3557","11.4046","11.3099","","-0.81%"
"11/04/2022","11.4033","11.3210","11.4356","11.3042","","0.66%"
"11/03/2022","11.3284","11.3421","11.3476","11.3104","","-0.14%"
"11/02/2022","11.3444","11.3469","11.3890","11.3374","","-0.05%"
"11/01/2022","11.3499","11.3340","11.3856","11.2950","","0.16%"
"10/31/2022","11.3317","11.3256","11.3531","11.2842","","-0.06%"
"10/28/2022","11.3385","11.3760","11.4082","11.3385","","-0.42%"
"10/27/2022","11.3862","11.4149","11.4536","11.3502","","-0.25%"
"10/26/2022","11.4149","11.3398","11.5007","11.2986","","0.57%"
"10/25/2022","11.3501","11.3416","11.3682","11.2880","","-0.37%"
"10/24/2022","11.3924","11.3910","11.4089","11.3700","","0.05%"
"10/21/2022","11.3871","11.4702","11.4702","11.3865","","-0.72%"
"10/20/2022","11.4700","11.4825","11.5156","11.4188","","-0.11%"
"10/19/2022","11.4825","11.4261","11.4947","11.3948","","0.52%"
"10/18/2022","11.4228","11.4102","11.4437","11.3986","","0.07%"
"10/17/2022","11.4153","11.4564","11.4771","11.4028","","-0.29%"
"10/14/2022","11.4480","11.4588","11.4961","11.4116","","-0.09%"
"10/13/2022","11.4588","11.4494","11.4880","11.4266","","0.11%"
"10/12/2022","11.4466","11.4467","11.4931","11.4456","","-0.26%"
"10/11/2022","11.4770","11.5147","11.5212","11.4445","","-0.29%"
"10/10/2022","11.5109","11.6471","11.6502","11.5048","","-1.06%"
"10/07/2022","11.6345","11.5564","11.6345","11.5318","","0.93%"
"10/06/2022","11.5277","11.4511","11.5611","11.4434","","0.53%"
"10/05/2022","11.4674","11.4426","11.4787","11.4214","","0.22%"
"10/04/2022","11.4422","11.4476","11.4743","11.4160","","-0.05%"
"10/03/2022","11.4482","11.4496","11.5084","11.4462","","-0.02%"
"09/30/2022","11.4503","11.4261","11.5116","11.4161","","0.23%"
"09/29/2022","11.4245","11.3696","11.4709","11.3086","","1.07%"
"09/28/2022","11.3032","11.3479","11.3558","11.2879","","-0.67%"
"09/27/2022","11.3798","11.4359","11.4359","11.3454","","-0.49%"
"09/26/2022","11.4357","11.3819","11.4381","11.3449","","0.35%"
"09/23/2022","11.3954","11.4344","11.4480","11.3614","","-0.47%"
"09/22/2022","11.4489","11.2766","11.4667","11.2710","","1.01%"
"09/21/2022","11.3342","11.3622","11.3734","11.3216","","-0.25%"
"09/20/2022","11.3622","11.3672","11.3775","11.3480","","-0.08%"
"09/19/2022","11.3712","11.3896","11.3897","11.3462","","-0.40%"
"09/16/2022","11.4163","11.3961","11.4195","11.3486","","0.03%"
"09/15/2022","11.4129","11.4043","11.4257","11.3894","","0.05%"
"09/14/2022","11.4076","11.4255","11.4362","11.4010","","-0.71%"
"09/13/2022","11.4888","11.4659","11.4984","11.4124","","0.32%"
"09/12/2022","11.4519","11.4997","11.5098","11.4471","","-0.36%"
"09/09/2022","11.4930","11.4715","11.5070","11.4637","","0.39%"
"09/08/2022","11.4482","11.4353","11.4731","11.4293","","0.17%"
"09/07/2022","11.4291","11.4696","11.4744","11.4259","","-0.47%"
"09/06/2022","11.4825","11.5089","11.5161","11.4576","","-0.19%"
"09/05/2022","11.5039","11.5156","11.5338","11.4966","","-0.41%"
"09/02/2022","11.5507","11.5405","11.5686","11.5330","","0.14%"
"09/01/2022","11.5344","11.5428","11.5504","11.4843","","0.00%"
"08/31/2022","11.5341","11.5318","11.5506","11.5190","","0.10%"
"08/30/2022","11.5226","11.5760","11.5765","11.4911","","-0.43%"
"08/29/2022","11.5718","11.6402","11.6402","11.5479","","-0.55%"
"08/26/2022","11.6358","11.6630","11.6661","11.6166","","-0.18%"
"08/25/2022","11.6573","11.6350","11.6755","11.6274","","0.25%"
"08/24/2022","11.6280","11.6860","11.6860","11.6119","","-0.44%"
"08/23/2022","11.6793","11.6643","11.6855","11.6335","","0.19%"
"08/22/2022","11.6576","11.7127","11.7156","11.6587","","-0.56%"
"08/19/2022","11.7236","11.7535","11.7535","11.7027","","-0.23%"
"08/18/2022","11.7509","11.7034","11.7542","11.7022","","0.43%"
"08/17/2022","11.7011","11.6754","11.7293","11.6606","","0.24%"
"08/16/2022","11.6730","11.7443","11.7488","11.6728","","-0.54%"
"08/15/2022","11.7361","11.8097","11.8097","11.7337","","-0.63%"
"08/12/2022","11.8109","11.8033","11.8414","11.8000","","0.11%"
"08/11/2022","11.7984","11.7592","11.8239","11.7385","","0.31%"
"08/10/2022","11.7615","11.7839","11.7841","11.7381","","-0.18%"
"08/09/2022","11.7822","11.7903","11.7937","11.7702","","-0.06%"
"08/08/2022","11.7890","11.7396","11.7990","11.7317","","0.47%"
"08/05/2022","11.7343","11.7287","11.7637","11.6968","","0.06%"
"08/04/2022","11.7272","11.7052","11.8211","11.6981","","0.18%"
"08/03/2022","11.7057","11.6440","11.7309","11.6292","","0.62%"
"08/02/2022","11.6337","11.6654","11.6726","11.5916","","-0.25%"
"08/01/2022","11.6627","11.7603","11.7641","11.6559","","-0.84%"
"07/29/2022","11.7620","11.8082","11.8113","11.7507","","-0.32%"
"07/28/2022","11.7999","11.8451","11.8553","11.7956","","-0.10%"
"07/27/2022","11.8114","11.8025","11.8427","11.7894","","0.08%"
"07/26/2022","11.8025","11.8110","11.8197","11.7916","","0.00%"
"07/25/2022","11.8026","11.8205","11.8298","11.8059","","-0.16%"
"07/22/2022","11.8216","11.8110","11.8398","11.7976","","0.20%"
"07/21/2022","11.7982","11.8455","11.8472","11.7866","","-0.31%"
"07/20/2022","11.8354","11.8476","11.8576","11.8326","","-0.01%"
"07/19/2022","11.8366","11.8620","11.8675","11.8366","","-0.20%"
"07/18/2022","11.8600","11.8233","11.8802","11.8112","","0.49%"
"07/15/2022","11.8016","11.8363","11.8574","11.7972","","-0.17%"
"07/14/2022","11.8215","11.8450","11.8729","11.8271","","-0.26%"
"07/13/2022","11.8529","11.8204","11.8679","11.8153","","0.35%"
"07/12/2022","11.8120","11.8237","11.8471","11.8016","","-0.06%"
"07/11/2022","11.8187","11.8377","11.8547","11.8121","","-0.15%"
"07/08/2022","11.8369","11.8144","11.8634","11.8017","","0.25%"
"07/07/2022","11.8073","11.7771","11.8288","11.7694","","0.25%"
"07/06/2022","11.7782","11.8068","11.8415","11.7687","","-0.15%"
"07/05/2022","11.7954","11.7881","11.8409","11.7877","","0.16%"
"07/04/2022","11.7764","11.7851","11.8186","11.7722","","0.01%"
"07/01/2022","11.7751","11.7878","11.8118","11.7634","","-0.06%"
"06/30/2022","11.7827","11.7784","11.8176","11.7669","","0.03%"
"06/29/2022","11.7786","11.7797","11.8106","11.7514","","0.07%"
"06/28/2022","11.7706","11.7135","11.8015","11.7036","","0.47%"
"06/27/2022","11.7155","11.7015","11.7426","11.6873","","0.21%"
"06/24/2022","11.6904","11.6686","11.7097","11.6632","","0.22%"
"06/23/2022","11.6644","11.6706","11.6882","11.6428","","0.08%"
"06/22/2022","11.6547","11.6803","11.6854","11.6208","","-0.17%"
"06/21/2022","11.6748","11.6472","11.6835","11.6452","","0.34%"
"06/20/2022","11.6354","11.6186","11.6824","11.6156","","0.29%"
"06/17/2022","11.6021","11.6420","11.6619","11.6046","","-0.22%"
"06/16/2022","11.6274","11.6781","11.6819","11.6147","","-0.08%"
"06/15/2022","11.6372","11.5970","11.6598","11.5927","","0.60%"
"06/14/2022","11.5675","11.5529","11.6231","11.5509","","0.08%"
"06/13/2022","11.5578","11.5953","11.6320","11.5520","","-0.73%"
"06/10/2022","11.6424","11.6299","11.6577","11.6079","","0.16%"
"06/09/2022","11.6241","11.6081","11.6692","11.5961","","0.03%"
"06/08/2022","11.6205","11.6482","11.6594","11.6067","","-0.13%"
"06/07/2022","11.6360","11.6916","11.6916","11.6375","","-0.47%"
"06/06/2022","11.6909","11.6646","11.7010","11.6580","","0.36%"
"06/03/2022","11.6487","11.6249","11.6605","11.6188","","0.27%"
"06/02/2022","11.6171","11.5991","11.6389","11.5696","","0.17%"
"06/01/2022","11.5971","11.6382","11.6390","11.5742","","-0.24%"
"05/31/2022","11.6252","11.6435","11.6805","11.6227","","-0.12%"
"05/30/2022","11.6395","11.5815","11.6671","11.5812","","0.49%"
"05/27/2022","11.5830","11.5210","11.5934","11.4984","","0.58%"
"05/26/2022","11.5157","11.5799","11.5816","11.5012","","-0.54%"
"05/25/2022","11.5788","11.6444","11.6524","11.5718","","-0.53%"
"05/24/2022","11.6402","11.6593","11.6663","11.6159","","-0.10%"
"05/23/2022","11.6523","11.6621","11.6742","11.6074","","0.19%"
"05/20/2022","11.6302","11.5163","11.6456","11.5042","","0.92%"
"05/19/2022","11.5239","11.5205","11.5448","11.4744","","0.06%"
"05/18/2022","11.5174","11.4924","11.5218","11.4656","","0.25%"
"05/17/2022","11.4887","11.4652","11.5247","11.4529","","0.26%"
"05/16/2022","11.4592","11.4154","11.4820","11.3986","","0.44%"
"05/13/2022","11.4094","11.4101","11.4204","11.3643","","0.04%"
"05/12/2022","11.4054","11.5002","11.5079","11.3912","","-0.94%"
"05/11/2022","11.5132","11.4683","11.5197","11.4649","","0.44%"
"05/10/2022","11.4629","11.4965","11.5471","11.4653","","-0.23%"
"05/09/2022","11.4899","11.4793","11.5488","11.4712","","-0.44%"
"05/06/2022","11.5411","11.4965","11.5525","11.4323","","0.46%"
"05/05/2022","11.4887","11.5741","11.5741","11.4886","","-0.43%"
"05/04/2022","11.5384","11.5689","11.5894","11.5291","","-0.27%"
"05/03/2022","11.5691","11.5745","11.6052","11.5682","","-0.01%"
"05/02/2022","11.5706","11.5767","11.5810","11.5508","","-0.07%"
"04/29/2022","11.5782","11.5905","11.6243","11.5109","","0.10%"
"04/28/2022","11.5668","11.6805","11.6838","11.5576","","-0.92%"
"04/27/2022","11.6747","11.7086","11.7255","11.6637","","-0.13%"
"04/26/2022","11.6895","11.6979","11.7369","11.6799","","-0.05%"
"04/25/2022","11.6948","11.7387","11.7418","11.6596","","-0.56%"
"04/22/2022","11.7602","11.8208","11.8252","11.7464","","-0.49%"
"04/21/2022","11.8179","11.8882","11.9016","11.7975","","-0.49%"
"04/20/2022","11.8763","11.9269","11.9563","11.8736","","-0.65%"
"04/19/2022","11.9534","11.9825","11.9984","11.9451","","-0.14%"
"04/18/2022","11.9701","11.9711","11.9946","11.9659","","-0.04%"
"04/15/2022","11.9753","11.9635","11.9869","11.9635","","0.17%"
"04/14/2022","11.9551","11.9574","11.9670","11.9383","","0.06%"
"04/13/2022","11.9485","11.9619","11.9813","11.9426","","0.03%"
"04/12/2022","11.9452","11.8996","11.9652","11.8959","","0.43%"
"04/11/2022","11.8936","11.9331","11.9453","11.8920","","-0.25%"
"04/08/2022","11.9231","11.9312","11.9525","11.9031","","-0.01%"
"04/07/2022","11.9243","11.9411","11.9584","11.9101","","-0.10%"
"04/06/2022","11.9368","11.8540","11.9665","11.8292","","0.69%"
"04/05/2022","11.8552","11.8559","11.8747","11.8285","","0.02%"
"04/04/2022","11.8530","11.9313","11.9352","11.8432","","-0.72%"
"04/01/2022","11.9385","11.9703","11.9717","11.9282","","-0.27%"
"03/31/2022","11.9705","11.9458","11.9823","11.9136","","0.25%"
"03/30/2022","11.9404","11.8910","11.9670","11.8847","","0.53%"
"03/29/2022","11.8778","11.9463","11.9566","11.8675","","-0.51%"
"03/28/2022","11.9381","11.9578","11.9862","11.9294","","-0.36%"
"03/25/2022","11.9813","11.9874","12.0003","11.9635","","0.00%"
"03/24/2022","11.9808","12.0038","12.0124","11.9611","","-0.22%"
"03/23/2022","12.0073","11.9652","12.0104","11.9278","","0.42%"
"03/22/2022","11.9573","12.0028","12.0231","11.9363","","-0.35%"
"03/21/2022","11.9997","11.9646","12.0077","11.9366","","0.38%"
"03/18/2022","11.9547","11.9591","11.9902","11.9398","","-0.03%"
"03/17/2022","11.9582","12.0094","12.0173","11.9255","","-0.28%"
"03/16/2022","11.9918","11.9717","12.0321","11.9717","","-0.01%"
"03/15/2022","11.9925","12.0128","12.0337","11.9642","","-0.04%"
"03/14/2022","11.9971","12.0534","12.0802","12.0087","","-0.54%"
"03/11/2022","12.0622","12.0658","12.1357","12.0401","","-0.03%"
"03/10/2022","12.0662","12.0701","12.1015","12.0306","","-0.16%"
"03/09/2022","12.0851","12.1726","12.1944","12.0755","","-0.67%"
"03/08/2022","12.1669","12.1869","12.2156","12.1465","","-0.05%"
"03/07/2022","12.1730","12.0815","12.2156","12.0810","","0.70%"
"03/04/2022","12.0881","12.0204","12.1044","12.0116","","0.61%"
"03/03/2022","12.0148","11.9683","12.0316","11.9636","","0.45%"
"03/02/2022","11.9615","12.0031","12.0319","11.9661","","-0.32%"
"03/01/2022","11.9998","11.9331","12.0110","11.9204","","0.30%"
"02/28/2022","11.9638","11.8801","12.0095","11.8788","","0.70%"
"02/25/2022","11.8802","11.9176","11.9497","11.8837","","-0.53%"
"02/24/2022","11.9431","11.8277","11.9838","11.8144","","1.09%"
"02/23/2022","11.8149","11.7955","11.8215","11.7864","","0.18%"
"02/22/2022","11.7937","11.7584","11.8350","11.7476","","0.31%"
"02/21/2022","11.7574","11.8034","11.8140","11.7362","","-0.39%"
"02/18/2022","11.8035","11.8444","11.8574","11.7711","","-0.37%"
"02/17/2022","11.8479","11.8338","11.8752","11.8298","","0.14%"
"02/16/2022","11.8309","11.8588","11.8797","11.8262","","-0.19%"
"02/15/2022","11.8534","11.8959","11.9214","11.8450","","-0.38%"
"02/14/2022","11.8987","11.8574","11.9089","11.8488","","0.40%"
"02/11/2022","11.8517","11.8129","11.9005","11.8034","","0.33%"
"02/10/2022","11.8123","11.7574","11.8411","11.7564","","0.52%"
"02/09/2022","11.7511","11.7361","11.7692","11.7313","","0.17%"
"02/08/2022","11.7306","11.7449","11.7520","11.7222","","0.07%"
"02/07/2022","11.7224","11.7423","11.7584","11.7261","","-0.09%"
"02/04/2022","11.7331","11.7346","11.7695","11.7297","","0.00%"
"02/03/2022","11.7329","11.7690","11.7824","11.7313","","-0.21%"
"02/02/2022","11.7576","11.7514","11.7942","11.7389","","0.10%"
"02/01/2022","11.7463","11.7218","11.7720","11.6979","","0.26%"
"01/31/2022","11.7156","11.7957","11.8021","11.7207","","-0.67%"
"01/28/2022","11.7951","11.8117","11.8378","11.7745","","-0.03%"
"01/27/2022","11.7992","11.8848","11.8848","11.7924","","-0.39%"
"01/26/2022","11.8449","11.8230","11.8628","11.8120","","0.22%"
"01/25/2022","11.8186","11.7908","11.8337","11.7794","","0.28%"
"01/24/2022","11.7855","11.7458","11.8074","11.7326","","0.45%"
"01/21/2022","11.7332","11.7366","11.7600","11.7173","","-0.05%"
"01/20/2022","11.7395","11.7366","11.7548","11.7114","","0.08%"
"01/19/2022","11.7296","11.7377","11.7679","11.7170","","-0.05%"
"01/18/2022","11.7354","11.6994","11.7503","11.6973","","0.37%"
"01/17/2022","11.6923","11.6624","11.7219","11.6616","","0.18%"
"01/14/2022","11.6716","11.6283","11.7048","11.6199","","0.38%"
"01/13/2022","11.6279","11.6040","11.6353","11.6031","","0.22%"
"01/12/2022","11.6021","11.5785","11.6374","11.5785","","0.23%"
"01/11/2022","11.5755","11.6096","11.6243","11.5711","","-0.28%"
"01/10/2022","11.6077","11.6524","11.6573","11.6073","","-0.31%"
"01/07/2022","11.6436","11.6649","11.6780","11.6400","","-0.07%"
"01/06/2022","11.6514","11.6604","11.6924","11.6531","","-0.16%"
"01/05/2022","11.6706","11.6978","11.7107","11.6629","","-0.17%"
"01/04/2022","11.6901","11.7029","11.7183","11.6718","","-0.03%"
"01/03/2022","11.6937","11.7152","11.7186","11.6807","","-0.13%"
"12/31/2021","11.7085","11.6707","11.7267","11.6337","","0.36%"
"12/30/2021","11.6667","11.7058","11.7251","11.6549","","-0.35%"
"12/29/2021","11.7071","11.7395","11.7512","11.7064","","-0.18%"
"12/28/2021","11.7287","11.7682","11.7705","11.7071","","-0.30%"
"12/27/2021","11.7640","11.7735","11.8015","11.7584","","-0.08%"
"12/24/2021","11.7735","11.7757","11.8067","11.7697","","-0.02%"
"12/23/2021","11.7754","11.8490","11.8525","11.7789","","-0.57%"
"12/22/2021","11.8425","11.8879","11.8879","11.8384","","-0.30%"
"12/21/2021","11.8776","11.8801","11.8937","11.8315","","0.01%"
"12/20/2021","11.8762","11.9090","11.9448","11.8779","","-0.33%"
"12/17/2021","11.9159","11.9615","11.9761","11.9026","","-0.34%"
"12/16/2021","11.9569","11.9934","11.9971","11.9422","","-0.26%"
"12/15/2021","11.9884","11.9479","12.0036","11.9431","","0.40%"
"12/14/2021","11.9410","11.9032","11.9444","11.8932","","0.42%"
"12/13/2021","11.8914","11.8933","11.9173","11.8767","","0.10%"
"12/10/2021","11.8798","11.8438","11.9155","11.8420","","0.25%"
"12/09/2021","11.8506","11.8772","11.9143","11.8472","","-0.22%"
"12/08/2021","11.8768","11.8450","11.9019","11.8437","","0.32%"
"12/07/2021","11.8390","11.8300","11.8594","11.8097","","0.14%"
"12/06/2021","11.8222","11.8094","11.8460","11.8020","","0.22%"
"12/03/2021","11.7962","11.7591","11.8168","11.7586","","0.35%"
"12/02/2021","11.7549","11.7800","11.7901","11.7436","","-0.18%"
"12/01/2021","11.7765","11.7971","11.7979","11.7451","","-0.18%"
"11/30/2021","11.7981","11.7484","11.8156","11.7460","","0.46%"
"11/29/2021","11.7445","11.7500","11.7836","11.7182","","0.07%"
"11/26/2021","11.7367","11.6662","11.7449","11.6511","","0.64%"
"11/25/2021","11.6617","11.6741","11.6825","11.6543","","-0.07%"
"11/24/2021","11.6698","11.6512","11.6736","11.6327","","0.23%"
"11/23/2021","11.6430","11.6579","11.6817","11.6419","","-0.09%"
"11/22/2021","11.6538","11.6341","11.6831","11.6334","","0.15%"
"11/19/2021","11.6363","11.6175","11.6461","11.6156","","0.22%"
"11/18/2021","11.6109","11.6425","11.6580","11.6046","","-0.24%"
"11/17/2021","11.6390","11.6469","11.6706","11.6282","","-0.05%"
"11/16/2021","11.6444","11.6615","11.6985","11.6323","","-0.05%"
"11/15/2021","11.6502","11.6516","11.6756","11.6424","","-0.01%"
"11/12/2021","11.6513","11.6330","11.6737","11.6128","","0.23%"
"11/11/2021","11.6245","11.6468","11.6509","11.6098","","-0.17%"
"11/10/2021","11.6438","11.6029","11.6505","11.5810","","0.38%"
"11/09/2021","11.5999","11.5640","11.6055","11.5435","","0.38%"
"11/08/2021","11.5562","11.5983","11.6121","11.5563","","-0.29%"
"11/05/2021","11.5901","11.6527","11.6531","11.5853","","-0.52%"
"11/04/2021","11.6510","11.6208","11.6598","11.6088","","0.27%"
"11/03/2021","11.6195","11.6719","11.6789","11.6155","","-0.43%"
"11/02/2021","11.6694","11.6975","11.7088","11.6516","","-0.23%"
"11/01/2021","11.6958","11.6976","11.7228","11.6904","","0.02%"
"10/29/2021","11.6937","11.7006","11.7345","11.6906","","-0.05%"
"10/28/2021","11.6995","11.7429","11.7507","11.6803","","-0.34%"
"10/27/2021","11.7399","11.7409","11.7590","11.7215","","0.01%"
"10/26/2021","11.7383","11.7483","11.7809","11.7289","","-0.07%"
"10/25/2021","11.7471","11.7416","11.7705","11.7289","","0.03%"
"10/22/2021","11.7435","11.7129","11.7478","11.6781","","0.29%"
"10/21/2021","11.7093","11.7000","11.7253","11.6795","","0.13%"
"10/20/2021","11.6946","11.7640","11.7689","11.6930","","-0.60%"
"10/19/2021","11.7655","11.7017","11.7718","11.6868","","0.63%"
"10/18/2021","11.6924","11.6639","11.7254","11.6514","","0.34%"
"10/15/2021","11.6529","11.6445","11.6720","11.6387","","0.12%"
"10/14/2021","11.6387","11.7050","11.7087","11.6413","","-0.60%"
"10/13/2021","11.7087","11.7078","11.7300","11.6644","","0.06%"
"10/12/2021","11.7016","11.6741","11.7231","11.6477","","0.14%"
"10/11/2021","11.6851","11.6618","11.7134","11.6566","","0.25%"
"10/08/2021","11.6561","11.6108","11.6603","11.6037","","0.47%"
"10/07/2021","11.6012","11.5979","11.6239","11.5871","","0.06%"
"10/06/2021","11.5938","11.5613","11.6427","11.5594","","0.29%"
"10/05/2021","11.5600","11.5676","11.5831","11.5422","","-0.04%"
"10/04/2021","11.5643","11.5013","11.5715","11.4974","","0.59%"
"10/01/2021","11.4965","11.5075","11.5370","11.4915","","-0.05%"
"09/30/2021","11.5017","11.4857","11.5115","11.4709","","0.22%"
"09/29/2021","11.4765","11.4843","11.4975","11.4548","","-0.07%"
"09/28/2021","11.4845","11.4285","11.4937","11.4201","","0.47%"
"09/27/2021","11.4308","11.4347","11.4405","11.3933","","0.16%"
"09/24/2021","11.4131","11.4326","11.4376","11.3938","","-0.11%"
"09/23/2021","11.4257","11.4317","11.4336","11.3923","","0.11%"
"09/22/2021","11.4130","11.4065","11.4333","11.3809","","0.09%"
"09/21/2021","11.4025","11.3899","11.4076","11.3753","","0.13%"
"09/20/2021","11.3880","11.4204","11.4221","11.3844","","0.01%"
"09/17/2021","11.3870","11.3881","11.4025","11.3751","","-0.03%"
"09/16/2021","11.3903","11.4185","11.4330","11.3857","","-0.23%"
"09/15/2021","11.4161","11.4371","11.4517","11.4114","","-0.16%"
"09/14/2021","11.4339","11.3979","11.4415","11.3963","","0.30%"
"09/13/2021","11.4002","11.4092","11.4325","11.3900","","-0.06%"
"09/10/2021","11.4074","11.3946","11.4165","11.3903","","0.22%"
"09/09/2021","11.3819","11.4199","11.4337","11.3795","","-0.29%"
"09/08/2021","11.4151","11.3499","11.4329","11.3492","","0.52%"
"09/07/2021","11.3561","11.3189","11.3746","11.3145","","0.43%"
"09/06/2021","11.3078","11.3104","11.3298","11.3049","","-0.02%"
"09/03/2021","11.3098","11.3103","11.3497","11.3028","","0.05%"
"09/02/2021","11.3041","11.2984","11.3192","11.2866","","0.07%"
"09/01/2021","11.2965","11.2978","11.3199","11.2816","","0.05%"
"08/31/2021","11.2904","11.3539","11.3539","11.2830","","-0.37%"
"08/30/2021","11.3325","11.3632","11.3764","11.3162","","-0.16%"
"08/27/2021","11.3511","11.4411","11.4465","11.3479","","-0.77%"
"08/26/2021","11.4394","11.4423","11.4600","11.4282","","-0.03%"
"08/25/2021","11.4431","11.4573","11.4743","11.4441","","-0.10%"
"08/24/2021","11.4548","11.4335","11.4680","11.4270","","0.18%"
"08/23/2021","11.4339","11.4537","11.4592","11.4240","","-0.01%"
"08/20/2021","11.4348","11.4529","11.4587","11.4334","","-0.13%"
"08/19/2021","11.4495","11.4555","11.4695","11.4382","","-0.04%"
"08/18/2021","11.4536","11.4668","11.4739","11.4496","","-0.10%"
"08/17/2021","11.4648","11.4514","11.4851","11.4413","","0.10%"
"08/16/2021","11.4529","11.4617","11.4722","11.4391","","-0.06%"
"08/13/2021","11.4602","11.4722","11.4764","11.4511","","-0.07%"
"08/12/2021","11.4678","11.4367","11.4777","11.4367","","0.08%"
"08/11/2021","11.4588","11.4747","11.4914","11.4547","","-0.13%"
"08/10/2021","11.4741","11.4785","11.4924","11.4697","","-0.07%"
"08/09/2021","11.4816","11.4540","11.4839","11.4511","","0.29%"
"08/06/2021","11.4488","11.4653","11.4824","11.4408","","-0.16%"
"08/05/2021","11.4667","11.4711","11.4917","11.4630","","0.01%"
"08/04/2021","11.4657","11.4704","11.4936","11.4665","","-0.08%"
"08/03/2021","11.4745","11.5031","11.5072","11.4739","","-0.27%"
"08/02/2021","11.5060","11.5057","11.5177","11.4955","","0.02%"
"07/30/2021","11.5037","11.5006","11.5319","11.4902","","0.04%"
"07/29/2021","11.4991","11.4777","11.5073","11.4587","","0.21%"
"07/28/2021","11.4755","11.4489","11.4846","11.4274","","0.31%"
"07/27/2021","11.4403","11.4573","11.4912","11.4368","","-0.22%"
"07/26/2021","11.4654","11.4886","11.4967","11.4670","","-0.14%"
"07/23/2021","11.4820","11.5084","11.5240","11.4818","","-0.20%"
"07/22/2021","11.5045","11.5086","11.5268","11.4911","","-0.08%"
"07/21/2021","11.5132","11.4922","11.5319","11.4915","","0.19%"
"07/20/2021","11.4918","11.5398","11.5671","11.4935","","-0.33%"
"07/19/2021","11.5303","11.5296","11.5685","11.5225","","0.15%"
"07/16/2021","11.5136","11.5386","11.5465","11.5139","","-0.14%"
"07/15/2021","11.5300","11.5095","11.5471","11.5075","","0.17%"
"07/14/2021","11.5103","11.5435","11.5479","11.5051","","-0.17%"
"07/13/2021","11.5304","11.5105","11.5393","11.5035","","0.19%"
"07/12/2021","11.5086","11.5015","11.5331","11.4907","","0.11%"
"07/09/2021","11.4962","11.5205","11.5305","11.4890","","-0.15%"
"07/08/2021","11.5132","11.5483","11.5526","11.5134","","-0.34%"
"07/07/2021","11.5522","11.5401","11.5631","11.5248","","0.42%"
"07/06/2021","11.5039","11.4984","11.5442","11.4850","","0.12%"
"07/05/2021","11.4899","11.5182","11.5406","11.4859","","-0.17%"
"07/02/2021","11.5094","11.5258","11.5538","11.5049","","-0.12%"
"07/01/2021","11.5236","11.5180","11.5478","11.4928","","0.08%"
"06/30/2021","11.5148","11.4954","11.5336","11.4897","","0.19%"
"06/29/2021","11.4929","11.4995","11.5094","11.4844","","-0.09%"
"06/28/2021","11.5028","11.4887","11.5097","11.4755","","0.10%"
"06/25/2021","11.4912","11.4629","11.5074","11.4598","","0.29%"
"06/24/2021","11.4585","11.4464","11.4782","11.4377","","0.07%"
"06/23/2021","11.4502","11.4707","11.4852","11.4377","","-0.16%"
"06/22/2021","11.4682","11.4685","11.4923","11.4463","","0.06%"
"06/21/2021","11.4612","11.4902","11.4962","11.4470","","-0.18%"
"06/18/2021","11.4818","11.5061","11.5232","11.4655","","-0.16%"
"06/17/2021","11.4998","11.4542","11.5412","11.4032","","0.41%"
"06/16/2021","11.4529","11.4509","11.4759","11.4398","","0.04%"
"06/15/2021","11.4484","11.4251","11.4627","11.4205","","0.13%"
"06/14/2021","11.4331","11.4526","11.4565","11.4241","","-0.08%"
"06/11/2021","11.4425","11.4226","11.4520","11.4127","","0.12%"
"06/10/2021","11.4286","11.4263","11.4453","11.4192","","0.04%"
"06/09/2021","11.4237","11.4017","11.4318","11.3934","","0.24%"
"06/08/2021","11.3967","11.3790","11.4080","11.3785","","0.18%"
"06/07/2021","11.3757","11.3930","11.3967","11.3605","","-0.14%"
"06/04/2021","11.3915","11.4045","11.4188","11.3811","","-0.12%"
"06/03/2021","11.4054","11.4338","11.4615","11.3909","","-0.22%"
"06/02/2021","11.4311","11.4170","11.4896","11.4110","","0.16%"
"06/01/2021","11.4133","11.3886","11.4389","11.3761","","0.28%"
"05/31/2021","11.3812","11.3692","11.4124","11.3601","","0.13%"
"05/28/2021","11.3668","11.3876","11.4018","11.3525","","-0.18%"
"05/27/2021","11.3877","11.3749","11.4004","11.3633","","0.11%"
"05/26/2021","11.3753","11.3562","11.3932","11.3544","","0.20%"
"05/25/2021","11.3522","11.3608","11.3736","11.3482","","0.08%"
"05/24/2021","11.3426","11.3237","11.3580","11.3164","","0.23%"
"05/21/2021","11.3167","11.3478","11.3612","11.3106","","-0.24%"
"05/20/2021","11.3442","11.3722","11.3786","11.3448","","-0.27%"
"05/19/2021","11.3754","11.3823","11.3833","11.3444","","0.07%"
"05/18/2021","11.3672","11.3985","11.4033","11.3524","","-0.18%"
"05/17/2021","11.3875","11.3787","11.3905","11.3590","","0.02%"
"05/14/2021","11.3849","11.3864","11.4037","11.3691","","0.00%"
"05/13/2021","11.3849","11.4029","11.4198","11.3858","","-0.02%"
"05/12/2021","11.3868","11.4136","11.4222","11.3849","","-0.21%"
"05/11/2021","11.4109","11.4548","11.4594","11.4076","","-0.30%"
"05/10/2021","11.4453","11.3861","11.4491","11.3833","","0.53%"
"05/07/2021","11.3851","11.3895","11.4216","11.3744","","0.05%"
"05/06/2021","11.3794","11.3891","11.4211","11.3827","","-0.18%"
"05/05/2021","11.3994","11.3984","11.4385","11.3928","","0.05%"
"05/04/2021","11.3933","11.4108","11.4277","11.3949","","-0.07%"
"05/03/2021","11.4010","11.4743","11.4825","11.4034","","-0.32%"
"04/30/2021","11.4381","11.4506","11.4752","11.4220","","-0.06%"
"04/29/2021","11.4453","11.5057","11.5205","11.4342","","-0.43%"
"04/28/2021","11.4942","11.4993","11.5070","11.4558","","-0.08%"
"04/27/2021","11.5036","11.5318","11.5388","11.4920","","-0.15%"
"04/26/2021","11.5207","11.5532","11.5548","11.5042","","-0.10%"
"04/23/2021","11.5327","11.5701","11.5737","11.5101","","-0.32%"
"04/22/2021","11.5700","11.6204","11.6351","11.5398","","-0.42%"
"04/21/2021","11.6184","11.5965","11.6374","11.5859","","0.20%"
"04/20/2021","11.5953","11.5044","11.6118","11.4699","","0.88%"
"04/19/2021","11.4942","11.4162","11.5159","11.4122","","0.58%"
"04/16/2021","11.4282","11.4532","11.4633","11.3875","","-0.22%"
"04/15/2021","11.4538","11.4944","11.5239","11.4567","","-0.34%"
"04/14/2021","11.4931","11.4878","11.5125","11.4837","","-0.05%"
"04/13/2021","11.4987","11.4556","11.5267","11.4481","","0.48%"
"04/12/2021","11.4433","11.3952","11.4880","11.3910","","0.37%"
"04/09/2021","11.4013","11.3899","11.4347","11.3717","","0.17%"
"04/08/2021","11.3821","11.3809","11.4365","11.3300","","0.17%"
"04/07/2021","11.3627","11.2302","11.3984","11.2252","","1.15%"
"04/06/2021","11.2330","11.1557","11.2394","11.1557","","0.69%"
"04/05/2021","11.1565","11.1678","11.1865","11.1580","","-0.10%"
"04/02/2021","11.1681","11.1723","11.1805","11.1610","","0.01%"
"04/01/2021","11.1671","11.1664","11.1792","11.1397","","0.06%"
"03/31/2021","11.1600","11.1713","11.2178","11.1468","","-0.13%"
"03/30/2021","11.1740","11.0723","11.2130","11.0604","","0.94%"
"03/29/2021","11.0701","11.1005","11.1022","11.0532","","-0.26%"
"03/26/2021","11.0994","11.0956","11.1113","11.0613","","0.02%"
"03/25/2021","11.0975","11.1278","11.1357","11.0944","","-0.23%"
"03/24/2021","11.1229","11.1297","11.1501","11.1138","","-0.09%"
"03/23/2021","11.1328","11.1246","11.1358","11.0993","","0.12%"
"03/22/2021","11.1193","11.1233","11.1466","11.1096","","0.00%"
"03/19/2021","11.1198","11.1697","11.1697","11.1250","","-0.46%"
"03/18/2021","11.1707","11.1255","11.1785","11.1196","","0.15%"
"03/17/2021","11.1537","11.1494","11.1712","11.1461","","0.09%"
"03/16/2021","11.1441","11.1576","11.1775","11.1374","","-0.12%"
"03/15/2021","11.1576","11.1924","11.1924","11.1363","","-0.08%"
"03/12/2021","11.1664","11.2175","11.2246","11.1660","","-0.23%"
"03/11/2021","11.1925","11.1820","11.2111","11.1740","","0.15%"
"03/10/2021","11.1760","11.1890","11.2303","11.1712","","-0.04%"
"03/09/2021","11.1805","11.2351","11.2451","11.1848","","-0.51%"
"03/08/2021","11.2378","11.2656","11.2747","11.2024","","-0.22%"
"03/05/2021","11.2628","11.2927","11.3075","11.2309","","0.20%"
"03/04/2021","11.2407","11.2683","11.3014","11.2235","","-0.31%"
"03/03/2021","11.2752","11.3273","11.3390","11.2430","","-0.37%"
"03/02/2021","11.3171","11.3486","11.3624","11.3207","","-0.28%"
"03/01/2021","11.3490","11.4319","11.4426","11.3167","","-0.55%"
"02/26/2021","11.4122","11.2219","11.4570","11.2208","","1.29%"
"02/25/2021","11.2669","11.2153","11.2746","11.1980","","0.52%"
"02/24/2021","11.2087","11.1933","11.2347","11.1849","","0.18%"
"02/23/2021","11.1887","11.2093","11.2268","11.1915","","-0.11%"
"02/22/2021","11.2015","11.2362","11.2401","11.1829","","-0.26%"
"02/19/2021","11.2310","11.1873","11.2427","11.1867","","0.42%"
"02/18/2021","11.1842","11.2782","11.2912","11.1872","","-0.74%"
"02/17/2021","11.2678","11.2903","11.2988","11.2608","","-0.06%"
"02/16/2021","11.2748","11.2446","11.2906","11.2417","","0.33%"
"02/15/2021","11.2373","11.2436","11.2570","11.2281","","0.05%"
"02/12/2021","11.2315","11.2579","11.2772","11.2353","","-0.16%"
"02/11/2021","11.2500","11.2749","11.2871","11.2516","","-0.18%"
"02/10/2021","11.2699","11.3228","11.3310","11.2696","","-0.44%"
"02/09/2021","11.3196","11.3098","11.3371","11.2881","","0.15%"
"02/08/2021","11.3028","11.2682","11.3144","11.2667","","0.39%"
"02/05/2021","11.2587","11.2776","11.2849","11.2438","","-0.11%"
"02/04/2021","11.2716","11.2726","11.3021","11.2613","","0.04%"
"02/03/2021","11.2667","11.2984","11.3060","11.2706","","-0.19%"
"02/02/2021","11.2877","11.3097","11.3219","11.2860","","-0.12%"
"02/01/2021","11.3016","11.3370","11.3371","11.2700","","-0.28%"
"01/29/2021","11.3330","11.3077","11.3469","11.2819","","0.23%"
"01/28/2021","11.3071","11.2626","11.3173","11.2583","","0.36%"
"01/27/2021","11.2660","11.2789","11.2994","11.2535","","-0.08%"
"01/26/2021","11.2745","11.2593","11.2992","11.2584","","0.15%"
"01/25/2021","11.2572","11.2544","11.2755","11.2473","","0.00%"
"01/22/2021","11.2575","11.2914","11.2960","11.2524","","-0.26%"
"01/21/2021","11.2863","11.2760","11.3056","11.2746","","0.12%"
"01/20/2021","11.2724","11.2969","11.3191","11.2729","","-0.19%"
"01/19/2021","11.2944","11.2727","11.2997","11.2698","","0.24%"
"01/18/2021","11.2676","11.2819","11.2977","11.2714","","-0.12%"
"01/15/2021","11.2810","11.2886","11.3098","11.2809","","-0.03%"
"01/14/2021","11.2841","11.3071","11.3167","11.2782","","-0.23%"
"01/13/2021","11.3104","11.3234","11.3502","11.2949","","-0.12%"
"01/12/2021","11.3235","11.3404","11.3589","11.3271","","-0.08%"
"01/11/2021","11.3322","11.3180","11.3539","11.2949","","0.08%"
"01/08/2021","11.3233","11.3410","11.3610","11.3154","","-0.09%"
"01/07/2021","11.3339","11.3202","11.3562","11.3131","","0.20%"
"01/06/2021","11.3116","11.3331","11.3396","11.3085","","-0.11%"
"01/05/2021","11.3238","11.3122","11.3589","11.3048","","0.16%"
"01/04/2021","11.3057","11.2011","11.3181","11.2011","","0.94%"
"01/01/2021","11.2003","11.2001","11.2044","11.1883","","0.11%"
"12/31/2020","11.1875","11.2205","11.2346","11.1438","","-0.16%"
"12/30/2020","11.2058","11.2399","11.2556","11.2095","","-0.27%"
"12/29/2020","11.2363","11.2504","11.2616","11.2212","","-0.09%"
"12/28/2020","11.2463","11.2443","11.2759","11.2341","","0.04%"
"12/25/2020","11.2423","11.2645","11.2823","11.2397","","-0.17%"
"12/24/2020","11.2617","11.2832","11.3113","11.2529","","-0.14%"
"12/23/2020","11.2776","11.2767","11.2969","11.2649","","-0.07%"
"12/22/2020","11.2858","11.3148","11.3160","11.2720","","-0.10%"
"12/21/2020","11.2970","11.2541","11.3101","11.2283","","0.43%"
"12/18/2020","11.2484","11.2548","11.2574","11.2283","","-0.03%"
"12/17/2020","11.2514","11.2663","11.2752","11.2254","","-0.17%"
"12/16/2020","11.2701","11.2534","11.2822","11.2275","","0.21%"
"12/15/2020","11.2469","11.2505","11.2607","11.2275","","0.11%"
"12/14/2020","11.2350","11.2641","11.2879","11.2309","","-0.23%"
"12/11/2020","11.2608","11.2642","11.2766","11.2416","","-0.01%"
"12/10/2020","11.2623","11.2676","11.2734","11.2461","","0.00%"
"12/09/2020","11.2618","11.2915","11.2934","11.2366","","-0.16%"
"12/08/2020","11.2796","11.3036","11.3091","11.2590","","-0.23%"
"12/07/2020","11.3057","11.2998","11.3136","11.2733","","0.14%"
"12/04/2020","11.2900","11.2893","11.3048","11.2718","","0.03%"
"12/03/2020","11.2867","11.2557","11.2920","11.2268","","0.44%"
"12/02/2020","11.2376","11.1834","11.2488","11.1834","","0.54%"
"12/01/2020","11.1776","11.2481","11.2508","11.1756","","-0.57%"
"11/30/2020","11.2416","11.2417","11.2559","11.2088","","0.05%"
"11/27/2020","11.2362","11.2289","11.2640","11.2051","","0.09%"
"11/26/2020","11.2258","11.2163","11.2511","11.2156","","0.18%"
"11/25/2020","11.2059","11.2387","11.2692","11.2088","","-0.27%"
"11/24/2020","11.2359","11.2730","11.2916","11.2226","","-0.32%"
"11/23/2020","11.2722","11.2936","11.3117","11.2593","","-0.14%"
"11/20/2020","11.2883","11.2727","11.3013","11.2585","","0.36%"
"11/19/2020","11.2476","11.2980","11.3231","11.2528","","-0.41%"
"11/18/2020","11.2936","11.3588","11.3850","11.2849","","-0.55%"
"11/17/2020","11.3565","11.2905","11.3815","11.2900","","0.58%"
"11/16/2020","11.2913","11.2904","11.3415","11.2904","","0.09%"
"11/13/2020","11.2816","11.2860","11.3020","11.2388","","-0.08%"
"11/12/2020","11.2903","11.2292","11.2937","11.2277","","0.59%"
"11/11/2020","11.2240","11.2433","11.2693","11.2161","","-0.02%"
"11/10/2020","11.2265","11.1806","11.2525","11.1680","","0.56%"
"11/09/2020","11.1639","11.1890","11.2796","11.1299","","-0.17%"
"11/06/2020","11.1828","11.1760","11.2232","11.1422","","0.02%"
"11/05/2020","11.1809","11.1697","11.2105","11.1540","","0.12%"
"11/04/2020","11.1676","11.1712","11.2094","11.0562","","-0.02%"
"11/03/2020","11.1698","11.1506","11.1767","11.0948","","0.35%"
"11/02/2020","11.1310","11.1416","11.1609","11.1018","","-0.07%"
"10/30/2020","11.1383","11.0767","11.1630","11.0767","","0.58%"
"10/29/2020","11.0737","11.0314","11.1031","11.0201","","0.47%"
"10/28/2020","11.0221","10.9635","11.0373","10.9578","","0.41%"
"10/27/2020","10.9775","11.0153","11.0421","10.9712","","-0.37%"
"10/26/2020","11.0181","11.0429","11.0569","11.0108","","-0.17%"
"10/23/2020","11.0369","11.0210","11.0617","10.9981","","0.20%"
"10/22/2020","11.0154","11.0779","11.0841","11.0149","","-0.43%"
"10/21/2020","11.0630","11.0009","11.0864","11.0009","","0.60%"
"10/20/2020","10.9973","10.9759","11.0082","10.9563","","0.21%"
"10/19/2020","10.9740","10.9657","10.9846","10.9445","","0.12%"
"10/16/2020","10.9613","10.9295","10.9666","10.9087","","0.44%"
"10/15/2020","10.9134","10.9150","10.9291","10.8911","","0.08%"
"10/14/2020","10.9045","10.8809","10.9127","10.8631","","0.25%"
"10/13/2020","10.8771","10.8735","10.8939","10.8477","","0.03%"
"10/12/2020","10.8741","10.9064","10.9137","10.8517","","-0.27%"
"10/09/2020","10.9034","10.8974","10.9262","10.8785","","1.04%"
"10/08/2020","10.7910","10.7985","10.8059","10.7771","","-0.05%"
"10/07/2020","10.7968","10.8382","10.8382","10.7872","","-0.14%"
"10/06/2020","10.8122","10.7635","10.8260","10.7635","","0.44%"
"10/05/2020","10.7645","10.7933","10.8102","10.7601","","-0.25%"
"10/02/2020","10.7910","10.7851","10.8156","10.7851","","0.13%"
"10/01/2020","10.7767","10.8338","10.8397","10.7529","","-0.50%"
"09/30/2020","10.8304","10.8265","10.8439","10.8095","","0.12%"
"09/29/2020","10.8170","10.8125","10.8384","10.8038","","-0.07%"
"09/28/2020","10.8247","10.7983","10.8367","10.7757","","0.29%"
"09/25/2020","10.7932","10.8540","10.8540","10.7817","","-0.25%"
"09/24/2020","10.8198","10.8055","10.8400","10.7873","","0.18%"
"09/23/2020","10.8002","10.8413","10.8415","10.7958","","-0.36%"
"09/22/2020","10.8391","10.8116","10.8509","10.8116","","0.27%"
"09/21/2020","10.8094","10.8630","10.8827","10.8099","","-0.47%"
"09/18/2020","10.8606","10.9016","10.9036","10.8267","","-0.12%"
"09/17/2020","10.8737","10.8876","10.8959","10.8466","","-0.08%"
"09/16/2020","10.8825","10.8614","10.8945","10.8601","","0.30%"
"09/15/2020","10.8500","10.7767","10.8767","10.7746","","0.75%"
"09/14/2020","10.7691","10.7515","10.7852","10.7264","","0.25%"
"09/11/2020","10.7420","10.7430","10.7716","10.7338","","-0.01%"
"09/10/2020","10.7429","10.7298","10.7542","10.6993","","0.19%"
"09/09/2020","10.7230","10.7774","10.7793","10.7278","","-0.40%"
"09/08/2020","10.7659","10.7528","10.8120","10.7413","","0.13%"
"09/07/2020","10.7516","10.7111","10.7615","10.6933","","0.40%"
"09/04/2020","10.7083","10.7256","10.7436","10.6728","","-0.05%"
"09/03/2020","10.7136","10.7158","10.7589","10.7038","","0.00%"
"09/02/2020","10.7133","10.6868","10.7309","10.6736","","0.22%"
"09/01/2020","10.6898","10.7030","10.7442","10.6632","","-0.05%"
"08/31/2020","10.6948","10.6498","10.7517","10.6498","","0.43%"
"08/28/2020","10.6485","10.7205","10.7479","10.6483","","-0.64%"
"08/27/2020","10.7174","10.7751","10.8046","10.7150","","-0.55%"
"08/26/2020","10.7772","10.7457","10.8015","10.7455","","0.42%"
"08/25/2020","10.7322","10.7337","10.7845","10.7156","","0.15%"
"08/24/2020","10.7161","10.8278","10.8362","10.6997","","-1.01%"
"08/21/2020","10.8250","10.8558","10.8724","10.8165","","-0.18%"
"08/20/2020","10.8440","10.8151","10.8586","10.8012","","0.29%"
"08/19/2020","10.8126","10.7819","10.8426","10.7713","","0.37%"
"08/18/2020","10.7727","10.7804","10.8146","10.7724","","-0.06%"
"08/17/2020","10.7792","10.7768","10.7956","10.7705","","0.06%"
"08/14/2020","10.7723","10.7678","10.7889","10.7602","","0.02%"
"08/13/2020","10.7702","10.7897","10.7920","10.7662","","-0.09%"
"08/12/2020","10.7798","10.7417","10.7851","10.7246","","0.43%"
"08/11/2020","10.7332","10.7551","10.7785","10.7276","","-0.18%"
"08/10/2020","10.7530","10.7670","10.7742","10.7409","","-0.10%"
"08/07/2020","10.7637","10.7674","10.7835","10.7407","","-0.04%"
"08/06/2020","10.7678","10.7830","10.8045","10.7640","","-0.12%"
"08/05/2020","10.7806","10.7775","10.7950","10.7542","","0.18%"
"08/04/2020","10.7614","10.7665","10.7757","10.7337","","-0.06%"
"08/03/2020","10.7678","10.7407","10.7856","10.7270","","0.27%"
"07/31/2020","10.7393","10.7077","10.7446","10.6857","","0.54%"
"07/30/2020","10.6818","10.7141","10.7182","10.6755","","-0.17%"
"07/29/2020","10.7000","10.7000","10.7064","10.6665","","0.02%"
"07/28/2020","10.6982","10.7044","10.7056","10.6715","","0.10%"
"07/27/2020","10.6876","10.6542","10.6999","10.6542","","0.37%"
"07/24/2020","10.6483","10.6817","10.6870","10.6477","","-0.30%"
"07/23/2020","10.6800","10.6458","10.6979","10.6360","","0.24%"
"07/22/2020","10.6547","10.6881","10.7210","10.6502","","-0.19%"
"07/21/2020","10.6752","10.7034","10.7097","10.6694","","-0.24%"
"07/20/2020","10.7005","10.7114","10.7388","10.6950","","-0.07%"
"07/17/2020","10.7077","10.7469","10.7504","10.7034","","-0.42%"
"07/16/2020","10.7532","10.7562","10.7638","10.7338","","0.05%"
"07/15/2020","10.7477","10.7830","10.7866","10.7368","","-0.06%"
"07/14/2020","10.7544","10.7260","10.7711","10.7233","","0.11%"
"07/13/2020","10.7425","10.7393","10.7525","10.7258","","0.08%"
"07/10/2020","10.7342","10.7368","10.7526","10.7219","","-0.06%"
"07/09/2020","10.7404","10.6980","10.7531","10.6959","","0.40%"
"07/08/2020","10.6981","10.6693","10.7081","10.6528","","0.33%"
"07/07/2020","10.6631","10.6504","10.6812","10.6337","","0.32%"
"07/06/2020","10.6286","10.5622","10.6398","10.5585","","0.64%"
"07/03/2020","10.5608","10.5773","10.6178","10.5525","","-0.13%"
"07/02/2020","10.5744","10.6721","10.6929","10.5585","","-0.92%"
"07/01/2020","10.6729","10.6891","10.7131","10.6715","","-0.17%"
"06/30/2020","10.6908","10.6650","10.6961","10.6573","","0.29%"
"06/29/2020","10.6596","10.6835","10.6910","10.6593","","-0.19%"
"06/26/2020","10.6803","10.6778","10.6919","10.6567","","0.03%"
"06/25/2020","10.6768","10.6972","10.7072","10.6691","","-0.09%"
"06/24/2020","10.6859","10.6917","10.7231","10.6758","","-0.04%"
"06/23/2020","10.6906","10.7212","10.7282","10.6797","","-0.27%"
"06/22/2020","10.7200","10.7829","10.7879","10.7142","","-0.55%"
"06/19/2020","10.7791","10.7683","10.7837","10.7516","","0.07%"
"06/18/2020","10.7714","10.7620","10.7822","10.7386","","0.08%"
"06/17/2020","10.7632","10.7612","10.7725","10.7331","","0.06%"
"06/16/2020","10.7567","10.6978","10.7753","10.6962","","0.45%"
"06/15/2020","10.7082","10.7364","10.7394","10.7021","","-0.19%"
"06/12/2020","10.7289","10.7537","10.7877","10.7030","","-0.21%"
"06/11/2020","10.7515","10.7181","10.7554","10.7011","","0.42%"
"06/10/2020","10.7067","10.6686","10.7177","10.6597","","0.39%"
"06/09/2020","10.6653","10.7093","10.7094","10.6512","","0.08%"
"06/08/2020","10.6573","10.6693","10.6908","10.6538","","-0.09%"
"06/05/2020","10.6672","10.6100","10.6800","10.5960","","0.58%"
"06/04/2020","10.6058","10.5899","10.6236","10.5674","","0.27%"
"06/03/2020","10.5772","10.5683","10.6254","10.5468","","0.06%"
"06/02/2020","10.5707","10.5986","10.6222","10.5550","","-0.15%"
"06/01/2020","10.5870","10.5741","10.6174","10.5657","","0.00%"
"05/29/2020","10.5873","10.5929","10.6004","10.5545","","0.04%"
"05/28/2020","10.5835","10.5891","10.5998","10.5646","","0.00%"
"05/27/2020","10.5840","10.5752","10.5975","10.5379","","0.13%"
"05/26/2020","10.5706","10.6271","10.6358","10.5703","","-0.57%"
"05/25/2020","10.6314","10.6515","10.6646","10.6229","","-0.13%"
"05/22/2020","10.6448","10.6327","10.6646","10.6183","","0.19%"
"05/21/2020","10.6242","10.6499","10.6744","10.6100","","-0.24%"
"05/20/2020","10.6495","10.6645","10.6747","10.6300","","-0.03%"
"05/19/2020","10.6528","10.6348","10.6666","10.6281","","0.08%"
"05/18/2020","10.6445","10.6770","10.6907","10.6361","","-0.28%"
"05/15/2020","10.6739","10.6414","10.6848","10.6181","","0.38%"
"05/14/2020","10.6337","10.6546","10.6656","10.6167","","0.09%"
"05/13/2020","10.6240","10.6278","10.6440","10.5827","","0.30%"
"05/12/2020","10.5919","10.6977","10.7084","10.5958","","-0.85%"
"05/11/2020","10.6827","10.6775","10.7029","10.6564","","0.10%"
"05/08/2020","10.6725","10.7139","10.7214","10.6373","","-0.21%"
"05/07/2020","10.6947","10.7114","10.7278","10.6867","","-0.11%"
"05/06/2020","10.7063","10.7339","10.7339","10.6663","","-0.08%"
"05/05/2020","10.7146","10.7106","10.7428","10.6866","","0.08%"
"05/04/2020","10.7061","10.7261","10.7353","10.7011","","-0.15%"
"05/01/2020","10.7225","10.6651","10.7338","10.6614","","0.89%"
"04/30/2020","10.6275","10.6786","10.6847","10.6182","","-0.30%"
"04/29/2020","10.6599","10.7450","10.7510","10.6622","","-0.75%"
"04/28/2020","10.7405","10.7422","10.7928","10.7113","","-0.08%"
"04/27/2020","10.7491","10.7845","10.7866","10.7378","","-0.17%"
"04/24/2020","10.7674","10.7183","10.8024","10.7105","","0.28%"
"04/23/2020","10.7371","10.7938","10.8028","10.7276","","-0.43%"
"04/22/2020","10.7830","10.8474","10.8652","10.7859","","-0.64%"
"04/21/2020","10.8522","10.8277","10.8589","10.8026","","0.27%"
"04/20/2020","10.8226","10.8228","10.8412","10.7941","","0.04%"
"04/17/2020","10.8184","10.8507","10.8685","10.7802","","-0.23%"
"04/16/2020","10.8433","10.8417","10.8769","10.8142","","0.12%"
"04/15/2020","10.8304","10.7875","10.8472","10.7629","","0.48%"
"04/14/2020","10.7783","10.8212","10.8414","10.7806","","-0.26%"
"04/13/2020","10.8069","10.7844","10.8521","10.7625","","0.28%"
"04/10/2020","10.7768","10.8266","10.8553","10.7747","","-0.51%"
"04/09/2020","10.8318","10.7501","10.8453","10.7384","","0.86%"
"04/08/2020","10.7397","10.7333","10.8132","10.6910","","0.11%"
"04/07/2020","10.7281","10.7116","10.7551","10.7019","","0.20%"
"04/06/2020","10.7066","10.7490","10.7513","10.7080","","-0.36%"
"04/03/2020","10.7455","10.7776","10.7898","10.6876","","-0.33%"
"04/02/2020","10.7810","10.7362","10.7848","10.7184","","0.21%"
"04/01/2020","10.7585","10.6347","10.7656","10.5974","","1.17%"
"03/31/2020","10.6339","10.6264","10.6646","10.6147","","0.18%"
"03/30/2020","10.6153","10.6354","10.6635","10.5799","","-0.16%"
"03/27/2020","10.6320","10.6032","10.6433","10.5269","","0.46%"
"03/26/2020","10.5828","10.7648","10.7723","10.5653","","-1.33%"
"03/25/2020","10.7252","10.8138","10.8354","10.7298","","-0.78%"
"03/24/2020","10.8093","10.7711","10.8166","10.7205","","0.49%"
"03/23/2020","10.7567","10.6200","10.7817","10.6192","","1.26%"
"03/20/2020","10.6232","10.5222","10.6271","10.5219","","1.01%"
"03/19/2020","10.5168","10.5784","10.6307","10.5052","","-0.56%"
"03/18/2020","10.5756","10.5497","10.6004","10.5390","","0.10%"
"03/17/2020","10.5649","10.5813","10.6145","10.5540","","-0.12%"
"03/16/2020","10.5780","10.5448","10.6252","10.5398","","0.47%"
"03/13/2020","10.5280","10.6082","10.6483","10.5335","","-0.74%"
"03/12/2020","10.6066","10.5857","10.6616","10.5527","","0.21%"
"03/11/2020","10.5845","10.6514","10.6615","10.5829","","-0.68%"
"03/10/2020","10.6565","10.6884","10.7153","10.6503","","-0.20%"
"03/09/2020","10.6776","10.7088","10.7107","10.6392","","0.06%"
"03/06/2020","10.6716","10.5872","10.6838","10.5632","","0.73%"
"03/05/2020","10.5941","10.5999","10.6053","10.5248","","-0.18%"
"03/04/2020","10.6133","10.5233","10.6204","10.5083","","1.24%"
"03/03/2020","10.4836","10.4701","10.5286","10.3904","","0.15%"
"03/02/2020","10.4674","10.3730","10.4804","10.3394","","0.92%"
"02/28/2020","10.3719","10.2312","10.3844","10.2243","","1.41%"
"02/27/2020","10.2280","10.2027","10.2389","10.1930","","0.37%"
"02/26/2020","10.1908","10.2431","10.2488","10.1857","","-0.46%"
"02/25/2020","10.2378","10.2592","10.2639","10.2076","","0.08%"
"02/24/2020","10.2301","10.2095","10.2402","10.2051","","0.05%"
"02/21/2020","10.2254","10.1950","10.2438","10.1845","","0.20%"
"02/20/2020","10.2045","10.2165","10.2296","10.1948","","-0.24%"
"02/19/2020","10.2286","10.2163","10.2348","10.2064","","0.03%"
"02/18/2020","10.2252","10.2137","10.2306","10.1952","","0.10%"
"02/17/2020","10.2147","10.2456","10.2591","10.2052","","-0.21%"
"02/14/2020","10.2358","10.2231","10.2491","10.2078","","0.15%"
"02/13/2020","10.2205","10.2195","10.2422","10.2039","","-0.03%"
"02/12/2020","10.2236","10.2282","10.2423","10.2172","","-0.07%"
"02/11/2020","10.2311","10.2071","10.2351","10.2028","","0.28%"
"02/10/2020","10.2022","10.2144","10.2346","10.2010","","-0.08%"
"02/07/2020","10.2103","10.2066","10.2280","10.1944","","-0.05%"
"02/06/2020","10.2154","10.2037","10.2380","10.1950","","0.11%"
"02/05/2020","10.2041","10.1607","10.2194","10.1514","","0.44%"
"02/04/2020","10.1599","10.1522","10.1959","10.1522","","0.03%"
"02/03/2020","10.1565","10.3119","10.3119","10.1480","","-1.52%"
"01/31/2020","10.3130","10.3176","10.3190","10.2760","","0.00%"
"01/30/2020","10.3130","10.2953","10.3294","10.2910","","0.34%"
"01/29/2020","10.2784","10.2701","10.2950","10.2582","","0.15%"
"01/28/2020","10.2625","10.2998","10.2998","10.2643","","-0.35%"
"01/27/2020","10.2985","10.3040","10.3105","10.2884","","0.17%"
"01/24/2020","10.2812","10.2838","10.2882","10.2665","","-0.10%"
"01/23/2020","10.2913","10.2880","10.3015","10.2624","","0.05%"
"01/22/2020","10.2861","10.3064","10.3260","10.2888","","-0.16%"
"01/21/2020","10.3029","10.3300","10.3345","10.2993","","-0.39%"
"01/20/2020","10.3432","10.3553","10.3878","10.3413","","-0.16%"
"01/17/2020","10.3600","10.3196","10.3685","10.3170","","0.47%"
"01/16/2020","10.3116","10.2724","10.3227","10.2676","","0.50%"
"01/15/2020","10.2599","10.2776","10.2968","10.2568","","-0.29%"
"01/14/2020","10.2896","10.2816","10.3170","10.2704","","0.35%"
"01/13/2020","10.2537","10.2663","10.2889","10.2529","","0.02%"
"01/10/2020","10.2519","10.2730","10.2794","10.2353","","-0.18%"
"01/09/2020","10.2702","10.3147","10.3265","10.2627","","-0.21%"
"01/08/2020","10.2920","10.3320","10.3849","10.2896","","-0.49%"
"01/07/2020","10.3423","10.3139","10.3608","10.3042","","0.41%"
"01/06/2020","10.3000","10.2987","10.3453","10.2895","","-0.01%"
"01/03/2020","10.3013","10.2470","10.3104","10.2361","","0.57%"
"01/02/2020","10.2434","10.2305","10.2557","10.2121","","0.20%"
"01/01/2020","10.2225","10.2489","10.2514","10.2288","","-0.22%"
"12/31/2019","10.2447","10.2135","10.2584","10.2057","","0.38%"
"12/30/2019","10.2060","10.2091","10.2304","10.2028","","-0.05%"
"12/27/2019","10.2114","10.1894","10.2212","10.1708","","0.27%"
"12/26/2019","10.1836","10.2016","10.2047","10.1735","","-0.12%"
"12/25/2019","10.1963","10.1720","10.2116","10.1691","","0.27%"
"12/24/2019","10.1689","10.1547","10.1790","10.1502","","0.15%"
"12/23/2019","10.1539","10.1405","10.1724","10.1314","","0.14%"
"12/20/2019","10.1396","10.1535","10.1679","10.1335","","-0.11%"
"12/19/2019","10.1510","10.1416","10.1633","10.1191","","0.24%"
"12/18/2019","10.1270","10.1497","10.1630","10.1273","","-0.23%"
"12/17/2019","10.1505","10.1344","10.1583","10.1161","","0.13%"
"12/16/2019","10.1372","10.1158","10.1483","10.1067","","0.15%"
"12/13/2019","10.1220","10.1360","10.1566","10.0976","","0.26%"
"12/12/2019","10.0960","10.0573","10.1189","10.0286","","0.52%"
"12/11/2019","10.0439","10.0619","10.0804","10.0458","","-0.19%"
"12/10/2019","10.0631","10.0820","10.0941","10.0620","","-0.17%"
"12/09/2019","10.0801","10.1342","10.1396","10.0821","","-0.50%"
"12/06/2019","10.1303","10.1124","10.1580","10.1041","","0.20%"
"12/05/2019","10.1101","10.1405","10.1622","10.1080","","-0.26%"
"12/04/2019","10.1364","10.1597","10.1630","10.1279","","-0.21%"
"12/03/2019","10.1578","10.1764","10.1813","10.1489","","-0.14%"
"12/02/2019","10.1723","10.2105","10.2144","10.1660","","-0.27%"
"11/29/2019","10.1997","10.1678","10.2341","10.1639","","0.37%"
"11/28/2019","10.1620","10.1336","10.1917","10.1304","","0.27%"
"11/27/2019","10.1351","10.1764","10.1769","10.1330","","-0.24%"
"11/26/2019","10.1591","10.1863","10.2027","10.1510","","-0.26%"
"11/25/2019","10.1856","10.1960","10.2091","10.1793","","-0.10%"
"11/22/2019","10.1953","10.2098","10.2167","10.1771","","-0.09%"
"11/21/2019","10.2048","10.1971","10.2169","10.1837","","0.10%"
"11/20/2019","10.1945","10.2101","10.2229","10.1891","","-0.23%"
"11/19/2019","10.2178","10.2397","10.2485","10.1917","","-0.19%"
"11/18/2019","10.2369","10.2236","10.2451","10.2072","","0.15%"
"11/15/2019","10.2211","10.2503","10.2818","10.2141","","-0.25%"
"11/14/2019","10.2467","10.2699","10.2887","10.2336","","-0.22%"
"11/13/2019","10.2696","10.2442","10.2727","10.2045","","0.28%"
"11/12/2019","10.2410","10.2088","10.2443","10.2088","","0.34%"
"11/11/2019","10.2062","10.2001","10.2145","10.1841","","0.08%"
"11/08/2019","10.1977","10.1927","10.2192","10.1715","","0.19%"
"11/07/2019","10.1779","10.1469","10.1828","10.1134","","0.34%"
"11/06/2019","10.1436","10.1142","10.1491","10.1076","","0.49%"
"11/05/2019","10.0938","10.0708","10.1187","10.0677","","0.26%"
"11/04/2019","10.0681","10.0599","10.0738","10.0423","","0.15%"
"11/01/2019","10.0534","10.0954","10.0954","10.0465","","-0.27%"
"10/31/2019","10.0805","10.0726","10.0944","10.0436","","0.26%"
"10/30/2019","10.0547","10.0325","10.0666","10.0300","","0.24%"
"10/29/2019","10.0311","10.0096","10.0389","10.0090","","0.23%"
"10/28/2019","10.0078","10.0236","10.0415","9.9978","","-0.13%"
"10/25/2019","10.0212","10.0344","10.0527","10.0141","","-0.16%"
"10/24/2019","10.0372","10.0091","10.0545","10.0034","","0.33%"
"10/23/2019","10.0045","10.0057","10.0363","9.9913","","0.00%"
"10/22/2019","10.0044","10.0223","10.0319","10.0057","","-0.16%"
"10/21/2019","10.0202","10.0386","10.0614","10.0034","","-0.15%"
"10/18/2019","10.0354","10.0545","10.0763","10.0307","","-0.12%"
"10/17/2019","10.0478","10.0604","10.0741","10.0399","","-0.09%"
"10/16/2019","10.0564","10.0746","10.1075","10.0495","","-0.38%"
"10/15/2019","10.0945","10.0794","10.1110","10.0689","","0.22%"
"10/14/2019","10.0723","10.0063","10.0829","10.0061","","0.69%"
"10/11/2019","10.0030","9.9757","10.0181","9.9716","","0.30%"
"10/10/2019","9.9730","9.9714","10.0125","9.9650","","0.04%"
"10/09/2019","9.9689","9.9686","9.9784","9.9508","","0.05%"
"10/08/2019","9.9642","9.9523","9.9724","9.9450","","0.38%"
"10/07/2019","9.9268","9.9275","9.9463","9.9203","","0.21%"
"10/04/2019","9.9063","9.9068","9.9384","9.8995","","-0.28%"
"10/03/2019","9.9343","9.9638","9.9848","9.9124","","-0.17%"
"10/02/2019","9.9510","9.9478","9.9690","9.9466","","0.06%"
"10/01/2019","9.9454","9.8848","9.9565","9.8848","","0.65%"
"09/30/2019","9.8811","9.8869","9.9297","9.8784","","-0.15%"
"09/27/2019","9.8955","9.9474","9.9527","9.8758","","-0.48%"
"09/26/2019","9.9434","9.9601","9.9697","9.9345","","-0.08%"
"09/25/2019","9.9509","9.9735","9.9937","9.9538","","-0.16%"
"09/24/2019","9.9669","9.9465","9.9992","9.9389","","0.25%"
"09/23/2019","9.9416","10.0225","10.0225","9.9413","","-0.78%"
"09/20/2019","10.0193","10.0576","10.0738","9.9736","","-0.37%"
"09/19/2019","10.0561","10.0402","10.0633","10.0098","","0.20%"
"09/18/2019","10.0365","10.0838","10.0914","10.0380","","-0.39%"
"09/17/2019","10.0763","10.1282","10.1442","10.0608","","-0.46%"
"09/16/2019","10.1232","10.0333","10.1417","10.0333","","1.04%"
"09/13/2019","10.0192","10.0259","10.0512","10.0066","","0.00%"
"09/12/2019","10.0196","10.0566","10.0968","10.0174","","-0.32%"
"09/11/2019","10.0516","10.0976","10.1052","10.0486","","-0.52%"
"09/10/2019","10.1038","10.0784","10.1301","10.0729","","0.30%"
"09/09/2019","10.0732","10.0686","10.0791","10.0226","","0.10%"
"09/06/2019","10.0628","10.0612","10.0912","10.0266","","0.06%"
"09/05/2019","10.0570","10.0736","10.1051","10.0336","","-0.07%"
"09/04/2019","10.0641","10.0531","10.0906","10.0527","","0.13%"
"09/03/2019","10.0513","10.0289","10.0940","10.0167","","0.19%"
"09/02/2019","10.0318","9.9839","10.0513","9.9735","","0.52%"
"08/30/2019","9.9802","10.0343","10.0419","9.9812","","-0.51%"
"08/29/2019","10.0313","10.0272","10.0613","10.0159","","0.15%"
"08/28/2019","10.0163","9.9892","10.0338","9.9839","","0.33%"
"08/27/2019","9.9834","10.0709","10.0815","9.9679","","-0.86%"
"08/26/2019","10.0696","10.0128","10.1113","10.0023","","-0.01%"
"08/23/2019","10.0703","10.1438","10.1541","10.0737","","-0.79%"
"08/22/2019","10.1505","10.1142","10.1623","10.0990","","0.39%"
"08/21/2019","10.1114","10.1337","10.1525","10.0995","","-0.19%"
"08/20/2019","10.1309","10.1337","10.1712","10.1093","","0.00%"
"08/19/2019","10.1308","10.1065","10.1477","10.0843","","0.30%"
"08/16/2019","10.1004","10.2053","10.2074","10.0893","","-1.02%"
"08/15/2019","10.2047","10.1411","10.2098","10.1248","","0.61%"
"08/14/2019","10.1430","10.1744","10.1756","10.0870","","0.11%"
"08/13/2019","10.1321","10.0989","10.1420","10.0531","","0.35%"
"08/12/2019","10.0965","10.0591","10.1098","10.0474","","0.58%"
"08/09/2019","10.0384","9.9990","10.0506","9.9894","","0.46%"
"08/08/2019","9.9925","10.0812","10.1147","9.9956","","-0.80%"
"08/07/2019","10.0734","10.0964","10.1047","10.0205","","-0.31%"
"08/06/2019","10.1047","10.0449","10.1103","10.0084","","0.70%"
"08/05/2019","10.0349","9.9315","10.0606","9.9106","","-0.04%"
"08/02/2019","10.0385","10.0044","10.0468","9.9298","","0.38%"
"08/01/2019","10.0006","10.0604","10.0604","9.9968","","-0.01%"
"07/31/2019","10.0015","10.0014","10.0222","9.9889","","0.03%"
"07/30/2019","9.9983","9.9744","10.0140","9.9708","","0.26%"
"07/29/2019","9.9723","10.0129","10.0160","9.9669","","-0.38%"
"07/26/2019","10.0105","10.0633","10.0633","10.0040","","-0.32%"
"07/25/2019","10.0425","10.0387","10.0506","10.0206","","0.08%"
"07/24/2019","10.0346","10.0339","10.0441","10.0189","","0.03%"
"07/23/2019","10.0319","10.0188","10.0350","10.0081","","0.17%"
"07/22/2019","10.0145","10.0056","10.0399","10.0056","","0.12%"
"07/19/2019","10.0028","10.0126","10.0260","9.9965","","-0.03%"
"07/18/2019","10.0054","10.0080","10.0300","9.9914","","-0.07%"
"07/17/2019","10.0127","9.9896","10.0190","9.9691","","0.32%"
"07/16/2019","9.9808","9.9655","10.0008","9.9647","","0.17%"
"07/15/2019","9.9642","9.9640","9.9824","9.9591","","0.03%"
"07/12/2019","9.9608","9.9634","9.9850","9.9521","","0.08%"
"07/11/2019","9.9531","9.9550","9.9746","9.9422","","0.05%"
"07/10/2019","9.9486","9.9581","9.9763","9.9313","","0.04%"
"07/09/2019","9.9449","9.9599","10.0030","9.9470","","-0.15%"
"07/08/2019","9.9600","9.9295","9.9944","9.9255","","0.34%"
"07/05/2019","9.9265","9.9743","10.0023","9.9289","","-0.41%"
"07/04/2019","9.9671","10.0007","10.0288","9.9641","","-0.29%"
"07/03/2019","9.9961","10.0223","10.0230","9.9920","","-0.24%"
"07/02/2019","10.0202","10.0583","10.0630","10.0180","","-0.28%"
"07/01/2019","10.0486","10.0411","10.0958","10.0411","","0.12%"
"06/28/2019","10.0370","10.0417","10.0632","10.0239","","-0.05%"
"06/27/2019","10.0419","10.0603","10.0810","10.0359","","-0.19%"
"06/26/2019","10.0610","10.0757","10.0951","10.0511","","-0.13%"
"06/25/2019","10.0739","10.0722","10.0950","10.0584","","0.11%"
"06/24/2019","10.0629","10.1332","10.1387","10.0720","","-0.67%"
"06/21/2019","10.1304","10.1412","10.1728","10.1079","","-0.13%"
"06/20/2019","10.1432","10.1026","10.1664","10.0999","","0.61%"
"06/19/2019","10.0816","10.0837","10.1144","10.0624","","0.04%"
"06/18/2019","10.0779","10.0896","10.0903","10.0485","","-0.05%"
"06/17/2019","10.0830","10.0835","10.1088","10.0695","","0.04%"
"06/14/2019","10.0794","10.0505","10.0918","10.0393","","0.37%"
"06/13/2019","10.0418","10.0281","10.0531","10.0145","","0.16%"
"06/12/2019","10.0256","10.0442","10.0447","10.0055","","-0.12%"
"06/11/2019","10.0375","10.0323","10.0529","10.0251","","0.09%"
"06/10/2019","10.0287","10.0392","10.0517","10.0008","","-0.01%"
"06/07/2019","10.0294","10.0056","10.0667","10.0021","","0.24%"
"06/06/2019","10.0056","10.0440","10.0471","10.0037","","-0.34%"
"06/05/2019","10.0394","10.0301","10.0485","10.0159","","0.13%"
"06/04/2019","10.0266","10.0033","10.0364","9.9909","","0.11%"
"06/03/2019","10.0156","10.0807","10.0915","10.0078","","-0.56%"
"05/31/2019","10.0720","10.1192","10.1286","10.0768","","-0.42%"
"05/30/2019","10.1149","10.0997","10.1291","10.0843","","0.15%"
"05/29/2019","10.0995","10.0697","10.1250","10.0690","","0.32%"
"05/28/2019","10.0673","10.0754","10.0969","10.0602","","-0.05%"
"05/27/2019","10.0726","10.0580","10.0972","10.0521","","0.20%"
"05/24/2019","10.0525","10.0810","10.0976","10.0544","","-0.25%"
"05/23/2019","10.0777","10.0871","10.1286","10.0330","","-0.04%"
"05/22/2019","10.0819","10.0931","10.1096","10.0735","","-0.04%"
"05/21/2019","10.0856","10.1004","10.1180","10.0742","","0.20%"
"05/20/2019","10.0657","10.1842","10.1854","10.0392","","-0.90%"
"05/17/2019","10.1570","10.2041","10.2085","10.1355","","-0.28%"
"05/16/2019","10.1855","10.2135","10.2270","10.1719","","-0.24%"
"05/15/2019","10.2105","10.2261","10.2497","10.2067","","-0.12%"
"05/14/2019","10.2228","10.2647","10.2845","10.2110","","-0.32%"
"05/13/2019","10.2554","10.2586","10.2723","10.2028","","0.01%"
"05/10/2019","10.2542","10.2638","10.3072","10.2357","","-0.23%"
"05/09/2019","10.2778","10.2809","10.3008","10.2368","","0.02%"
"05/08/2019","10.2758","10.2718","10.2907","10.2556","","0.03%"
"05/07/2019","10.2725","10.2609","10.2823","10.2247","","0.23%"
"05/06/2019","10.2485","10.2598","10.2672","10.1643","","-0.07%"
"05/03/2019","10.2560","10.2998","10.3097","10.2598","","-0.46%"
"05/02/2019","10.3036","10.3261","10.3393","10.2939","","-0.14%"
"05/01/2019","10.3182","10.3412","10.3412","10.3141","","-0.20%"
"04/30/2019","10.3393","10.3696","10.3751","10.3252","","-0.25%"
"04/29/2019","10.3655","10.3792","10.3853","10.3647","","-0.10%"
"04/26/2019","10.3754","10.4053","10.4296","10.3734","","-0.26%"
"04/25/2019","10.4029","10.4078","10.4261","10.3833","","-0.01%"
"04/24/2019","10.4044","10.3753","10.4145","10.3741","","0.33%"
"04/23/2019","10.3703","10.3861","10.4018","10.3539","","-0.11%"
"04/22/2019","10.3815","10.3458","10.4143","10.3401","","0.30%"
"04/19/2019","10.3506","10.3474","10.3614","10.3422","","0.09%"
"04/18/2019","10.3413","10.3807","10.3902","10.3367","","-0.35%"
"04/17/2019","10.3780","10.3608","10.3897","10.3601","","0.21%"
"04/16/2019","10.3559","10.3484","10.3881","10.3409","","0.16%"
"04/15/2019","10.3396","10.3201","10.3590","10.2903","","0.21%"
"04/12/2019","10.3178","10.2722","10.3268","10.2649","","0.47%"
"04/11/2019","10.2693","10.2971","10.3089","10.2476","","-0.24%"
"04/10/2019","10.2939","10.3209","10.3287","10.2843","","-0.25%"
"04/09/2019","10.3192","10.3556","10.3869","10.3167","","-0.34%"
"04/08/2019","10.3543","10.3008","10.3770","10.2934","","0.61%"
"04/05/2019","10.2920","10.2713","10.3207","10.2685","","0.25%"
"04/04/2019","10.2663","10.2041","10.3069","10.1931","","0.70%"
"04/03/2019","10.1951","10.2509","10.2732","10.1921","","-0.52%"
"04/02/2019","10.2481","10.3014","10.3252","10.2240","","-0.57%"
"04/01/2019","10.3072","10.3076","10.3477","10.3049","","0.02%"
"03/29/2019","10.3055","10.2683","10.3273","10.2639","","0.42%"
"03/28/2019","10.2619","10.2718","10.3028","10.2435","","-0.07%"
"03/27/2019","10.2689","10.2802","10.2883","10.2287","","-0.01%"
"03/26/2019","10.2704","10.2737","10.2845","10.2485","","0.06%"
"03/25/2019","10.2639","10.2943","10.3040","10.2486","","-0.27%"
"03/22/2019","10.2915","10.2668","10.2989","10.2203","","0.27%"
"03/21/2019","10.2636","10.3027","10.3149","10.2443","","-0.05%"
"03/20/2019","10.2692","10.2831","10.3030","10.2375","","-0.10%"
"03/19/2019","10.2796","10.2213","10.2916","10.1770","","0.58%"
"03/18/2019","10.2204","10.2712","10.2767","10.1948","","-0.48%"
"03/15/2019","10.2702","10.3193","10.3246","10.2656","","-0.42%"
"03/14/2019","10.3136","10.3689","10.3964","10.2982","","-0.47%"
"03/13/2019","10.3621","10.3735","10.4001","10.3441","","-0.12%"
"03/12/2019","10.3745","10.3799","10.4012","10.3521","","0.00%"
"03/11/2019","10.3750","10.4169","10.4218","10.3765","","-0.35%"
"03/08/2019","10.4111","10.4246","10.4517","10.3809","","-0.24%"
"03/07/2019","10.4358","10.4492","10.4587","10.4185","","-0.01%"
"03/06/2019","10.4366","10.5066","10.5267","10.4335","","-0.66%"
"03/05/2019","10.5060","10.5733","10.5964","10.5086","","-0.57%"
"03/04/2019","10.5662","10.5875","10.6200","10.5649","","-0.16%"
"03/01/2019","10.5829","10.5803","10.5998","10.5562","","0.06%"
"02/28/2019","10.5762","10.6510","10.6686","10.5747","","-0.58%"
"02/27/2019","10.6378","10.6162","10.6868","10.5973","","0.42%"
"02/26/2019","10.5932","10.5878","10.6569","10.5731","","0.14%"
"02/25/2019","10.5787","10.5798","10.6454","10.5798","","0.05%"
"02/22/2019","10.5729","10.5949","10.6002","10.5686","","-0.14%"
"02/21/2019","10.5878","10.5740","10.6212","10.5646","","0.28%"
"02/20/2019","10.5584","10.5524","10.6149","10.5524","","0.14%"
"02/19/2019","10.5438","10.5419","10.5824","10.5260","","-0.02%"
"02/18/2019","10.5455","10.5318","10.5814","10.5318","","0.22%"
"02/15/2019","10.5223","10.4903","10.5514","10.4754","","0.34%"
"02/14/2019","10.4871","10.4700","10.5185","10.4635","","0.03%"
"02/13/2019","10.4839","10.4123","10.4846","10.4123","","0.68%"
"02/12/2019","10.4126","10.4720","10.5060","10.4097","","-0.58%"
"02/11/2019","10.4735","10.5511","10.5511","10.4586","","-0.75%"
"02/08/2019","10.5526","10.5852","10.5909","10.5289","","-0.18%"
"02/07/2019","10.5711","10.6213","10.6406","10.5668","","-0.35%"
"02/06/2019","10.6082","10.6037","10.6279","10.5996","","0.03%"
"02/05/2019","10.6052","10.6325","10.6471","10.6050","","-0.25%"
"02/04/2019","10.6319","10.5961","10.6519","10.5952","","0.39%"
"02/01/2019","10.5911","10.5900","10.6055","10.5292","","0.01%"
"01/31/2019","10.5898","10.6410","10.6513","10.5769","","-0.15%"
"01/30/2019","10.6059","10.6120","10.6483","10.5892","","0.03%"
"01/29/2019","10.6031","10.5399","10.6137","10.5297","","0.63%"
"01/28/2019","10.5362","10.5212","10.5710","10.5184","","0.27%"
"01/25/2019","10.5080","10.4565","10.5364","10.4558","","0.47%"
"01/24/2019","10.4588","10.4793","10.5163","10.4522","","-0.22%"
"01/23/2019","10.4815","10.4665","10.5195","10.4606","","0.14%"
"01/22/2019","10.4671","10.4668","10.5028","10.4583","","-0.05%"
"01/21/2019","10.4719","10.5077","10.5457","10.4683","","-0.31%"
"01/18/2019","10.5046","10.4828","10.5265","10.4734","","0.19%"
"01/17/2019","10.4849","10.5203","10.5592","10.4841","","-0.19%"
"01/16/2019","10.5051","10.5209","10.5537","10.4830","","-0.11%"
"01/15/2019","10.5162","10.4539","10.5377","10.4524","","0.59%"
"01/14/2019","10.4550","10.4063","10.4862","10.4004","","0.44%"
"01/11/2019","10.4093","10.3787","10.4838","10.3787","","0.35%"
"01/10/2019","10.3734","10.3412","10.4218","10.3368","","0.21%"
"01/09/2019","10.3514","10.2356","10.3541","10.2319","","1.14%"
"01/08/2019","10.2346","10.1898","10.2530","10.1787","","0.45%"
"01/07/2019","10.1888","10.1194","10.2120","10.1174","","0.63%"
"01/04/2019","10.1249","10.2053","10.2248","10.1249","","-0.76%"
"01/03/2019","10.2022","10.1997","10.2587","10.1776","","0.01%"
"01/02/2019","10.2011","10.0984","10.2521","10.0984","","1.03%"
"01/01/2019","10.0970","10.1235","10.1395","10.0945","","-0.17%"
"12/31/2018","10.1142","10.1450","10.1687","10.1142","","-0.52%"
"12/28/2018","10.1669","10.2192","10.2408","10.1652","","-0.78%"
"12/27/2018","10.2472","10.1798","10.2551","10.1656","","0.69%"
"12/26/2018","10.1766","10.1678","10.1885","10.1251","","0.05%"
"12/25/2018","10.1712","10.1640","10.1981","10.1640","","0.10%"
"12/24/2018","10.1615","10.1567","10.1915","10.1301","","0.06%"
"12/21/2018","10.1556","10.1674","10.1877","10.1250","","-0.08%"
"12/20/2018","10.1639","10.2594","10.2594","10.1154","","-0.32%"
"12/19/2018","10.1968","10.2027","10.2180","10.1381","","-0.44%"
"12/18/2018","10.2421","10.3884","10.3977","10.2088","","-1.35%"
"12/17/2018","10.3825","10.4205","10.4311","10.3666","","-0.28%"
"12/14/2018","10.4116","10.3986","10.4429","10.3819","","0.17%"
"12/13/2018","10.3944","10.4448","10.4603","10.3837","","-0.45%"
"12/12/2018","10.4419","10.4743","10.5106","10.4316","","-0.33%"
"12/11/2018","10.4769","10.4891","10.5077","10.3988","","-0.15%"
"12/10/2018","10.4923","10.2908","10.5107","10.2908","","1.81%"
"12/07/2018","10.3058","10.2936","10.3127","10.2540","","0.12%"
"12/06/2018","10.2939","10.2893","10.3431","10.2565","","0.03%"
"12/05/2018","10.2907","10.2915","10.3093","10.2551","","-0.24%"
"12/04/2018","10.3155","10.2394","10.3394","10.2271","","0.80%"
"12/03/2018","10.2339","10.0615","10.2339","10.0488","","2.27%"
"11/30/2018","10.0065","10.0485","10.0737","10.0029","","-0.44%"
"11/29/2018","10.0511","10.1713","10.1775","10.0472","","-1.06%"
"11/28/2018","10.1584","10.1811","10.1985","10.1506","","-0.24%"
"11/27/2018","10.1827","10.2037","10.2294","10.1775","","-0.20%"
"11/26/2018","10.2035","10.1739","10.2202","10.1244","","0.35%"
"11/23/2018","10.1684","10.1959","10.1959","10.1656","","-0.29%"
"11/22/2018","10.1977","10.2835","10.2959","10.1946","","-0.93%"
"11/21/2018","10.2938","10.2911","10.2938","10.2692","","0.09%"
"11/20/2018","10.2847","10.3130","10.3183","10.2688","","-0.30%"
"11/19/2018","10.3155","10.3801","10.3838","10.3079","","-0.57%"
"11/16/2018","10.3748","10.3635","10.3780","10.3238","","0.11%"
"11/15/2018","10.3635","10.4129","10.4174","10.3618","","-0.38%"
"11/14/2018","10.4035","10.4453","10.4502","10.3603","","-0.34%"
"11/13/2018","10.4392","10.4619","10.4757","10.4276","","-0.23%"
"11/12/2018","10.4631","10.4339","10.4942","10.4214","","0.43%"
"11/09/2018","10.4186","10.4324","10.4834","10.4078","","-0.18%"
"11/08/2018","10.4377","10.4657","10.4657","10.4377","","-0.30%"
"11/07/2018","10.4696","10.5321","10.5371","10.4677","","-0.70%"
"11/06/2018","10.5434","10.5532","10.5660","10.5358","","-0.08%"
"11/05/2018","10.5519","10.5120","10.5679","10.4768","","0.37%"
"11/02/2018","10.5127","10.6238","10.6238","10.5043","","-0.92%"
"11/01/2018","10.6098","10.6145","10.6228","10.5770","","0.07%"
"10/31/2018","10.6026","10.5764","10.6435","10.5763","","0.26%"
"10/30/2018","10.5753","10.5429","10.5854","10.5290","","0.31%"
"10/29/2018","10.5431","10.5801","10.5824","10.5395","","-0.35%"
"10/26/2018","10.5797","10.5261","10.5797","10.5143","","0.39%"
"10/25/2018","10.5382","10.5445","10.5707","10.5319","","-0.07%"
"10/24/2018","10.5458","10.6003","10.6072","10.5316","","-0.52%"
"10/23/2018","10.6006","10.5946","10.6366","10.5945","","0.12%"
"10/22/2018","10.5881","10.5824","10.5978","10.5612","","0.00%"
"10/19/2018","10.5884","10.5892","10.6201","10.5732","","-0.10%"
"10/18/2018","10.5988","10.6130","10.6156","10.5910","","-0.24%"
"10/17/2018","10.6243","10.6318","10.6362","10.5986","","-0.04%"
"10/16/2018","10.6286","10.6648","10.6837","10.6186","","-0.35%"
"10/15/2018","10.6654","10.6346","10.7070","10.6343","","0.30%"
"10/12/2018","10.6335","10.7500","10.7500","10.6253","","-1.06%"
"10/11/2018","10.7476","10.7233","10.7494","10.6879","","0.23%"
"10/10/2018","10.7232","10.7385","10.7501","10.7083","","-0.14%"
"10/09/2018","10.7385","10.6858","10.7440","10.6812","","0.49%"
"10/08/2018","10.6865","10.6854","10.7249","10.6817","","-0.50%"
"10/05/2018","10.7398","10.7180","10.8096","10.6896","","0.19%"
"10/04/2018","10.7194","10.7311","10.7478","10.7005","","0.39%"
"10/03/2018","10.6779","10.6662","10.6903","10.6160","","0.58%"
"10/02/2018","10.6167","10.6167","10.6167","10.6167","","0.00%"
"10/01/2018","10.6167","10.5701","10.6197","10.5701","","0.57%"
"09/28/2018","10.5564","10.5274","10.5622","10.5191","","0.23%"
"09/27/2018","10.5323","10.5515","10.5846","10.5307","","-0.21%"
"09/26/2018","10.5545","10.5762","10.5895","10.5531","","-0.29%"
"09/25/2018","10.5854","10.5942","10.6359","10.5593","","-0.12%"
"09/24/2018","10.5978","10.5701","10.6080","10.5496","","0.60%"
"09/21/2018","10.5351","10.5311","10.5979","10.4922","","0.16%"
"09/20/2018","10.5182","10.5624","10.5679","10.5128","","-0.45%"
"09/19/2018","10.5661","10.5905","10.6356","10.5532","","-0.29%"
"09/18/2018","10.5968","10.5762","10.6384","10.5473","","0.17%"
"09/17/2018","10.5790","10.4663","10.5846","10.4567","","1.10%"
"09/14/2018","10.4644","10.5223","10.5247","10.4480","","-0.57%"
"09/13/2018","10.5244","10.5626","10.5640","10.5206","","0.06%"
"09/12/2018","10.5180","10.5699","10.6115","10.4773","","-0.48%"
"09/11/2018","10.5688","10.5505","10.5978","10.5312","","0.00%"
"09/10/2018","10.5688","10.4718","10.5932","10.4575","","0.75%"
"09/07/2018","10.4899","10.5342","10.5411","10.4673","","-0.34%"
"09/06/2018","10.5259","10.5124","10.5502","10.4801","","0.20%"
"09/05/2018","10.5051","10.4810","10.5244","10.4415","","0.44%"
"09/04/2018","10.4591","10.4351","10.4690","10.4185","","0.20%"
"09/03/2018","10.4378","10.3780","10.4393","10.3474","","0.42%"
"08/31/2018","10.3938","10.3225","10.3968","10.3225","","0.56%"
"08/30/2018","10.3361","10.3402","10.3721","10.3288","","-0.04%"
"08/29/2018","10.3405","10.2989","10.3497","10.2814","","0.35%"
"08/28/2018","10.3042","10.3018","10.3233","10.2714","","0.09%"
"08/27/2018","10.2947","10.2642","10.2947","10.2326","","0.15%"
"08/24/2018","10.2791","10.1981","10.2791","10.1769","","0.84%"
"08/23/2018","10.1930","10.1920","10.2120","10.1676","","-0.19%"
"08/22/2018","10.2123","10.2177","10.2194","10.1972","","0.09%"
"08/21/2018","10.2027","10.2173","10.2213","10.1681","","0.21%"
"08/20/2018","10.1812","10.2165","10.2338","10.1594","","-0.11%"
"08/17/2018","10.1927","10.2050","10.2116","10.1684","","0.09%"
"08/16/2018","10.1838","10.0985","10.2101","10.0985","","1.00%"
"08/15/2018","10.0825","10.1488","10.1570","10.0823","","-0.79%"
"08/14/2018","10.1623","10.1653","10.1817","10.1224","","0.02%"
"08/13/2018","10.1607","10.0237","10.1771","10.0128","","0.99%"
"08/10/2018","10.0611","10.0589","10.0725","10.0428","","-0.19%"
"08/09/2018","10.0806","10.0541","10.0806","10.0368","","0.36%"
"08/08/2018","10.0442","10.0787","10.0924","10.0304","","-0.01%"
"08/07/2018","10.0457","10.0419","10.0739","10.0312","","0.03%"
"08/06/2018","10.0430","10.0403","10.0793","10.0315","","0.12%"
"08/03/2018","10.0312","10.0072","10.0407","9.9819","","0.02%"
"08/02/2018","10.0288","10.0503","10.0582","10.0181","","0.11%"
"08/01/2018","10.0181","10.0363","10.1057","10.0181","","-0.31%"
"07/31/2018","10.0489","10.0619","10.0830","10.0256","","-0.18%"
"07/30/2018","10.0668","10.0666","10.0887","10.0345","","-0.02%"
"07/27/2018","10.0686","10.0869","10.1047","10.0427","","-0.39%"
"07/26/2018","10.1078","10.2065","10.2118","10.1044","","-0.44%"
"07/25/2018","10.1526","10.1576","10.1837","10.1248","","0.00%"
"07/24/2018","10.1521","10.0921","10.1521","10.0800","","0.17%"
"07/23/2018","10.1348","10.1705","10.1921","10.1172","","-0.17%"
"07/20/2018","10.1524","10.1954","10.1954","10.1369","","-0.34%"
"07/19/2018","10.1874","10.2126","10.2239","10.1775","","-0.25%"
"07/18/2018","10.2126","10.2129","10.2293","10.1983","","0.09%"
"07/17/2018","10.2035","10.2554","10.2781","10.2021","","-0.40%"
"07/16/2018","10.2449","10.2407","10.2979","10.2205","","0.08%"
"07/13/2018","10.2366","10.2715","10.2996","10.2132","","-0.39%"
"07/12/2018","10.2764","10.2613","10.3052","10.2485","","-0.10%"
"07/11/2018","10.2871","10.3169","10.3521","10.2840","","-0.80%"
"07/10/2018","10.3705","10.3729","10.4239","10.3568","","-0.07%"
"07/09/2018","10.3777","10.3696","10.4046","10.3529","","0.20%"
"07/06/2018","10.3567","10.3789","10.3881","10.3422","","-0.21%"
"07/05/2018","10.3781","10.3532","10.3964","10.3426","","0.21%"
"07/04/2018","10.3566","10.3165","10.3842","10.3165","","0.36%"
"07/03/2018","10.3199","10.2570","10.3322","10.2332","","0.14%"
"07/02/2018","10.3059","10.3331","10.3407","10.3059","","-0.33%"
"06/29/2018","10.3398","10.3937","10.3937","10.3215","","-0.46%"
"06/28/2018","10.3878","10.3791","10.4503","10.3610","","-0.05%"
"06/27/2018","10.3927","10.3941","10.4229","10.3425","","0.01%"
"06/26/2018","10.3918","10.4267","10.4307","10.3627","","-0.22%"
"06/25/2018","10.4152","10.4466","10.4468","10.3907","","-0.16%"
"06/22/2018","10.4322","10.4718","10.4718","10.4255","","-0.30%"
"06/21/2018","10.4640","10.5089","10.5150","10.4596","","-0.47%"
"06/20/2018","10.5132","10.5627","10.5640","10.5112","","-0.19%"
"06/19/2018","10.5332","10.5711","10.5726","10.5332","","-0.31%"
"06/18/2018","10.5663","10.5849","10.5864","10.5523","","-0.03%"
"06/15/2018","10.5694","10.5372","10.6051","10.5372","","-0.04%"
"06/14/2018","10.5737","10.5802","10.6006","10.5567","","0.01%"
"06/13/2018","10.5723","10.5300","10.5755","10.5300","","0.31%"
"06/12/2018","10.5392","10.5337","10.5465","10.5226","","0.00%"
"06/11/2018","10.5393","10.5414","10.5460","10.5022","","-0.01%"
"06/08/2018","10.5406","10.5432","10.5799","10.5313","","-0.06%"
"06/07/2018","10.5473","10.4649","10.5535","10.4596","","0.81%"
"06/06/2018","10.4627","10.4758","10.5070","10.4625","","-0.11%"
"06/05/2018","10.4744","10.4648","10.5053","10.4608","","0.11%"
"06/04/2018","10.4634","10.4444","10.4954","10.4207","","0.28%"
"06/01/2018","10.4347","10.5203","10.5266","10.4318","","-0.80%"
"05/31/2018","10.5190","10.5037","10.5505","10.5035","","0.12%"
"05/30/2018","10.5063","10.5637","10.5669","10.4972","","-0.61%"
"05/29/2018","10.5709","10.5189","10.5991","10.5046","","0.36%"
"05/28/2018","10.5325","10.6006","10.6041","10.5200","","-0.60%"
"05/25/2018","10.5965","10.7110","10.7110","10.5965","","-1.10%"
"05/24/2018","10.7144","10.7017","10.7264","10.6876","","0.12%"
"05/23/2018","10.7020","10.6751","10.7201","10.6684","","0.18%"
"05/22/2018","10.6824","10.6872","10.6937","10.6574","","0.11%"
"05/21/2018","10.6705","10.6597","10.6847","10.6489","","0.13%"
"05/18/2018","10.6568","10.6417","10.6858","10.6387","","0.13%"
"05/17/2018","10.6429","10.6381","10.6667","10.6283","","0.05%"
"05/16/2018","10.6372","10.6722","10.6971","10.6280","","-0.35%"
"05/15/2018","10.6746","10.6574","10.7139","10.6237","","0.16%"
"05/14/2018","10.6575","10.6481","10.6729","10.6092","","0.22%"
"05/11/2018","10.6346","10.6041","10.6365","10.5739","","0.41%"
"05/10/2018","10.5911","10.5817","10.6086","10.5704","","0.05%"
"05/09/2018","10.5857","10.5419","10.5857","10.5398","","0.46%"
"05/08/2018","10.5374","10.5473","10.5716","10.5261","","-0.08%"
"05/07/2018","10.5454","10.5224","10.5629","10.5174","","0.42%"
"05/04/2018","10.5018","10.5079","10.5253","10.4975","","0.08%"
"05/03/2018","10.4931","10.4739","10.5078","10.4555","","0.11%"
"05/02/2018","10.4818","10.5160","10.5160","10.4749","","-0.62%"
"05/01/2018","10.5475","10.4938","10.5491","10.4922","","0.51%"
"04/30/2018","10.4938","10.5159","10.5159","10.4764","","-0.24%"
"04/27/2018","10.5191","10.5404","10.5514","10.5122","","-0.22%"
"04/26/2018","10.5428","10.5820","10.5878","10.5426","","-0.33%"
"04/25/2018","10.5776","10.5302","10.5960","10.5301","","0.45%"
"04/24/2018","10.5304","10.5283","10.5436","10.5084","","-0.01%"
"04/23/2018","10.5318","10.5210","10.5421","10.5101","","0.16%"
"04/20/2018","10.5154","10.4782","10.5191","10.4774","","0.24%"
"04/19/2018","10.4903","10.4696","10.5132","10.4673","","0.15%"
"04/18/2018","10.4743","10.4482","10.4743","10.4379","","0.19%"
"04/17/2018","10.4543","10.4302","10.4683","10.4162","","0.22%"
"04/16/2018","10.4309","10.3895","10.4326","10.3875","","0.30%"
"04/13/2018","10.3992","10.3831","10.4039","10.3669","","0.21%"
"04/12/2018","10.3775","10.4078","10.4337","10.3719","","-0.31%"
"04/11/2018","10.4100","10.3424","10.4100","10.3338","","0.71%"
"04/10/2018","10.3370","10.3039","10.3511","10.3021","","0.37%"
"04/09/2018","10.2989","10.3013","10.3193","10.2882","","0.01%"
"04/06/2018","10.2979","10.2987","10.3162","10.2963","","0.06%"
"04/05/2018","10.2915","10.3153","10.3311","10.2915","","-0.24%"
"04/04/2018","10.3161","10.3301","10.3421","10.3133","","-0.17%"
"04/03/2018","10.3340","10.3644","10.3704","10.3340","","-0.35%"
"04/02/2018","10.3703","10.3917","10.3925","10.3634","","-0.06%"
"03/30/2018","10.3764","10.3583","10.3973","10.3519","","0.23%"
"03/29/2018","10.3525","10.3452","10.3701","10.3339","","0.06%"
"03/28/2018","10.3463","10.3537","10.3787","10.3395","","0.10%"
"03/27/2018","10.3364","10.3669","10.3833","10.3271","","0.03%"
"03/26/2018","10.3333","10.3051","10.3531","10.2805","","0.42%"
"03/23/2018","10.2897","10.2843","10.3099","10.2792","","0.12%"
"03/22/2018","10.2770","10.3283","10.3303","10.2753","","-0.30%"
"03/21/2018","10.3081","10.2999","10.3136","10.2965","","0.13%"
"03/20/2018","10.2951","10.2951","10.3160","10.2884","","-0.04%"
"03/19/2018","10.2997","10.2591","10.2997","10.2590","","0.40%"
"03/16/2018","10.2589","10.2676","10.2783","10.2510","","-0.20%"
"03/15/2018","10.2798","10.2795","10.2964","10.2512","","0.17%"
"03/14/2018","10.2628","10.2639","10.3044","10.2608","","0.04%"
"03/13/2018","10.2592","10.2672","10.2906","10.2485","","-0.07%"
"03/12/2018","10.2662","10.2947","10.2979","10.2638","","-0.18%"
"03/09/2018","10.2842","10.2544","10.3026","10.2529","","0.18%"
"03/08/2018","10.2653","10.2515","10.2827","10.2476","","0.08%"
"03/07/2018","10.2569","10.2904","10.2904","10.2538","","-0.29%"
"03/06/2018","10.2865","10.2612","10.2904","10.2360","","0.45%"
"03/05/2018","10.2409","10.2990","10.3062","10.2409","","-0.36%"
"03/02/2018","10.2783","10.2857","10.2953","10.2562","","0.19%"
"03/01/2018","10.2592","10.3072","10.3072","10.2512","","-0.40%"
"02/28/2018","10.3001","10.2546","10.3288","10.2515","","0.22%"
"02/27/2018","10.2771","10.2742","10.3017","10.2661","","0.22%"
"02/26/2018","10.2548","10.2411","10.2836","10.2386","","0.43%"
"02/23/2018","10.2111","10.2391","10.2602","10.2111","","-0.21%"
"02/22/2018","10.2322","10.2101","10.2544","10.2052","","0.23%"
"02/21/2018","10.2085","10.2243","10.2305","10.1939","","-0.09%"
"02/20/2018","10.2172","10.1621","10.2175","10.1479","","0.95%"
"02/19/2018","10.1211","10.1211","10.1211","10.1211","","0.05%"
"02/16/2018","10.1156","10.0620","10.1180","10.0526","","0.49%"
"02/15/2018","10.0660","10.0754","10.0785","10.0619","","-0.31%"
"02/14/2018","10.0974","10.1354","10.1582","10.0906","","-0.37%"
"02/13/2018","10.1349","10.1540","10.1724","10.1266","","-0.24%"
"02/12/2018","10.1588","10.2256","10.2409","10.1526","","-0.63%"
"02/09/2018","10.2234","10.1496","10.2305","10.1496","","0.60%"
"02/08/2018","10.1628","10.2233","10.2401","10.1327","","-0.88%"
"02/07/2018","10.2529","10.2278","10.2761","10.2262","","0.30%"
"02/06/2018","10.2224","10.1775","10.2473","10.1775","","0.25%"
"02/05/2018","10.1972","10.1712","10.2098","10.1712","","0.20%"
"02/02/2018","10.1770","10.1915","10.2200","10.1615","","0.20%"
"02/01/2018","10.1564","10.0914","10.1819","10.0913","","0.51%"
"01/31/2018","10.1052","10.0707","10.1409","10.0645","","0.34%"
"01/30/2018","10.0712","10.0381","10.0808","10.0379","","0.35%"
"01/29/2018","10.0356","10.0452","10.0651","10.0325","","-0.26%"
"01/26/2018","10.0615","10.0336","10.0662","10.0252","","0.18%"
"01/25/2018","10.0438","10.0165","10.0725","10.0165","","0.50%"
"01/24/2018","9.9937","9.9719","10.0155","9.9575","","0.39%"
"01/23/2018","9.9551","9.9933","10.0009","9.9465","","-0.20%"
"01/22/2018","9.9746","9.9569","9.9898","9.9523","","0.07%"
"01/19/2018","9.9672","9.9857","9.9944","9.9500","","0.19%"
"01/18/2018","9.9482","9.9326","9.9502","9.9149","","0.20%"
"01/17/2018","9.9288","9.9531","9.9746","9.9104","","-0.06%"
"01/16/2018","9.9348","9.8778","9.9633","9.8625","","0.69%"
"01/15/2018","9.8670","9.8523","9.8981","9.8463","","0.22%"
"01/12/2018","9.8453","9.8064","9.8611","9.7916","","0.41%"
"01/11/2018","9.8047","9.7617","9.8110","9.7617","","0.28%"
"01/10/2018","9.7770","9.7415","9.7923","9.7415","","0.27%"
"01/09/2018","9.7509","9.7599","9.7769","9.7448","","-0.15%"
"01/08/2018","9.7658","9.7836","9.7836","9.7507","","0.04%"
"01/05/2018","9.7615","9.7805","9.7864","9.7606","","-0.02%"
"01/04/2018","9.7638","9.7697","9.7769","9.7380","","-0.02%"
"01/03/2018","9.7655","9.7641","9.7792","9.7505","","-0.08%"
"01/02/2018","9.7731","9.8013","9.8149","9.7696","","-0.14%"
"01/01/2018","9.7869","9.8138","9.8153","9.7800","","-0.25%"
"12/29/2017","9.8115","9.8062","9.8369","9.7978","","0.03%"
"12/28/2017","9.8081","9.7813","9.8264","9.7733","","0.30%"
"12/27/2017","9.7792","9.7811","9.7925","9.7621","","-0.07%"
"12/26/2017","9.7858","9.7873","9.7987","9.7627","","-0.04%"
"12/25/2017","9.7894","9.7415","9.7918","9.7415","","0.58%"
"12/22/2017","9.7334","9.7330","9.7572","9.7245","","0.11%"
"12/21/2017","9.7225","9.7721","9.7825","9.7210","","-0.24%"
"12/20/2017","9.7461","9.7029","9.7501","9.6970","","0.48%"
"12/19/2017","9.6992","9.7069","9.7104","9.6808","","-0.06%"
"12/18/2017","9.7047","9.6945","9.7932","9.6889","","0.10%"
"12/15/2017","9.6953","9.7317","9.7379","9.6875","","-0.40%"
"12/14/2017","9.7344","9.7569","9.7611","9.7211","","-0.07%"
"12/13/2017","9.7410","9.7297","9.7548","9.7225","","0.14%"
"12/12/2017","9.7274","9.7299","9.7440","9.7179","","0.04%"
"12/11/2017","9.7233","9.7411","9.7482","9.7192","","-0.16%"
"12/08/2017","9.7384","9.7540","9.7606","9.7316","","-0.17%"
"12/07/2017","9.7548","9.7477","9.7684","9.7476","","-0.01%"
"12/06/2017","9.7553","9.7239","9.7599","9.7238","","0.33%"
"12/05/2017","9.7234","9.7295","9.7487","9.7167","","-0.02%"
"12/04/2017","9.7255","9.7583","9.7612","9.7140","","-0.25%"
"12/01/2017","9.7501","9.7589","9.7706","9.7456","","-0.02%"
"11/30/2017","9.7523","9.7407","9.7773","9.7348","","0.15%"
"11/29/2017","9.7377","9.7449","9.7761","9.7163","","-0.10%"
"11/28/2017","9.7478","9.7689","9.7874","9.7465","","-0.27%"
"11/27/2017","9.7738","9.7928","9.8232","9.7594","","-0.23%"
"11/24/2017","9.7967","9.8188","9.8308","9.7902","","-0.11%"
"11/23/2017","9.8079","9.8201","9.8560","9.8064","","-0.07%"
"11/22/2017","9.8151","9.7841","9.8235","9.7724","","0.29%"
"11/21/2017","9.7864","9.8096","9.8186","9.7835","","-0.26%"
"11/20/2017","9.8117","9.8150","9.8293","9.7991","","0.01%"
"11/17/2017","9.8110","9.8455","9.8620","9.7551","","-0.37%"
"11/16/2017","9.8473","9.8535","9.8620","9.8248","","-0.07%"
"11/15/2017","9.8543","9.8598","9.8753","9.8417","","-0.02%"
"11/14/2017","9.8565","9.8536","9.8709","9.8308","","0.02%"
"11/13/2017","9.8547","9.8015","9.8700","9.7993","","0.40%"
"11/10/2017","9.8156","9.7843","9.8186","9.7796","","0.31%"
"11/09/2017","9.7850","9.7937","9.8035","9.7773","","-0.10%"
"11/08/2017","9.7947","9.7991","9.8181","9.7920","","-0.04%"
"11/07/2017","9.7982","9.7401","9.8097","9.7399","","0.58%"
"11/06/2017","9.7418","9.7202","9.7625","9.7202","","0.18%"
"11/03/2017","9.7244","9.7730","9.7832","9.7244","","-0.48%"
"11/02/2017","9.7709","9.7797","9.8072","9.7688","","-0.08%"
"11/01/2017","9.7783","9.7568","9.7796","9.7452","","0.20%"
"10/31/2017","9.7590","9.7579","9.7881","9.7579","","0.01%"
"10/30/2017","9.7585","9.7899","9.7931","9.7539","","-0.20%"
"10/27/2017","9.7784","9.7578","9.7875","9.7299","","0.18%"
"10/26/2017","9.7612","9.7790","9.7976","9.7612","","-0.18%"
"10/25/2017","9.7792","9.8107","9.8255","9.7660","","-0.30%"
"10/24/2017","9.8088","9.7937","9.8208","9.7886","","0.17%"
"10/23/2017","9.7925","9.8233","9.8233","9.7861","","-0.32%"
"10/20/2017","9.8240","9.8254","9.8408","9.8120","","-0.01%"
"10/19/2017","9.8253","9.8146","9.8349","9.8028","","0.09%"
"10/18/2017","9.8160","9.8210","9.8482","9.8160","","-0.02%"
"10/17/2017","9.8181","9.8184","9.8340","9.7956","","0.00%"
"10/16/2017","9.8181","9.8286","9.8476","9.8181","","-0.16%"
"10/13/2017","9.8334","9.8725","9.8988","9.8334","","-0.43%"
"10/12/2017","9.8755","9.8863","9.8988","9.8726","","-0.12%"
"10/11/2017","9.8873","9.9353","9.9353","9.8776","","-0.42%"
"10/10/2017","9.9293","9.8615","9.9345","9.8615","","0.66%"
"10/09/2017","9.8642","9.8316","9.8786","9.8248","","0.35%"
"10/06/2017","9.8295","9.7995","9.8303","9.7995","","0.39%"
"10/05/2017","9.7912","9.7837","9.7988","9.7657","","0.18%"
"10/04/2017","9.7739","9.8212","9.8272","9.7619","","-0.69%"
"10/03/2017","9.8423","9.8589","9.8653","9.8393","","0.27%"
"10/02/2017","9.8160","0.0009","0.0009","0.0009","","0.00%"
"09/29/2017","9.8160","9.8225","9.8583","9.7744","","-0.09%"
"09/28/2017","9.8244","9.9059","9.9168","9.8237","","-0.69%"
"09/27/2017","9.8931","9.8690","9.9134","9.8515","","0.35%"
"09/26/2017","9.8583","9.8358","9.8840","9.8328","","0.22%"
"09/25/2017","9.8362","9.8243","9.8460","9.8021","","0.05%"
"09/22/2017","9.8308","9.8299","9.8870","9.8216","","-0.04%"
"09/21/2017","9.8346","9.7777","9.8477","9.7360","","0.57%"
"09/20/2017","9.7785","9.7683","9.8165","9.7683","","0.12%"
"09/19/2017","9.7665","9.7622","9.7793","9.7278","","0.08%"
"09/18/2017","9.7591","9.7872","9.7959","9.7500","","-0.25%"
"09/15/2017","9.7840","9.7790","9.8079","9.7790","","0.03%"
"09/14/2017","9.7807","9.7834","9.8088","9.7690","","-0.02%"
"09/13/2017","9.7830","9.7998","9.8243","9.7828","","-0.15%"
"09/12/2017","9.7975","9.7880","9.8021","9.7655","","0.06%"
"09/11/2017","9.7914","9.8059","9.8274","9.7890","","-0.50%"
"09/08/2017","9.8408","9.8701","9.9351","9.8408","","-0.28%"
"09/07/2017","9.8689","9.8219","9.8743","9.8148","","0.51%"
"09/06/2017","9.8192","9.8003","9.8447","9.8003","","0.16%"
"09/05/2017","9.8039","9.8059","9.8352","9.7844","","-0.02%"
"09/04/2017","9.8056","9.7615","9.8431","9.7615","","0.45%"
"09/01/2017","9.7613","9.7061","9.7833","9.7018","","0.61%"
"08/31/2017","9.7020","9.7087","9.7139","9.6784","","-0.02%"
"08/30/2017","9.7038","9.7045","9.7322","9.6922","","0.00%"
"08/29/2017","9.7041","9.6538","9.7142","9.6507","","0.35%"
"08/28/2017","9.6699","9.6208","9.6699","9.6164","","0.47%"
"08/25/2017","9.6251","9.6152","9.6296","9.6090","","0.12%"
"08/24/2017","9.6135","9.6181","9.6299","9.6090","","-0.05%"
"08/23/2017","9.6181","9.6164","9.6314","9.6136","","0.01%"
"08/22/2017","9.6170","9.6177","9.6409","9.6170","","-0.01%"
"08/21/2017","9.6180","9.6096","9.6189","9.5982","","0.11%"
"08/18/2017","9.6076","9.6110","9.6166","9.5942","","-0.05%"
"08/17/2017","9.6128","9.5910","9.6334","9.5910","","0.24%"
"08/16/2017","9.5897","9.5917","9.6200","9.5806","","-0.01%"
"08/15/2017","9.5909","9.6061","9.6109","9.5893","","-0.17%"
"08/14/2017","9.6070","9.6169","9.6392","9.5972","","-0.17%"
"08/11/2017","9.6238","9.6392","9.6450","9.5985","","-0.19%"
"08/10/2017","9.6420","9.5651","9.6420","9.5651","","0.77%"
"08/09/2017","9.5686","9.4942","9.5711","9.4885","","0.75%"
"08/08/2017","9.4971","9.4942","9.5254","9.4896","","-0.01%"
"08/07/2017","9.4981","9.4564","9.5027","9.4562","","0.37%"
"08/04/2017","9.4628","9.4792","9.4941","9.4528","","-0.23%"
"08/03/2017","9.4842","9.4634","9.4850","9.4467","","0.18%"
"08/02/2017","9.4668","9.5382","9.5416","9.4579","","-0.77%"
"08/01/2017","9.5406","9.5362","9.5572","9.5247","","-0.04%"
"07/31/2017","9.5442","9.5138","9.5551","9.5138","","0.29%"
"07/28/2017","9.5162","9.5048","9.5213","9.4992","","0.07%"
"07/27/2017","9.5099","9.5211","9.5593","9.5048","","-0.20%"
"07/26/2017","9.5285","9.5341","9.5465","9.5211","","-0.09%"
"07/25/2017","9.5371","9.5284","9.5449","9.5233","","-0.01%"
"07/24/2017","9.5383","9.5131","9.5465","9.5131","","0.25%"
"07/21/2017","9.5147","9.5194","9.5251","9.4978","","-0.09%"
"07/20/2017","9.5236","9.5149","9.5287","9.4973","","0.05%"
"07/19/2017","9.5189","9.5242","9.5282","9.5101","","-0.15%"
"07/18/2017","9.5335","9.4993","9.5427","9.4993","","0.31%"
"07/17/2017","9.5045","9.4984","9.5186","9.4984","","-0.03%"
"07/14/2017","9.5078","9.5005","9.5185","9.4907","","0.06%"
"07/13/2017","9.5025","9.4933","9.5130","9.4931","","0.04%"
"07/12/2017","9.4987","9.4871","9.5189","9.4871","","0.08%"
"07/11/2017","9.4914","9.4715","9.5025","9.4682","","0.16%"
"07/10/2017","9.4766","9.4888","9.5059","9.4694","","-0.20%"
"07/07/2017","9.4954","9.5121","9.5307","9.4847","","-0.22%"
"07/06/2017","9.5163","9.5238","9.5389","9.5084","","-0.12%"
"07/05/2017","9.5273","9.5215","9.5423","9.5163","","0.01%"
"07/04/2017","9.5268","9.5311","9.5488","9.5090","","-0.09%"
"07/03/2017","9.5351","9.5354","9.5541","9.5191","","0.06%"
"06/30/2017","9.5297","9.5221","9.5729","9.5208","","0.03%"
"06/29/2017","9.5270","9.4836","9.5429","9.4836","","0.40%"
"06/28/2017","9.4893","9.4597","9.5093","9.4597","","0.27%"
"06/27/2017","9.4641","9.4141","9.4728","9.4126","","0.48%"
"06/26/2017","9.4188","9.4269","9.4422","9.4114","","-0.17%"
"06/23/2017","9.4352","9.4467","9.4541","9.4177","","-0.18%"
"06/22/2017","9.4523","9.4459","9.4594","9.4321","","0.04%"
"06/21/2017","9.4487","9.4489","9.4737","9.4420","","-0.02%"
"06/20/2017","9.4506","9.4517","9.4535","9.4222","","-0.07%"
"06/19/2017","9.4574","9.4596","9.4733","9.4384","","-0.09%"
"06/16/2017","9.4657","9.4799","9.4995","9.4472","","-0.19%"
"06/15/2017","9.4839","9.4619","9.4984","9.4531","","0.27%"
"06/14/2017","9.4579","9.4603","9.4747","9.4484","","-0.06%"
"06/13/2017","9.4638","9.4785","9.4926","9.4577","","-0.22%"
"06/12/2017","9.4849","9.4471","9.4870","9.4471","","0.36%"
"06/09/2017","9.4505","9.4528","9.4645","9.4352","","0.02%"
"06/08/2017","9.4482","9.4778","9.4831","9.4450","","-0.35%"
"06/07/2017","9.4817","9.4818","9.4993","9.4564","","0.00%"
"06/06/2017","9.4816","9.4533","9.4921","9.4532","","0.25%"
"06/05/2017","9.4576","9.4716","9.4765","9.4481","","0.01%"
"06/02/2017","9.4566","9.4619","9.4800","9.4388","","-0.16%"
"06/01/2017","9.4713","9.4846","9.5158","9.4516","","-0.01%"
"05/31/2017","9.4727","9.4188","9.4744","9.4188","","0.47%"
"05/30/2017","9.4281","9.4232","9.4387","9.4174","","0.15%"
"05/29/2017","9.4143","9.4013","9.4223","9.3970","","0.05%"
"05/26/2017","9.4099","9.3952","9.4331","9.3874","","0.12%"
"05/25/2017","9.3982","9.3956","9.4290","9.3795","","-0.03%"
"05/24/2017","9.4007","9.4124","9.4310","9.3883","","-0.19%"
"05/23/2017","9.4187","9.3586","9.4238","9.3565","","0.54%"
"05/22/2017","9.3678","9.3742","9.3868","9.3492","","-0.10%"
"05/19/2017","9.3776","9.4144","9.4374","9.3715","","-0.42%"
"05/18/2017","9.4176","9.3103","9.4213","9.3066","","1.06%"
"05/17/2017","9.3186","9.2941","9.3244","9.2893","","0.20%"
"05/16/2017","9.2998","9.2864","9.3135","9.2864","","0.06%"
"05/15/2017","9.2942","9.3078","9.3198","9.2748","","-0.19%"
"05/12/2017","9.3115","9.3299","9.3353","9.3072","","-0.19%"
"05/11/2017","9.3291","9.3522","9.3562","9.3185","","-0.33%"
"05/10/2017","9.3602","9.3604","9.3810","9.3440","","-0.04%"
"05/09/2017","9.3638","9.3111","9.3712","9.3111","","0.45%"
"05/08/2017","9.3215","9.3198","9.3250","9.2947","","0.05%"
"05/05/2017","9.3169","9.3134","9.3326","9.3069","","0.06%"
"05/04/2017","9.3117","9.2976","9.3215","9.2976","","0.12%"
"05/03/2017","9.3008","9.3026","9.3151","9.2958","","-0.04%"
"05/02/2017","9.3047","9.3142","9.3198","9.2971","","-0.18%"
"05/01/2017","9.3211","9.3185","9.3254","9.3142","","-0.05%"
"04/28/2017","9.3262","9.2917","9.3422","9.2917","","0.34%"
"04/27/2017","9.2949","9.3001","9.3113","9.2741","","-0.10%"
"04/26/2017","9.3041","9.3364","9.3443","9.2815","","-0.43%"
"04/25/2017","9.3439","9.3653","9.3709","9.3249","","-0.25%"
"04/24/2017","9.3671","9.3883","9.3941","9.3532","","-0.23%"
"04/21/2017","9.3887","9.3849","9.4032","9.3756","","-0.01%"
"04/20/2017","9.3894","9.3803","9.4025","9.3726","","0.01%"
"04/19/2017","9.3880","9.3741","9.3909","9.3697","","0.00%"
"04/18/2017","9.3877","9.3629","9.3948","9.3536","","0.20%"
"04/17/2017","9.3689","9.3624","9.3791","9.3275","","0.04%"
"04/14/2017","9.3648","9.3465","9.3672","9.3465","","0.12%"
"04/13/2017","9.3534","9.3828","9.4166","9.3406","","-0.36%"
"04/12/2017","9.3870","9.3614","9.3948","9.3545","","0.22%"
"04/11/2017","9.3663","9.3481","9.3737","9.3305","","0.08%"
"04/10/2017","9.3589","9.2991","9.3616","9.2990","","0.48%"
"04/07/2017","9.3140","9.3616","9.3851","9.2984","","-0.56%"
"04/06/2017","9.3663","9.4049","9.4334","9.3478","","-0.46%"
"04/05/2017","9.4093","9.4428","9.4680","9.4034","","-0.43%"
"04/04/2017","9.4496","9.4268","9.4597","9.4268","","0.15%"
"04/03/2017","9.4358","9.4036","9.4538","9.3978","","0.19%"
"03/31/2017","9.4176","9.4097","9.4407","9.3919","","0.03%"
"03/30/2017","9.4145","9.4079","9.4314","9.4026","","-0.01%"
"03/29/2017","9.4158","9.4471","9.4536","9.4089","","-0.40%"
"03/28/2017","9.4539","9.4474","9.4615","9.4334","","-0.03%"
"03/27/2017","9.4567","9.4944","9.5289","9.4453","","-0.50%"
"03/24/2017","9.5044","9.4991","9.5144","9.4884","","-0.01%"
"03/23/2017","9.5053","9.5125","9.5265","9.4860","","-0.05%"
"03/22/2017","9.5099","9.4777","9.5305","9.4719","","0.23%"
"03/21/2017","9.4881","9.4502","9.4881","9.4502","","0.31%"
"03/20/2017","9.4587","9.4828","9.4913","9.4475","","-0.27%"
"03/17/2017","9.4845","9.4711","9.5192","9.4622","","0.06%"
"03/16/2017","9.4788","9.4879","9.5283","9.4612","","-0.13%"
"03/15/2017","9.4914","9.5071","9.5164","9.4586","","-0.22%"
"03/14/2017","9.5120","9.5665","9.5812","9.5047","","-0.62%"
"03/13/2017","9.5711","9.6295","9.6434","9.5612","","-0.64%"
"03/10/2017","9.6324","9.6386","9.6637","9.6169","","-0.18%"
"03/09/2017","9.6494","9.6523","9.6747","9.6372","","-0.09%"
"03/08/2017","9.6577","9.6490","9.6651","9.6477","","0.06%"
"03/07/2017","9.6523","9.6537","9.6702","9.6466","","-0.15%"
"03/06/2017","9.6668","9.6837","9.6941","9.6578","","-0.16%"
"03/03/2017","9.6822","9.6813","9.6982","9.6706","","-0.11%"
"03/02/2017","9.6932","9.7079","9.7209","9.6791","","-0.24%"
"03/01/2017","9.7161","9.7088","9.7302","9.6970","","0.00%"
"02/28/2017","9.7157","9.7023","9.7306","9.6986","","0.08%"
"02/27/2017","9.7077","9.6830","9.7254","9.6830","","0.06%"
"02/24/2017","9.7022","9.7039","9.7174","9.6879","","-0.11%"
"02/23/2017","9.7129","9.7253","9.7402","9.6975","","-0.22%"
"02/22/2017","9.7342","9.7211","9.7505","9.7167","","0.04%"
"02/21/2017","9.7304","9.7255","9.7413","9.7105","","0.04%"
"02/20/2017","9.7267","9.7539","9.7710","9.7217","","-0.43%"
"02/17/2017","9.7691","9.7725","9.7860","9.7482","","-0.19%"
"02/16/2017","9.7874","9.7348","9.7955","9.7348","","0.56%"
"02/15/2017","9.7328","9.7178","9.7562","9.7178","","0.01%"
"02/14/2017","9.7322","9.7162","9.7609","9.7132","","0.00%"
"02/13/2017","9.7326","9.7136","9.7573","9.6950","","0.14%"
"02/10/2017","9.7192","9.7013","9.7441","9.7002","","-0.01%"
"02/09/2017","9.7198","9.7537","9.7784","9.7072","","-0.38%"
"02/08/2017","9.7567","9.7723","9.8018","9.7527","","-0.27%"
"02/07/2017","9.7831","9.7844","9.8077","9.7729","","-0.08%"
"02/06/2017","9.7909","9.7787","9.8123","9.7763","","0.11%"
"02/03/2017","9.7798","9.7582","9.8180","9.7582","","0.14%"
"02/02/2017","9.7666","9.7844","9.8102","9.7589","","-0.30%"
"02/01/2017","9.7964","9.8236","9.8384","9.7866","","-0.15%"
"01/31/2017","9.8109","9.8481","9.8694","9.7916","","-0.46%"
"01/30/2017","9.8565","9.8884","9.8988","9.8374","","-0.41%"
"01/27/2017","9.8966","9.8984","9.9184","9.8729","","-0.10%"
"01/26/2017","9.9069","9.8715","9.9154","9.8700","","0.31%"
"01/25/2017","9.8767","9.9275","9.9468","9.8693","","-0.58%"
"01/24/2017","9.9340","9.9234","9.9543","9.9162","","0.05%"
"01/23/2017","9.9286","9.8941","9.9559","9.8895","","0.29%"
"01/20/2017","9.8997","9.9047","9.9334","9.8769","","-0.11%"
"01/19/2017","9.9109","9.9697","9.9845","9.9003","","-0.64%"
"01/18/2017","9.9752","9.8940","9.9752","9.8862","","0.76%"
"01/17/2017","9.9002","9.8638","9.9276","9.8594","","0.32%"
"01/16/2017","9.8686","9.8744","9.9088","9.8565","","-0.12%"
"01/13/2017","9.8804","9.8826","9.9113","9.8661","","-0.07%"
"01/12/2017","9.8877","9.8263","9.8919","9.8235","","0.42%"
"01/11/2017","9.8464","9.8650","9.8828","9.8262","","-0.26%"
"01/10/2017","9.8718","9.8127","9.8751","9.8098","","0.57%"
"01/09/2017","9.8163","9.8364","9.8511","9.8069","","-0.26%"
"01/06/2017","9.8422","9.8259","9.8743","9.7926","","0.10%"
"01/05/2017","9.8321","9.7845","9.8795","9.7841","","0.44%"
"01/04/2017","9.7887","9.8027","9.8249","9.7780","","-0.18%"
"01/03/2017","9.8062","9.8085","9.8316","9.7816","","-0.06%"
"01/02/2017","9.8121","9.7804","9.8245","9.7740","","0.28%"
"12/30/2016","9.7846","9.7636","9.7904","9.7625","","0.18%"
"12/29/2016","9.7675","9.7981","9.8168","9.7592","","-0.38%"
"12/28/2016","9.8044","9.7712","9.8188","9.7694","","0.28%"
"12/27/2016","9.7774","9.7571","9.7972","9.7483","","0.27%"
"12/26/2016","9.7512","9.7604","9.7666","9.7406","","-0.15%"
"12/23/2016","9.7658","9.7555","9.7814","9.7460","","0.04%"
"12/22/2016","9.7617","9.7661","9.7960","9.7519","","-0.10%"
"12/21/2016","9.7717","9.7651","9.7960","9.7559","","0.00%"
"12/20/2016","9.7714","9.7504","9.8008","9.7504","","0.16%"
"12/19/2016","9.7561","9.7423","9.7800","9.7415","","0.07%"
"12/16/2016","9.7490","9.7654","9.7752","9.7310","","-0.23%"
"12/15/2016","9.7716","9.7646","9.7936","9.7236","","0.00%"
"12/14/2016","9.7719","9.7611","9.7945","9.7574","","0.05%"
"12/13/2016","9.7673","9.7575","9.7974","9.7537","","0.05%"
"12/12/2016","9.7628","9.7612","9.7853","9.7454","","-0.05%"
"12/09/2016","9.7675","9.7928","9.8080","9.7551","","-0.51%"
"12/08/2016","9.8179","9.7973","9.8261","9.7826","","0.17%"
"12/07/2016","9.8012","9.8371","9.8780","9.7944","","-0.43%"
"12/06/2016","9.8432","9.8795","9.9296","9.8279","","-0.43%"
"12/05/2016","9.8859","9.8717","9.9186","9.8710","","0.07%"
"12/02/2016","9.8788","9.9020","9.9398","9.8694","","-0.30%"
"12/01/2016","9.9086","9.9543","9.9612","9.8955","","-0.52%"
"11/30/2016","9.9608","9.9423","9.9853","9.9292","","0.12%"
"11/29/2016","9.9489","9.9197","9.9823","9.9176","","0.23%"
"11/28/2016","9.9265","9.8972","9.9730","9.8972","","0.25%"
"11/25/2016","9.9018","9.9298","9.9490","9.8749","","-0.36%"
"11/24/2016","9.9371","9.9409","9.9577","9.9085","","-0.03%"
"11/23/2016","9.9396","9.9224","9.9648","9.9164","","0.13%"
"11/22/2016","9.9268","9.8951","9.9405","9.8759","","0.29%"
"11/21/2016","9.8984","9.8948","9.9079","9.8647","","-0.01%"
"11/18/2016","9.8990","9.8845","9.9083","9.8621","","0.10%"
"11/17/2016","9.8896","9.8746","9.9020","9.8603","","0.07%"
"11/16/2016","9.8829","9.8760","9.9061","9.8417","","0.00%"
"11/15/2016","9.8826","9.8957","9.9071","9.8433","","-0.18%"
"11/14/2016","9.9002","9.9076","9.9122","9.8713","","-0.18%"
"11/11/2016","9.9178","9.8097","9.9244","9.8093","","0.89%"
"11/10/2016","9.8304","9.7851","9.8379","9.7657","","0.20%"
"11/09/2016","9.8104","9.7537","9.9119","9.7510","","0.52%"
"11/08/2016","9.7601","9.8441","9.8513","9.7531","","-0.91%"
"11/07/2016","9.8493","9.8802","9.8855","9.8339","","-0.37%"
"11/04/2016","9.8862","9.8486","9.8872","9.8463","","0.31%"
"11/03/2016","9.8554","9.8774","9.8867","9.8434","","-0.25%"
"11/02/2016","9.8803","9.8501","9.8888","9.8464","","0.24%"
"11/01/2016","9.8567","9.8369","9.8650","9.8353","","0.15%"
"10/31/2016","9.8417","9.8451","9.8713","9.8353","","-0.09%"
"10/28/2016","9.8509","9.8531","9.8796","9.8326","","-0.06%"
"10/27/2016","9.8570","9.8722","9.8853","9.8447","","-0.18%"
"10/26/2016","9.8747","9.8464","9.8803","9.8410","","0.23%"
"10/25/2016","9.8517","9.8622","9.8827","9.8358","","-0.15%"
"10/24/2016","9.8661","9.8864","9.8949","9.8496","","-0.25%"
"10/21/2016","9.8904","9.9072","9.9122","9.8817","","-0.17%"
"10/20/2016","9.9075","9.8871","9.9198","9.8829","","0.17%"
"10/19/2016","9.8910","9.8980","9.9091","9.8829","","-0.09%"
"10/18/2016","9.8996","9.9078","9.9159","9.8861","","-0.14%"
"10/17/2016","9.9130","9.9120","9.9338","9.9036","","-0.02%"
"10/14/2016","9.9151","9.9234","9.9504","9.9004","","-0.14%"
"10/13/2016","9.9287","9.9430","9.9619","9.9155","","-0.15%"
"10/12/2016","9.9438","9.9343","9.9593","9.9239","","0.01%"
"10/11/2016","9.9427","9.9101","9.9467","9.8999","","0.30%"
"10/10/2016","9.9132","9.9767","9.9916","9.9049","","-0.70%"
"10/07/2016","9.9830","9.9908","10.0260","9.9667","","-0.14%"
"10/06/2016","9.9971","9.9725","10.0121","9.9695","","0.19%"
"10/05/2016","9.9785","9.9784","9.9939","9.9622","","-0.06%"
"10/04/2016","9.9840","9.9606","9.9871","9.9424","","0.10%"
"10/03/2016","9.9745","9.9698","9.9841","9.9510","","-0.02%"
"09/30/2016","9.9760","10.0145","10.0313","9.9612","","-0.45%"
"09/29/2016","10.0210","9.9346","10.0404","9.9318","","0.82%"
"09/28/2016","9.9397","9.9544","9.9726","9.9346","","-0.19%"
"09/27/2016","9.9586","9.9864","10.0072","9.9532","","-0.30%"
"09/26/2016","9.9885","9.9996","10.0169","9.9764","","-0.13%"
"09/23/2016","10.0019","9.9938","10.0083","9.9813","","0.04%"
"09/22/2016","9.9978","10.0008","10.0343","9.9757","","-0.06%"
"09/21/2016","10.0034","10.0357","10.0652","9.9972","","-0.36%"
"09/20/2016","10.0397","10.0375","10.0586","10.0240","","-0.04%"
"09/19/2016","10.0442","10.0458","10.0625","10.0210","","-0.07%"
"09/16/2016","10.0512","10.0140","10.0579","10.0007","","0.32%"
"09/15/2016","10.0190","10.0041","10.0526","9.9996","","0.09%"
"09/14/2016","10.0096","10.0473","10.0636","10.0024","","-0.42%"
"09/13/2016","10.0519","9.9870","10.0530","9.9860","","0.61%"
"09/12/2016","9.9905","10.0105","10.0312","9.9853","","-0.27%"
"09/09/2016","10.0172","9.9974","10.0172","9.9468","","0.19%"
"09/08/2016","9.9982","9.9727","10.0051","9.9557","","0.20%"
"09/07/2016","9.9779","9.9290","9.9823","9.9290","","0.49%"
"09/06/2016","9.9288","9.9470","9.9731","9.9193","","-0.27%"
"09/05/2016","9.9557","9.9900","9.9999","9.9385","","-0.43%"
"09/02/2016","9.9985","10.0110","10.0238","9.9632","","-0.14%"
"09/01/2016","10.0128","10.0212","10.0446","10.0044","","-0.14%"
"08/31/2016","10.0269","10.0438","10.0596","10.0168","","-0.23%"
"08/30/2016","10.0498","10.0458","10.0647","10.0185","","0.00%"
"08/29/2016","10.0503","10.0568","10.0752","10.0375","","-0.12%"
"08/26/2016","10.0626","10.0569","10.0684","10.0110","","-0.01%"
"08/25/2016","10.0636","10.0808","10.0946","10.0562","","-0.23%"
"08/24/2016","10.0866","10.0994","10.1247","10.0647","","-0.21%"
"08/23/2016","10.1074","10.0970","10.1143","10.0875","","0.03%"
"08/22/2016","10.1045","10.0872","10.1298","10.0628","","0.13%"
"08/19/2016","10.0910","10.0732","10.1016","10.0574","","0.13%"
"08/18/2016","10.0781","10.0807","10.1049","10.0562","","-0.05%"
"08/17/2016","10.0828","10.0875","10.1029","10.0710","","-0.10%"
"08/16/2016","10.0930","10.0701","10.1017","10.0594","","0.22%"
"08/15/2016","10.0712","10.0778","10.0831","10.0587","","-0.12%"
"08/12/2016","10.0835","10.0695","10.0863","10.0474","","0.12%"
"08/11/2016","10.0715","10.0513","10.0767","10.0503","","0.13%"
"08/10/2016","10.0581","10.0267","10.0715","10.0176","","0.25%"
"08/09/2016","10.0327","10.0262","10.0597","10.0214","","0.03%"
"08/08/2016","10.0294","10.0347","10.0422","10.0095","","-0.12%"
"08/05/2016","10.0417","10.0578","10.0729","10.0227","","-0.22%"
"08/04/2016","10.0634","10.0613","10.0992","10.0432","","-0.01%"
"08/03/2016","10.0640","10.0561","10.1111","10.0553","","0.02%"
"08/02/2016","10.0619","10.0452","10.0660","10.0349","","0.13%"
"08/01/2016","10.0490","10.0503","10.0725","10.0260","","0.07%"
"07/29/2016","10.0424","10.0657","10.0889","10.0383","","-0.27%"
"07/28/2016","10.0691","10.0492","10.0824","10.0491","","0.13%"
"07/27/2016","10.0558","10.0800","10.0994","10.0468","","-0.34%"
"07/26/2016","10.0900","10.0924","10.1105","10.0733","","-0.04%"
"07/25/2016","10.0938","10.0463","10.1025","10.0419","","0.40%"
"07/22/2016","10.0538","10.0567","10.0828","10.0374","","-0.06%"
"07/21/2016","10.0597","10.0553","10.0854","10.0444","","0.02%"
"07/20/2016","10.0578","10.0274","10.0748","10.0267","","0.22%"
"07/19/2016","10.0360","10.0075","10.0470","10.0072","","0.22%"
"07/18/2016","10.0137","10.0264","10.0393","9.9990","","-0.24%"
"07/15/2016","10.0378","9.9945","10.0498","9.9945","","0.37%"
"07/14/2016","10.0011","10.0152","10.0290","9.9883","","-0.22%"
"07/13/2016","10.0229","10.0208","10.0600","10.0012","","0.10%"
"07/12/2016","10.0133","10.0277","10.0570","10.0058","","-0.16%"
"07/11/2016","10.0297","10.0368","10.0551","10.0103","","-0.09%"
"07/08/2016","10.0387","10.0978","10.1030","10.0265","","-0.63%"
"07/07/2016","10.1025","10.0648","10.1091","10.0553","","0.30%"
"07/06/2016","10.0718","10.0905","10.1087","10.0582","","-0.23%"
"07/05/2016","10.0955","10.0846","10.1245","10.0766","","0.04%"
"07/04/2016","10.0918","10.0920","10.1111","10.0704","","-0.03%"
"07/01/2016","10.0951","10.1499","10.1537","10.0818","","-0.58%"
"06/30/2016","10.1539","10.1505","10.1861","10.1386","","-0.05%"
"06/29/2016","10.1588","10.1794","10.2075","10.1398","","-0.26%"
"06/28/2016","10.1856","10.2011","10.2279","10.1696","","-0.24%"
"06/27/2016","10.2103","10.2402","10.2598","10.1953","","-0.40%"
"06/24/2016","10.2517","10.2222","10.3343","10.1671","","0.22%"
"06/23/2016","10.2291","10.2481","10.2699","10.2103","","-0.25%"
"06/22/2016","10.2546","10.2605","10.2801","10.2336","","-0.06%"
"06/21/2016","10.2610","10.2606","10.2826","10.2394","","-0.09%"
"06/20/2016","10.2707","10.1736","10.2868","10.1735","","0.89%"
"06/17/2016","10.1806","10.2074","10.2262","10.1676","","-0.30%"
"06/16/2016","10.2116","10.1849","10.2355","10.1836","","0.20%"
"06/15/2016","10.1915","10.1942","10.2097","10.1730","","-0.10%"
"06/14/2016","10.2012","10.1955","10.2227","10.1762","","-0.01%"
"06/13/2016","10.2020","10.1982","10.2070","10.1545","","-0.01%"
"06/10/2016","10.2031","10.1713","10.2119","10.1611","","0.30%"
"06/09/2016","10.1727","10.1267","10.1791","10.1240","","0.39%"
"06/08/2016","10.1334","10.1412","10.1762","10.1203","","-0.10%"
"06/07/2016","10.1435","10.1729","10.1907","10.1377","","-0.32%"
"06/06/2016","10.1756","10.2160","10.2217","10.1698","","-0.30%"
"06/03/2016","10.2058","10.2126","10.2308","10.1835","","-0.10%"
"06/02/2016","10.2160","10.2618","10.2719","10.2018","","-0.39%"
"06/01/2016","10.2560","10.2030","10.2680","10.1774","","0.45%"
"05/31/2016","10.2096","10.1982","10.2419","10.1888","","0.06%"
"05/30/2016","10.2033","10.2102","10.2406","10.1830","","-0.09%"
"05/27/2016","10.2130","10.2030","10.2393","10.1820","","0.06%"
"05/26/2016","10.2069","10.2666","10.2848","10.1970","","-0.56%"
"05/25/2016","10.2643","10.3093","10.3241","10.2439","","-0.48%"
"05/24/2016","10.3140","10.2802","10.3437","10.2784","","0.31%"
"05/23/2016","10.2826","10.2940","10.3150","10.2701","","-0.10%"
"05/20/2016","10.2929","10.2940","10.3196","10.2812","","-0.07%"
"05/19/2016","10.3003","10.2641","10.3285","10.2510","","0.32%"
"05/18/2016","10.2679","10.2416","10.2723","10.2314","","0.19%"
"05/17/2016","10.2485","10.2444","10.2601","10.2226","","-0.02%"
"05/16/2016","10.2503","10.2387","10.2597","10.2250","","0.15%"
"05/13/2016","10.2350","10.2381","10.2555","10.2266","","-0.09%"
"05/12/2016","10.2439","10.2497","10.2664","10.2120","","-0.09%"
"05/11/2016","10.2528","10.2154","10.2649","10.2154","","0.30%"
"05/10/2016","10.2221","10.2368","10.2488","10.2058","","-0.20%"
"05/09/2016","10.2429","10.2396","10.2503","10.2047","","-0.03%"
"05/06/2016","10.2460","10.2339","10.2636","10.2208","","0.12%"
"05/05/2016","10.2342","10.2566","10.2659","10.2056","","-0.24%"
"05/04/2016","10.2585","10.2516","10.2681","10.2276","","0.06%"
"05/03/2016","10.2527","10.2456","10.2625","10.2241","","0.05%"
"05/02/2016","10.2480","10.2583","10.2663","10.2420","","-0.12%"
"04/29/2016","10.2601","10.2473","10.2828","10.2148","","0.06%"
"04/28/2016","10.2536","10.2187","10.2776","10.2040","","0.35%"
"04/27/2016","10.2174","10.2203","10.2627","10.2115","","-0.09%"
"04/26/2016","10.2263","10.2653","10.2992","10.2188","","-0.43%"
"04/25/2016","10.2703","10.2515","10.2812","10.2367","","0.16%"
"04/22/2016","10.2539","10.2567","10.2665","10.2332","","-0.04%"
"04/21/2016","10.2577","10.2185","10.2637","10.2122","","0.32%"
"04/20/2016","10.2253","10.2379","10.2679","10.2077","","-0.17%"
"04/19/2016","10.2429","10.2501","10.2762","10.2250","","-0.14%"
"04/18/2016","10.2571","10.2886","10.3017","10.2499","","-0.36%"
"04/15/2016","10.2942","10.2691","10.2942","10.2589","","0.20%"
"04/14/2016","10.2732","10.2617","10.2888","10.2541","","0.09%"
"04/13/2016","10.2643","10.2466","10.3011","10.2457","","0.12%"
"04/12/2016","10.2517","10.2601","10.2996","10.2458","","-0.10%"
"04/11/2016","10.2619","10.2871","10.3042","10.2517","","-0.30%"
"04/08/2016","10.2928","10.3227","10.3338","10.2715","","-0.35%"
"04/07/2016","10.3291","10.2576","10.3398","10.2552","","0.64%"
"04/06/2016","10.2637","10.2508","10.3018","10.2437","","0.09%"
"04/05/2016","10.2546","10.2016","10.2757","10.1979","","0.50%"
"04/04/2016","10.2037","10.2321","10.2472","10.1881","","-0.39%"
"04/01/2016","10.2438","10.2467","10.2807","10.2364","","-0.29%"
"03/31/2016","10.2737","10.2621","10.2753","10.2242","","0.07%"
"03/30/2016","10.2667","10.1956","10.2667","10.1956","","0.64%"
"03/29/2016","10.2014","10.2306","10.2402","10.1980","","-0.33%"
"03/28/2016","10.2356","10.2441","10.2733","10.2074","","-0.20%"
"03/25/2016","10.2562","10.2665","10.2745","10.2413","","-0.15%"
"03/24/2016","10.2716","10.2812","10.2864","10.2520","","-0.15%"
"03/23/2016","10.2871","10.2804","10.3078","10.2467","","0.01%"
"03/22/2016","10.2858","10.2482","10.2937","10.2345","","0.30%"
"03/21/2016","10.2551","10.2507","10.2745","10.2332","","-0.03%"
"03/18/2016","10.2577","10.2894","10.3162","10.2282","","-0.30%"
"03/17/2016","10.2888","10.3346","10.3387","10.2582","","-0.10%"
"03/16/2016","10.2994","10.3345","10.3527","10.2930","","-0.41%"
"03/15/2016","10.3418","10.3250","10.3570","10.3185","","0.12%"
"03/14/2016","10.3290","10.3075","10.3455","10.2964","","0.25%"
"03/11/2016","10.3030","10.3391","10.3643","10.2929","","-0.39%"
"03/10/2016","10.3437","10.3006","10.3514","10.2497","","0.36%"
"03/09/2016","10.3061","10.3489","10.3665","10.2912","","-0.43%"
"03/08/2016","10.3510","10.2760","10.3696","10.2759","","0.70%"
"03/07/2016","10.2795","10.2894","10.3088","10.2673","","-0.06%"
"03/04/2016","10.2854","10.2749","10.3361","10.2725","","0.08%"
"03/03/2016","10.2767","10.2847","10.3089","10.2747","","-0.11%"
"03/02/2016","10.2879","10.3160","10.3453","10.2842","","-0.51%"
"03/01/2016","10.3407","10.4028","10.4536","10.3242","","-0.64%"
"02/29/2016","10.4071","10.5059","10.5141","10.4024","","-0.98%"
"02/26/2016","10.5097","10.5231","10.5403","10.4928","","-0.15%"
"02/25/2016","10.5254","10.4709","10.5495","10.4637","","0.46%"
"02/24/2016","10.4768","10.5013","10.5160","10.4641","","-0.26%"
"02/23/2016","10.5040","10.5064","10.5234","10.4860","","-0.04%"
"02/22/2016","10.5083","10.5263","10.5418","10.5013","","-0.01%"
"02/19/2016","10.5091","10.5075","10.5337","10.5041","","-0.05%"
"02/18/2016","10.5145","10.4621","10.5294","10.4611","","0.46%"
"02/17/2016","10.4667","10.5045","10.5271","10.4608","","-0.38%"
"02/16/2016","10.5070","10.4848","10.5130","10.4525","","0.18%"
"02/15/2016","10.4880","10.3559","10.5029","10.3559","","1.22%"
"02/12/2016","10.3619","10.4094","10.4193","10.3546","","-0.51%"
"02/11/2016","10.4155","10.3168","10.4184","10.3051","","0.90%"
"02/10/2016","10.3227","10.3241","10.3434","10.3071","","-0.06%"
"02/09/2016","10.3288","10.3461","10.3773","10.3198","","-0.20%"
"02/08/2016","10.3491","10.3196","10.3542","10.3044","","0.33%"
"02/05/2016","10.3150","10.2860","10.3196","10.2600","","0.25%"
"02/04/2016","10.2889","10.3070","10.3240","10.2652","","-0.39%"
"02/03/2016","10.3291","10.3293","10.3756","10.3247","","-0.02%"
"02/02/2016","10.3310","10.3065","10.3413","10.2954","","0.19%"
"02/01/2016","10.3118","10.3191","10.3324","10.2769","","-0.10%"
"01/29/2016","10.3220","10.3473","10.3696","10.3049","","-0.27%"
"01/28/2016","10.3500","10.3583","10.3802","10.3390","","-0.09%"
"01/27/2016","10.3597","10.2916","10.3660","10.2875","","0.67%"
"01/26/2016","10.2908","10.2919","10.3196","10.2812","","-0.07%"
"01/25/2016","10.2981","10.2700","10.3125","10.2537","","0.30%"
"01/22/2016","10.2673","10.3054","10.3151","10.2651","","-0.36%"
"01/21/2016","10.3039","10.3280","10.3544","10.3010","","-0.26%"
"01/20/2016","10.3304","10.2942","10.3623","10.2938","","0.33%"
"01/19/2016","10.2962","10.2831","10.3063","10.2602","","0.11%"
"01/18/2016","10.2847","10.2920","10.2990","10.2552","","-0.08%"
"01/15/2016","10.2925","10.2133","10.3068","10.2032","","0.76%"
"01/14/2016","10.2145","10.1737","10.2418","10.1592","","0.37%"
"01/13/2016","10.1769","10.1806","10.1838","10.1409","","-0.09%"
"01/12/2016","10.1858","10.1584","10.1884","10.1466","","0.23%"
"01/11/2016","10.1622","10.1314","10.1754","10.1294","","0.28%"
"01/08/2016","10.1338","10.1440","10.1806","10.1033","","-0.12%"
"01/07/2016","10.1459","10.1713","10.1857","10.0940","","-0.26%"
"01/06/2016","10.1727","10.1930","10.2190","10.1692","","-0.20%"
"01/05/2016","10.1926","10.1866","10.2206","10.1800","","0.05%"
"01/04/2016","10.1875","10.1853","10.2218","10.1658","","-0.12%"
"01/01/2016","10.2000","10.1920","10.2050","10.1798","","0.04%"
"12/31/2015","10.1959","10.2383","10.2423","10.1737","","-0.44%"
"12/30/2015","10.2409","10.2134","10.2440","10.2099","","0.26%"
"12/29/2015","10.2140","10.1912","10.2440","10.1886","","0.21%"
"12/28/2015","10.1927","10.1916","10.2183","10.1823","","-0.02%"
"12/25/2015","10.1948","10.1774","10.2080","10.1772","","0.13%"
"12/24/2015","10.1813","10.1937","10.2136","10.1773","","-0.13%"
"12/23/2015","10.1944","10.2213","10.2370","10.1864","","-0.30%"
"12/22/2015","10.2247","10.2214","10.2426","10.2111","","0.02%"
"12/21/2015","10.2226","10.2281","10.2440","10.2091","","0.00%"
"12/18/2015","10.2222","10.2389","10.2638","10.2141","","-0.22%"
"12/17/2015","10.2443","10.2628","10.2893","10.2156","","-0.24%"
"12/16/2015","10.2692","10.3460","10.3671","10.2592","","-0.77%"
"12/15/2015","10.3487","10.3856","10.3891","10.3312","","-0.37%"
"12/14/2015","10.3876","10.3830","10.4011","10.3641","","-0.14%"
"12/11/2015","10.4020","10.3662","10.4020","10.3376","","0.31%"
"12/10/2015","10.3695","10.3974","10.4139","10.3537","","-0.30%"
"12/09/2015","10.4006","10.4160","10.4197","10.3819","","-0.17%"
"12/08/2015","10.4184","10.4188","10.4242","10.3913","","-0.01%"
"12/07/2015","10.4199","10.4094","10.4346","10.3838","","0.08%"
"12/04/2015","10.4112","10.4381","10.4720","10.4092","","-0.28%"
"12/03/2015","10.4400","10.4063","10.4570","10.4005","","0.32%"
"12/02/2015","10.4069","10.3802","10.4207","10.3801","","0.24%"
"12/01/2015","10.3822","10.3861","10.4105","10.3726","","-0.05%"
"11/30/2015","10.3878","10.4489","10.4678","10.3798","","-0.71%"
"11/27/2015","10.4626","10.4093","10.4629","10.4059","","0.43%"
"11/26/2015","10.4178","10.3848","10.4350","10.3812","","0.29%"
"11/25/2015","10.3875","10.3658","10.3923","10.3657","","0.17%"
"11/24/2015","10.3700","10.3902","10.4080","10.3657","","-0.21%"
"11/23/2015","10.3918","10.3476","10.4058","10.3307","","0.44%"
"11/20/2015","10.3458","10.3513","10.3806","10.3407","","-0.08%"
"11/19/2015","10.3541","10.3418","10.3817","10.3379","","0.12%"
"11/18/2015","10.3420","10.3443","10.3878","10.3380","","-0.02%"
"11/17/2015","10.3441","10.3408","10.3634","10.3349","","0.03%"
"11/16/2015","10.3412","10.3654","10.3884","10.3328","","-0.22%"
"11/13/2015","10.3642","10.3688","10.3928","10.3558","","-0.07%"
"11/12/2015","10.3710","10.3712","10.3898","10.3591","","-0.05%"
"11/11/2015","10.3762","10.4027","10.4133","10.3664","","-0.29%"
"11/10/2015","10.4059","10.4465","10.4621","10.4018","","-0.41%"
"11/09/2015","10.4485","10.3872","10.4569","10.3828","","0.36%"
"11/06/2015","10.4108","10.3676","10.4108","10.3470","","0.32%"
"11/05/2015","10.3779","10.3532","10.3843","10.3223","","0.22%"
"11/04/2015","10.3552","10.3501","10.3588","10.3091","","0.06%"
"11/03/2015","10.3485","10.3443","10.3842","10.3189","","0.03%"
"11/02/2015","10.3453","10.3515","10.3616","10.3111","","-0.09%"
"10/30/2015","10.3548","10.2913","10.3587","10.2660","","0.57%"
"10/29/2015","10.2961","10.2117","10.2967","10.2072","","0.80%"
"10/28/2015","10.2140","10.2447","10.2483","10.1927","","-0.34%"
"10/27/2015","10.2487","10.2146","10.2494","10.2090","","0.29%"
"10/26/2015","10.2186","10.2301","10.2409","10.1937","","-0.02%"
"10/23/2015","10.2208","10.2007","10.2328","10.1683","","0.19%"
"10/22/2015","10.2013","10.2557","10.2642","10.1982","","-0.58%"
"10/21/2015","10.2603","10.2404","10.2774","10.2359","","0.17%"
"10/20/2015","10.2426","10.2043","10.2498","10.1953","","0.35%"
"10/19/2015","10.2073","10.1833","10.2100","10.1735","","0.22%"
"10/16/2015","10.1853","10.2056","10.2289","10.1734","","-0.22%"
"10/15/2015","10.2075","10.1942","10.2279","10.1942","","0.09%"
"10/14/2015","10.1983","10.2638","10.2757","10.1934","","-0.64%"
"10/13/2015","10.2642","10.2431","10.2791","10.2329","","0.16%"
"10/12/2015","10.2475","10.2070","10.2625","10.2017","","0.38%"
"10/09/2015","10.2092","10.1994","10.2308","10.1928","","0.07%"
"10/08/2015","10.2021","10.2144","10.2628","10.1993","","-0.09%"
"10/07/2015","10.2118","10.2446","10.2847","10.1956","","-0.34%"
"10/06/2015","10.2467","10.2474","10.2957","10.2448","","-0.01%"
"10/05/2015","10.2475","10.2491","10.2800","10.2321","","-0.35%"
"10/02/2015","10.2838","10.3227","10.3366","10.2810","","-0.41%"
"10/01/2015","10.3257","10.3032","10.3334","10.3018","","0.19%"
"09/30/2015","10.3061","10.3417","10.3769","10.2963","","-0.38%"
"09/29/2015","10.3459","10.4029","10.4401","10.3417","","-0.57%"
"09/28/2015","10.4051","10.3774","10.4061","10.3630","","0.23%"
"09/25/2015","10.3811","10.3525","10.3881","10.3525","","0.24%"
"09/24/2015","10.3567","10.3646","10.3990","10.3417","","-0.11%"
"09/23/2015","10.3677","10.3341","10.3679","10.3204","","0.30%"
"09/22/2015","10.3371","10.3130","10.3466","10.2820","","0.22%"
"09/21/2015","10.3140","10.3458","10.3589","10.2989","","-0.34%"
"09/18/2015","10.3496","10.3819","10.4110","10.3144","","-0.28%"
"09/17/2015","10.3788","10.3860","10.4171","10.3739","","-0.15%"
"09/16/2015","10.3939","10.4275","10.4451","10.3847","","-0.36%"
"09/15/2015","10.4312","10.4043","10.4400","10.3989","","0.25%"
"09/14/2015","10.4055","10.3868","10.4400","10.3868","","0.14%"
"09/11/2015","10.3908","10.3959","10.4456","10.3862","","-0.05%"
"09/10/2015","10.3962","10.4465","10.4565","10.3942","","-0.47%"
"09/09/2015","10.4454","10.4105","10.4503","10.3885","","0.32%"
"09/08/2015","10.4118","10.4978","10.5111","10.4077","","-0.91%"
"09/07/2015","10.5069","10.4951","10.5103","10.4526","","0.14%"
"09/04/2015","10.4918","10.4003","10.5076","10.3950","","0.88%"
"09/03/2015","10.3999","10.4118","10.4313","10.3871","","-0.15%"
"09/02/2015","10.4158","10.4262","10.4446","10.3891","","-0.14%"
"09/01/2015","10.4302","10.4109","10.4431","10.3867","","0.14%"
"08/31/2015","10.4154","10.3498","10.4291","10.3462","","0.59%"
"08/28/2015","10.3545","10.2977","10.3719","10.2906","","0.54%"
"08/27/2015","10.2990","10.3128","10.3275","10.2709","","0.03%"
"08/26/2015","10.2954","10.3328","10.3500","10.2914","","-0.39%"
"08/25/2015","10.3355","10.4367","10.4488","10.2675","","-0.93%"
"08/24/2015","10.4326","10.3328","10.4329","10.3167","","0.94%"
"08/21/2015","10.3358","10.2387","10.3375","10.2355","","0.92%"
"08/20/2015","10.2416","10.1763","10.2834","10.1688","","0.60%"
"08/19/2015","10.1801","10.2323","10.2353","10.1705","","-0.56%"
"08/18/2015","10.2370","10.2310","10.2442","10.1758","","0.04%"
"08/17/2015","10.2328","10.1812","10.2368","10.1689","","0.43%"
"08/14/2015","10.1894","10.1920","10.2175","10.1561","","0.00%"
"08/13/2015","10.1898","10.1486","10.2112","10.0468","","0.35%"
"08/12/2015","10.1542","10.1705","10.1865","10.0047","","-0.17%"
"08/11/2015","10.1714","10.2679","10.2845","10.0718","","-0.96%"
"08/10/2015","10.2699","10.2620","10.2937","10.2560","","0.05%"
"08/07/2015","10.2645","10.2599","10.3017","10.2551","","0.03%"
"08/06/2015","10.2617","10.2552","10.2777","10.2483","","0.05%"
"08/05/2015","10.2569","10.2708","10.2954","10.2485","","-0.17%"
"08/04/2015","10.2740","10.3319","10.3351","10.2518","","-0.59%"
"08/03/2015","10.3349","10.3040","10.3371","10.2917","","0.30%"
"07/31/2015","10.3044","10.3293","10.3418","10.2827","","-0.24%"
"07/30/2015","10.3287","10.2779","10.3323","10.2768","","0.49%"
"07/29/2015","10.2788","10.2714","10.2983","10.2683","","0.04%"
"07/28/2015","10.2747","10.3419","10.3473","10.2618","","-0.62%"
"07/27/2015","10.3393","10.3308","10.3503","10.3029","","0.15%"
"07/24/2015","10.3238","10.2919","10.3357","10.2765","","0.29%"
"07/23/2015","10.2941","10.2360","10.2956","10.2359","","0.55%"
"07/22/2015","10.2379","10.2352","10.2555","10.2229","","-0.02%"
"07/21/2015","10.2395","10.2399","10.2679","10.2305","","-0.02%"
"07/20/2015","10.2420","10.2202","10.2661","10.2182","","0.17%"
"07/17/2015","10.2249","10.2224","10.2341","10.2029","","0.05%"
"07/16/2015","10.2203","10.2248","10.2355","10.2116","","-0.07%"
"07/15/2015","10.2279","10.1897","10.2444","10.1897","","0.35%"
"07/14/2015","10.1920","10.2178","10.2435","10.1877","","-0.27%"
"07/13/2015","10.2200","10.2024","10.2442","10.1953","","0.16%"
"07/10/2015","10.2038","10.1949","10.2251","10.1940","","0.05%"
"07/09/2015","10.1982","10.2181","10.2420","10.1903","","-0.22%"
"07/08/2015","10.2206","10.2196","10.2519","10.2169","","-0.01%"
"07/07/2015","10.2217","10.1866","10.2388","10.1862","","0.32%"
"07/06/2015","10.1888","10.2175","10.2513","10.1851","","-0.29%"
"07/03/2015","10.2183","10.1994","10.2325","10.1994","","0.16%"
"07/02/2015","10.2018","10.2454","10.2625","10.1992","","-0.45%"
"07/01/2015","10.2476","10.2546","10.2740","10.2417","","-0.09%"
"06/30/2015","10.2570","10.2588","10.2866","10.2451","","-0.04%"
"06/29/2015","10.2609","10.2275","10.2990","10.2158","","0.41%"
"06/26/2015","10.2195","10.2277","10.2538","10.2158","","-0.10%"
"06/25/2015","10.2294","10.2347","10.2523","10.2215","","-0.05%"
"06/24/2015","10.2344","10.2432","10.2626","10.2249","","-0.13%"
"06/23/2015","10.2479","10.2281","10.2620","10.2229","","0.17%"
"06/22/2015","10.2301","10.2282","10.2408","10.2133","","0.04%"
"06/19/2015","10.2264","10.2394","10.2865","10.2101","","-0.15%"
"06/18/2015","10.2414","10.3077","10.3121","10.2373","","-0.65%"
"06/17/2015","10.3083","10.3333","10.3551","10.3015","","-0.26%"
"06/16/2015","10.3350","10.3174","10.3615","10.3036","","0.13%"
"06/15/2015","10.3212","10.3229","10.3423","10.3043","","-0.04%"
"06/12/2015","10.3249","10.3075","10.3410","10.2911","","0.19%"
"06/11/2015","10.3051","10.2758","10.3164","10.2683","","0.29%"
"06/10/2015","10.2753","10.3161","10.3232","10.2723","","-0.38%"
"06/09/2015","10.3148","10.3028","10.3275","10.2857","","0.10%"
"06/08/2015","10.3048","10.2705","10.3423","10.2690","","0.24%"
"06/05/2015","10.2797","10.3125","10.3273","10.2734","","-0.34%"
"06/04/2015","10.3150","10.3237","10.3642","10.3049","","-0.10%"
"06/03/2015","10.3257","10.2752","10.3392","10.2703","","0.49%"
"06/02/2015","10.2755","10.2573","10.3209","10.2540","","0.17%"
"06/01/2015","10.2579","10.2802","10.3059","10.2443","","-0.25%"
"05/29/2015","10.2840","10.2835","10.3107","10.2694","","0.02%"
"05/28/2015","10.2824","10.2899","10.3227","10.2763","","-0.10%"
"05/27/2015","10.2924","10.3116","10.3411","10.2894","","-0.19%"
"05/26/2015","10.3116","10.2342","10.3193","10.2338","","0.72%"
"05/25/2015","10.2380","10.2461","10.2734","10.2338","","-0.07%"
"05/22/2015","10.2447","10.2565","10.2765","10.2330","","-0.15%"
"05/21/2015","10.2601","10.2521","10.2816","10.2456","","0.08%"
"05/20/2015","10.2516","10.2742","10.2987","10.2430","","-0.21%"
"05/19/2015","10.2734","10.2693","10.2873","10.2322","","0.05%"
"05/18/2015","10.2685","10.2193","10.2753","10.2165","","0.45%"
"05/15/2015","10.2222","10.2216","10.2580","10.2040","","0.02%"
"05/14/2015","10.2205","10.3151","10.3251","10.2178","","-0.94%"
"05/13/2015","10.3170","10.3292","10.3573","10.2879","","-0.14%"
"05/12/2015","10.3315","10.3044","10.3706","10.3031","","0.23%"
"05/11/2015","10.3078","10.2562","10.3103","10.2562","","0.46%"
"05/08/2015","10.2603","10.3211","10.3479","10.2484","","-0.61%"
"05/07/2015","10.3234","10.2589","10.3584","10.2589","","0.62%"
"05/06/2015","10.2602","10.2099","10.2711","10.2057","","0.48%"
"05/05/2015","10.2109","10.2347","10.2461","10.2001","","-0.18%"
"05/04/2015","10.2296","10.2651","10.2675","10.2272","","-0.42%"
"05/01/2015","10.2727","10.2390","10.2728","10.2341","","0.30%"
"04/30/2015","10.2420","10.2311","10.2760","10.2175","","0.05%"
"04/29/2015","10.2367","10.1602","10.2434","10.1588","","0.72%"
"04/28/2015","10.1634","10.1816","10.2241","10.1566","","-0.22%"
"04/27/2015","10.1860","10.2739","10.2897","10.1834","","-0.90%"
"04/24/2015","10.2789","10.2094","10.2823","10.1981","","0.67%"
"04/23/2015","10.2109","10.1636","10.2356","10.1447","","0.42%"
"04/22/2015","10.1680","10.1380","10.1699","10.1196","","0.31%"
"04/21/2015","10.1362","10.1798","10.1857","10.1169","","-0.45%"
"04/20/2015","10.1818","10.0911","10.1866","10.0745","","0.89%"
"04/17/2015","10.0923","10.0532","10.0923","10.0503","","0.35%"
"04/16/2015","10.0573","10.0445","10.0732","10.0392","","0.08%"
"04/15/2015","10.0496","10.0267","10.0651","10.0218","","0.25%"
"04/14/2015","10.0246","10.0355","10.0472","10.0132","","-0.14%"
"04/13/2015","10.0386","10.0135","10.0657","10.0129","","0.08%"
"04/10/2015","10.0307","10.0372","10.0525","10.0175","","-0.10%"
"04/09/2015","10.0405","10.0245","10.0455","10.0137","","0.13%"
"04/08/2015","10.0276","10.0526","10.0610","10.0159","","-0.26%"
"04/07/2015","10.0542","10.0413","10.0750","10.0372","","0.10%"
"04/06/2015","10.0439","9.9968","10.0493","9.9968","","0.40%"
"04/03/2015","10.0040","10.0154","10.0410","9.9977","","-0.12%"
"04/02/2015","10.0157","10.0258","10.0457","10.0104","","-0.10%"
"04/01/2015","10.0253","10.0454","10.0746","10.0213","","-0.22%"
"03/31/2015","10.0478","10.0691","10.1055","10.0429","","-0.23%"
"03/30/2015","10.0708","10.0594","10.1015","10.0569","","0.11%"
"03/27/2015","10.0600","10.1155","10.1179","10.0370","","-0.57%"
"03/26/2015","10.1172","10.0473","10.1183","10.0473","","0.70%"
"03/25/2015","10.0469","10.0448","10.0536","10.0201","","-0.01%"
"03/24/2015","10.0479","10.0105","10.0596","10.0084","","0.33%"
"03/23/2015","10.0145","10.0545","10.0669","10.0113","","-0.43%"
"03/20/2015","10.0576","10.0834","10.1170","10.0468","","-0.28%"
"03/19/2015","10.0855","10.0637","10.1320","10.0629","","0.20%"
"03/18/2015","10.0653","10.0225","10.0796","10.0182","","0.45%"
"03/17/2015","10.0206","10.0224","10.0502","10.0160","","-0.04%"
"03/16/2015","10.0248","10.0757","10.0859","10.0207","","-0.53%"
"03/13/2015","10.0781","9.9868","10.0849","9.9720","","0.91%"
"03/12/2015","9.9869","10.0214","10.0279","9.9623","","-0.38%"
"03/11/2015","10.0252","10.0140","10.0398","10.0099","","0.09%"
"03/10/2015","10.0160","9.9977","10.0345","9.9853","","0.17%"
"03/09/2015","9.9990","9.9737","10.0236","9.9607","","0.25%"
"03/06/2015","9.9736","9.9554","9.9741","9.9424","","0.18%"
"03/05/2015","9.9554","9.9344","9.9632","9.9143","","0.19%"
"03/04/2015","9.9367","9.8507","9.9498","9.8280","","0.85%"
"03/03/2015","9.8527","9.8601","9.8771","9.8431","","-0.10%"
"03/02/2015","9.8624","9.8414","9.8844","9.8354","","0.28%"
"02/27/2015","9.8346","9.8626","9.8822","9.8327","","-0.29%"
"02/26/2015","9.8629","9.8826","9.9045","9.8516","","-0.20%"
"02/25/2015","9.8831","9.9239","9.9296","9.8776","","-0.56%"
"02/24/2015","9.9391","9.9370","9.9695","9.9207","","0.01%"
"02/23/2015","9.9379","9.9528","9.9647","9.9282","","0.09%"
"02/20/2015","9.9293","9.9320","9.9583","9.9267","","-0.05%"
"02/19/2015","9.9340","9.9198","9.9391","9.9143","","0.13%"
"02/18/2015","9.9210","9.9347","9.9696","9.9103","","-0.16%"
"02/17/2015","9.9370","9.9371","9.9602","9.9207","","-0.02%"
"02/16/2015","9.9391","9.9515","9.9623","9.9347","","-0.08%"
"02/13/2015","9.9475","9.9488","9.9707","9.9364","","-0.05%"
"02/12/2015","9.9527","9.9904","10.0122","9.9307","","-0.40%"
"02/11/2015","9.9928","9.9843","10.0010","9.9497","","0.06%"
"02/10/2015","9.9867","9.9466","9.9942","9.9159","","0.38%"
"02/09/2015","9.9486","9.9364","9.9597","9.9138","","0.24%"
"02/06/2015","9.9247","9.8676","9.9335","9.8674","","0.55%"
"02/05/2015","9.8700","9.8960","9.9068","9.8627","","-0.29%"
"02/04/2015","9.8984","9.8407","9.9093","9.8403","","0.56%"
"02/03/2015","9.8430","9.8581","9.8841","9.8358","","-0.17%"
"02/02/2015","9.8598","9.9183","9.9284","9.8460","","-0.64%"
"01/30/2015","9.9232","9.8926","9.9256","9.8684","","0.30%"
"01/29/2015","9.8936","9.8177","9.9224","9.8102","","0.75%"
"01/28/2015","9.8204","9.8345","9.8519","9.8069","","-0.16%"
"01/27/2015","9.8358","9.8273","9.8487","9.8164","","0.05%"
"01/26/2015","9.8305","9.8360","9.8424","9.8159","","-0.34%"
"01/23/2015","9.8644","9.9043","9.9087","9.8598","","-0.58%"
"01/22/2015","9.9223","9.9074","9.9485","9.8969","","0.12%"
"01/21/2015","9.9107","9.9148","9.9291","9.8980","","-0.11%"
"01/20/2015","9.9219","9.9085","9.9592","9.9014","","0.10%"
"01/19/2015","9.9116","9.9439","9.9577","9.9070","","-0.56%"
"01/16/2015","9.9678","10.0168","10.0280","9.9501","","-0.63%"
"01/15/2015","10.0307","10.0224","10.0372","9.9354","","0.09%"
"01/14/2015","10.0219","9.9968","10.0445","9.9968","","0.21%"
"01/13/2015","10.0008","10.0050","10.0355","9.9968","","-0.06%"
"01/12/2015","10.0069","10.0411","10.0616","10.0029","","-0.36%"
"01/09/2015","10.0431","10.0900","10.0988","10.0320","","-0.42%"
"01/08/2015","10.0852","10.1810","10.1822","10.0711","","-0.98%"
"01/07/2015","10.1852","10.2300","10.2433","10.1655","","-0.46%"
"01/06/2015","10.2325","10.1825","10.2407","10.1812","","0.49%"
"01/05/2015","10.1831","10.1748","10.2089","10.1666","","-0.14%"
"01/02/2015","10.1972","10.2181","10.2323","10.1875","","-0.11%"
"01/01/2015","10.2085","10.1762","10.2246","10.1762","","0.51%"