"Date","Price","Open","High","Low","Vol.","Change %"
"11/21/2025","103.1990","102.2750","103.3900","102.2000","","0.90%"
"11/20/2025","102.2750","102.0925","102.4045","101.9380","","0.17%"
"11/19/2025","102.1015","102.5580","102.6465","101.9515","","-0.44%"
"11/18/2025","102.5520","102.7470","102.8785","102.4450","","-0.19%"
"11/17/2025","102.7425","103.0655","103.1050","102.6065","","-0.31%"
"11/14/2025","103.0655","103.3740","103.4305","102.9100","","-0.25%"
"11/13/2025","103.3205","102.7020","103.4720","102.6175","","0.60%"
"11/12/2025","102.7065","102.4620","102.7690","102.4415","","0.24%"
"11/11/2025","102.4620","102.5230","102.6675","102.3245","","-0.06%"
"11/10/2025","102.5230","102.5500","102.7400","102.3195","","-0.03%"
"11/07/2025","102.5500","102.3905","102.7885","102.2100","","0.15%"
"11/06/2025","102.3950","101.7700","102.4155","101.7520","","0.61%"
"11/05/2025","101.7740","101.8865","102.0285","101.6415","","-0.11%"
"11/04/2025","101.8865","102.2050","102.2410","101.7320","","-0.32%"
"11/03/2025","102.2095","102.3990","102.4810","102.0995","","-0.19%"
"10/31/2025","102.3990","102.5075","102.7770","102.2755","","-0.11%"
"10/30/2025","102.5075","102.5570","103.1860","102.4395","","-0.05%"
"10/29/2025","102.5615","102.8025","103.0630","102.3990","","-0.24%"
"10/28/2025","102.8055","102.7330","103.0830","102.6715","","0.07%"
"10/27/2025","102.7375","102.1180","102.8010","102.0480","","0.61%"
"10/24/2025","102.1180","101.9820","102.3090","101.7080","","0.13%"
"10/23/2025","101.9860","101.8750","102.0700","101.7375","","0.11%"
"10/22/2025","101.8705","102.1000","102.1695","101.5750","","-0.22%"
"10/21/2025","102.1000","102.3085","102.4810","102.0625","","-0.20%"
"10/20/2025","102.2995","102.6330","102.7165","102.2910","","-0.23%"
"10/17/2025","102.5365","102.8390","103.1385","102.5275","","-0.29%"
"10/16/2025","102.8390","102.2765","102.9325","102.2020","","0.55%"
"10/15/2025","102.2765","103.0445","103.1855","102.1700","","-0.75%"
"10/14/2025","103.0445","102.5900","103.1265","102.4480","","0.45%"
"10/13/2025","102.5810","103.1355","103.2485","102.4685","","-0.54%"
"10/10/2025","103.1355","102.7685","103.2440","102.4885","","0.36%"
"10/09/2025","102.7685","103.1750","103.4230","102.5750","","-0.42%"
"10/08/2025","103.2055","103.4170","103.4925","102.9825","","-0.23%"
"10/07/2025","103.4440","103.9145","103.9555","103.3720","","-0.43%"
"10/06/2025","103.8925","104.1970","104.1970","103.4415","","-0.29%"
"10/03/2025","104.1970","103.9400","104.3865","103.9020","","0.24%"
"10/02/2025","103.9445","104.0160","104.4135","103.7020","","-0.08%"
"10/01/2025","104.0250","104.2415","104.4615","103.8540","","-0.21%"
"09/30/2025","104.2460","104.0185","104.4920","103.8900","","0.22%"
"09/29/2025","104.0185","103.7700","104.2705","103.7520","","0.24%"
"09/26/2025","103.7700","103.5605","103.8185","103.4455","","0.20%"
"09/25/2025","103.5605","104.2110","104.3395","103.3905","","-0.62%"
"09/24/2025","104.2110","104.9265","104.9715","104.0855","","-0.69%"
"09/23/2025","104.9310","104.2200","104.9610","104.1285","","0.67%"
"09/22/2025","104.2285","103.4780","104.2410","103.3060","","0.73%"
"09/19/2025","103.4780","103.9730","104.0585","103.3995","","-0.48%"
"09/18/2025","103.9730","103.6490","104.4030","103.6005","","0.31%"
"09/17/2025","103.6530","104.2950","104.5550","103.6050","","-0.62%"
"09/16/2025","104.2950","103.6670","104.5165","103.5595","","0.63%"
"09/15/2025","103.6405","103.5845","103.7995","103.4160","","0.05%"
"09/12/2025","103.5845","103.5685","103.7345","103.3320","","0.02%"
"09/11/2025","103.5685","102.9785","103.7570","102.9525","","0.57%"
"09/10/2025","102.9785","103.3250","103.3870","102.9605","","-0.33%"
"09/09/2025","103.3205","103.4915","103.8010","103.2705","","-0.17%"
"09/08/2025","103.5000","103.3460","103.5180","103.1120","","0.15%"
"09/05/2025","103.3460","102.7315","103.6495","102.7095","","0.60%"
"09/04/2025","102.7315","102.7020","102.8120","102.4940","","0.02%"
"09/03/2025","102.7065","102.4300","102.8755","102.3005","","0.26%"
"09/02/2025","102.4385","103.0580","103.1320","102.3560","","-0.60%"
"09/01/2025","103.0580","103.0400","103.5805","102.8805","","0.02%"
"08/29/2025","103.0400","102.3285","103.2695","102.0820","","0.70%"
"08/28/2025","102.3285","102.0245","102.4535","101.8560","","0.30%"
"08/27/2025","102.0245","102.0330","102.0920","101.6235","","0.00%"
"08/26/2025","102.0240","101.7965","102.2295","101.7095","","0.23%"
"08/25/2025","101.7875","102.3210","102.5915","101.6450","","-0.52%"
"08/22/2025","102.3210","101.3125","102.4965","101.2260","","1.00%"
"08/21/2025","101.3085","101.4020","101.7420","101.1100","","-0.08%"
"08/20/2025","101.3890","101.4060","101.6275","101.1910","","-0.03%"
"08/19/2025","101.4145","101.8130","101.9615","101.3565","","-0.39%"
"08/18/2025","101.8090","102.3380","102.5520","101.7790","","-0.55%"
"08/15/2025","102.3725","102.1510","102.5235","102.0770","","0.23%"
"08/14/2025","102.1425","102.3645","102.4880","101.9530","","-0.22%"
"08/13/2025","102.3690","102.2755","102.6990","102.2065","","0.10%"
"08/12/2025","102.2670","101.8215","102.4835","101.7155","","0.44%"
"08/11/2025","101.8215","101.8495","102.2490","101.5965","","-0.01%"
"08/08/2025","101.8365","102.0095","102.3240","101.8015","","-0.17%"
"08/07/2025","102.0095","102.2830","102.6205","101.5290","","-0.27%"
"08/06/2025","102.2830","101.6450","102.3660","101.4045","","0.61%"
"08/05/2025","101.6670","101.4545","101.7680","101.2010","","0.21%"
"08/04/2025","101.4545","101.0165","101.5800","100.7680","","0.37%"
"08/01/2025","101.0775","99.9080","101.1920","99.5900","","1.17%"
"07/31/2025","99.9125","99.9985","100.4025","99.8555","","-0.10%"
"07/30/2025","100.0160","100.5845","101.1265","99.9720","","-0.56%"
"07/29/2025","100.5755","100.4770","100.7130","100.0515","","0.10%"
"07/28/2025","100.4725","101.6235","101.8390","100.4375","","-1.08%"
"07/25/2025","101.5715","101.4835","101.8310","101.2270","","0.09%"
"07/24/2025","101.4835","101.6865","101.8675","101.3735","","-0.20%"
"07/23/2025","101.6865","101.4625","101.7170","101.1835","","0.22%"
"07/22/2025","101.4665","100.8095","101.5230","100.6940","","0.65%"
"07/21/2025","100.8095","100.1665","101.0375","100.0500","","0.65%"
"07/18/2025","100.1580","99.7620","100.4835","99.7235","","0.39%"
"07/17/2025","99.7660","99.9790","100.0005","99.4560","","-0.16%"
"07/16/2025","99.9270","99.7485","100.6830","99.4985","","0.17%"
"07/15/2025","99.7575","100.3555","100.4535","99.6800","","-0.57%"
"07/14/2025","100.3340","100.0505","100.6135","99.9860","","0.00%"
"07/11/2025","100.3295","100.3345","100.5415","100.0055","","0.00%"
"07/10/2025","100.3300","100.3915","100.7045","99.9790","","-0.10%"
"07/09/2025","100.4255","100.5575","100.6425","100.2135","","-0.13%"
"07/08/2025","100.5535","100.4210","100.8300","100.1965","","0.14%"
"07/07/2025","100.4125","100.7020","101.0320","100.2630","","-0.29%"
"07/04/2025","100.7060","100.4430","100.7845","100.4090","","0.27%"
"07/03/2025","100.4390","101.0245","101.1275","100.0450","","-0.58%"
"07/02/2025","101.0245","101.0990","101.1360","100.6155","","-0.07%"
"07/01/2025","101.0990","101.0145","101.1990","100.6575","","0.08%"
"06/30/2025","101.0190","100.1065","101.0415","100.0405","","0.86%"
"06/27/2025","100.1530","100.1645","100.4880","99.9045","","-0.05%"
"06/26/2025","100.2035","100.3140","100.6595","100.0525","","-0.11%"
"06/25/2025","100.3180","99.7760","100.4045","99.6205","","0.54%"
"06/24/2025","99.7760","100.2335","100.5150","99.6645","","-0.46%"
"06/23/2025","100.2335","99.3980","100.2770","99.1775","","0.47%"
"06/20/2025","99.7615","99.8230","100.0750","99.5695","","-0.06%"
"06/19/2025","99.8230","99.2520","99.8710","98.9695","","0.60%"
"06/18/2025","99.2305","99.0965","99.6615","99.0150","","0.14%"
"06/17/2025","99.0965","99.2975","99.9165","99.0450","","-0.16%"
"06/16/2025","99.2545","99.2830","99.7710","99.1900","","-0.22%"
"06/13/2025","99.4770","99.1195","99.6230","98.7345","","0.33%"
"06/12/2025","99.1450","98.2190","99.5565","98.1550","","0.98%"
"06/11/2025","98.1810","97.8110","98.2830","97.4855","","0.40%"
"06/10/2025","97.7940","97.8435","97.9615","97.4110","","-0.06%"
"06/09/2025","97.8520","97.7910","98.0290","97.5805","","0.10%"
"06/06/2025","97.7525","98.2335","98.3855","97.5200","","-0.49%"
"06/05/2025","98.2380","98.0475","98.5995","97.7770","","0.19%"
"06/04/2025","98.0475","97.4635","98.2015","97.4260","","0.60%"
"06/03/2025","97.4590","97.6525","97.7780","97.3745","","-0.21%"
"06/02/2025","97.6610","97.0105","97.7385","96.9850","","0.63%"
"05/30/2025","97.0530","97.0825","97.2635","96.7530","","-0.09%"
"05/29/2025","97.1380","96.4830","97.2490","95.7485","","0.71%"
"05/28/2025","96.4575","96.6655","96.9845","96.3680","","-0.22%"
"05/27/2025","96.6695","96.8975","97.2430","96.6140","","-0.24%"
"05/26/2025","96.8975","96.8335","97.2890","96.6720","","0.07%"
"05/23/2025","96.8290","97.0060","97.3610","96.4515","","-0.18%"
"05/22/2025","97.0060","97.0015","97.4405","96.7865","","0.01%"
"05/21/2025","96.9935","96.5150","97.2670","96.4885","","0.50%"
"05/20/2025","96.5150","95.9615","96.5450","95.8125","","0.53%"
"05/19/2025","96.0080","95.5080","96.4565","95.4995","","0.59%"
"05/16/2025","95.4475","95.7125","96.0905","95.1660","","-0.28%"
"05/15/2025","95.7170","95.4460","96.1335","95.3945","","0.30%"
"05/14/2025","95.4290","95.3795","96.0745","95.0635","","0.05%"
"05/13/2025","95.3835","94.1030","95.4645","93.9870","","1.35%"
"05/12/2025","94.1155","95.8155","96.0290","93.9250","","-2.03%"
"05/09/2025","96.0675","96.0395","96.4410","95.9065","","0.03%"
"05/08/2025","96.0395","95.7355","96.8660","95.6525","","0.29%"
"05/07/2025","95.7650","95.8505","96.4855","95.4755","","-0.10%"
"05/06/2025","95.8590","95.3750","95.9515","95.0800","","0.51%"
"05/05/2025","95.3750","95.5360","95.8445","95.2315","","-0.11%"
"05/02/2025","95.4815","95.5230","96.1200","94.7180","","-0.04%"
"05/01/2025","95.5230","95.8375","95.9805","95.2990","","-0.33%"
"04/30/2025","95.8375","96.9525","97.0835","95.7405","","-1.15%"
"04/29/2025","96.9525","97.2730","97.3320","96.7625","","-0.33%"
"04/28/2025","97.2730","97.0700","97.2980","96.3945","","0.24%"
"04/25/2025","97.0400","97.1815","97.2315","96.3235","","-0.15%"
"04/24/2025","97.1815","96.5735","97.2665","96.5610","","0.63%"
"04/23/2025","96.5735","97.2925","97.7825","96.3215","","-0.73%"
"04/22/2025","97.2795","98.0805","98.2875","97.2500","","-0.78%"
"04/21/2025","98.0480","97.3180","98.5045","97.3140","","0.76%"
"04/18/2025","97.3120","97.0630","97.4115","97.0160","","0.30%"
"04/17/2025","97.0170","97.5580","97.6860","96.8100","","-0.55%"
"04/16/2025","97.5520","96.7050","97.7120","96.6835","","0.93%"
"04/15/2025","96.6570","97.6605","97.7725","96.5425","","-0.99%"
"04/14/2025","97.6250","97.3025","98.3540","97.2330","","-0.29%"
"04/11/2025","97.9120","96.5565","98.7925","96.4490","","1.46%"
"04/10/2025","96.5070","94.9055","96.9015","94.5355","","1.70%"
"04/09/2025","94.8900","94.5170","96.1575","94.4435","","0.43%"
"04/08/2025","94.4850","93.6495","94.6855","93.6495","","0.93%"
"04/07/2025","93.6150","93.1930","94.7575","93.0820","","-0.06%"
"04/04/2025","93.6670","94.2455","94.6750","93.4325","","-0.56%"
"04/03/2025","94.1980","92.7765","95.1085","92.3450","","1.55%"
"04/02/2025","92.7560","92.3710","93.3705","92.1920","","0.43%"
"04/01/2025","92.3560","92.4460","92.6815","92.2780","","-0.08%"
"03/31/2025","92.4310","92.5700","92.7800","92.1670","","-0.19%"
"03/28/2025","92.6080","92.5145","92.7395","92.0070","","0.12%"
"03/27/2025","92.5000","92.1065","92.6975","91.9265","","0.47%"
"03/26/2025","92.0640","92.3825","92.6640","92.0250","","-0.31%"
"03/25/2025","92.3530","92.4285","92.8315","92.3485","","-0.06%"
"03/24/2025","92.4050","92.9475","93.2230","92.2630","","-0.63%"
"03/21/2025","92.9900","93.6895","93.7565","92.8945","","-0.72%"
"03/20/2025","93.6660","94.1145","94.3055","93.4000","","-0.45%"
"03/19/2025","94.0870","94.6965","94.8245","93.7480","","-0.61%"
"03/18/2025","94.6680","94.7025","94.8645","94.3090","","-0.01%"
"03/17/2025","94.6740","94.5710","94.7855","94.3645","","0.10%"
"03/14/2025","94.5830","94.3350","94.8575","94.1490","","0.30%"
"03/13/2025","94.3010","94.8995","95.0140","94.2055","","-0.60%"
"03/12/2025","94.8710","95.2220","95.3220","94.8170","","-0.32%"
"03/11/2025","95.1790","94.5810","95.4660","94.5375","","0.66%"
"03/10/2025","94.5530","94.3835","94.9445","94.3110","","0.22%"
"03/07/2025","94.3470","93.8625","94.8150","93.8365","","0.56%"
"03/06/2025","93.8240","93.7590","94.4555","93.6970","","0.10%"
"03/05/2025","93.7260","92.7505","93.8200","92.4290","","1.11%"
"03/04/2025","92.7000","91.5245","92.7640","91.4240","","1.31%"
"03/03/2025","91.5010","90.8125","91.6745","90.7575","","0.83%"
"02/28/2025","90.7460","90.8250","91.0990","90.5670","","-0.06%"
"02/27/2025","90.7970","91.3625","91.5540","90.8075","","-0.57%"
"02/26/2025","91.3210","91.6145","91.7505","91.2455","","-0.30%"
"02/25/2025","91.6000","90.7260","91.6755","90.6700","","0.99%"
"02/24/2025","90.6980","90.8690","91.1925","90.5960","","0.18%"
"02/21/2025","90.5370","90.9265","91.0245","90.4795","","-0.39%"
"02/20/2025","90.8890","90.5630","90.9525","90.3040","","0.38%"
"02/19/2025","90.5480","90.7440","90.9000","90.3800","","-0.20%"
"02/18/2025","90.7330","91.0440","91.0890","90.6745","","-0.29%"
"02/17/2025","90.9930","90.8660","91.1510","90.8055","","0.13%"
"02/14/2025","90.8730","90.7270","91.0915","90.6495","","0.18%"
"02/13/2025","90.7120","90.2730","90.7535","89.9385","","0.55%"
"02/12/2025","90.2200","89.9275","90.6470","89.4650","","0.34%"
"02/11/2025","89.9130","90.1660","90.2015","89.2530","","-0.26%"
"02/10/2025","90.1460","90.4945","90.6940","90.1090","","-0.38%"
"02/07/2025","90.4920","90.9440","91.1175","90.3280","","-0.47%"
"02/06/2025","90.9170","90.8520","91.0570","90.6710","","0.08%"
"02/05/2025","90.8470","90.3630","91.2485","90.3235","","0.55%"
"02/04/2025","90.3530","89.9665","90.4665","89.4875","","0.45%"
"02/03/2025","89.9510","89.0540","90.0140","88.3875","","0.31%"
"01/31/2025","89.6690","89.9530","90.3265","89.5905","","-0.28%"
"01/30/2025","89.9200","90.2830","90.6225","89.9140","","-0.39%"
"01/29/2025","90.2680","90.3165","90.4350","89.8815","","-0.02%"
"01/28/2025","90.2900","90.6130","90.6305","90.0605","","-0.33%"
"01/27/2025","90.5900","90.4000","90.9100","90.1970","","0.15%"
"01/24/2025","90.4500","90.0405","90.7190","90.0100","","0.48%"
"01/23/2025","90.0170","89.9870","90.2365","89.6890","","0.05%"
"01/22/2025","89.9690","90.1655","90.3085","89.8455","","-0.21%"
"01/21/2025","90.1610","89.8045","90.2730","89.2585","","0.43%"
"01/20/2025","89.7780","88.9655","89.9825","88.8790","","0.97%"
"01/17/2025","88.9170","89.1995","89.4085","88.9030","","-0.26%"
"01/16/2025","89.1500","88.8825","89.3250","88.8415","","0.31%"
"01/15/2025","88.8760","89.1950","89.4830","88.6340","","-0.34%"
"01/14/2025","89.1810","88.7735","89.2255","88.6250","","0.47%"
"01/13/2025","88.7600","88.2725","88.8155","88.0725","","0.56%"
"01/10/2025","88.2670","88.4855","88.7010","88.0090","","-0.21%"
"01/09/2025","88.4500","88.6630","88.6890","88.3570","","-0.22%"
"01/08/2025","88.6490","88.7255","88.9160","88.2820","","-0.07%"
"01/07/2025","88.7120","89.0610","89.4720","88.6665","","-0.37%"
"01/06/2025","89.0420","88.3645","89.3925","88.2960","","0.72%"
"01/03/2025","88.4020","88.0385","88.4510","87.9830","","0.43%"
"01/02/2025","88.0240","88.6780","88.9830","87.6870","","-0.75%"
"01/01/2025","88.6850","88.6070","88.7335","88.5770","","0.13%"
"12/31/2024","88.5740","88.9815","89.2470","88.5260","","-0.43%"
"12/30/2024","88.9530","89.0905","89.3960","88.6820","","-0.09%"
"12/27/2024","89.0340","88.8655","89.3750","88.7370","","0.20%"
"12/26/2024","88.8520","88.6280","88.9250","88.5470","","0.24%"
"12/25/2024","88.6400","88.5710","88.7390","88.5620","","0.09%"
"12/24/2024","88.5570","88.5465","88.6675","88.4250","","0.02%"
"12/23/2024","88.5410","88.5625","88.8630","88.3870","","-0.06%"
"12/20/2024","88.5910","88.2050","88.7610","88.0055","","0.48%"
"12/19/2024","88.1680","87.8910","88.6880","87.8400","","0.36%"
"12/18/2024","87.8540","89.0760","89.2935","87.8150","","-1.35%"
"12/17/2024","89.0540","89.2610","89.4410","88.9690","","-0.18%"
"12/16/2024","89.2190","89.0245","89.3545","88.9135","","0.20%"
"12/13/2024","89.0380","88.8000","89.2495","88.6570","","0.28%"
"12/12/2024","88.7860","89.0255","89.3755","88.7805","","-0.21%"
"12/11/2024","88.9750","89.3630","89.4770","88.8935","","-0.41%"
"12/10/2024","89.3450","89.5620","89.6805","89.1165","","-0.19%"
"12/09/2024","89.5120","89.4440","89.8925","89.2380","","0.04%"
"12/06/2024","89.4770","89.6800","89.9970","89.2965","","-0.19%"
"12/05/2024","89.6460","89.0495","89.7010","89.0050","","0.71%"
"12/04/2024","89.0120","88.9995","89.3450","88.7635","","0.03%"
"12/03/2024","88.9860","88.9710","89.2395","88.8190","","0.04%"
"12/02/2024","88.9520","89.4435","89.5450","88.6375","","-0.52%"
"11/29/2024","89.4210","89.1645","89.5535","89.1085","","0.34%"
"11/28/2024","89.1150","89.2025","89.2360","88.9495","","-0.06%"
"11/27/2024","89.1710","88.4390","89.3840","88.3905","","0.84%"
"11/26/2024","88.4250","88.4330","88.9105","87.9070","","0.00%"
"11/25/2024","88.4220","88.3995","88.7285","88.0525","","0.51%"
"11/22/2024","87.9720","88.5095","88.7135","87.3245","","-0.59%"
"11/21/2024","88.4920","88.9565","89.1290","88.4140","","-0.50%"
"11/20/2024","88.9410","89.4130","89.5525","88.6515","","-0.53%"
"11/19/2024","89.4110","89.4625","89.4865","88.8465","","-0.03%"
"11/18/2024","89.4370","88.9460","89.5380","88.8570","","0.50%"
"11/15/2024","88.9910","88.9595","89.4310","88.7910","","0.06%"
"11/14/2024","88.9370","89.1825","89.3635","88.6730","","-0.26%"
"11/13/2024","89.1690","89.6475","89.9120","89.1005","","-0.52%"
"11/12/2024","89.6370","89.9185","90.0215","89.3975","","-0.29%"
"11/11/2024","89.8970","90.4220","90.5460","89.7015","","-0.62%"
"11/08/2024","90.4550","91.0885","91.1105","90.1645","","-0.68%"
"11/07/2024","91.0700","90.4670","91.2420","90.3165","","0.69%"
"11/06/2024","90.4480","91.9450","92.0030","90.0895","","-1.61%"
"11/05/2024","91.9310","91.5525","91.9980","91.4665","","0.46%"
"11/04/2024","91.5080","91.4255","91.8000","91.3885","","0.47%"
"11/01/2024","91.0840","91.5135","91.6500","91.0630","","-0.44%"
"10/31/2024","91.4840","91.2880","91.5790","91.1735","","0.23%"
"10/30/2024","91.2770","90.9455","91.4185","90.8835","","0.39%"
"10/29/2024","90.9250","90.9010","91.0415","90.5230","","0.04%"
"10/28/2024","90.8860","90.8030","91.0290","90.6425","","0.13%"
"10/25/2024","90.7640","91.0175","91.1420","90.7600","","-0.26%"
"10/24/2024","91.0010","90.6670","91.0385","90.5355","","0.42%"
"10/23/2024","90.6210","90.7980","90.8755","90.4810","","-0.16%"
"10/22/2024","90.7700","90.9365","91.1420","90.7430","","-0.17%"
"10/21/2024","90.9220","91.3085","91.4050","90.8990","","-0.46%"
"10/18/2024","91.3450","91.0520","91.3805","90.9685","","0.36%"
"10/17/2024","91.0180","91.2845","91.3860","90.8745","","-0.27%"
"10/16/2024","91.2650","91.5390","91.6000","91.2130","","-0.28%"
"10/15/2024","91.5200","91.7145","91.7855","91.4630","","-0.18%"
"10/14/2024","91.6850","91.9530","91.9660","91.5420","","-0.32%"
"10/11/2024","91.9810","91.7825","92.1220","91.7625","","0.21%"
"10/10/2024","91.7880","91.8440","91.9935","91.5015","","-0.05%"
"10/09/2024","91.8330","92.2060","92.2145","91.8140","","-0.37%"
"10/08/2024","92.1720","92.1875","92.3415","92.0425","","0.01%"
"10/07/2024","92.1600","92.2290","92.2920","91.9745","","-0.07%"
"10/04/2024","92.2240","92.6685","92.7195","91.9955","","-0.45%"
"10/03/2024","92.6410","92.7005","92.7950","92.4990","","-0.05%"
"10/02/2024","92.6900","92.8675","93.0765","92.6295","","-0.18%"
"10/01/2024","92.8610","93.2920","93.4140","92.7135","","-0.42%"
"09/30/2024","93.2530","93.4230","93.9350","93.1115","","-0.21%"
"09/27/2024","93.4450","93.4670","93.7295","93.0810","","0.01%"
"09/26/2024","93.4320","93.0835","93.5760","93.0570","","0.40%"
"09/25/2024","93.0640","93.4715","93.7195","92.9980","","-0.43%"
"09/24/2024","93.4650","92.8340","93.4845","92.7495","","0.70%"
"09/23/2024","92.8190","93.1960","93.2800","92.5820","","-0.39%"
"09/20/2024","93.1860","93.3475","93.4200","92.9920","","-0.15%"
"09/19/2024","93.3280","93.0175","93.5615","92.6770","","0.35%"
"09/18/2024","93.0020","93.1110","93.6115","92.8290","","-0.07%"
"09/17/2024","93.0680","93.3505","93.3885","93.0820","","-0.28%"
"09/16/2024","93.3310","92.9275","93.3885","92.8945","","0.46%"
"09/13/2024","92.9050","92.9400","93.1475","92.8830","","-0.03%"
"09/12/2024","92.9330","92.4675","92.9525","92.4135","","0.52%"
"09/11/2024","92.4480","92.5335","92.8395","92.4125","","-0.06%"
"09/10/2024","92.5030","92.6450","92.8055","92.4955","","-0.11%"
"09/09/2024","92.6060","93.0625","93.1465","92.6280","","-0.51%"
"09/06/2024","93.0810","93.3110","93.6510","92.8970","","-0.21%"
"09/05/2024","93.2810","93.0515","93.3745","92.9920","","0.25%"
"09/04/2024","93.0440","92.7210","93.1675","92.6735","","0.36%"
"09/03/2024","92.7060","92.8770","92.9555","92.5745","","-0.17%"
"09/02/2024","92.8640","92.6535","92.9600","92.6030","","0.23%"
"08/30/2024","92.6480","92.9205","93.0580","92.6025","","-0.29%"
"08/29/2024","92.9140","93.3055","93.4590","92.7220","","-0.41%"
"08/28/2024","93.2970","93.8565","93.9255","93.1880","","-0.58%"
"08/27/2024","93.8450","93.5850","93.9105","93.5685","","0.29%"
"08/26/2024","93.5740","93.7710","93.8880","93.5495","","-0.22%"
"08/23/2024","93.7820","93.2785","93.8935","93.1630","","0.56%"
"08/22/2024","93.2630","93.5265","93.7475","93.1540","","-0.26%"
"08/21/2024","93.5070","93.2080","93.7235","93.1410","","0.31%"
"08/20/2024","93.2140","92.9630","93.2290","92.7400","","0.29%"
"08/19/2024","92.9480","92.4805","92.9715","92.4675","","0.48%"
"08/16/2024","92.5030","92.1140","92.5305","92.0815","","0.45%"
"08/15/2024","92.0910","92.4675","92.5085","91.9545","","-0.40%"
"08/14/2024","92.4570","92.2535","92.7375","92.1735","","0.25%"
"08/13/2024","92.2250","91.7590","92.3080","91.6270","","0.52%"
"08/12/2024","91.7440","91.6315","91.8325","91.5935","","0.12%"
"08/09/2024","91.6340","91.7155","91.7880","91.5775","","-0.07%"
"08/08/2024","91.7000","91.6495","91.9090","91.3775","","0.10%"
"08/07/2024","91.6110","91.7590","91.7855","91.5245","","-0.14%"
"08/06/2024","91.7350","92.0555","92.1350","91.4905","","-0.31%"
"08/05/2024","92.0170","91.5290","92.6365","91.3050","","0.65%"
"08/02/2024","91.4190","90.3255","91.5480","90.3005","","1.20%"
"08/01/2024","90.3310","90.6270","90.6890","90.2150","","-0.30%"
"07/31/2024","90.6040","90.5580","90.7945","90.3980","","0.07%"
"07/30/2024","90.5430","90.6335","90.7470","90.3900","","-0.07%"
"07/29/2024","90.6070","90.9645","91.0050","90.4575","","-0.29%"
"07/26/2024","90.8680","90.8270","90.9980","90.7515","","0.09%"
"07/25/2024","90.7860","90.7570","91.0360","90.6245","","0.07%"
"07/24/2024","90.7250","90.8315","90.9775","90.5980","","-0.08%"
"07/23/2024","90.7970","91.1220","91.1530","90.7440","","-0.33%"
"07/22/2024","91.0960","91.1055","91.2940","90.9585","","0.03%"
"07/19/2024","91.0670","91.0795","91.2085","90.9610","","0.01%"
"07/18/2024","91.0600","91.4305","91.5140","91.0545","","-0.38%"
"07/17/2024","91.4110","91.0430","91.4920","91.0100","","0.43%"
"07/16/2024","91.0160","91.0380","91.1770","90.8520","","0.00%"
"07/15/2024","91.0200","90.9345","91.3180","90.8875","","-0.06%"
"07/12/2024","91.0790","90.7605","91.1695","90.7075","","0.36%"
"07/11/2024","90.7560","90.4560","91.0235","90.4230","","0.35%"
"07/10/2024","90.4410","90.2850","90.4645","90.2460","","0.22%"
"07/09/2024","90.2420","90.4330","90.4540","90.2130","","-0.14%"
"07/08/2024","90.3640","90.2615","90.5565","90.2035","","-0.13%"
"07/05/2024","90.4810","90.2825","90.5540","90.2405","","0.26%"
"07/04/2024","90.2450","90.1080","90.3275","90.0530","","0.19%"
"07/03/2024","90.0760","89.7145","90.2825","89.6545","","0.41%"
"07/02/2024","89.7120","89.6505","89.7565","89.4125","","0.13%"
"07/01/2024","89.5960","89.4410","89.9060","89.4330","","0.33%"
"06/28/2024","89.2980","89.3125","89.4140","89.1120","","0.00%"
"06/27/2024","89.2950","89.2525","89.5225","89.1555","","0.07%"
"06/26/2024","89.2340","89.3835","89.4595","89.1245","","-0.13%"
"06/25/2024","89.3500","89.6025","89.6590","89.1715","","-0.23%"
"06/24/2024","89.5590","89.3120","89.6685","89.2335","","0.25%"
"06/21/2024","89.3320","89.5005","89.6525","89.1700","","-0.16%"
"06/20/2024","89.4730","89.6805","89.7645","89.4930","","-0.21%"
"06/19/2024","89.6610","89.5125","89.7430","89.4400","","0.20%"
"06/18/2024","89.4800","89.6440","89.7185","89.3330","","-0.17%"
"06/17/2024","89.6290","89.4170","89.7310","89.2560","","0.26%"
"06/14/2024","89.3950","89.7075","89.7875","89.1140","","-0.32%"
"06/13/2024","89.6800","90.1905","90.3745","89.6620","","-0.54%"
"06/12/2024","90.1630","89.8300","90.5815","89.6870","","0.43%"
"06/11/2024","89.7780","89.9035","89.9950","89.5880","","-0.10%"
"06/10/2024","89.8710","90.1830","90.1870","89.6260","","-0.37%"
"06/07/2024","90.2030","90.9125","90.9900","90.1605","","-0.74%"
"06/06/2024","90.8770","90.6245","91.0320","90.6165","","0.31%"
"06/05/2024","90.5990","90.8995","90.9910","90.4950","","-0.28%"
"06/04/2024","90.8570","90.6195","91.0595","90.5895","","0.31%"
"06/03/2024","90.5770","90.5530","90.6365","89.9995","","0.15%"
"05/31/2024","90.4400","90.2400","90.7435","90.0420","","0.27%"
"05/30/2024","90.1920","90.0510","90.3495","89.9705","","0.21%"
"05/29/2024","90.0070","90.3085","90.5565","90.0305","","-0.29%"
"05/28/2024","90.2700","90.2705","90.5970","90.2205","","0.04%"
"05/27/2024","90.2320","90.1545","90.3560","90.0600","","0.17%"
"05/24/2024","90.0790","90.0305","90.2280","89.8270","","0.08%"
"05/23/2024","90.0070","90.0850","90.4215","89.9475","","-0.05%"
"05/22/2024","90.0520","90.3760","90.4960","90.0355","","-0.32%"
"05/21/2024","90.3430","90.4610","90.6175","90.2975","","-0.06%"
"05/20/2024","90.4000","90.5215","90.6550","90.4105","","-0.14%"
"05/17/2024","90.5250","90.6930","90.7730","90.3000","","-0.16%"
"05/16/2024","90.6680","90.8030","90.8950","90.6080","","-0.11%"
"05/15/2024","90.7680","90.3285","90.8225","90.2990","","0.51%"
"05/14/2024","90.3110","90.0475","90.4030","89.9155","","0.30%"
"05/13/2024","90.0370","90.0080","90.2425","89.9150","","0.08%"
"05/10/2024","89.9650","89.9755","90.1305","89.8515","","0.01%"
"05/09/2024","89.9580","89.7070","90.0005","89.5360","","0.30%"
"05/08/2024","89.6880","89.7605","89.8240","89.6315","","-0.06%"
"05/07/2024","89.7420","89.9240","90.0565","89.7160","","-0.17%"
"05/06/2024","89.8910","89.7350","90.1170","89.6720","","0.22%"
"05/03/2024","89.6960","89.5300","90.1165","89.4260","","0.24%"
"05/02/2024","89.4840","89.4020","89.5635","89.0990","","0.12%"
"05/01/2024","89.3810","89.0140","89.5895","88.9135","","0.44%"
"04/30/2024","88.9910","89.4650","89.5920","89.0020","","-0.47%"
"04/29/2024","89.4070","89.2020","89.5675","89.1770","","0.27%"
"04/26/2024","89.1690","89.4140","89.6070","89.0050","","-0.24%"
"04/25/2024","89.3830","89.1495","89.4760","88.9900","","0.29%"
"04/24/2024","89.1270","89.1360","89.2475","88.9625","","0.04%"
"04/23/2024","89.0900","88.8305","89.2250","88.6880","","0.33%"
"04/22/2024","88.7950","88.8560","89.0250","88.5730","","-0.02%"
"04/19/2024","88.8100","88.9240","89.0735","88.7070","","-0.10%"
"04/18/2024","88.9010","89.2920","89.3045","88.8950","","-0.41%"
"04/17/2024","89.2630","88.8475","89.3505","88.7850","","0.52%"
"04/16/2024","88.7970","88.7230","89.0895","88.5135","","0.14%"
"04/15/2024","88.6770","88.8880","89.0430","88.6725","","-0.25%"
"04/12/2024","88.9030","89.3880","89.4515","88.7630","","-0.51%"
"04/11/2024","89.3560","89.6010","89.6535","89.1780","","-0.23%"
"04/10/2024","89.5600","90.3225","90.4285","89.4455","","-0.81%"
"04/09/2024","90.2940","90.4390","90.5645","90.2390","","-0.12%"
"04/08/2024","90.4060","90.3445","90.4550","90.1270","","0.18%"
"04/05/2024","90.2480","90.3345","90.4720","89.9560","","-0.06%"
"04/04/2024","90.2990","90.4670","90.7195","90.2965","","-0.20%"
"04/03/2024","90.4760","89.7840","90.5045","89.7130","","0.84%"
"04/02/2024","89.7210","89.5875","89.8550","89.3810","","0.19%"
"04/01/2024","89.5540","89.9340","90.0300","89.4790","","-0.43%"
"03/29/2024","89.9430","89.9665","90.0880","89.7600","","0.03%"
"03/28/2024","89.9120","90.2160","90.2820","89.8365","","-0.29%"
"03/27/2024","90.1740","90.2585","90.3965","90.0785","","-0.06%"
"03/26/2024","90.2240","90.4010","90.5060","90.1870","","-0.17%"
"03/25/2024","90.3780","90.3410","90.4660","90.2045","","0.08%"
"03/22/2024","90.3100","90.3565","90.5875","90.0690","","-0.02%"
"03/21/2024","90.3270","90.8550","90.9615","90.3115","","-0.56%"
"03/20/2024","90.8330","90.2085","90.8845","90.0910","","0.72%"
"03/19/2024","90.1870","90.1645","90.2480","89.9555","","0.07%"
"03/18/2024","90.1210","90.2900","90.4260","90.0980","","-0.13%"
"03/15/2024","90.2350","90.2665","90.3640","90.1275","","0.02%"
"03/14/2024","90.2200","90.6835","90.7480","90.2340","","-0.47%"
"03/13/2024","90.6460","90.4605","90.8285","90.4255","","0.23%"
"03/12/2024","90.4350","90.3835","90.5840","90.2470","","0.06%"
"03/11/2024","90.3800","90.5550","90.6070","90.2855","","-0.11%"
"03/08/2024","90.4820","90.5400","90.7925","90.3280","","-0.02%"
"03/07/2024","90.5020","90.2325","90.5680","89.8965","","0.33%"
"03/06/2024","90.2050","90.0000","90.3950","89.8740","","0.25%"
"03/05/2024","89.9780","90.0140","90.1630","89.8610","","-0.01%"
"03/04/2024","89.9870","89.8260","90.0960","89.7925","","0.24%"
"03/01/2024","89.7750","89.5720","89.8595","89.4790","","0.24%"
"02/29/2024","89.5570","89.8575","90.0140","89.4850","","-0.30%"
"02/28/2024","89.8300","89.9020","89.9705","89.5285","","-0.05%"
"02/27/2024","89.8720","89.9095","90.0770","89.7810","","-0.01%"
"02/26/2024","89.8800","89.7330","90.0080","89.6115","","0.27%"
"02/23/2024","89.6370","89.6680","89.8755","89.6030","","-0.02%"
"02/22/2024","89.6540","89.7025","90.2565","89.5280","","-0.06%"
"02/21/2024","89.7050","89.5850","89.7630","89.4865","","0.18%"
"02/20/2024","89.5460","89.4990","89.8910","89.3135","","0.08%"
"02/19/2024","89.4770","89.4645","89.5810","89.3445","","0.04%"
"02/16/2024","89.4380","89.4060","89.5675","89.0840","","0.06%"
"02/15/2024","89.3860","89.0760","89.5430","89.0065","","0.35%"
"02/14/2024","89.0710","88.9950","89.1365","88.8030","","0.11%"
"02/13/2024","88.9690","89.3725","89.6105","88.9025","","-0.44%"
"02/12/2024","89.3590","89.4880","89.6905","89.2625","","-0.15%"
"02/09/2024","89.4910","89.4470","89.6275","89.3410","","0.08%"
"02/08/2024","89.4170","89.3885","89.5525","89.1415","","0.05%"
"02/07/2024","89.3750","89.3390","89.4980","89.2395","","0.06%"
"02/06/2024","89.3250","89.2110","89.3900","89.0495","","0.16%"
"02/05/2024","89.1810","89.5120","89.5790","89.0735","","-0.36%"
"02/02/2024","89.5060","90.1850","90.3745","89.4960","","-0.73%"
"02/01/2024","90.1630","89.8790","90.2310","89.4405","","0.32%"
"01/31/2024","89.8760","90.1490","90.4035","89.6625","","-0.29%"
"01/30/2024","90.1350","90.0645","90.2425","89.8585","","0.08%"
"01/29/2024","90.0590","90.1645","90.2255","89.7395","","-0.15%"
"01/26/2024","90.1960","90.1830","90.4745","89.8970","","0.02%"
"01/25/2024","90.1780","90.4925","90.6265","89.9345","","-0.32%"
"01/24/2024","90.4700","90.2605","90.8320","90.1815","","0.31%"
"01/23/2024","90.1930","90.4430","90.7115","89.9565","","-0.25%"
"01/22/2024","90.4210","90.5070","90.6995","90.4100","","-0.13%"
"01/19/2024","90.5390","90.4515","90.5650","90.3120","","0.12%"
"01/18/2024","90.4340","90.5430","90.6900","90.2015","","-0.08%"
"01/17/2024","90.5100","90.3510","90.5365","90.1985","","0.18%"
"01/16/2024","90.3460","90.7010","90.7175","90.2420","","-0.37%"
"01/15/2024","90.6790","90.7710","90.8850","90.6015","","-0.05%"
"01/12/2024","90.7200","91.1420","91.2805","90.6595","","-0.44%"
"01/11/2024","91.1200","91.1070","91.2670","90.7975","","0.04%"
"01/10/2024","91.0850","90.8560","91.1410","90.7280","","0.28%"
"01/09/2024","90.8300","90.9480","91.1055","90.6825","","-0.08%"
"01/08/2024","90.9000","90.9965","91.1840","90.7890","","-0.03%"
"01/05/2024","90.9230","91.1315","91.3850","90.4980","","-0.19%"
"01/04/2024","91.0930","90.9655","91.3380","90.9125","","0.16%"
"01/03/2024","90.9520","91.1780","91.3660","90.7360","","-0.16%"
"01/02/2024","91.0970","91.9370","92.0110","91.0820","","-0.90%"
"01/01/2024","91.9270","91.8720","91.9620","91.7725","","0.13%"
"12/29/2023","91.8080","91.9990","92.2150","91.8180","","-0.18%"
"12/28/2023","91.9770","92.4690","92.6650","91.9360","","-0.51%"
"12/27/2023","92.4460","91.8370","92.6360","91.7380","","0.68%"
"12/26/2023","91.8230","91.5610","91.8690","91.5565","","0.31%"
"12/25/2023","91.5390","91.6520","91.6770","91.4565","","-0.03%"
"12/22/2023","91.5660","91.6240","91.7920","91.4385","","-0.04%"
"12/21/2023","91.6020","90.9925","91.6625","90.9595","","0.73%"
"12/20/2023","90.9370","91.2600","91.3090","90.8965","","-0.34%"
"12/19/2023","91.2500","90.8320","91.3200","90.7220","","0.48%"
"12/18/2023","90.8100","90.5220","90.8770","90.4190","","0.41%"
"12/15/2023","90.4420","91.5930","91.6840","90.4020","","-1.22%"
"12/14/2023","91.5630","90.6400","91.6865","90.6235","","1.03%"
"12/13/2023","90.6260","90.0210","90.8360","89.8410","","0.69%"
"12/12/2023","90.0010","89.7150","90.2870","89.6715","","0.32%"
"12/11/2023","89.7100","89.7870","89.9140","89.5565","","-0.07%"
"12/08/2023","89.7740","89.9740","90.0360","89.4830","","-0.19%"
"12/07/2023","89.9440","89.7460","90.1650","89.6460","","0.29%"
"12/06/2023","89.6820","89.9575","90.0545","89.6535","","-0.29%"
"12/05/2023","89.9440","90.4060","90.4645","89.8360","","-0.50%"
"12/04/2023","90.4000","90.6510","90.7275","90.1365","","-0.23%"
"12/01/2023","90.6040","90.7870","90.9695","90.2135","","-0.14%"
"11/30/2023","90.7340","91.4510","91.5535","90.7080","","-0.75%"
"11/29/2023","91.4200","91.6130","91.8295","91.3210","","-0.19%"
"11/28/2023","91.5910","91.2850","91.7700","91.1370","","0.35%"
"11/27/2023","91.2710","91.1545","91.4040","91.0520","","0.12%"
"11/24/2023","91.1660","90.8750","91.2675","90.7850","","0.36%"
"11/23/2023","90.8360","90.7130","91.1000","90.6755","","0.18%"
"11/22/2023","90.6750","90.9275","91.0195","90.4220","","-0.23%"
"11/21/2023","90.8810","91.1540","91.4080","90.7765","","-0.28%"
"11/20/2023","91.1320","90.8500","91.2815","90.7115","","0.37%"
"11/17/2023","90.7940","90.2455","90.8830","90.1295","","0.64%"
"11/16/2023","90.2200","90.2395","90.6780","90.0910","","-0.01%"
"11/15/2023","90.2260","90.2720","90.4775","90.0810","","-0.04%"
"11/14/2023","90.2660","89.0255","90.3225","88.9605","","1.46%"
"11/13/2023","88.9690","89.0130","89.1780","88.7930","","-0.01%"
"11/10/2023","88.9820","88.8815","89.0870","88.7750","","0.13%"
"11/09/2023","88.8640","89.1015","89.3210","88.7775","","-0.26%"
"11/08/2023","89.0960","89.0530","89.2105","88.7485","","0.05%"
"11/07/2023","89.0480","89.1900","89.2485","88.7825","","-0.15%"
"11/06/2023","89.1850","89.2115","89.5220","89.1275","","-0.02%"
"11/03/2023","89.2010","88.4490","89.3730","88.3600","","0.91%"
"11/02/2023","88.3950","88.0025","88.7615","87.9775","","0.49%"
"11/01/2023","87.9650","88.0640","88.1205","87.5655","","-0.10%"
"10/31/2023","88.0520","88.3835","88.8850","87.9095","","-0.34%"
"10/30/2023","88.3530","87.9855","88.4975","87.7830","","0.45%"
"10/27/2023","87.9610","87.8950","88.2665","87.6865","","0.06%"
"10/26/2023","87.9050","87.8840","87.9570","87.5915","","0.10%"
"10/25/2023","87.8210","87.9210","88.1790","87.8280","","-0.08%"
"10/24/2023","87.8910","88.6580","88.7800","87.8450","","-0.82%"
"10/23/2023","88.6200","88.0995","88.7370","87.8950","","0.61%"
"10/20/2023","88.0810","87.9320","88.1870","87.7485","","0.18%"
"10/19/2023","87.9250","87.7565","88.2355","87.6495","","0.20%"
"10/18/2023","87.7460","88.0370","88.2100","87.6305","","-0.32%"
"10/17/2023","88.0260","87.8585","88.2095","87.6610","","0.22%"
"10/16/2023","87.8320","87.5045","87.8875","87.5045","","0.39%"
"10/13/2023","87.4930","87.6885","87.9130","87.3710","","-0.20%"
"10/12/2023","87.6710","88.3380","88.5125","87.6405","","-0.70%"
"10/11/2023","88.2910","88.2225","88.4260","87.9800","","0.13%"
"10/10/2023","88.1770","88.0025","88.3610","87.8520","","0.25%"
"10/09/2023","87.9580","87.8050","88.0525","87.5490","","-0.04%"
"10/06/2023","87.9890","87.7865","88.1395","87.2975","","0.26%"
"10/05/2023","87.7590","87.4930","87.8070","87.4050","","0.37%"
"10/04/2023","87.4370","87.1330","87.6820","86.9985","","0.41%"
"10/03/2023","87.0830","87.1595","87.2965","86.9105","","-0.06%"
"10/02/2023","87.1330","87.7510","88.0915","87.1510","","-0.72%"
"09/29/2023","87.7630","87.8720","88.2095","87.7140","","-0.04%"
"09/28/2023","87.7980","87.3895","87.9535","87.2535","","0.52%"
"09/27/2023","87.3400","87.9920","88.0835","87.2650","","-0.72%"
"09/26/2023","87.9740","88.0650","88.3410","87.9300","","-0.07%"
"09/25/2023","88.0350","88.4100","88.5575","87.9225","","-0.39%"
"09/22/2023","88.3800","88.6135","88.6510","87.9755","","-0.21%"
"09/21/2023","88.5700","88.3980","88.7445","88.0375","","0.21%"
"09/20/2023","88.3840","88.9970","89.0745","88.3110","","-0.64%"
"09/19/2023","88.9500","89.0200","89.1925","88.8790","","-0.07%"
"09/18/2023","89.0160","88.5945","89.1240","88.5735","","0.54%"
"09/15/2023","88.5360","88.3360","88.8105","88.2815","","0.23%"
"09/14/2023","88.3310","88.9875","89.2120","88.2800","","-0.72%"
"09/13/2023","88.9710","89.1075","89.3005","88.9285","","-0.13%"
"09/12/2023","89.0890","89.1365","89.2795","88.7495","","-0.01%"
"09/11/2023","89.1010","88.9720","89.2050","88.8285","","0.33%"
"09/08/2023","88.8060","88.9465","89.2155","88.7250","","-0.18%"
"09/07/2023","88.9620","89.2665","89.2945","88.9045","","-0.32%"
"09/06/2023","89.2450","89.0370","89.3710","88.9940","","0.20%"
"09/05/2023","89.0690","89.3090","89.4190","88.9260","","-0.21%"
"09/04/2023","89.2580","89.1265","89.4035","89.0670","","0.20%"
"09/01/2023","89.0810","89.6570","89.9345","89.0730","","-0.64%"
"08/31/2023","89.6570","90.2660","90.4140","89.5965","","-0.65%"
"08/30/2023","90.2400","89.8650","90.4310","89.7365","","0.46%"
"08/29/2023","89.8240","89.3535","89.9725","89.2370","","0.53%"
"08/28/2023","89.3480","89.2860","89.4375","89.2000","","0.11%"
"08/25/2023","89.2480","89.2795","89.5540","89.0025","","-0.01%"
"08/24/2023","89.2610","89.6435","89.7825","89.2345","","-0.37%"
"08/23/2023","89.5960","90.0870","90.1980","89.2940","","-0.50%"
"08/22/2023","90.0490","90.5150","90.8080","89.9240","","-0.49%"
"08/21/2023","90.4930","90.4695","90.7170","90.3370","","0.16%"
"08/18/2023","90.3480","90.3900","90.5605","90.1120","","-0.03%"
"08/17/2023","90.3710","90.5125","90.6800","90.1795","","-0.17%"
"08/16/2023","90.5230","90.7895","91.0570","90.5130","","-0.23%"
"08/15/2023","90.7340","90.7165","91.2470","90.6675","","0.05%"
"08/14/2023","90.6890","90.7975","91.0535","90.5180","","0.00%"
"08/11/2023","90.6930","90.7510","91.1350","90.7105","","-0.01%"
"08/10/2023","90.7040","90.9515","91.4810","90.7055","","-0.22%"
"08/09/2023","90.9050","90.8040","91.1115","90.7635","","0.16%"
"08/08/2023","90.7570","91.0760","91.1835","90.6020","","-0.33%"
"08/07/2023","91.0580","91.1140","91.1465","90.7200","","0.05%"
"08/04/2023","91.0170","90.5840","91.3165","90.5500","","0.50%"
"08/03/2023","90.5620","90.4915","90.7285","90.2980","","0.10%"
"08/02/2023","90.4740","90.4395","90.8250","90.3915","","0.05%"
"08/01/2023","90.4260","90.4280","90.5345","90.1540","","-0.01%"
"07/31/2023","90.4310","90.6675","90.8780","90.4065","","-0.15%"
"07/28/2023","90.5710","90.1900","90.8655","90.0660","","0.47%"
"07/27/2023","90.1430","90.8140","91.3680","90.0870","","-0.75%"
"07/26/2023","90.8250","90.4740","91.0870","90.3640","","0.39%"
"07/25/2023","90.4690","90.5060","90.7055","90.2340","","-0.01%"
"07/24/2023","90.4760","91.2305","91.3170","90.4610","","-0.76%"
"07/21/2023","91.1700","91.3795","91.4530","91.1135","","-0.17%"
"07/20/2023","91.3270","91.9020","92.1425","91.2405","","-0.60%"
"07/19/2023","91.8800","92.1340","92.3095","91.6840","","-0.26%"
"07/18/2023","92.1210","92.1915","92.4915","91.9500","","-0.07%"
"07/17/2023","92.1880","92.2135","92.3630","91.9415","","0.08%"
"07/14/2023","92.1160","92.1135","92.4015","91.9705","","0.04%"
"07/13/2023","92.0820","91.2575","92.1295","91.2240","","0.94%"
"07/12/2023","91.2270","90.7045","91.3945","90.6135","","0.61%"
"07/11/2023","90.6780","90.7820","90.9185","90.4885","","-0.09%"
"07/10/2023","90.7640","90.6370","90.8145","90.4020","","0.18%"
"07/07/2023","90.5980","90.1115","90.6755","89.9055","","0.55%"
"07/06/2023","90.0990","89.4325","90.1615","89.2500","","0.76%"
"07/05/2023","89.4170","89.1750","89.6810","89.1530","","0.32%"
"07/04/2023","89.1330","89.4185","89.5015","89.1585","","-0.30%"
"07/03/2023","89.3970","89.5710","89.5995","89.0330","","-0.18%"
"06/30/2023","89.5610","89.1990","89.6935","88.8915","","0.41%"
"06/29/2023","89.1930","89.5195","89.7500","89.1600","","-0.33%"
"06/28/2023","89.4920","89.8915","89.9635","89.4110","","-0.39%"
"06/27/2023","89.8450","89.4350","89.9895","89.3840","","0.52%"
"06/26/2023","89.3800","89.3350","89.5955","89.2610","","0.13%"
"06/23/2023","89.2680","89.8035","89.8325","88.9555","","-0.57%"
"06/22/2023","89.7840","90.0235","90.2735","89.7100","","-0.23%"
"06/21/2023","89.9920","89.5330","90.1055","89.4585","","0.55%"
"06/20/2023","89.5030","89.4755","89.8825","89.3435","","0.05%"
"06/19/2023","89.4540","89.6315","89.6970","89.3440","","-0.15%"
"06/16/2023","89.5850","89.6405","89.8645","89.4315","","-0.04%"
"06/15/2023","89.6230","88.7625","89.7510","88.7485","","0.97%"
"06/14/2023","88.7600","88.7535","89.0310","88.5560","","0.03%"
"06/13/2023","88.7330","88.6375","89.0655","88.6330","","0.12%"
"06/12/2023","88.6270","88.6365","88.9730","88.4840","","0.03%"
"06/09/2023","88.5980","88.9680","89.0045","88.5505","","-0.37%"
"06/08/2023","88.9300","88.2775","89.0140","88.2490","","0.77%"
"06/07/2023","88.2500","88.2295","88.6140","88.0540","","0.02%"
"06/06/2023","88.2280","88.4170","88.7035","88.0895","","-0.19%"
"06/05/2023","88.3950","88.2775","88.5365","88.0920","","0.20%"
"06/02/2023","88.2150","88.5545","88.7290","88.1875","","-0.34%"
"06/01/2023","88.5180","88.3955","88.6335","87.9455","","0.17%"
"05/31/2023","88.3680","88.7790","88.7830","87.9315","","-0.40%"
"05/30/2023","88.7240","88.4585","88.8480","88.3010","","0.36%"
"05/29/2023","88.4080","88.5700","88.7415","88.4375","","-0.16%"
"05/26/2023","88.5480","88.7155","88.9015","88.3965","","-0.15%"
"05/25/2023","88.6820","88.8760","88.9375","88.6205","","-0.19%"
"05/24/2023","88.8540","89.2300","89.3250","88.8600","","-0.40%"
"05/23/2023","89.2080","89.5720","89.6290","89.1465","","-0.39%"
"05/22/2023","89.5580","89.6535","89.7905","89.4145","","0.04%"
"05/19/2023","89.5250","89.1030","89.7820","89.0080","","0.50%"
"05/18/2023","89.0810","89.3270","89.4335","89.0525","","-0.26%"
"05/17/2023","89.3130","89.3850","89.5280","89.0870","","-0.04%"
"05/16/2023","89.3470","89.4565","89.6680","89.3175","","-0.07%"
"05/15/2023","89.4080","89.2370","89.6165","89.1420","","0.30%"
"05/12/2023","89.1410","89.6080","89.8590","89.1670","","-0.51%"
"05/11/2023","89.6010","89.9620","90.1000","89.5115","","-0.36%"
"05/10/2023","89.9260","90.0175","90.2025","89.7380","","-0.06%"
"05/09/2023","89.9820","90.0070","90.2465","89.8510","","0.00%"
"05/08/2023","89.9800","90.1725","90.4120","89.9540","","-0.04%"
"05/05/2023","90.0170","89.9955","90.2850","89.6620","","0.05%"
"05/04/2023","89.9710","90.4490","90.6820","89.8335","","-0.49%"
"05/03/2023","90.4130","89.9430","90.6425","89.9430","","0.54%"
"05/02/2023","89.9250","89.7480","90.0600","89.5415","","0.20%"
"05/01/2023","89.7430","90.2100","90.2300","89.6555","","-0.35%"
"04/28/2023","90.0550","90.1235","90.3470","89.6570","","-0.03%"
"04/27/2023","90.0850","90.2795","90.4245","89.9320","","-0.17%"
"04/26/2023","90.2410","89.9595","90.7140","89.9105","","0.34%"
"04/25/2023","89.9320","90.5330","90.7050","89.9200","","-0.61%"
"04/24/2023","90.4810","90.1870","90.5740","89.9660","","0.39%"
"04/21/2023","90.1260","90.1075","90.2245","89.8225","","0.07%"
"04/20/2023","90.0610","90.1460","90.2340","89.8430","","-0.06%"
"04/19/2023","90.1130","90.0855","90.2100","89.7855","","0.08%"
"04/18/2023","90.0420","89.5825","90.1170","89.5365","","0.53%"
"04/17/2023","89.5710","89.9480","90.1175","89.4645","","-0.47%"
"04/14/2023","89.9940","90.1940","90.5040","89.8590","","-0.17%"
"04/13/2023","90.1500","90.0905","90.3870","89.9595","","0.13%"
"04/12/2023","90.0330","89.5470","90.1970","89.5425","","0.58%"
"04/11/2023","89.5140","89.0600","89.7235","89.0110","","0.57%"
"04/10/2023","89.0060","89.2625","89.4935","88.8455","","-0.22%"
"04/07/2023","89.2030","89.3855","89.4140","89.0295","","-0.17%"
"04/06/2023","89.3560","89.3610","89.5450","89.1505","","0.01%"
"04/05/2023","89.3500","89.9310","90.0910","89.2585","","-0.62%"
"04/04/2023","89.9050","89.5790","90.1150","89.4575","","0.41%"
"04/03/2023","89.5380","89.1465","89.7745","88.7435","","0.54%"
"03/31/2023","89.0530","89.5380","89.7000","89.0385","","-0.47%"
"03/30/2023","89.4750","89.1435","89.6840","88.9620","","0.41%"
"03/29/2023","89.1060","89.1455","89.4785","88.9710","","0.01%"
"03/28/2023","89.0990","88.7555","89.1825","88.7310","","0.42%"
"03/27/2023","88.7220","88.6505","88.8600","88.5175","","0.16%"
"03/24/2023","88.5830","89.0850","89.1710","88.3395","","-0.54%"
"03/23/2023","89.0620","89.5890","89.8430","88.9010","","-0.55%"
"03/22/2023","89.5590","89.0520","90.2165","88.9490","","0.60%"
"03/21/2023","89.0270","88.4930","89.1680","88.4110","","0.65%"
"03/20/2023","88.4510","88.2930","88.5905","87.8350","","0.49%"
"03/17/2023","88.0160","87.6570","88.1805","87.6240","","0.45%"
"03/16/2023","87.6190","87.6955","87.9460","87.3935","","-0.03%"
"03/15/2023","87.6460","88.2895","88.6405","87.1250","","-0.70%"
"03/14/2023","88.2650","88.2720","88.6030","87.9725","","0.04%"
"03/13/2023","88.2300","87.2640","88.4280","87.2640","","1.15%"
"03/10/2023","87.2300","86.7990","87.6290","86.7310","","0.52%"
"03/09/2023","86.7770","86.4215","86.8795","86.2780","","0.43%"
"03/08/2023","86.4080","86.5325","86.7005","86.2225","","-0.09%"
"03/07/2023","86.4850","87.3825","87.5285","86.4915","","-1.00%"
"03/06/2023","87.3570","86.7680","87.4815","86.7350","","0.59%"
"03/03/2023","86.8420","87.2795","87.4455","86.6145","","-0.48%"
"03/02/2023","87.2580","87.9375","87.9945","87.1265","","-0.76%"
"03/01/2023","87.9280","87.4055","88.1515","87.2600","","0.60%"
"02/28/2023","87.4000","87.6525","87.9295","87.3845","","-0.29%"
"02/27/2023","87.6580","87.4160","87.7925","87.3130","","0.27%"
"02/24/2023","87.4230","87.5495","87.7465","87.3005","","-0.09%"
"02/23/2023","87.5040","87.8345","88.0080","87.3805","","-0.35%"
"02/22/2023","87.8080","88.2180","88.3685","87.7815","","-0.44%"
"02/21/2023","88.1960","88.3950","88.5610","88.1170","","-0.16%"
"02/20/2023","88.3330","88.4595","88.5195","88.2590","","-0.18%"
"02/17/2023","88.4930","88.2900","88.5505","87.8925","","0.29%"
"02/16/2023","88.2350","88.4755","88.6535","88.2225","","-0.24%"
"02/15/2023","88.4510","89.0340","89.0880","88.2705","","-0.62%"
"02/14/2023","89.0040","88.5605","89.4620","88.5480","","0.52%"
"02/13/2023","88.5470","88.1230","88.6700","87.9945","","0.51%"
"02/10/2023","88.0960","88.6315","88.6675","87.9825","","-0.55%"
"02/09/2023","88.5840","88.5320","89.0395","88.5095","","0.08%"
"02/08/2023","88.5100","88.8860","88.9650","88.4990","","-0.41%"
"02/07/2023","88.8760","88.7660","89.2345","88.3960","","0.11%"
"02/06/2023","88.7800","88.7300","89.2195","88.6520","","0.06%"
"02/03/2023","88.7250","89.5020","89.7345","88.7420","","-0.87%"
"02/02/2023","89.5050","89.8515","90.4710","89.4385","","-0.34%"
"02/01/2023","89.8130","88.8335","89.9455","88.7140","","1.16%"
"01/31/2023","88.7850","88.4545","88.9085","88.4220","","0.44%"
"01/30/2023","88.4000","88.6435","88.9755","88.3610","","-0.20%"
"01/27/2023","88.5770","88.7100","88.8595","88.3800","","-0.09%"
"01/26/2023","88.6560","88.9935","89.0855","88.4250","","-0.33%"
"01/25/2023","88.9470","88.8325","89.1675","88.5585","80.56K","0.20%"
"01/24/2023","88.7660","88.5885","88.8770","88.4410","76.15K","0.24%"
"01/23/2023","88.5500","87.9485","88.9160","87.9405","77.85K","0.74%"
"01/20/2023","87.8980","88.0125","88.1325","87.6480","84.53K","-0.07%"
"01/19/2023","87.9590","87.8790","88.1970","87.6445","109.94K","0.08%"
"01/18/2023","87.8900","88.0840","88.3840","87.7595","117.48K","-0.20%"
"01/17/2023","88.0620","88.3675","88.7140","87.9575","115.90K","-0.26%"
"01/16/2023","88.2890","88.0640","88.4460","87.9465","73.00K","0.32%"
"01/13/2023","88.0100","87.9880","88.4130","87.7910","104.92K","0.04%"
"01/12/2023","87.9770","87.8225","88.2770","87.4340","102.05K","0.20%"
"01/11/2023","87.8010","87.6375","88.0650","87.4800","94.50K","0.24%"
"01/10/2023","87.5920","88.1380","88.3475","87.5225","100.37K","-0.64%"
"01/09/2023","88.1520","87.5160","88.3815","87.5075","92.22K","0.67%"
"01/06/2023","87.5680","86.9070","87.8640","86.7110","101.63K","0.81%"
"01/05/2023","86.8620","87.6600","87.9105","86.8285","87.73K","-0.83%"
"01/04/2023","87.5910","87.3155","88.0430","87.2535","96.93K","0.30%"
"01/03/2023","87.3270","88.2645","88.4380","87.2845","100.98K","-1.02%"
"01/02/2023","88.2230","88.5530","88.6030","88.1310","23.65K","-0.34%"
"12/30/2022","88.5240","88.2760","88.6525","88.0105","77.88K","0.34%"
"12/29/2022","88.2280","87.8120","88.5590","87.8040","65.13K","0.51%"
"12/28/2022","87.7830","88.1530","88.3810","87.7835","61.87K","-0.38%"
"12/27/2022","88.1150","87.9350","88.3940","87.8725","72.90K","0.25%"
"12/26/2022","87.8980","87.8485","88.0535","87.7750","21.93K","0.04%"
"12/23/2022","87.8630","87.9225","88.0885","87.7045","99.14K","-0.02%"
"12/22/2022","87.8800","87.9160","88.1965","87.7360","103.83K","0.00%"
"12/21/2022","87.8780","87.7730","88.1925","87.6700","92.83K","0.17%"
"12/20/2022","87.7290","87.6865","88.0965","87.5165","137.24K","0.09%"
"12/19/2022","87.6490","87.6230","88.0925","87.4295","97.91K","0.15%"
"12/16/2022","87.5190","88.0485","88.3630","87.5650","102.98K","-0.58%"
"12/15/2022","88.0290","88.1295","88.8610","87.7295","100.77K","-0.08%"
"12/14/2022","88.0990","87.6185","88.3890","87.5155","97.79K","0.61%"
"12/13/2022","87.5650","87.0600","88.0910","87.0350","81.50K","0.59%"
"12/12/2022","87.0550","86.7720","87.3905","86.5935","78.41K","0.32%"
"12/09/2022","86.7780","86.8900","87.1195","86.5860","86.84K","-0.09%"
"12/08/2022","86.8550","86.3935","86.9445","86.2825","95.61K","0.58%"
"12/07/2022","86.3550","86.3400","86.8170","86.1240","110.59K","0.01%"
"12/06/2022","86.3480","85.8780","86.7760","85.8700","90.70K","0.51%"
"12/05/2022","85.9110","85.6030","86.5950","85.6030","96.87K","0.14%"
"12/02/2022","85.7900","85.3540","85.8220","84.7180","89.01K","0.51%"
"12/01/2022","85.3540","84.6540","85.4290","84.4320","114.07K","0.83%"
"11/30/2022","84.6540","84.2850","84.8410","83.7480","95.70K","0.44%"
"11/29/2022","84.2850","84.3990","84.8690","84.2110","80.89K","-0.13%"
"11/28/2022","84.3910","84.7890","85.5980","84.3450","83.13K","-0.61%"
"11/25/2022","84.9120","84.9350","85.0720","84.5500","74.87K","-0.04%"
"11/24/2022","84.9430","84.8360","85.3550","84.7610","74.18K","0.14%"
"11/23/2022","84.8270","84.1900","85.0130","84.1540","79.32K","0.77%"
"11/22/2022","84.1820","83.6680","84.1980","83.6430","84.22K","0.61%"
"11/21/2022","83.6680","84.1960","84.3440","83.5040","90.54K","-0.70%"
"11/18/2022","84.2610","84.4440","84.8960","84.1550","102.68K","-0.22%"
"11/17/2022","84.4440","84.6820","84.7980","84.2660","104.37K","-0.27%"
"11/16/2022","84.6740","83.8330","84.8580","83.7680","111.47K","0.95%"
"11/15/2022","83.8740","83.5880","84.5970","83.3300","113.46K","0.33%"
"11/14/2022","83.5960","83.4140","83.9820","82.9720","111.49K","0.34%"
"11/11/2022","83.3100","82.2990","83.4060","81.9360","121.11K","1.22%"
"11/10/2022","82.3070","81.4240","82.4120","81.1500","138.18K","1.07%"
"11/09/2022","81.4330","81.9560","82.1720","81.2750","124.40K","-0.64%"
"11/08/2022","81.9560","81.9680","82.1550","81.4150","103.69K","0.00%"
"11/07/2022","81.9590","81.2160","82.1140","81.1260","101.27K","0.40%"
"11/04/2022","81.6340","80.6540","81.6830","80.3080","94.55K","1.19%"
"11/03/2022","80.6710","81.1980","81.4760","80.5870","83.89K","-0.65%"
"11/02/2022","81.1980","81.6000","82.5050","81.1490","83.88K","-0.50%"
"11/01/2022","81.6090","81.7770","82.1960","81.3770","76.05K","-0.24%"
"10/31/2022","81.8020","81.8170","82.3560","81.6780","82.08K","-0.19%"
"10/28/2022","81.9570","82.0710","82.3430","81.7080","82.81K","-0.12%"
"10/27/2022","82.0550","82.5400","82.9750","82.0140","117.19K","-0.58%"
"10/26/2022","82.5320","82.2180","82.8240","81.9800","86.51K","0.38%"
"10/25/2022","82.2180","81.6850","82.3120","81.4790","77.99K","0.63%"
"10/24/2022","81.7010","81.4150","81.9330","81.0600","92.83K","0.40%"
"10/21/2022","81.3740","81.0230","81.5230","80.4840","97.09K","0.43%"
"10/20/2022","81.0230","81.1200","81.4860","80.7940","96.76K","-0.11%"
"10/19/2022","81.1120","81.0730","81.5090","80.8210","93.37K","0.02%"
"10/18/2022","81.0980","80.8230","81.1850","80.6990","104.73K","0.32%"
"10/17/2022","80.8400","80.0670","80.9330","80.0060","92.58K","1.02%"
"10/14/2022","80.0260","80.3070","80.7090","79.8510","113.01K","-0.37%"
"10/13/2022","80.3230","79.7020","80.6200","79.1280","99.55K","0.75%"
"10/12/2022","79.7270","79.8380","80.1300","79.4910","98.01K","-0.11%"
"10/11/2022","79.8130","79.8990","80.3580","79.6620","132.04K","-0.12%"
"10/10/2022","79.9070","80.6250","80.7740","79.7380","100.76K","-0.95%"
"10/07/2022","80.6750","80.3200","80.8660","80.1530","84.21K","0.41%"
"10/06/2022","80.3450","80.6270","81.3050","80.3040","93.33K","-0.40%"
"10/05/2022","80.6680","81.3210","81.3700","80.2460","91.44K","-0.79%"
"10/04/2022","81.3130","80.0680","81.4250","79.9470","90.99K","1.57%"
"10/03/2022","80.0600","79.8630","80.4170","79.7330","101.30K","0.24%"
"09/30/2022","79.8710","79.9540","80.3710","79.2170","100.61K","-0.10%"
"09/29/2022","79.9540","79.2320","79.9540","78.7770","102.83K","0.90%"
"09/28/2022","79.2410","78.3710","79.5350","77.9630","109.66K","1.11%"
"09/27/2022","78.3710","78.4110","78.6800","78.1070","111.70K","-0.04%"
"09/26/2022","78.4030","78.6830","79.1010","77.7160","116.21K","-0.42%"
"09/23/2022","78.7310","79.7180","79.8390","78.4550","98.86K","-1.20%"
"09/22/2022","79.6850","78.6050","79.9520","78.3650","112.12K","1.39%"
"09/21/2022","78.5890","79.5120","79.6060","78.5090","94.75K","-1.15%"
"09/20/2022","79.5040","79.8680","80.0910","79.3550","79.56K","-0.45%"
"09/19/2022","79.8600","79.7660","79.9170","79.3570","69.47K","0.07%"
"09/16/2022","79.8060","79.8310","79.9350","79.3090","79.54K","-0.04%"
"09/15/2022","79.8390","79.2480","79.9190","79.1760","77.08K","0.69%"
"09/14/2022","79.2880","79.3380","79.6330","79.1530","94.66K","-0.04%"
"09/13/2022","79.3220","80.2940","80.5900","79.2910","85.29K","-1.20%"
"09/12/2022","80.2860","80.2560","81.1140","80.0970","69.30K","0.43%"
"09/09/2022","79.9460","79.6430","80.4380","79.6110","83.82K","0.40%"
"09/08/2022","79.6270","79.6220","79.8980","79.1820","94.36K","0.00%"
"09/07/2022","79.6300","79.0870","79.7330","78.8590","89.00K","0.68%"
"09/06/2022","79.0950","79.1930","79.7780","78.7150","107.48K","-0.13%"
"09/05/2022","79.2010","79.3020","79.3820","78.8550","72.49K","-0.16%"
"09/02/2022","79.3260","79.2270","80.0430","79.2110","74.99K","0.12%"
"09/01/2022","79.2270","79.9120","79.9700","78.9460","94.82K","-0.90%"
"08/31/2022","79.9440","79.7690","80.0790","79.2440","91.12K","0.23%"
"08/30/2022","79.7610","79.9060","80.0440","79.4940","100.02K","-0.19%"
"08/29/2022","79.9140","79.8170","80.1200","79.2600","65.59K","0.33%"
"08/26/2022","79.6490","79.6460","80.4430","79.4620","66.71K","0.00%"
"08/25/2022","79.6460","79.5010","80.1390","79.4770","89.83K","0.18%"
"08/24/2022","79.5010","79.5990","79.7660","79.0570","74.27K","-0.10%"
"08/23/2022","79.5840","79.3950","79.8990","79.0590","87.99K","0.26%"
"08/22/2022","79.3790","80.2320","80.2660","79.2530","93.85K","-1.01%"
"08/19/2022","80.1920","80.4520","80.5380","80.1420","82.71K","-0.32%"
"08/18/2022","80.4520","80.7620","81.1150","80.3420","83.93K","-0.40%"
"08/17/2022","80.7780","80.5790","80.9700","80.4680","97.81K","0.23%"
"08/16/2022","80.5950","80.7900","80.9020","80.2820","67.32K","-0.24%"
"08/15/2022","80.7900","81.6980","81.7540","80.7410","67.60K","-1.11%"
"08/12/2022","81.6960","82.0790","82.2720","81.4830","86.53K","-0.50%"
"08/11/2022","82.1030","81.4390","82.3760","81.3250","92.19K","0.82%"
"08/10/2022","81.4390","81.2500","82.0670","81.0400","95.94K","0.24%"
"08/09/2022","81.2420","81.1440","81.4840","81.0370","83.06K","0.13%"
"08/08/2022","81.1360","80.7650","81.3020","80.6060","74.74K","0.42%"
"08/05/2022","80.7960","81.0990","81.1450","80.4650","90.47K","-0.38%"
"08/04/2022","81.1070","80.4050","81.3400","80.3180","87.87K","0.88%"
"08/03/2022","80.3970","79.8760","80.8230","79.7890","83.88K","0.63%"
"08/02/2022","79.8920","81.0120","81.2450","79.8440","107.93K","-1.39%"
"08/01/2022","81.0200","81.0500","81.2480","80.8180","92.16K","-0.06%"
"07/29/2022","81.0660","81.1870","81.4220","80.4890","88.83K","-0.13%"
"07/28/2022","81.1710","81.4180","81.6110","80.5580","113.91K","-0.35%"
"07/27/2022","81.4580","80.7610","81.6020","80.7200","82.22K","0.87%"
"07/26/2022","80.7530","81.4280","81.7090","80.6780","85.22K","-0.85%"
"07/25/2022","81.4440","81.5060","81.8010","81.2540","84.02K","-0.08%"
"07/22/2022","81.5060","81.6710","81.8430","80.9130","79.88K","-0.20%"
"07/21/2022","81.6710","81.3880","81.9720","81.0840","111.87K","0.34%"
"07/20/2022","81.3960","81.6390","82.1430","81.2220","98.51K","-0.30%"
"07/19/2022","81.6390","81.1180","82.0660","80.9010","86.69K","0.63%"
"07/18/2022","81.1260","80.4220","81.5670","80.3740","81.60K","0.84%"
"07/15/2022","80.4540","80.0180","80.5060","79.9120","84.68K","0.54%"
"07/14/2022","80.0180","80.1200","80.3360","79.7460","96.34K","-0.14%"
"07/13/2022","80.1280","79.7360","80.5910","79.6330","88.60K","0.48%"
"07/12/2022","79.7440","79.7120","80.0480","79.4700","94.81K","0.03%"
"07/11/2022","79.7200","80.6230","80.7100","79.6640","83.05K","-1.23%"
"07/08/2022","80.7100","80.4010","80.7930","79.8470","96.62K","0.38%"
"07/07/2022","80.4080","80.4420","80.9020","80.2330","92.96K","-0.03%"
"07/06/2022","80.4340","81.3800","81.5020","80.2750","102.28K","-1.16%"
"07/05/2022","81.3800","82.2000","82.5990","81.1180","91.21K","-1.03%"
"07/04/2022","82.2310","82.2590","82.5500","82.2010","74.69K","-0.09%"
"07/01/2022","82.3060","82.7320","82.8060","81.8140","73.06K","-0.54%"
"06/30/2022","82.7550","82.3850","82.8320","81.9990","88.80K","0.45%"
"06/29/2022","82.3850","83.0450","83.2200","82.3370","95.38K","-0.81%"
"06/28/2022","83.0610","82.9920","83.5530","82.8820","97.73K","0.08%"
"06/27/2022","82.9920","82.5560","83.2430","82.4940","90.38K","0.52%"
"06/24/2022","82.5640","82.2420","82.6850","82.1340","91.37K","0.40%"
"06/23/2022","82.2350","82.5760","82.7940","81.9840","114.23K","-0.41%"
"06/22/2022","82.5760","82.2170","82.9410","81.8640","86.64K","0.44%"
"06/21/2022","82.2170","81.8640","82.6190","81.8410","86.23K","0.43%"
"06/20/2022","81.8640","81.5980","82.2400","81.5980","79.32K","0.06%"
"06/17/2022","81.8160","82.2120","82.3060","81.5300","88.70K","-0.49%"
"06/16/2022","82.2200","81.6100","82.5810","81.0100","142.21K","0.76%"
"06/15/2022","81.6030","81.2230","82.0050","80.8620","107.95K","0.46%"
"06/14/2022","81.2300","81.2730","81.8300","81.0980","89.67K","-0.02%"
"06/13/2022","81.2490","82.1150","82.1700","81.1950","78.64K","-1.08%"
"06/10/2022","82.1390","82.5850","82.8370","81.9960","73.86K","-0.53%"
"06/09/2022","82.5770","83.2450","83.7000","82.5380","84.15K","-0.78%"
"06/08/2022","83.2300","83.0670","83.4930","82.9070","61.88K","0.19%"
"06/07/2022","83.0750","83.1880","83.2580","82.7900","66.56K","-0.15%"
"06/06/2022","83.1960","83.1790","83.4870","83.0650","65.14K","0.03%"
"06/03/2022","83.1710","83.1390","83.5430","83.0470","40.72K","0.02%"
"06/02/2022","83.1540","82.5600","83.1850","82.5440","57.04K","0.70%"
"06/01/2022","82.5750","83.2470","83.2860","82.3950","61.83K","-0.82%"
"05/31/2022","83.2550","83.5610","83.5690","82.9390","76.98K","-0.37%"
"05/30/2022","83.5610","83.2990","83.6310","83.1900","59.15K","0.39%"
"05/27/2022","83.2370","83.2410","83.5450","82.9450","69.29K","0.00%"
"05/26/2022","83.2330","82.7940","83.3570","82.7100","69.28K","0.55%"
"05/25/2022","82.7790","83.1530","83.1920","82.5430","76.64K","-0.44%"
"05/24/2022","83.1460","82.8580","83.3440","82.6120","73.92K","0.35%"
"05/23/2022","82.8580","82.2870","82.9200","82.1600","77.09K","0.79%"
"05/20/2022","82.2100","81.9360","82.2640","81.7230","84.33K","0.33%"
"05/19/2022","81.9430","81.4410","82.1530","81.2840","83.92K","0.64%"
"05/18/2022","81.4250","81.6980","81.8180","81.3140","85.05K","-0.32%"
"05/17/2022","81.6900","81.1720","81.7450","81.0100","82.88K","0.65%"
"05/16/2022","81.1640","80.6000","81.2550","80.4890","65.33K","0.63%"
"05/13/2022","80.6540","80.3390","80.6620","80.2280","78.97K","0.37%"
"05/12/2022","80.3540","81.3580","81.6590","80.0760","107.38K","-1.24%"
"05/11/2022","81.3660","81.2710","81.6870","81.0520","113.87K","0.12%"
"05/10/2022","81.2710","81.6510","81.8500","81.2630","77.58K","-0.46%"
"05/09/2022","81.6430","81.1820","81.8960","80.8640","72.72K","0.55%"
"05/06/2022","81.1970","80.6380","81.5750","80.4490","90.96K","0.71%"
"05/05/2022","80.6230","80.9930","81.1450","80.2790","92.63K","-0.46%"
"05/04/2022","80.9930","80.3900","81.0610","80.1380","71.05K","0.69%"
"05/03/2022","80.4360","80.3240","80.9280","80.2940","70.07K","0.16%"
"05/02/2022","80.3090","80.7130","80.7440","80.2090","51.63K","-0.44%"
"04/29/2022","80.6600","80.4730","80.9705","80.4345","89.98K","0.23%"
"04/28/2022","80.4780","80.9010","80.9505","80.2625","91.92K","-0.47%"
"04/27/2022","80.8570","81.5680","81.7870","80.5865","92.69K","-0.82%"
"04/26/2022","81.5280","82.2195","82.3850","81.5530","94.23K","-0.79%"
"04/25/2022","82.1750","82.9105","82.9180","82.0705","101.57K","-0.43%"
"04/22/2022","82.5310","82.6530","82.8960","82.3690","77.40K","-0.10%"
"04/21/2022","82.6140","82.7595","83.2750","82.5100","89.62K","-0.14%"
"04/20/2022","82.7290","82.4685","82.9155","82.4345","87.60K","0.35%"
"04/19/2022","82.4370","82.2575","82.6735","82.0965","81.41K","0.28%"
"04/18/2022","82.2100","82.4765","82.6100","82.1230","37.30K","-0.30%"
"04/15/2022","82.4560","82.6085","82.6380","82.3695","40.71K","-0.15%"
"04/14/2022","82.5800","82.8735","83.1490","81.9990","88.01K","-0.30%"
"04/13/2022","82.8300","82.3740","82.9695","82.3235","77.58K","0.60%"
"04/12/2022","82.3380","82.5245","83.0185","82.3550","57.42K","-0.20%"
"04/11/2022","82.5040","83.0620","83.1875","82.4820","63.32K","-0.10%"
"04/08/2022","82.5900","82.5860","82.6475","82.2185","62.68K","0.04%"
"04/07/2022","82.5540","82.7445","83.1245","82.4620","69.36K","-0.20%"
"04/06/2022","82.7170","82.3020","83.0190","82.1455","63.72K","0.56%"
"04/05/2022","82.2560","82.7925","82.8970","82.2025","56.34K","-0.59%"
"04/04/2022","82.7460","83.8910","84.0165","82.6760","76.17K","-1.46%"
"04/01/2022","83.9730","84.0140","84.1325","83.7765","98.41K","-0.01%"
"03/31/2022","83.9850","84.6035","84.8170","83.9535","80.07K","-0.69%"
"03/30/2022","84.5710","83.8915","84.6700","83.8575","85.83K","0.86%"
"03/29/2022","83.8470","83.5465","84.2580","83.4015","87.71K","0.39%"
"03/28/2022","83.5210","83.8295","83.8410","83.3085","61.28K","-0.29%"
"03/25/2022","83.7630","83.9125","84.2140","83.7380","58.04K","-0.15%"
"03/24/2022","83.8920","84.2135","84.2935","83.7095","56.89K","-0.37%"
"03/23/2022","84.2030","83.9955","84.2520","83.7650","65.44K","0.29%"
"03/22/2022","83.9570","84.0510","84.1160","83.6395","70.16K","-0.07%"
"03/21/2022","84.0150","84.1275","84.2760","83.9060","67.41K","-0.02%"
"03/18/2022","84.0280","84.2220","84.4530","83.7490","60.31K","-0.18%"
"03/17/2022","84.1790","84.0945","84.6240","83.5860","81.87K","0.15%"
"03/16/2022","84.0530","83.7260","84.1815","83.4280","89.28K","0.45%"
"03/15/2022","83.6770","83.6360","84.3515","83.4925","86.02K","0.08%"
"03/14/2022","83.6070","83.7255","84.1650","83.4595","74.64K","0.21%"
"03/11/2022","83.4350","83.8190","84.4105","83.4075","89.71K","-0.42%"
"03/10/2022","83.7890","84.5935","84.8925","83.7575","93.99K","-0.92%"
"03/09/2022","84.5630","83.8495","84.7540","83.7460","105.19K","0.91%"
"03/08/2022","83.8020","83.5485","84.4930","83.3430","104.68K","0.34%"
"03/07/2022","83.5170","83.7085","84.0440","82.6995","105.11K","0.04%"
"03/04/2022","83.4860","84.0805","84.0880","83.1305","87.85K","-0.64%"
"03/03/2022","84.0230","84.0950","84.3325","83.8180","83.69K","-0.08%"
"03/02/2022","84.0870","84.3220","84.4930","83.7740","84.83K","-0.22%"
"03/01/2022","84.2740","84.7190","84.7455","84.0765","90.28K","-0.50%"
"02/28/2022","84.6960","83.9265","84.9375","83.4985","92.25K","0.15%"
"02/25/2022","84.5700","84.6285","84.7150","84.0965","82.44K","-0.04%"
"02/24/2022","84.6040","84.4400","84.8720","84.0300","105.70K","0.24%"
"02/23/2022","84.3990","84.5295","84.7135","84.3375","66.84K","-0.13%"
"02/22/2022","84.5070","84.3015","84.9625","84.1825","88.48K","0.30%"
"02/21/2022","84.2540","84.5085","84.8370","84.2565","54.08K","-0.33%"
"02/18/2022","84.5340","85.3345","85.3980","84.4695","66.84K","-0.91%"
"02/17/2022","85.3140","85.3655","85.4630","85.0475","83.14K","-0.01%"
"02/16/2022","85.3230","85.4005","85.5305","85.2140","75.63K","-0.02%"
"02/15/2022","85.3390","85.5780","85.7480","85.2185","78.73K","-0.23%"
"02/14/2022","85.5320","85.4745","85.8975","85.3335","84.32K","0.06%"
"02/11/2022","85.4790","85.8260","85.9950","85.3655","85.17K","-0.36%"
"02/10/2022","85.7870","85.4980","86.3370","85.3760","87.36K","0.44%"
"02/09/2022","85.4110","85.3025","85.6650","85.2385","70.16K","0.19%"
"02/08/2022","85.2510","85.4285","85.4770","85.1680","103.51K","-0.16%"
"02/07/2022","85.3900","85.6070","85.6140","85.2250","77.61K","-0.05%"
"02/04/2022","85.4330","85.3855","85.7880","85.3105","91.22K","0.07%"
"02/03/2022","85.3720","84.5870","85.5560","84.3780","78.76K","0.99%"
"02/02/2022","84.5340","84.2445","84.6945","84.1585","52.96K","0.39%"
"02/01/2022","84.2060","83.7560","84.3735","83.6315","58.97K","0.58%"
"01/31/2022","83.7180","83.6505","83.9115","83.2700","60.86K","0.13%"
"01/28/2022","83.6110","83.8290","83.9190","83.3875","68.51K","-0.20%"
"01/27/2022","83.7820","84.1900","84.4705","83.7000","73.83K","-0.42%"
"01/26/2022","84.1360","84.5175","84.6890","84.1525","65.01K","-0.41%"
"01/25/2022","84.4830","84.5280","84.6235","84.2520","79.99K","0.00%"
"01/24/2022","84.4870","84.4025","84.6650","84.1705","100.61K","0.16%"
"01/21/2022","84.3500","84.2380","84.4955","84.1520","75.76K","0.18%"
"01/20/2022","84.1980","84.4470","84.6250","84.0800","78.90K","-0.25%"
"01/19/2022","84.4090","84.4150","84.6675","84.3095","93.18K","-0.04%"
"01/18/2022","84.4390","84.7135","85.0270","84.3630","108.11K","-0.29%"
"01/17/2022","84.6830","84.6415","84.9610","84.5340","65.99K","0.06%"
"01/14/2022","84.6360","84.7505","85.1425","84.4480","70.10K","-0.08%"
"01/13/2022","84.7010","84.4465","84.8710","84.4090","64.51K","0.34%"
"01/12/2022","84.4140","83.9010","84.5295","83.8725","65.85K","0.66%"
"01/11/2022","83.8630","83.8335","84.0035","83.6265","64.53K","0.05%"
"01/10/2022","83.8200","84.3270","84.3905","83.6160","60.16K","-0.64%"
"01/07/2022","84.3640","84.0030","84.4205","83.9040","49.09K","0.45%"
"01/06/2022","83.9820","84.0460","84.3905","83.9285","71.47K","-0.06%"
"01/05/2022","84.0330","84.1220","84.3185","83.9530","49.97K","-0.05%"
"01/04/2022","84.0740","84.0565","84.4050","84.0030","53.33K","0.09%"
"01/03/2022","83.9970","84.6570","84.7725","83.8340","36.15K","-0.78%"
"12/31/2021","84.6540","84.2530","84.8170","83.7930","31.28K","0.50%"
"12/30/2021","84.2360","84.6370","84.7155","84.0290","42.99K","-0.44%"
"12/29/2021","84.6110","84.5065","84.7850","84.2145","47.61K","0.16%"
"12/28/2021","84.4780","84.9300","84.9675","84.3195","48.49K","-0.50%"
"12/27/2021","84.9000","84.8890","85.1325","84.7455","42.51K","0.06%"
"12/24/2021","84.8490","85.0150","85.2420","84.7765","50.93K","-0.16%"
"12/23/2021","84.9830","85.4620","85.6265","84.8330","63.03K","-0.52%"
"12/22/2021","85.4280","85.3880","85.6085","85.0675","67.37K","0.03%"
"12/21/2021","85.4010","85.4005","85.5425","85.0555","79.89K","0.03%"
"12/20/2021","85.3740","85.4540","85.7580","85.3570","84.83K","-0.02%"
"12/17/2021","85.3930","86.3205","86.4985","85.3970","69.97K","-1.02%"
"12/16/2021","86.2700","86.1740","86.5610","85.9360","70.30K","0.14%"
"12/15/2021","86.1500","85.6190","86.2775","85.5770","104.26K","0.64%"
"12/14/2021","85.5980","85.5025","85.9735","85.4255","158.56K","0.14%"
"12/13/2021","85.4800","85.6855","85.7160","85.2675","80.41K","-0.16%"
"12/10/2021","85.6150","85.3740","85.7300","85.2170","94.04K","0.31%"
"12/09/2021","85.3480","85.5005","85.6390","85.2420","86.64K","-0.14%"
"12/08/2021","85.4710","84.9630","85.6300","84.9440","147.35K","0.63%"
"12/07/2021","84.9360","85.0985","85.2500","84.7010","161.34K","-0.17%"
"12/06/2021","85.0780","85.1805","85.3130","84.8685","95.89K","-0.03%"
"12/03/2021","85.1010","84.7445","85.2155","84.6235","84.17K","0.46%"
"12/02/2021","84.7110","84.9240","85.1805","84.6030","90.50K","-0.22%"
"12/01/2021","84.8970","85.1560","85.1895","84.6615","123.86K","-0.26%"
"11/30/2021","85.1220","84.7505","85.5245","84.4740","133.33K","0.49%"
"11/29/2021","84.7050","84.8425","84.9435","84.3390","88.31K","-0.26%"
"11/26/2021","84.9230","83.5055","85.0595","83.4795","122.93K","1.76%"
"11/25/2021","83.4570","83.5770","83.6885","83.4625","82.67K","-0.09%"
"11/24/2021","83.5280","83.7380","83.7965","83.3030","86.38K","-0.21%"
"11/23/2021","83.7040","83.6540","83.9645","83.6075","101.63K","0.11%"
"11/22/2021","83.6120","83.9560","84.0540","83.5475","135.04K","-0.35%"
"11/19/2021","83.9070","84.3335","84.3615","83.5310","65.35K","-0.48%"
"11/18/2021","84.3130","84.0495","84.4650","83.8480","107.54K","0.34%"
"11/17/2021","84.0300","84.2925","84.3570","83.9090","91.28K","-0.29%"
"11/16/2021","84.2720","84.5830","84.8530","84.2015","82.36K","-0.32%"
"11/15/2021","84.5420","85.1425","85.3175","84.4680","73.08K","-0.68%"
"11/12/2021","85.1220","85.1175","85.3170","84.9555","72.93K","0.06%"
"11/11/2021","85.0680","85.4435","85.5720","85.0160","58.48K","-0.38%"
"11/10/2021","85.3940","85.9870","86.1865","85.3170","84.72K","-0.67%"
"11/09/2021","85.9700","85.6670","86.0365","85.5750","64.55K","0.39%"
"11/08/2021","85.6330","85.7280","85.8745","85.5315","73.82K","-0.18%"
"11/05/2021","85.7900","86.1325","86.1395","85.4555","127.27K","-0.38%"
"11/04/2021","86.1200","86.4500","86.5000","85.8895","149.63K","-0.36%"
"11/03/2021","86.4330","86.4950","86.5660","86.1210","162.18K","-0.04%"
"11/02/2021","86.4690","86.8710","86.9105","86.3185","142.04K","-0.42%"
"11/01/2021","86.8350","86.6175","86.9130","86.5420","140.05K","0.26%"
"10/29/2021","86.6100","87.3600","87.4840","86.5150","134.14K","-0.83%"
"10/28/2021","87.3390","87.1210","87.4420","86.6650","144.15K","0.27%"
"10/27/2021","87.1040","86.9065","87.2670","86.8075","127.46K","0.26%"
"10/26/2021","86.8740","87.0780","87.2315","86.7735","110.37K","-0.22%"
"10/25/2021","87.0650","87.3250","87.5620","87.0690","112.18K","-0.32%"
"10/22/2021","87.3460","87.0435","87.3665","86.8920","64.42K","0.39%"
"10/21/2021","87.0060","87.1535","87.3630","86.9580","67.92K","-0.13%"
"10/20/2021","87.1230","87.3910","87.5610","86.9675","64.19K","-0.27%"
"10/19/2021","87.3570","87.3265","87.6350","87.2580","56.00K","0.08%"
"10/18/2021","87.2890","87.0240","87.5510","86.9075","85.42K","0.33%"
"10/15/2021","87.0000","86.9865","87.1680","86.8830","79.97K","0.08%"
"10/14/2021","86.9270","87.3025","87.5070","86.9325","52.89K","-0.40%"
"10/13/2021","87.2720","87.0220","87.3520","86.8855","87.78K","0.32%"
"10/12/2021","86.9920","87.1275","87.5040","86.8900","55.78K","-0.10%"
"10/11/2021","87.0750","86.9870","87.4080","86.8310","68.28K","0.22%"
"10/08/2021","86.8820","86.4305","86.9850","86.4305","58.95K","0.56%"
"10/07/2021","86.4000","86.4125","86.6025","86.3360","65.86K","0.01%"
"10/06/2021","86.3900","86.5180","86.6200","86.2885","74.29K","-0.05%"
"10/05/2021","86.4370","86.6930","86.6970","86.2990","73.69K","-0.24%"
"10/04/2021","86.6480","85.9585","86.7050","85.9385","55.38K","0.82%"
"10/01/2021","85.9470","85.9035","86.1085","85.7590","56.98K","0.07%"
"09/30/2021","85.8890","86.1560","86.3380","85.7555","78.60K","-0.27%"
"09/29/2021","86.1230","86.6875","86.7470","86.1040","72.10K","-0.62%"
"09/28/2021","86.6610","86.3455","86.8175","86.2310","79.77K","0.40%"
"09/27/2021","86.3180","86.5470","86.5765","86.1300","65.13K","-0.17%"
"09/24/2021","86.4650","86.6385","86.7510","86.3825","79.99K","-0.17%"
"09/23/2021","86.6120","86.2720","86.7270","86.2610","76.31K","0.43%"
"09/22/2021","86.2430","86.4735","86.7950","86.2580","79.32K","-0.23%"
"09/21/2021","86.4450","86.3650","86.5730","86.2975","72.72K","0.11%"
"09/20/2021","86.3500","86.4590","86.5135","86.1940","74.11K","0.01%"
"09/17/2021","86.3430","86.5390","86.6565","86.3380","71.54K","-0.24%"
"09/16/2021","86.5480","86.7825","86.8925","86.3940","96.79K","-0.25%"
"09/15/2021","86.7690","86.9470","87.1235","86.7320","71.93K","-0.16%"
"09/14/2021","86.9100","86.8950","87.1490","86.8020","74.12K","0.06%"
"09/13/2021","86.8600","86.8580","86.9740","86.6625","56.41K","0.01%"
"09/10/2021","86.8530","86.9750","87.0665","86.7835","68.09K","-0.10%"
"09/09/2021","86.9370","87.2045","87.2830","86.8220","66.76K","-0.24%"
"09/08/2021","87.1430","86.9630","87.3715","86.8945","85.10K","0.24%"
"09/07/2021","86.9380","86.7440","87.2305","86.7255","77.40K","0.25%"
"09/06/2021","86.7230","86.7135","86.8055","86.6245","51.96K","0.01%"
"09/03/2021","86.7170","86.6910","86.9800","86.5890","88.97K","0.06%"
"09/02/2021","86.6650","86.4340","86.7090","86.3605","67.08K","0.30%"
"09/01/2021","86.4060","86.1550","86.5550","86.0130","80.95K","0.32%"
"08/31/2021","86.1290","86.4705","86.7375","86.0525","75.30K","-0.37%"
"08/30/2021","86.4480","86.6490","86.8515","86.3600","58.01K","-0.23%"
"08/27/2021","86.6430","87.1470","87.2935","86.4435","117.00K","-0.55%"
"08/26/2021","87.1260","87.2500","87.4300","87.0595","78.38K","-0.12%"
"08/25/2021","87.2270","87.1400","87.3940","87.0045","79.24K","0.11%"
"08/24/2021","87.1290","87.0790","87.2495","86.9520","49.81K","0.10%"
"08/23/2021","87.0390","86.9475","87.1520","86.8925","57.98K","0.10%"
"08/20/2021","86.9560","86.8390","87.0385","86.7420","62.61K","0.16%"
"08/19/2021","86.8200","87.0010","87.0860","86.7340","78.31K","-0.19%"
"08/18/2021","86.9820","87.0930","87.2190","86.8515","72.93K","-0.11%"
"08/17/2021","87.0800","87.3425","87.5800","87.0750","68.67K","-0.30%"
"08/16/2021","87.3380","87.5610","87.6165","87.2990","68.70K","-0.23%"
"08/13/2021","87.5350","87.1565","87.6465","87.1440","64.49K","0.43%"
"08/12/2021","87.1580","87.1690","87.2725","86.9710","75.99K","0.01%"
"08/11/2021","87.1510","87.2380","87.3035","87.0425","68.43K","-0.08%"
"08/10/2021","87.2170","87.4340","87.4525","87.1290","114.45K","-0.23%"
"08/09/2021","87.4170","87.3235","87.5195","87.1715","79.13K","0.13%"
"08/06/2021","87.3060","87.6905","87.7920","87.2045","66.52K","-0.42%"
"08/05/2021","87.6730","87.8015","87.9775","87.6610","80.04K","-0.09%"
"08/04/2021","87.7550","88.0920","88.2460","87.7560","75.56K","-0.35%"
"08/03/2021","88.0590","88.2455","88.3570","88.0105","61.36K","-0.20%"
"08/02/2021","88.2360","88.2015","88.4535","88.1825","50.11K","0.00%"
"07/30/2021","88.2380","88.2660","88.6405","88.1050","65.00K","-0.01%"
"07/29/2021","88.2480","88.2455","88.3070","87.9970","84.79K","0.04%"
"07/28/2021","88.2110","88.0410","88.2860","87.7090","97.76K","0.23%"
"07/27/2021","88.0120","87.7510","88.2240","87.6635","69.23K","0.35%"
"07/26/2021","87.7020","87.6600","87.9185","87.5615","53.75K","0.12%"
"07/23/2021","87.5980","87.6260","87.7830","87.4880","75.35K","-0.03%"
"07/22/2021","87.6280","87.8510","88.0420","87.5365","66.09K","-0.23%"
"07/21/2021","87.8340","87.8170","87.9445","87.6300","64.86K","0.05%"
"07/20/2021","87.7890","88.3395","88.4705","87.6985","102.43K","-0.59%"
"07/19/2021","88.3090","88.0995","88.5620","88.0435","81.43K","0.27%"
"07/16/2021","88.0720","88.0735","88.1850","87.9610","75.57K","0.03%"
"07/15/2021","88.0470","88.1500","88.3435","87.9350","78.23K","-0.09%"
"07/14/2021","88.1230","87.8490","88.2575","87.8125","57.83K","0.34%"
"07/13/2021","87.8220","88.4255","88.5025","87.7960","62.25K","-0.64%"
"07/12/2021","88.3850","88.4310","88.6045","88.2755","78.37K","-0.06%"
"07/09/2021","88.4360","88.5220","88.5825","88.2375","55.55K","-0.07%"
"07/08/2021","88.4950","88.2040","88.7750","88.0550","63.72K","0.37%"
"07/07/2021","88.1700","88.1965","88.4605","88.0710","63.21K","0.00%"
"07/06/2021","88.1710","88.1630","88.4250","88.0660","95.35K","0.07%"
"07/05/2021","88.1130","88.3930","88.4610","88.0825","55.77K","-0.33%"
"07/02/2021","88.4010","88.3595","88.6140","88.1740","67.35K","0.07%"
"07/01/2021","88.3390","88.1895","88.5785","88.0170","57.34K","0.21%"
"06/30/2021","88.1540","88.3945","88.6200","88.0470","62.81K","-0.24%"
"06/29/2021","88.3680","88.5805","88.6290","88.2665","59.52K","-0.22%"
"06/28/2021","88.5600","88.5815","88.7140","88.4045","52.99K","0.01%"
"06/25/2021","88.5550","88.5200","88.7850","88.4295","65.66K","0.07%"
"06/24/2021","88.4970","88.4385","88.6670","88.3760","81.80K","0.10%"
"06/23/2021","88.4120","88.7545","88.7940","88.3795","68.51K","-0.36%"
"06/22/2021","88.7350","88.3525","88.8620","88.0965","82.11K","0.47%"
"06/21/2021","88.3180","87.9655","88.4750","87.8470","112.37K","0.49%"
"06/18/2021","87.8830","88.3410","88.4860","87.8335","104.40K","-0.47%"
"06/17/2021","88.2970","87.9005","88.6155","87.8090","90.68K","0.47%"
"06/16/2021","87.8800","88.9635","89.0535","87.8820","81.87K","-1.18%"
"06/15/2021","88.9300","88.6930","89.0325","88.6530","63.72K","0.29%"
"06/14/2021","88.6720","88.6995","88.8280","88.4565","51.67K","0.01%"
"06/11/2021","88.6640","88.9385","89.0460","88.5475","81.64K","-0.29%"
"06/10/2021","88.9190","88.8995","89.0875","88.7225","79.84K","0.05%"
"06/09/2021","88.8750","88.8080","89.1295","88.7580","60.22K","0.10%"
"06/08/2021","88.7870","88.7535","88.9315","88.5810","60.95K","0.08%"
"06/07/2021","88.7190","88.6680","88.8430","88.4320","49.94K","0.10%"
"06/04/2021","88.6340","88.5965","88.7825","88.3490","67.80K","0.09%"
"06/03/2021","88.5540","89.0840","89.3260","88.4745","64.42K","-0.57%"
"06/02/2021","89.0650","88.9975","89.5805","88.9300","72.39K","0.11%"
"06/01/2021","88.9690","88.6685","89.2685","88.6360","78.90K","0.37%"
"05/31/2021","88.6450","88.2825","88.7080","88.2210","79.34K","0.43%"
"05/28/2021","88.2630","88.6625","88.6810","87.9905","69.22K","-0.43%"
"05/27/2021","88.6430","88.6665","88.7580","88.4005","90.33K","0.00%"
"05/26/2021","88.6460","89.1850","89.2360","88.5900","82.37K","-0.59%"
"05/25/2021","89.1680","88.9605","89.2795","88.9385","96.64K","0.24%"
"05/24/2021","88.9550","88.7900","89.1355","88.7015","92.08K","0.31%"
"05/21/2021","88.6840","89.2865","89.4020","88.5620","100.70K","-0.65%"
"05/20/2021","89.2620","89.1160","89.3230","89.0315","103.58K","0.17%"
"05/19/2021","89.1110","89.2880","89.6195","88.9530","99.80K","-0.17%"
"05/18/2021","89.2670","89.1240","89.3560","88.8615","92.41K","0.18%"
"05/17/2021","89.1030","88.9860","89.2055","88.7760","86.68K","0.14%"
"05/14/2021","88.9740","88.7640","89.0630","88.6095","78.26K","0.27%"
"05/13/2021","88.7370","88.7680","89.0665","88.6280","99.80K","-0.02%"
"05/12/2021","88.7580","89.1360","89.2210","88.6705","104.27K","-0.40%"
"05/11/2021","89.1150","89.0995","89.4560","88.9720","122.46K","0.03%"
"05/10/2021","89.0880","89.0840","89.3775","89.0075","115.10K","-0.01%"
"05/07/2021","89.0960","88.8120","89.2440","88.6235","93.24K","0.34%"
"05/06/2021","88.7910","88.6090","89.0200","88.5225","112.41K","0.22%"
"05/05/2021","88.5970","88.6200","88.9025","88.5080","126.00K","-0.01%"
"05/04/2021","88.6080","89.0565","89.0795","88.5905","120.70K","-0.47%"
"05/03/2021","89.0220","89.1440","89.3545","88.9770","72.46K","0.03%"
"04/30/2021","88.9930","89.7795","89.9325","88.9675","99.01K","-0.88%"
"04/29/2021","89.7820","90.3300","90.5130","89.6015","109.25K","-0.58%"
"04/28/2021","90.3030","90.1940","90.4010","89.6825","91.66K","0.16%"
"04/27/2021","90.1600","90.3060","90.4095","89.9595","122.12K","-0.12%"
"04/26/2021","90.2660","90.6165","90.7965","90.2530","98.70K","-0.42%"
"04/23/2021","90.6460","90.2570","90.6690","90.0005","97.02K","0.44%"
"04/22/2021","90.2450","90.7905","90.8745","90.0915","116.29K","-0.57%"
"04/21/2021","90.7620","90.7530","90.9210","90.5310","117.32K","0.06%"
"04/20/2021","90.7050","90.1015","90.9265","89.9035","111.40K","0.71%"
"04/19/2021","90.0670","89.3290","90.2145","89.0155","84.57K","0.85%"
"04/16/2021","89.3090","89.4290","89.4955","88.9110","109.46K","-0.10%"
"04/15/2021","89.4020","89.9220","90.2160","89.4110","129.95K","-0.55%"
"04/14/2021","89.8950","89.9330","90.0255","89.7625","109.50K","-0.02%"
"04/13/2021","89.9130","89.3210","90.0070","89.1820","105.16K","0.69%"
"04/12/2021","89.2940","88.8670","89.5360","88.8180","100.15K","0.41%"
"04/09/2021","88.9270","88.8430","89.1485","88.6795","85.78K","0.11%"
"04/08/2021","88.8300","88.2525","89.0120","88.1010","88.86K","0.65%"
"04/07/2021","88.2560","87.2700","88.6585","87.1605","107.99K","1.14%"
"04/06/2021","87.2650","86.6190","87.2955","86.4325","83.96K","0.81%"
"04/05/2021","86.5680","86.3080","86.6665","86.0265","41.04K","0.31%"
"04/02/2021","86.2980","86.3625","86.4655","86.1870","49.28K","-0.05%"
"04/01/2021","86.3380","85.8070","86.3880","85.7335","115.00K","0.66%"
"03/31/2021","85.7750","86.0485","86.2905","85.7225","111.20K","-0.29%"
"03/30/2021","86.0280","85.5890","86.4015","85.5500","75.75K","0.54%"
"03/29/2021","85.5660","85.6495","85.7745","85.3665","84.94K","-0.07%"
"03/26/2021","85.6220","85.4795","85.7490","85.2475","104.39K","0.17%"
"03/25/2021","85.4770","85.7565","85.9520","85.4650","113.45K","-0.31%"
"03/24/2021","85.7430","85.9845","86.1160","85.7275","128.90K","-0.25%"
"03/23/2021","85.9570","86.3710","86.4440","85.9160","98.64K","-0.47%"
"03/22/2021","86.3590","86.1640","86.4610","85.9515","101.76K","0.21%"
"03/19/2021","86.1790","86.6225","86.6690","86.0965","110.85K","-0.50%"
"03/18/2021","86.6100","86.9315","87.0005","86.5150","101.35K","-0.34%"
"03/17/2021","86.9090","86.3365","86.9825","86.2485","103.76K","0.72%"
"03/16/2021","86.2870","86.5270","86.6630","86.1985","99.17K","-0.26%"
"03/15/2021","86.5140","86.8795","86.9990","86.3500","99.07K","-0.41%"
"03/12/2021","86.8670","87.1165","87.1640","86.6290","109.70K","-0.28%"
"03/11/2021","87.1120","86.7455","87.1710","86.6330","106.44K","0.45%"
"03/10/2021","86.7190","86.6035","86.9375","86.4740","116.12K","0.16%"
"03/09/2021","86.5770","86.9095","86.9555","86.5810","132.37K","-0.33%"
"03/08/2021","86.8680","87.2575","87.3375","86.8535","124.32K","-0.39%"
"03/05/2021","87.2090","87.0540","87.5505","86.9305","123.78K","0.20%"
"03/04/2021","87.0320","87.9910","88.0875","87.0035","132.20K","-1.06%"
"03/03/2021","87.9680","88.5820","88.6085","87.7315","127.39K","-0.66%"
"03/02/2021","88.5520","88.4455","88.6520","88.0740","119.35K","0.15%"
"03/01/2021","88.4200","89.3085","89.4790","88.3245","140.96K","-0.93%"
"02/26/2021","89.2510","88.5710","89.7820","88.2980","160.24K","0.78%"
"02/25/2021","88.5630","88.0625","89.0400","87.8935","181.37K","0.62%"
"02/24/2021","88.0210","87.9440","88.1670","87.7090","132.83K","0.10%"
"02/23/2021","87.9340","88.0705","88.2085","87.8900","151.90K","-0.12%"
"02/22/2021","88.0440","87.9330","88.1935","87.5645","113.58K","0.15%"
"02/19/2021","87.9090","87.7625","88.0595","87.6865","130.86K","0.20%"
"02/18/2021","87.7350","87.6785","87.8650","87.5170","129.98K","0.10%"
"02/17/2021","87.6470","88.2165","88.2550","87.5550","138.05K","-0.62%"
"02/16/2021","88.1970","88.0815","88.5015","88.0525","127.17K","0.14%"
"02/15/2021","88.0710","88.0070","88.2690","87.9565","89.35K","0.14%"
"02/12/2021","87.9520","88.1975","88.3190","87.7350","98.48K","-0.25%"
"02/11/2021","88.1710","88.2130","88.4755","88.0955","105.54K","-0.02%"
"02/10/2021","88.1920","88.2940","88.4695","88.1930","127.85K","-0.10%"
"02/09/2021","88.2770","87.8755","88.3370","87.8440","137.07K","0.47%"
"02/08/2021","87.8660","87.6835","87.9650","87.5865","153.60K","0.21%"
"02/05/2021","87.6780","87.2835","87.7460","87.1525","110.88K","0.48%"
"02/04/2021","87.2630","87.6295","87.7635","87.2375","122.37K","-0.40%"
"02/03/2021","87.6120","87.8180","87.9335","87.4600","147.00K","-0.19%"
"02/02/2021","87.7780","88.1715","88.3910","87.6125","172.34K","-0.44%"
"02/01/2021","88.1630","88.5085","88.7335","88.1570","157.78K","-0.32%"
"01/29/2021","88.4440","88.4190","88.5855","88.2280","186.88K","0.05%"
"01/28/2021","88.4000","88.4875","88.6265","88.2865","210.41K","-0.09%"
"01/27/2021","88.4760","88.6685","88.7605","88.0955","162.16K","-0.19%"
"01/26/2021","88.6440","88.5710","88.7580","88.4665","115.47K","0.10%"
"01/25/2021","88.5520","88.8080","88.9100","88.4085","115.73K","-0.27%"
"01/22/2021","88.7950","88.7605","89.0040","88.7230","114.44K","0.07%"
"01/21/2021","88.7340","88.2710","88.8310","88.2450","125.00K","0.55%"
"01/20/2021","88.2500","88.7710","88.9380","88.1330","118.09K","-0.56%"
"01/19/2021","88.7500","88.3965","88.8835","88.3635","104.59K","0.43%"
"01/18/2021","88.3730","88.3775","88.5100","88.2280","97.65K","0.07%"
"01/15/2021","88.3140","88.8250","88.8815","88.2970","110.81K","-0.57%"
"01/14/2021","88.8240","88.9565","89.0515","88.5555","107.56K","-0.13%"
"01/13/2021","88.9410","89.4005","89.4595","88.7165","110.09K","-0.47%"
"01/12/2021","89.3650","89.2850","89.4110","88.9070","123.85K","0.14%"
"01/11/2021","89.2410","89.5995","89.6730","89.2180","134.27K","-0.40%"
"01/08/2021","89.5950","90.1210","90.1550","89.3840","106.49K","-0.55%"
"01/07/2021","90.0860","90.1515","90.3245","89.8150","115.48K","-0.04%"
"01/06/2021","90.1180","89.9210","90.2880","89.7405","115.28K","0.23%"
"01/05/2021","89.9080","89.5010","90.0405","89.4900","114.62K","0.46%"
"01/04/2021","89.4960","89.4390","89.8550","89.2420","106.74K","0.85%"
"01/01/2021","88.7460","89.2430","89.3180","88.7665","0.50K","-0.51%"
"12/31/2020","89.1990","89.9530","90.1035","89.1920","93.19K","-0.79%"
"12/30/2020","89.9090","89.9065","90.2555","89.7480","108.58K","0.03%"
"12/29/2020","89.8810","89.8535","90.0560","89.7360","100.42K","0.05%"
"12/28/2020","89.8360","89.7555","90.0660","89.5975","78.39K","0.08%"
"12/25/2020","89.7680","89.6410","89.8290","89.4830","14.43K","0.18%"
"12/24/2020","89.6080","89.9230","90.2065","89.5585","135.45K","-0.31%"
"12/23/2020","89.8890","89.8285","90.1660","89.7090","199.04K","0.09%"
"12/22/2020","89.8100","90.6400","90.6955","89.7435","180.70K","-0.89%"
"12/21/2020","90.6150","90.1810","90.7105","89.5535","163.50K","0.50%"
"12/18/2020","90.1600","90.2005","90.2435","89.8860","105.78K","-0.02%"
"12/17/2020","90.1800","89.8335","90.2565","89.7005","121.65K","0.42%"
"12/16/2020","89.8070","89.3875","89.8625","89.2850","144.40K","0.48%"
"12/15/2020","89.3780","89.4250","89.5930","89.2110","123.32K","-0.03%"
"12/14/2020","89.4090","89.4515","89.5785","89.1840","95.03K","0.12%"
"12/11/2020","89.3020","89.5040","89.6280","89.2155","89.03K","-0.21%"
"12/10/2020","89.4910","89.0840","89.6085","89.0235","97.37K","0.49%"
"12/09/2020","89.0540","89.2295","89.4200","88.8880","136.78K","-0.17%"
"12/08/2020","89.2090","89.4285","89.4735","89.1060","155.50K","-0.19%"
"12/07/2020","89.3810","89.5070","89.8500","89.2830","135.44K","-0.01%"
"12/04/2020","89.3940","89.7115","89.8390","89.3425","135.28K","-0.32%"
"12/03/2020","89.6810","89.3795","89.8435","89.2715","138.01K","0.38%"
"12/02/2020","89.3450","88.7145","89.4055","88.6340","111.21K","0.74%"
"12/01/2020","88.6920","88.2670","88.7695","87.8095","107.11K","0.50%"
"11/30/2020","88.2550","88.4260","88.8245","88.2340","77.73K","-0.21%"
"11/27/2020","88.4390","87.9505","88.5600","87.9070","77.70K","0.56%"
"11/26/2020","87.9490","87.9270","88.1725","87.7610","83.99K","0.08%"
"11/25/2020","87.8800","88.0805","88.2465","87.7725","111.25K","-0.23%"
"11/24/2020","88.0790","87.9385","88.1290","87.5315","102.15K","0.19%"
"11/23/2020","87.9120","87.8545","88.1935","87.6240","90.99K","0.08%"
"11/20/2020","87.8430","88.0055","88.2275","87.8140","107.89K","-0.15%"
"11/19/2020","87.9790","87.8580","88.0670","87.6950","119.13K","0.16%"
"11/18/2020","87.8350","88.3555","88.4600","87.8210","135.46K","-0.56%"
"11/17/2020","88.3290","88.1550","88.5915","88.1250","92.95K","0.20%"
"11/16/2020","88.1510","88.2360","88.4275","87.9745","86.21K","-0.08%"
"11/13/2020","88.2210","88.1655","88.3070","87.8930","123.17K","0.08%"
"11/12/2020","88.1520","87.6940","88.2855","87.5200","142.63K","0.55%"
"11/11/2020","87.6670","87.7365","87.9200","87.4285","148.18K","-0.10%"
"11/10/2020","87.7540","87.4540","87.9795","87.4035","171.16K","0.36%"
"11/09/2020","87.4370","87.8725","88.1925","87.3775","158.23K","-0.44%"
"11/06/2020","87.8220","87.4015","88.1230","87.1910","140.81K","0.47%"
"11/05/2020","87.4130","87.2115","87.7775","87.0385","130.97K","0.27%"
"11/04/2020","87.1780","87.4235","87.8335","86.6060","151.02K","-0.23%"
"11/03/2020","87.3760","86.7445","87.5395","86.5110","94.15K","0.77%"
"11/02/2020","86.7110","86.9005","86.9300","86.4035","92.19K","-0.14%"
"10/30/2020","86.8330","86.8315","87.2300","86.7225","119.29K","0.01%"
"10/29/2020","86.8200","87.1400","87.3130","86.6720","154.99K","-0.35%"
"10/28/2020","87.1240","86.8425","87.2850","86.6510","116.78K","0.33%"
"10/27/2020","86.8370","87.3585","87.4920","86.8205","91.80K","-0.56%"
"10/26/2020","87.3250","87.5765","87.5840","87.1940","88.71K","-0.26%"
"10/23/2020","87.5540","87.0635","87.6560","86.7375","102.11K","0.59%"
"10/22/2020","87.0440","87.3115","87.4100","87.0305","96.99K","-0.25%"
"10/21/2020","87.2630","86.8325","87.5100","86.8250","106.46K","0.53%"
"10/20/2020","86.8060","86.3410","87.0020","86.2415","85.48K","0.58%"
"10/19/2020","86.3040","86.0875","86.5050","85.8605","82.22K","0.30%"
"10/16/2020","86.0450","85.9775","86.1555","85.7650","104.72K","0.12%"
"10/15/2020","85.9450","86.0565","86.1910","85.8250","98.80K","-0.10%"
"10/14/2020","86.0280","86.2275","86.2910","85.8600","107.37K","-0.20%"
"10/13/2020","86.2010","86.6655","86.6950","86.1135","113.80K","-0.53%"
"10/12/2020","86.6640","86.2965","86.7230","86.1395","97.71K","0.39%"
"10/09/2020","86.3270","86.1935","86.4010","85.9955","84.30K","0.18%"
"10/08/2020","86.1740","86.2565","86.3780","85.9920","128.32K","-0.07%"
"10/07/2020","86.2360","86.1750","86.3690","86.0965","115.76K","0.10%"
"10/06/2020","86.1530","86.1465","86.7135","86.1175","120.23K","0.03%"
"10/05/2020","86.1310","85.8720","86.2555","85.7220","93.23K","0.32%"
"10/02/2020","85.8520","86.0165","86.1645","85.6565","134.09K","-0.15%"
"10/01/2020","85.9800","86.2240","86.4590","85.6915","128.49K","-0.25%"
"09/30/2020","86.1980","86.6125","86.7120","86.0575","101.59K","-0.46%"
"09/29/2020","86.5970","86.0545","86.6710","86.0135","86.72K","0.67%"
"09/28/2020","86.0220","85.7100","86.1725","85.5190","76.75K","0.40%"
"09/25/2020","85.6780","86.2565","86.3195","85.5605","113.22K","-0.67%"
"09/24/2020","86.2560","85.7980","86.3920","85.7315","141.50K","0.56%"
"09/23/2020","85.7750","86.0810","86.1360","85.7245","140.82K","-0.32%"
"09/22/2020","86.0510","86.6075","86.6370","85.9505","130.04K","-0.62%"
"09/21/2020","86.5850","87.1240","87.3045","86.3225","142.42K","-0.53%"
"09/18/2020","87.0470","87.2165","87.3220","86.7740","106.03K","-0.17%"
"09/17/2020","87.1940","86.9005","87.2575","86.3160","124.60K","0.38%"
"09/16/2020","86.8680","87.2275","87.4175","86.6405","103.57K","-0.36%"
"09/15/2020","87.1790","87.0715","87.6360","87.0185","78.38K","0.12%"
"09/14/2020","87.0760","87.0705","87.3525","86.7790","67.24K","0.11%"
"09/11/2020","86.9780","86.7625","87.3580","86.7510","91.13K","0.27%"
"09/10/2020","86.7430","86.5135","87.4250","86.5060","104.81K","0.27%"
"09/09/2020","86.5090","86.8845","86.9655","86.4710","115.89K","-0.37%"
"09/08/2020","86.8290","86.7925","87.3215","86.6275","117.23K","0.05%"
"09/07/2020","86.7890","86.7290","86.9690","86.4130","79.96K","0.04%"
"09/04/2020","86.7520","86.9675","87.0925","86.2700","106.91K","-0.24%"
"09/03/2020","86.9590","86.8390","87.0815","86.4465","113.26K","0.13%"
"09/02/2020","86.8450","86.9545","87.0970","86.5715","110.28K","-0.12%"
"09/01/2020","86.9450","87.4390","87.8970","86.8780","110.26K","-0.56%"
"08/31/2020","87.4360","87.0140","87.7730","86.9740","91.42K","0.47%"
"08/28/2020","87.0280","87.3695","87.6170","86.8750","102.61K","-0.37%"
"08/27/2020","87.3500","87.8120","88.0280","87.0220","108.99K","-0.50%"
"08/26/2020","87.7910","87.8430","88.0380","87.4870","106.65K","-0.01%"
"08/25/2020","87.8030","87.4680","88.0975","87.3940","106.22K","0.44%"
"08/24/2020","87.4220","88.3520","88.4645","87.3980","91.18K","-1.07%"
"08/21/2020","88.3680","88.9660","89.0970","88.0910","101.72K","-0.66%"
"08/20/2020","88.9570","88.6120","89.0165","88.5480","117.76K","0.42%"
"08/19/2020","88.5880","88.9755","89.4625","88.5410","113.75K","-0.42%"
"08/18/2020","88.9620","88.7250","89.2945","88.6845","108.18K","0.28%"
"08/17/2020","88.7120","88.6890","88.8985","88.5590","89.69K","0.06%"
"08/14/2020","88.6580","88.3910","88.7715","88.2080","81.33K","0.33%"
"08/13/2020","88.3670","88.1535","88.7650","88.1120","96.20K","0.28%"
"08/12/2020","88.1180","87.6040","88.2940","87.3875","84.41K","0.61%"
"08/11/2020","87.5850","87.8845","88.1460","87.5110","104.98K","-0.32%"
"08/10/2020","87.8670","88.4770","88.5255","87.8695","88.44K","-0.61%"
"08/07/2020","88.4090","88.9590","89.0150","88.2245","108.36K","-0.59%"
"08/06/2020","88.9320","88.7325","89.1830","88.5055","126.93K","0.24%"
"08/05/2020","88.7160","88.5875","89.0835","88.3975","112.41K","0.16%"
"08/04/2020","88.5780","88.4550","88.6025","88.0605","93.76K","0.18%"
"08/03/2020","88.4190","88.2760","88.4815","87.9575","101.97K","0.22%"
"07/31/2020","88.2290","88.6985","89.1440","88.1145","116.77K","-0.53%"
"07/30/2020","88.6970","88.3490","88.7210","87.8370","125.15K","0.41%"
"07/29/2020","88.3340","87.7780","88.4910","87.6155","106.35K","0.67%"
"07/28/2020","87.7460","87.9125","88.0730","87.5305","109.71K","-0.16%"
"07/27/2020","87.8860","87.0880","88.0670","86.9980","106.90K","0.89%"
"07/24/2020","87.1140","86.7630","87.1900","86.6270","113.67K","0.44%"
"07/23/2020","86.7350","86.3615","86.9910","86.2790","107.71K","0.51%"
"07/22/2020","86.2970","85.9185","86.5480","85.8960","103.17K","0.47%"
"07/21/2020","85.8960","85.5700","86.0055","85.2205","97.42K","0.43%"
"07/20/2020","85.5320","85.5450","85.9710","85.3120","97.22K","-0.04%"
"07/17/2020","85.5620","85.5845","85.7630","85.4135","110.71K","0.00%"
"07/16/2020","85.5660","85.7250","85.9900","85.4455","123.10K","-0.17%"
"07/15/2020","85.7120","85.9635","86.1675","85.6500","121.18K","-0.22%"
"07/14/2020","85.9000","85.3055","86.0350","85.2530","129.05K","0.74%"
"07/13/2020","85.2700","84.9475","85.5040","84.9475","100.55K","0.38%"
"07/10/2020","84.9500","84.7970","85.1665","84.6775","97.05K","0.19%"
"07/09/2020","84.7880","84.9055","85.2805","84.7195","109.07K","-0.13%"
"07/08/2020","84.9000","84.3335","85.0825","84.2940","119.81K","0.71%"
"07/07/2020","84.3050","84.3975","84.7095","84.2940","124.50K","-0.10%"
"07/06/2020","84.3920","83.8950","84.6450","83.8875","98.56K","0.53%"
"07/03/2020","83.9480","84.0190","84.3040","83.7725","121.24K","-0.05%"
"07/02/2020","83.9930","84.9415","85.1630","83.9240","115.39K","-1.09%"
"07/01/2020","84.9150","84.8560","85.1270","84.5315","102.84K","0.09%"
"06/30/2020","84.8390","84.8845","85.0725","84.5625","131.51K","-0.03%"
"06/29/2020","84.8620","84.8950","85.2740","84.7180","125.87K","0.06%"
"06/26/2020","84.8120","84.8085","85.0030","84.5725","122.27K","0.04%"
"06/25/2020","84.7760","85.1270","85.2555","84.6300","136.03K","-0.39%"
"06/24/2020","85.1060","85.3820","85.7370","85.1035","128.20K","-0.27%"
"06/23/2020","85.3390","85.3355","85.7080","85.1615","137.94K","0.03%"
"06/22/2020","85.3130","85.2965","85.4245","85.0660","116.18K","0.12%"
"06/19/2020","85.2090","85.6135","85.6785","85.1070","128.35K","-0.42%"
"06/18/2020","85.5720","85.7805","85.8295","85.4345","132.54K","-0.22%"
"06/17/2020","85.7620","85.8880","86.0325","85.4060","144.32K","-0.12%"
"06/16/2020","85.8610","86.0265","86.4535","85.5940","128.32K","-0.16%"
"06/15/2020","85.9950","85.5220","86.1145","85.3740","134.32K","0.51%"
"06/12/2020","85.5620","85.8400","86.1115","85.2675","126.61K","-0.30%"
"06/11/2020","85.8230","86.0230","86.6000","85.7530","149.84K","-0.16%"
"06/10/2020","85.9620","85.6380","86.4455","85.5400","126.32K","0.44%"
"06/09/2020","85.5830","85.1795","85.7850","84.9710","126.35K","0.55%"
"06/08/2020","85.1190","85.2995","85.5490","85.0840","97.59K","-0.17%"
"06/05/2020","85.2600","85.5520","85.9130","85.2255","123.87K","-0.30%"
"06/04/2020","85.5180","84.6200","85.7360","84.4275","128.82K","1.10%"
"06/03/2020","84.5880","83.9020","84.8085","83.8605","141.92K","0.86%"
"06/02/2020","83.8680","84.0900","84.1815","83.7670","134.85K","-0.23%"
"06/01/2020","84.0620","83.8955","84.3115","83.7915","109.25K","0.21%"
"05/29/2020","83.8900","83.8125","84.2145","83.7205","123.98K","0.12%"
"05/28/2020","83.7900","83.5465","83.9375","83.2350","127.00K","0.33%"
"05/27/2020","83.5130","82.8770","83.6030","82.6615","128.11K","0.83%"
"05/26/2020","82.8240","82.7130","83.0175","82.5755","102.16K","0.14%"
"05/25/2020","82.7060","82.8045","82.8575","82.5870","65.43K","-0.07%"
"05/22/2020","82.7670","82.8000","82.9295","82.6315","123.39K","-0.02%"
"05/21/2020","82.7850","82.9555","83.1495","82.6695","112.95K","-0.18%"
"05/20/2020","82.9310","82.6645","83.0725","82.5855","123.01K","0.39%"
"05/19/2020","82.6060","82.6110","83.0185","82.4865","115.83K","0.03%"
"05/18/2020","82.5850","82.0175","82.7265","81.9420","93.75K","0.72%"
"05/15/2020","81.9960","81.5725","82.2965","81.4535","102.03K","0.55%"
"05/14/2020","81.5490","81.5335","81.8390","81.3750","119.85K","0.05%"
"05/13/2020","81.5090","81.4270","82.0225","81.4005","123.70K","0.16%"
"05/12/2020","81.3820","82.0130","82.0695","81.4120","129.17K","-0.72%"
"05/11/2020","81.9740","81.8990","82.2095","81.7365","102.55K","0.15%"
"05/08/2020","81.8530","82.1080","82.2630","81.6020","108.29K","-0.29%"
"05/07/2020","82.0900","82.1555","82.2650","81.6100","109.73K","-0.04%"
"05/06/2020","82.1210","82.0695","82.3345","81.7345","109.57K","0.14%"
"05/05/2020","82.0100","82.5010","82.6155","82.0025","104.08K","-0.57%"
"05/04/2020","82.4820","83.1700","83.1770","82.4065","91.19K","-0.82%"
"05/01/2020","83.1620","82.2575","83.4855","82.1375","91.89K","1.11%"
"04/30/2020","82.2470","82.0345","82.3525","81.3415","126.14K","0.25%"
"04/29/2020","82.0390","82.2985","82.5345","81.8235","134.69K","-0.30%"
"04/28/2020","82.2820","82.5525","82.8955","82.2315","135.21K","-0.31%"
"04/27/2020","82.5390","82.4365","82.8045","82.4120","115.64K","0.03%"
"04/24/2020","82.5130","81.7995","82.6040","81.6710","122.42K","0.90%"
"04/23/2020","81.7790","82.7025","82.7485","81.6225","123.90K","-1.09%"
"04/22/2020","82.6800","83.5720","83.6295","82.5765","115.80K","-1.05%"
"04/21/2020","83.5590","83.1760","83.7175","82.9520","122.44K","0.47%"
"04/20/2020","83.1700","83.2445","83.3525","82.9900","115.14K","-0.05%"
"04/17/2020","83.2140","83.2185","83.5515","82.5575","131.64K","0.01%"
"04/16/2020","83.2020","83.5345","83.8265","83.0185","131.14K","-0.36%"
"04/15/2020","83.5030","83.4720","83.7820","83.0760","114.09K","0.06%"
"04/14/2020","83.4510","83.2255","83.6050","83.1110","110.78K","0.30%"
"04/13/2020","83.1990","83.0195","83.7575","82.8940","64.12K","0.29%"
"04/10/2020","82.9550","83.3960","83.4760","82.9215","62.19K","-0.50%"
"04/09/2020","83.3680","82.4535","83.5675","82.4270","118.60K","1.14%"
"04/08/2020","82.4300","82.3850","83.0490","82.1245","129.86K","0.11%"
"04/07/2020","82.3430","81.9995","82.5995","81.9275","142.10K","0.46%"
"04/06/2020","81.9680","82.4425","82.5495","81.9200","115.35K","-0.52%"
"04/03/2020","82.3960","82.9550","83.0125","81.9290","117.31K","-0.65%"
"04/02/2020","82.9340","83.7695","83.8110","82.6685","131.90K","-0.97%"
"04/01/2020","83.7490","83.1110","83.8190","82.2470","127.84K","0.80%"
"03/31/2020","83.0850","83.3015","83.3695","82.4480","134.09K","-0.25%"
"03/30/2020","83.2910","84.0495","84.1135","82.8005","122.12K","-0.93%"
"03/27/2020","84.0720","82.6035","84.1325","82.2205","137.46K","1.80%"
"03/26/2020","82.5830","83.1040","83.5120","81.9505","138.04K","-0.60%"
"03/25/2020","83.0800","82.4045","83.2070","82.1870","141.89K","0.85%"
"03/24/2020","82.3790","81.8735","82.9070","81.8105","142.61K","0.68%"
"03/23/2020","81.8230","80.6460","82.5215","80.1980","144.52K","1.48%"
"03/20/2020","80.6260","79.9615","81.0440","79.6660","162.41K","0.86%"
"03/19/2020","79.9420","81.3715","82.2510","79.6810","158.83K","-1.73%"
"03/18/2020","81.3520","81.4465","81.9370","80.5255","148.03K","-0.10%"
"03/17/2020","81.4360","82.7540","82.9620","81.1540","140.86K","-1.57%"
"03/16/2020","82.7360","81.8520","83.4780","81.5600","144.65K","0.90%"
"03/13/2020","81.9980","83.4135","83.5895","81.6375","155.78K","-1.67%"
"03/12/2020","83.3940","83.0320","84.1210","82.0945","147.31K","0.46%"
"03/11/2020","83.0150","83.6440","84.0080","82.9415","142.63K","-0.74%"
"03/10/2020","83.6300","84.9245","85.0205","83.6000","130.04K","-1.53%"
"03/09/2020","84.9260","83.5655","85.1800","83.5060","146.75K","1.70%"
"03/06/2020","83.5100","82.6250","84.0385","82.4120","122.05K","1.10%"
"03/05/2020","82.6020","81.8940","82.6620","81.3190","97.88K","0.90%"
"03/04/2020","81.8680","81.6115","82.1850","81.2825","106.74K","0.35%"
"03/03/2020","81.5820","81.1430","82.1725","80.6705","118.12K","0.56%"
"03/02/2020","81.1280","79.8150","81.5295","79.6235","118.54K","1.45%"
"02/28/2020","79.9690","78.8275","80.1305","78.6880","109.87K","1.48%"
"02/27/2020","78.8010","77.9075","78.9055","77.8680","101.90K","1.20%"
"02/26/2020","77.8690","78.1475","78.2340","77.7035","102.17K","-0.32%"
"02/25/2020","78.1220","78.0785","78.2190","77.6035","100.21K","0.09%"
"02/24/2020","78.0480","77.9250","78.2110","77.6220","84.77K","0.15%"
"02/21/2020","77.9290","77.3070","78.1205","77.2965","73.11K","0.85%"
"02/20/2020","77.2750","77.3710","77.5635","77.1370","83.84K","-0.09%"
"02/19/2020","77.3460","77.2510","77.4175","77.1375","79.26K","0.15%"
"02/18/2020","77.2310","77.3180","77.5500","77.1575","83.96K","-0.05%"
"02/17/2020","77.2680","77.4800","77.5730","77.2495","62.97K","-0.25%"
"02/14/2020","77.4640","77.3290","77.7485","77.2170","78.75K","0.20%"
"02/13/2020","77.3110","77.5385","77.7915","77.2155","78.93K","-0.24%"
"02/12/2020","77.4990","77.8145","77.9450","77.4620","77.24K","-0.38%"
"02/11/2020","77.7950","77.7845","77.8975","77.6155","79.77K","0.04%"
"02/10/2020","77.7660","78.3160","78.3445","77.7565","84.23K","-0.61%"
"02/07/2020","78.2420","78.2260","78.5005","78.1485","75.46K","0.05%"
"02/06/2020","78.2030","78.3055","78.4575","78.0940","78.92K","-0.09%"
"02/05/2020","78.2770","78.5395","78.7300","78.2370","76.11K","-0.32%"
"02/04/2020","78.5270","78.8810","78.9200","78.4555","77.89K","-0.43%"
"02/03/2020","78.8670","79.3410","79.4210","78.6915","71.27K","-0.62%"
"01/31/2020","79.3590","78.9340","79.4045","78.5695","77.98K","0.57%"
"01/30/2020","78.9090","78.5125","79.0435","78.4805","75.35K","0.53%"
"01/29/2020","78.4940","78.4765","78.6380","78.2990","74.01K","0.05%"
"01/28/2020","78.4510","78.7305","78.7810","78.3255","69.85K","-0.33%"
"01/27/2020","78.7130","78.6130","78.8700","78.6095","71.69K","0.12%"
"01/24/2020","78.6160","78.9290","78.9650","78.5805","59.66K","-0.36%"
"01/23/2020","78.9000","78.8455","79.1945","78.7530","57.23K","0.10%"
"01/22/2020","78.8240","78.8850","79.0390","78.7210","66.64K","-0.05%"
"01/21/2020","78.8600","78.8190","79.1520","78.7690","63.77K","0.07%"
"01/20/2020","78.8010","78.8405","78.9390","78.6755","53.85K","-0.01%"
"01/17/2020","78.8090","79.0440","79.1770","78.7890","58.37K","-0.25%"
"01/16/2020","79.0060","78.8600","79.2475","78.8385","70.26K","0.22%"
"01/15/2020","78.8350","78.8490","79.0390","78.7475","78.65K","0.01%"
"01/14/2020","78.8240","78.7355","79.0690","78.6405","82.02K","0.14%"
"01/13/2020","78.7100","78.9430","78.9750","78.6540","71.05K","-0.24%"
"01/10/2020","78.8960","79.0820","79.1645","78.5445","70.49K","-0.22%"
"01/09/2020","79.0680","79.4120","79.5315","78.9330","78.07K","-0.42%"
"01/08/2020","79.4000","80.1250","80.4345","79.3870","95.16K","-0.89%"
"01/07/2020","80.1160","80.4550","80.4765","79.9880","76.66K","-0.43%"
"01/06/2020","80.4660","80.1525","80.6880","80.0595","66.31K","0.47%"
"01/03/2020","80.0910","79.7125","80.2395","79.6870","64.10K","0.49%"
"01/02/2020","79.7010","79.8600","80.0260","79.6480","48.52K","-0.17%"
"01/01/2020","79.8400","80.0070","80.0435","79.8320","1.58K","-0.18%"
"12/31/2019","79.9830","79.8645","80.2365","79.8050","46.76K","0.17%"
"12/30/2019","79.8460","79.8115","80.0725","79.7480","58.24K","0.02%"
"12/27/2019","79.8340","79.1180","80.0035","79.1110","56.02K","0.92%"
"12/26/2019","79.1030","79.0565","79.2145","78.9845","34.33K","0.09%"
"12/25/2019","79.0310","79.0425","79.1740","78.9285","16.74K","0.02%"
"12/24/2019","79.0170","78.9760","79.0590","78.8395","60.76K","0.09%"
"12/23/2019","78.9430","78.7415","79.0985","78.6810","54.25K","0.30%"
"12/20/2019","78.7090","79.1665","79.2400","78.6695","58.15K","-0.55%"
"12/19/2019","79.1410","78.9025","79.2880","78.8520","60.25K","0.33%"
"12/18/2019","78.8770","79.2040","79.2430","78.8565","61.74K","-0.40%"
"12/17/2019","79.1910","79.0205","79.3035","78.8855","64.98K","0.23%"
"12/16/2019","79.0080","78.7415","79.1905","78.7415","62.08K","0.37%"
"12/13/2019","78.7170","78.5410","79.2590","78.5305","86.01K","0.25%"
"12/12/2019","78.5190","78.7005","79.0425","78.3685","72.98K","-0.20%"
"12/11/2019","78.6750","78.5425","78.8425","78.3600","71.10K","0.18%"
"12/10/2019","78.5310","78.5175","78.6475","78.4045","64.39K","0.04%"
"12/09/2019","78.4960","78.8000","78.8495","78.5135","47.07K","-0.39%"
"12/06/2019","78.8010","79.1110","79.3475","78.6740","49.06K","-0.37%"
"12/05/2019","79.0900","79.1860","79.4125","78.9730","56.05K","-0.09%"
"12/04/2019","79.1610","79.4990","79.5775","79.1005","66.99K","-0.41%"
"12/03/2019","79.4840","79.3635","79.6015","79.2235","68.90K","0.19%"
"12/02/2019","79.3330","79.0245","79.4645","78.8450","63.91K","0.39%"
"11/29/2019","79.0280","78.7165","79.1390","78.6760","58.77K","0.42%"
"11/28/2019","78.7000","78.3755","78.9390","78.3755","61.65K","0.43%"
"11/27/2019","78.3610","78.7710","78.8105","78.3300","63.45K","-0.49%"
"11/26/2019","78.7460","78.9590","78.9840","78.6820","62.70K","-0.25%"
"11/25/2019","78.9460","79.1300","79.1665","78.8785","61.39K","-0.22%"
"11/22/2019","79.1230","79.3485","79.5880","79.0365","70.01K","-0.25%"
"11/21/2019","79.3230","79.4515","79.6435","79.2930","75.10K","-0.14%"
"11/20/2019","79.4340","79.5735","79.6055","79.3260","80.43K","-0.16%"
"11/19/2019","79.5620","79.6575","79.7575","79.3285","73.87K","-0.10%"
"11/18/2019","79.6380","79.1875","79.7735","79.1590","69.04K","0.60%"
"11/15/2019","79.1620","79.3280","79.3815","79.0100","70.07K","-0.17%"
"11/14/2019","79.3000","79.4085","79.5020","79.0170","75.20K","-0.12%"
"11/13/2019","79.3970","79.0375","79.4375","78.8760","70.61K","0.49%"
"11/12/2019","79.0080","78.9595","79.0790","78.8405","59.20K","0.08%"
"11/11/2019","78.9450","78.6530","79.0755","78.5815","51.70K","0.42%"
"11/08/2019","78.6130","78.5105","78.8465","78.4680","60.96K","0.16%"
"11/07/2019","78.4890","78.5870","78.7320","78.3990","88.21K","-0.09%"
"11/06/2019","78.5620","78.3835","78.7725","78.3195","78.11K","0.24%"
"11/05/2019","78.3710","78.7740","78.8130","78.2790","86.16K","-0.49%"
"11/04/2019","78.7580","78.9860","79.0640","78.7455","70.90K","-0.31%"
"11/01/2019","79.0010","79.1565","79.3630","78.7525","71.60K","-0.18%"
"10/31/2019","79.1400","79.1190","79.3615","78.9620","89.41K","0.06%"
"10/30/2019","79.0960","78.7730","79.1295","78.6120","75.20K","0.44%"
"10/29/2019","78.7480","78.5200","78.8035","78.4185","61.07K","0.31%"
"10/28/2019","78.5070","78.4825","78.5790","78.3890","49.98K","0.08%"
"10/25/2019","78.4430","78.7995","78.9600","78.3820","71.12K","-0.45%"
"10/24/2019","78.7940","78.7240","79.2135","78.6900","82.87K","0.11%"
"10/23/2019","78.7040","78.7755","78.9875","78.6710","81.31K","-0.08%"
"10/22/2019","78.7670","79.0815","79.1695","78.7225","82.64K","-0.37%"
"10/21/2019","79.0620","79.2155","79.3865","78.9025","72.77K","-0.41%"
"10/18/2019","79.3890","79.1320","79.4290","79.0205","73.15K","0.37%"
"10/17/2019","79.1000","79.0140","79.2755","78.8835","88.15K","0.14%"
"10/16/2019","78.9860","78.8825","79.1430","78.7070","93.40K","0.16%"
"10/15/2019","78.8610","78.5630","78.9855","78.5095","93.41K","0.40%"
"10/14/2019","78.5480","78.3285","78.6040","78.0215","75.21K","0.33%"
"10/11/2019","78.2880","78.1315","78.5870","77.9830","95.49K","0.23%"
"10/10/2019","78.1060","78.0260","78.4350","77.9975","95.59K","0.13%"
"10/09/2019","78.0010","78.0325","78.1615","77.8835","79.14K","0.00%"
"10/08/2019","78.0030","77.8675","78.2725","77.8210","77.92K","0.20%"
"10/07/2019","77.8510","77.7375","78.1025","77.7060","67.94K","0.15%"
"10/04/2019","77.7320","77.8735","78.0230","77.6745","82.52K","-0.17%"
"10/03/2019","77.8660","77.9730","78.2090","77.6175","80.17K","-0.11%"
"10/02/2019","77.9550","77.7410","78.0250","77.5275","59.71K","0.31%"
"10/01/2019","77.7120","77.0035","77.8345","76.9130","71.43K","0.95%"
"09/30/2019","76.9830","77.1365","77.4680","76.9250","62.43K","-0.16%"
"09/27/2019","77.1050","77.5000","77.5190","76.8945","75.67K","-0.49%"
"09/26/2019","77.4820","77.6785","77.8680","77.4365","83.17K","-0.22%"
"09/25/2019","77.6500","78.2100","78.2890","77.6400","75.25K","-0.68%"
"09/24/2019","78.1780","77.8365","78.2590","77.7125","73.89K","0.48%"
"09/23/2019","77.8010","78.2960","78.3675","77.7420","68.52K","-0.62%"
"09/20/2019","78.2870","78.8120","78.9445","78.1040","71.90K","-0.64%"
"09/19/2019","78.7920","78.4730","79.0165","78.4195","74.42K","0.44%"
"09/18/2019","78.4490","79.1610","79.1855","78.3555","73.23K","-0.86%"
"09/17/2019","79.1280","78.7380","79.3205","78.7200","83.38K","0.52%"
"09/16/2019","78.7160","78.7510","79.3675","78.6265","81.69K","0.17%"
"09/13/2019","78.5850","78.5070","78.9875","78.4155","87.09K","0.15%"
"09/12/2019","78.4660","78.8135","78.8470","77.7430","96.44K","-0.38%"
"09/11/2019","78.7690","79.3750","79.4650","78.7135","80.25K","-0.75%"
"09/10/2019","79.3660","79.2930","79.5085","79.1735","72.96K","0.14%"
"09/09/2019","79.2550","78.9815","79.3985","78.8565","72.90K","0.34%"
"09/06/2019","78.9860","79.3725","79.4340","78.9520","89.26K","-0.45%"
"09/05/2019","79.3440","79.4360","79.6420","79.1510","96.99K","-0.08%"
"09/04/2019","79.4100","79.1995","79.4840","79.0405","101.63K","0.30%"
"09/03/2019","79.1740","78.9500","79.3195","78.6620","100.29K","0.34%"
"09/02/2019","78.9030","78.5160","79.0955","78.4800","67.33K","0.49%"
"08/30/2019","78.5180","79.2640","79.3475","78.3300","88.82K","-0.91%"
"08/29/2019","79.2420","79.5650","79.9195","79.1510","89.99K","-0.36%"
"08/28/2019","79.5270","79.3450","79.7275","79.2215","86.60K","0.26%"
"08/27/2019","79.3190","79.9690","80.0035","79.1790","87.55K","-0.78%"
"08/26/2019","79.9420","79.7045","80.5840","79.6080","100.19K","0.34%"
"08/23/2019","79.6710","79.6950","79.7650","79.1840","97.37K","0.01%"
"08/22/2019","79.6620","79.1910","79.8890","79.1760","89.43K","0.63%"
"08/21/2019","79.1630","79.4195","79.4945","79.1585","85.82K","-0.30%"
"08/20/2019","79.3980","79.1605","79.6020","79.1500","88.82K","0.35%"
"08/19/2019","79.1250","78.9250","79.3985","78.7930","77.32K","0.29%"
"08/16/2019","78.8980","79.7590","79.8060","78.7000","77.83K","-1.04%"
"08/15/2019","79.7260","79.3930","80.0360","79.3575","92.30K","0.43%"
"08/14/2019","79.3810","79.7780","79.8495","79.1395","97.10K","-0.47%"
"08/13/2019","79.7530","79.9365","80.2615","79.4520","97.83K","-0.18%"
"08/12/2019","79.8960","79.5990","80.1050","79.3225","73.39K","0.62%"
"08/09/2019","79.4010","78.7330","79.6025","78.7260","91.69K","0.89%"
"08/08/2019","78.7040","79.6750","79.8195","78.7085","106.90K","-1.18%"
"08/07/2019","79.6440","79.5575","80.0410","79.0575","110.90K","0.13%"
"08/06/2019","79.5390","79.3410","79.6770","78.8770","111.42K","0.28%"
"08/05/2019","79.3150","77.3880","79.4150","77.3880","106.09K","2.47%"
"08/02/2019","77.4050","76.5060","77.4510","76.3990","103.74K","1.21%"
"08/01/2019","76.4780","76.2825","76.5820","75.9895","109.33K","0.29%"
"07/31/2019","76.2560","76.8150","76.9170","76.1720","90.73K","-0.69%"
"07/30/2019","76.7830","76.6205","76.8895","76.4645","84.95K","0.22%"
"07/29/2019","76.6150","76.6395","76.7510","76.3635","69.37K","0.00%"
"07/26/2019","76.6180","76.9605","77.1175","76.5470","71.31K","-0.42%"
"07/25/2019","76.9400","76.8510","77.2250","76.4810","83.74K","0.15%"
"07/24/2019","76.8260","76.9855","77.0320","76.7615","86.36K","-0.18%"
"07/23/2019","76.9610","77.2710","77.3020","76.8830","82.59K","-0.37%"
"07/22/2019","77.2460","77.2470","77.4910","77.1710","72.59K","-0.01%"
"07/19/2019","77.2500","77.6475","77.6860","77.0990","91.74K","-0.49%"
"07/18/2019","77.6280","77.2730","77.6790","77.2080","89.37K","0.49%"
"07/17/2019","77.2470","76.9635","77.3550","76.9150","80.58K","0.40%"
"07/16/2019","76.9390","77.1645","77.2785","76.9255","74.72K","-0.28%"
"07/15/2019","77.1550","77.2600","77.3800","77.1070","65.88K","-0.12%"
"07/12/2019","77.2490","76.9890","77.3435","76.9715","80.53K","0.36%"
"07/11/2019","76.9710","76.9785","77.2160","76.9235","87.93K","0.04%"
"07/10/2019","76.9420","76.8475","77.1485","76.7615","87.43K","0.16%"
"07/09/2019","76.8170","76.8935","77.2180","76.7300","76.88K","-0.06%"
"07/08/2019","76.8630","76.8215","77.2280","76.7835","69.98K","0.07%"
"07/05/2019","76.8100","77.3330","77.5580","76.7425","86.39K","-0.63%"
"07/04/2019","77.2990","77.5895","77.7500","77.2230","64.49K","-0.35%"
"07/03/2019","77.5740","77.7420","77.8860","77.5500","78.78K","-0.18%"
"07/02/2019","77.7170","77.7400","78.1030","77.6785","81.48K","-0.02%"
"07/01/2019","77.7310","78.3995","78.4375","77.7060","81.60K","-0.82%"
"06/28/2019","78.3710","78.5425","78.7005","78.2340","71.07K","-0.19%"
"06/27/2019","78.5230","78.7245","78.7710","78.4200","72.28K","-0.24%"
"06/26/2019","78.7120","78.8115","78.9560","78.5125","78.15K","-0.07%"
"06/25/2019","78.7680","78.9640","79.1340","78.6275","75.49K","-0.21%"
"06/24/2019","78.9340","79.0895","79.2705","78.8630","67.05K","-0.23%"
"06/21/2019","79.1190","78.5020","79.1860","78.4740","79.18K","0.81%"
"06/20/2019","78.4840","78.1890","78.6860","78.1855","82.41K","0.41%"
"06/19/2019","78.1640","77.9075","78.3850","77.7790","65.00K","0.35%"
"06/18/2019","77.8890","78.3580","78.5490","77.8310","71.22K","-0.58%"
"06/17/2019","78.3400","78.3250","78.6095","78.2145","61.64K","0.13%"
"06/14/2019","78.2400","78.4480","78.6980","78.2240","77.15K","-0.17%"
"06/13/2019","78.3730","78.3035","78.5625","78.2620","90.32K","0.10%"
"06/12/2019","78.2980","78.5855","78.7340","78.2650","91.66K","-0.39%"
"06/11/2019","78.6010","78.6580","78.7155","78.4690","86.17K","-0.05%"
"06/10/2019","78.6410","78.5375","78.8015","78.4435","74.59K","0.09%"
"06/07/2019","78.5690","77.9870","78.8690","77.8645","78.52K","0.78%"
"06/06/2019","77.9600","77.9160","78.2860","77.6930","97.65K","0.17%"
"06/05/2019","77.8260","77.9595","78.3845","77.8395","93.88K","-0.15%"
"06/04/2019","77.9450","77.7550","78.1405","77.6105","96.48K","0.28%"
"06/03/2019","77.7300","77.7070","77.9140","77.3595","96.62K","-0.07%"
"05/31/2019","77.7860","77.7470","77.9760","77.5650","129.65K","0.10%"
"05/30/2019","77.7100","77.7480","77.9335","77.6095","102.80K","-0.02%"
"05/29/2019","77.7250","77.6880","78.1215","77.6550","120.51K","0.08%"
"05/28/2019","77.6620","77.8345","78.0645","77.6580","109.61K","-0.17%"
"05/27/2019","77.7980","77.6670","77.9515","77.6110","79.63K","0.12%"
"05/24/2019","77.7080","77.8995","78.0635","77.6760","93.71K","-0.22%"
"05/23/2019","77.8800","77.6670","78.0420","77.3485","106.83K","0.28%"
"05/22/2019","77.6630","77.7725","77.9715","77.6565","92.96K","-0.04%"
"05/21/2019","77.6930","77.7570","77.9895","77.6270","99.10K","-0.03%"
"05/20/2019","77.7170","78.4185","78.4960","77.3600","82.66K","-0.90%"
"05/17/2019","78.4230","78.3665","78.6030","78.2880","102.41K","0.11%"
"05/16/2019","78.3380","78.6930","78.8420","78.3035","103.53K","-0.41%"
"05/15/2019","78.6570","78.8595","78.9425","78.5880","113.26K","-0.21%"
"05/14/2019","78.8240","79.2075","79.3645","78.7195","101.26K","-0.46%"
"05/13/2019","79.1890","78.7040","79.5055","78.5955","95.93K","0.71%"
"05/10/2019","78.6300","78.7820","78.8435","78.2640","129.34K","-0.10%"
"05/09/2019","78.7110","78.0305","79.0790","77.9800","132.43K","0.90%"
"05/08/2019","78.0120","77.9395","78.2045","77.8190","130.66K","0.12%"
"05/07/2019","77.9160","77.6990","77.9780","77.5930","135.47K","0.31%"
"05/06/2019","77.6740","77.4110","77.8120","77.1070","107.27K","0.40%"
"05/03/2019","77.3680","77.5900","77.6385","77.1125","106.66K","-0.25%"
"05/02/2019","77.5610","77.9080","78.0675","77.5060","106.18K","-0.34%"
"05/01/2019","77.8240","78.1195","78.3530","77.8035","80.08K","-0.34%"
"04/30/2019","78.0900","78.0975","78.2730","77.9590","105.71K","0.03%"
"04/29/2019","78.0650","77.9005","78.1360","77.8105","83.10K","0.27%"
"04/26/2019","77.8580","78.1060","78.2305","77.8025","117.92K","-0.29%"
"04/25/2019","78.0880","78.0790","78.3785","77.9600","127.75K","0.10%"
"04/24/2019","78.0080","78.3310","78.4825","77.9355","145.18K","-0.39%"
"04/23/2019","78.3130","78.4645","78.6025","78.1075","127.75K","-0.17%"
"04/22/2019","78.4500","78.0450","78.5550","77.9595","75.28K","0.51%"
"04/19/2019","78.0490","78.0030","78.1090","77.9200","89.90K","0.17%"
"04/18/2019","77.9180","78.4365","78.5520","77.8990","128.66K","-0.62%"
"04/17/2019","78.4050","78.4370","78.6740","78.3865","129.04K","-0.02%"
"04/16/2019","78.4190","78.4405","78.7845","78.3900","119.01K","-0.04%"
"04/15/2019","78.4480","78.1850","78.6400","78.0820","95.96K","0.35%"
"04/12/2019","78.1730","77.6750","78.4080","77.6610","131.16K","0.69%"
"04/11/2019","77.6360","77.9530","78.0770","77.5935","127.52K","-0.39%"
"04/10/2019","77.9420","78.0265","78.2420","77.6485","126.51K","-0.09%"
"04/09/2019","78.0120","78.3990","78.5670","78.0160","135.32K","-0.38%"
"04/08/2019","78.3060","77.5950","78.4990","77.5565","103.45K","0.97%"
"04/05/2019","77.5560","77.4195","77.8895","77.3715","135.41K","0.22%"
"04/04/2019","77.3840","76.9005","77.7180","76.8795","138.49K","0.65%"
"04/03/2019","76.8850","77.2180","77.4180","76.7790","143.36K","-0.41%"
"04/02/2019","77.2000","77.6240","77.7245","76.9570","147.50K","-0.48%"
"04/01/2019","77.5760","77.6115","77.9990","77.5185","116.25K","-0.03%"
"03/29/2019","77.5990","77.6450","77.8380","77.5250","148.16K","-0.07%"
"03/28/2019","77.6520","77.7205","78.0065","77.4730","154.56K","-0.02%"
"03/27/2019","77.6710","77.7485","77.9930","77.4850","160.96K","-0.04%"
"03/26/2019","77.7050","77.9350","78.0890","77.7020","145.92K","-0.26%"
"03/25/2019","77.9100","78.2730","78.3040","77.8285","118.29K","-0.42%"
"03/22/2019","78.2410","78.2715","78.4285","77.8005","163.80K","0.00%"
"03/21/2019","78.2390","78.5135","78.6920","77.9490","149.89K","-0.31%"
"03/20/2019","78.4840","78.3385","78.7610","77.9820","143.20K","0.21%"
"03/19/2019","78.3190","77.8005","78.4650","77.5475","134.03K","0.68%"
"03/18/2019","77.7880","78.0870","78.1920","77.6625","97.25K","-0.40%"
"03/15/2019","78.0970","78.4140","78.5510","78.0070","148.33K","-0.38%"
"03/14/2019","78.3910","78.7555","78.9975","78.3150","171.72K","-0.41%"
"03/13/2019","78.7170","78.5890","78.8495","78.3790","162.95K","0.19%"
"03/12/2019","78.5660","78.5780","78.7320","78.2860","167.95K","0.02%"
"03/11/2019","78.5480","78.6820","78.7340","78.3690","128.00K","-0.14%"
"03/08/2019","78.6600","78.4840","78.8695","78.2190","137.94K","0.27%"
"03/07/2019","78.4490","79.2395","79.3380","78.3580","139.57K","-0.97%"
"03/06/2019","79.2140","79.7490","79.8635","79.1705","141.35K","-0.60%"
"03/05/2019","79.6910","80.4045","80.5010","79.6665","143.87K","-0.86%"
"03/04/2019","80.3790","80.7905","80.9115","80.1845","110.87K","-0.45%"
"03/01/2019","80.7440","80.6340","80.8805","80.4010","160.09K","0.26%"
"02/28/2019","80.5340","80.9650","81.1430","80.5235","164.15K","-0.50%"
"02/27/2019","80.9360","80.9080","81.3325","80.7005","154.87K","0.04%"
"02/26/2019","80.9050","80.5145","81.0675","80.4100","145.10K","0.58%"
"02/25/2019","80.4350","80.5355","80.7495","80.2910","132.89K","-0.14%"
"02/22/2019","80.5440","80.6725","80.8345","80.4685","156.09K","-0.12%"
"02/21/2019","80.6410","80.5045","80.9280","80.4720","165.76K","0.20%"
"02/20/2019","80.4790","80.8615","81.0060","80.4340","150.54K","-0.45%"
"02/19/2019","80.8430","80.7380","81.0280","80.5415","135.51K","0.17%"
"02/18/2019","80.7050","80.5065","80.9230","80.4815","106.67K","0.20%"
"02/15/2019","80.5420","80.2245","80.6820","80.1395","155.95K","0.43%"
"02/14/2019","80.1990","79.8585","80.4910","79.7130","156.81K","0.50%"
"02/13/2019","79.8000","79.8880","80.2585","79.7935","156.92K","-0.09%"
"02/12/2019","79.8680","80.2495","80.4140","79.6260","147.26K","-0.41%"
"02/11/2019","80.1990","80.6235","80.7095","80.1370","121.62K","-0.51%"
"02/08/2019","80.6100","80.8545","81.0055","80.4245","157.80K","-0.32%"
"02/07/2019","80.8710","81.2915","81.5290","80.8130","161.60K","-0.49%"
"02/06/2019","81.2690","81.5870","81.6890","81.2700","176.11K","-0.43%"
"02/05/2019","81.6190","82.0325","82.1400","81.5405","174.34K","-0.47%"
"02/04/2019","82.0030","81.8285","82.2840","81.7610","124.00K","0.24%"
"02/01/2019","81.8040","81.2205","82.0715","81.1390","170.45K","0.73%"
"01/31/2019","81.2090","81.7775","81.9100","81.0860","178.03K","-0.65%"
"01/30/2019","81.7390","81.6615","81.9485","81.2125","182.79K","0.19%"
"01/29/2019","81.5870","81.2330","81.7055","81.1475","181.41K","0.49%"
"01/28/2019","81.1860","80.8720","81.4005","80.8185","163.79K","0.42%"
"01/25/2019","80.8500","80.2620","80.9870","80.2050","172.13K","0.74%"
"01/24/2019","80.2540","81.0215","81.2215","80.1895","158.35K","-0.92%"
"01/23/2019","81.0030","80.9480","81.1695","80.8200","143.02K","0.10%"
"01/22/2019","80.9260","80.9050","81.2000","80.8440","158.21K","0.05%"
"01/21/2019","80.8860","80.9585","81.3705","80.8745","135.57K","0.00%"
"01/18/2019","80.8900","80.9795","81.2355","80.8180","160.84K","-0.07%"
"01/17/2019","80.9430","80.8780","81.3580","80.8140","182.34K","0.07%"
"01/16/2019","80.8850","81.1640","81.3735","80.8140","","-0.29%"
"01/15/2019","81.1210","81.1720","81.6115","80.8240","","-0.07%"
"01/14/2019","81.1790","80.7435","81.3980","80.5255","","0.58%"
"01/11/2019","80.7070","80.9760","81.3765","80.6525","159.63K","-0.31%"
"01/10/2019","80.9570","81.4475","81.6220","80.9030","","-0.57%"
"01/09/2019","81.4220","80.2580","81.5355","80.2020","","1.49%"
"01/08/2019","80.2290","80.1030","80.4805","79.8210","6.64K","0.20%"
"01/07/2019","80.0670","79.2315","80.1660","79.1260","5.20K","1.06%"
"01/04/2019","79.2270","79.8765","80.0470","79.2145","148.19K","-0.79%"
"01/03/2019","79.8580","79.4115","80.1540","79.1595","9.25K","0.61%"
"01/02/2019","79.3710","79.6275","80.3460","79.2865","9.01K","-0.29%"
"01/01/2019","79.6010","79.7690","80.2035","79.3460","3.38K","-0.22%"
"12/31/2018","79.7780","80.0240","80.1185","79.5065","","-0.28%"
"12/28/2018","79.9980","80.4255","80.5560","79.9295","","-0.50%"
"12/27/2018","80.3960","79.5505","80.6050","79.5260","","1.10%"
"12/26/2018","79.5250","79.5910","80.0180","79.4735","","-0.05%"
"12/25/2018","79.5610","79.9160","80.1265","79.5805","","-0.43%"
"12/24/2018","79.9070","79.7815","80.2330","79.6050","","0.19%"
"12/21/2018","79.7520","80.0985","80.5645","79.6300","","-0.39%"
"12/20/2018","80.0660","79.9560","80.5415","79.7780","","0.18%"
"12/19/2018","79.9230","80.2315","80.4225","79.5140","","-0.37%"
"12/18/2018","80.2200","81.2595","81.3565","80.1465","","-1.25%"
"12/17/2018","81.2370","81.3235","81.3740","81.0100","","-0.10%"
"12/14/2018","81.3160","81.2725","81.6085","81.0590","","0.08%"
"12/13/2018","81.2540","81.6785","81.7935","80.9945","","-0.49%"
"12/12/2018","81.6560","81.8040","81.9375","81.4450","","-0.16%"
"12/11/2018","81.7850","82.3505","82.4290","81.5165","","-0.67%"
"12/10/2018","82.3350","80.7945","82.9185","80.6385","","2.15%"
"12/07/2018","80.5990","80.6065","80.9540","80.1520","","0.03%"
"12/06/2018","80.5730","80.0470","80.9275","80.0115","","0.68%"
"12/05/2018","80.0320","79.9990","80.1790","79.7730","","0.04%"
"12/04/2018","79.9980","79.9775","80.6550","79.8220","","0.06%"
"12/03/2018","79.9520","78.8020","80.0195","78.8020","","1.46%"
"11/30/2018","78.7980","79.5075","79.5630","78.7290","","-0.85%"
"11/29/2018","79.4750","80.2930","80.3815","79.2435","","-1.00%"
"11/28/2018","80.2780","79.9270","80.4445","79.5405","","0.48%"
"11/27/2018","79.8960","80.2245","80.5275","79.8490","","-0.38%"
"11/26/2018","80.1990","80.1370","80.6310","79.6970","","0.10%"
"11/23/2018","80.1170","80.6115","80.7105","80.0205","","-0.64%"
"11/22/2018","80.6300","81.1775","81.3020","80.5195","","-0.65%"
"11/21/2018","81.1610","81.2230","81.4730","81.0525","","-0.05%"
"11/20/2018","81.2050","82.0150","82.0580","81.1480","","-0.96%"
"11/19/2018","81.9950","82.1075","82.2285","81.7035","","-0.23%"
"11/16/2018","82.1810","81.4725","82.2195","81.3075","","0.90%"
"11/15/2018","81.4450","81.7750","81.9490","81.2465","","-0.39%"
"11/14/2018","81.7620","81.9825","82.2075","81.3400","","-0.25%"
"11/13/2018","81.9690","81.7340","82.0295","81.5280","","0.30%"
"11/12/2018","81.7210","82.1270","82.5610","81.7085","","-0.51%"
"11/09/2018","82.1430","82.2455","82.6190","82.0150","","-0.11%"
"11/08/2018","82.2340","82.7810","82.8800","82.1585","","-0.63%"
"11/07/2018","82.7550","83.3695","83.7090","82.7595","","-0.71%"
"11/06/2018","83.3450","83.3620","83.4625","83.1435","","0.00%"
"11/05/2018","83.3490","82.5200","83.4940","82.4475","","1.07%"
"11/02/2018","82.4670","83.7975","83.8710","82.3755","","-1.57%"
"11/01/2018","83.7840","83.6595","83.9295","83.5535","","0.18%"
"10/31/2018","83.6370","83.5865","84.0780","83.5240","","0.08%"
"10/30/2018","83.5710","83.4775","83.8110","83.4300","","0.13%"
"10/29/2018","83.4650","83.7960","83.8930","83.4490","","-0.37%"
"10/26/2018","83.7750","83.3060","83.9025","83.1600","","0.59%"
"10/25/2018","83.2800","83.4240","83.7845","83.1375","","-0.15%"
"10/24/2018","83.4050","84.3690","84.4060","83.2260","","-1.12%"
"10/23/2018","84.3500","84.3365","84.5810","84.2035","","0.04%"
"10/22/2018","84.3160","84.4325","84.6785","84.2520","","-0.18%"
"10/19/2018","84.4710","84.2065","84.6420","83.9705","","0.33%"
"10/18/2018","84.1950","84.6475","84.8345","84.1805","","-0.50%"
"10/17/2018","84.6210","85.0320","85.1710","84.5195","","-0.46%"
"10/16/2018","85.0150","85.4255","85.6280","84.9955","","-0.44%"
"10/15/2018","85.3920","85.0860","85.8460","84.9165","","0.35%"
"10/12/2018","85.0960","85.8425","85.9720","84.8475","","-0.88%"
"10/11/2018","85.8540","85.5290","86.1840","85.4390","","0.37%"
"10/10/2018","85.5360","85.4240","85.7480","85.1590","","0.14%"
"10/09/2018","85.4205","85.1175","85.5245","84.8695","","0.36%"
"10/08/2018","85.1155","84.9835","85.1825","84.8715","","0.12%"
"10/05/2018","85.0125","84.7725","85.3505","84.4755","","0.27%"
"10/04/2018","84.7810","84.1800","84.9800","84.0920","","0.71%"
"10/03/2018","84.1855","84.2135","85.0105","84.0905","","-0.03%"
"10/02/2018","84.2135","84.4475","84.4615","83.9075","","-0.26%"
"10/01/2018","84.4325","84.1715","84.7755","84.0625","","0.30%"
"09/28/2018","84.1770","84.4720","84.6040","83.8640","","-0.36%"
"09/27/2018","84.4825","85.2285","85.3665","84.4465","","-0.87%"
"09/26/2018","85.2250","85.5270","85.6530","85.1410","","-0.40%"
"09/25/2018","85.5650","85.3670","85.7870","85.2360","","0.23%"
"09/24/2018","85.3725","84.8895","85.9155","84.7815","","0.58%"
"09/21/2018","84.8820","84.8110","85.3600","84.5580","","0.09%"
"09/20/2018","84.8085","84.4485","84.8805","84.2955","","0.41%"
"09/19/2018","84.4660","84.8240","85.2450","84.2850","","-0.44%"
"09/18/2018","84.8380","84.7560","85.5820","84.5570","","0.10%"
"09/17/2018","84.7520","83.5500","84.8370","83.5060","","1.38%"
"09/14/2018","83.6000","84.2130","84.2780","83.5140","","-0.73%"
"09/13/2018","84.2120","83.9030","84.3050","83.6210","","0.38%"
"09/12/2018","83.8930","84.2910","84.5100","83.3750","","-0.50%"
"09/11/2018","84.3130","84.0100","84.4330","83.8300","","0.37%"
"09/10/2018","84.0045","82.9835","84.1715","82.8835","","1.28%"
"09/07/2018","82.9390","83.6350","83.7520","82.9180","","-0.81%"
"09/06/2018","83.6200","83.4570","83.8740","83.3780","","0.20%"
"09/05/2018","83.4510","82.9030","83.5230","82.7590","","0.65%"
"09/04/2018","82.9100","82.7730","82.9670","82.3880","","0.16%"
"09/03/2018","82.7800","82.3380","82.8160","82.0400","","0.48%"
"08/31/2018","82.3870","82.5670","82.9460","82.2590","","-0.21%"
"08/30/2018","82.5630","82.5710","82.8610","82.3430","","-0.02%"
"08/29/2018","82.5820","81.9760","82.6130","81.8780","","0.73%"
"08/28/2018","81.9820","81.9450","82.2630","81.7660","","0.05%"
"08/27/2018","81.9390","81.3760","82.0510","81.0460","","0.76%"
"08/24/2018","81.3195","80.8995","81.4515","80.8575","","0.52%"
"08/23/2018","80.8975","81.0055","81.2955","80.6765","","-0.16%"
"08/22/2018","81.0285","80.8275","81.2455","80.6955","","0.24%"
"08/21/2018","80.8350","80.1680","81.0520","80.1470","","0.84%"
"08/20/2018","80.1640","80.2050","80.2120","79.4180","","-0.01%"
"08/17/2018","80.1735","79.7345","80.2365","79.6505","","0.54%"
"08/16/2018","79.7415","79.3305","80.1445","79.2605","","0.53%"
"08/15/2018","79.3245","79.3565","79.4125","79.0025","","-0.05%"
"08/14/2018","79.3625","79.8985","79.9405","79.2645","","-0.66%"
"08/13/2018","79.8860","78.4590","80.0610","78.2940","","1.62%"
"08/10/2018","78.6105","79.2535","79.4305","78.4245","","-0.82%"
"08/09/2018","79.2595","79.7075","79.7825","79.2465","","-0.58%"
"08/08/2018","79.7215","79.5975","79.8285","79.4115","","0.15%"
"08/07/2018","79.6040","79.5330","79.7490","79.4780","","0.10%"
"08/06/2018","79.5230","79.3230","79.6630","79.2130","","0.29%"
"08/03/2018","79.2895","79.4925","79.7405","79.2485","","-0.26%"
"08/02/2018","79.4955","79.6905","79.9665","79.4815","","-0.25%"
"08/01/2018","79.6960","80.0360","80.2220","79.6750","","-0.43%"
"07/31/2018","80.0400","80.3180","80.5350","79.9710","","-0.33%"
"07/30/2018","80.3090","79.9940","80.4120","79.9250","","0.42%"
"07/27/2018","79.9765","79.9305","80.0505","79.7735","","0.05%"
"07/26/2018","79.9375","80.6105","80.7205","79.9105","","-0.83%"
"07/25/2018","80.6100","80.5610","80.6780","80.1560","","0.05%"
"07/24/2018","80.5720","80.4940","80.8000","80.4390","","0.10%"
"07/23/2018","80.4935","80.6125","80.7775","80.4245","","-0.09%"
"07/20/2018","80.5635","80.3665","80.7125","80.1225","","0.25%"
"07/19/2018","80.3600","79.8850","80.6150","79.8440","","0.62%"
"07/18/2018","79.8655","79.7905","80.0445","79.6035","","0.09%"
"07/17/2018","79.7965","80.2785","80.3615","79.7215","","-0.59%"
"07/16/2018","80.2720","79.9810","80.4640","79.9670","","0.28%"
"07/13/2018","80.0460","79.9650","80.0660","79.5460","","0.08%"
"07/12/2018","79.9800","80.2320","80.2870","79.8360","","-0.32%"
"07/11/2018","80.2355","80.7525","80.8735","80.1735","","-0.63%"
"07/10/2018","80.7455","80.6765","80.9105","80.4685","","0.08%"
"07/09/2018","80.6825","80.8375","81.0215","80.5565","","-0.18%"
"07/06/2018","80.8255","80.5145","81.0475","80.4385","","0.37%"
"07/05/2018","80.5275","80.0705","80.8295","80.0435","","0.57%"
"07/04/2018","80.0685","79.9125","80.2065","79.8085","","0.20%"
"07/03/2018","79.9085","79.9845","80.2355","79.7855","","-0.10%"
"07/02/2018","79.9870","79.7590","80.1000","79.6290","","-0.01%"
"06/29/2018","79.9955","79.6415","80.2125","79.4385","","0.45%"
"06/28/2018","79.6410","79.3130","79.9340","79.2930","","0.43%"
"06/27/2018","79.3030","79.6270","80.0170","79.2140","","-0.42%"
"06/26/2018","79.6340","79.7240","79.9320","79.4050","","-0.11%"
"06/25/2018","79.7215","79.1175","79.7965","79.0355","","0.77%"
"06/22/2018","79.1160","78.8490","79.1970","78.7220","","0.35%"
"06/21/2018","78.8365","78.7535","79.0545","78.3635","","0.10%"
"06/20/2018","78.7590","79.1770","79.2310","78.6070","","-0.52%"
"06/19/2018","79.1715","79.0835","79.2485","78.7425","","0.11%"
"06/18/2018","79.0825","79.0165","79.1515","78.7015","","0.09%"
"06/15/2018","79.0105","78.2985","79.1475","78.2105","","0.89%"
"06/14/2018","78.3105","79.7665","80.1855","78.2635","","-1.82%"
"06/13/2018","79.7605","79.2555","79.8415","79.2215","","0.64%"
"06/12/2018","79.2555","79.5065","79.6125","79.1745","","-0.32%"
"06/11/2018","79.5065","79.4505","79.7475","79.3355","","0.05%"
"06/08/2018","79.4695","79.5555","79.7095","79.2095","","-0.10%"
"06/07/2018","79.5490","78.6970","79.7640","78.6840","","1.09%"
"06/06/2018","78.6940","78.6180","78.9510","78.5290","","0.08%"
"06/05/2018","78.6275","78.4585","78.7575","78.2245","","0.21%"
"06/04/2018","78.4620","78.0920","78.7700","78.0720","","0.44%"
"06/01/2018","78.1195","78.8305","78.9315","77.8305","","-0.91%"
"05/31/2018","78.8390","78.6690","79.1770","78.4780","","0.23%"
"05/30/2018","78.6550","78.2870","78.7850","78.0610","","0.47%"
"05/29/2018","78.2870","78.3580","78.9080","78.0740","","-0.07%"
"05/28/2018","78.3420","78.9210","79.3480","78.2210","","-0.73%"
"05/25/2018","78.9190","80.0940","80.1350","78.8710","","-1.46%"
"05/24/2018","80.0910","79.9690","80.3560","79.8560","","0.16%"
"05/23/2018","79.9655","80.1135","80.3115","79.8215","","-0.19%"
"05/22/2018","80.1205","80.3275","80.4895","80.0215","","-0.25%"
"05/21/2018","80.3180","79.9800","80.3520","79.8190","","0.30%"
"05/18/2018","80.0750","79.9320","80.3850","79.8850","","0.19%"
"05/17/2018","79.9220","80.0280","80.2380","79.7490","","-0.13%"
"05/16/2018","80.0255","80.5775","80.6315","79.7405","","-0.70%"
"05/15/2018","80.5895","80.5685","81.1135","80.4025","","0.01%"
"05/14/2018","80.5785","80.5225","81.0655","80.3875","","0.15%"
"05/11/2018","80.4545","80.1355","80.5765","79.9345","","0.41%"
"05/10/2018","80.1225","79.8235","80.3445","79.7625","","0.39%"
"05/09/2018","79.8130","79.6330","80.0280","79.5330","","0.21%"
"05/08/2018","79.6460","80.0350","80.1630","79.4770","","-0.50%"
"05/07/2018","80.0480","79.8670","80.3170","79.8400","","0.16%"
"05/04/2018","79.9165","79.9305","80.2105","79.6195","","-0.01%"
"05/03/2018","79.9270","79.6980","80.1010","79.6650","","0.28%"
"05/02/2018","79.7015","80.1135","80.2465","79.6265","","-0.52%"
"05/01/2018","80.1165","80.2605","80.3205","79.6945","","-0.20%"
"04/30/2018","80.2740","80.7730","80.8730","80.1180","","-0.66%"
"04/27/2018","80.8105","80.8735","80.9685","80.4045","","-0.05%"
"04/26/2018","80.8545","81.3755","81.5385","80.8075","","-0.65%"
"04/25/2018","81.3815","81.2325","81.6805","81.1595","","0.17%"
"04/24/2018","81.2395","81.2265","81.3265","80.8805","","0.02%"
"04/23/2018","81.2265","81.3655","81.4075","81.1175","","-0.16%"
"04/20/2018","81.3585","81.3235","81.5705","81.0215","","0.04%"
"04/19/2018","81.3235","81.3155","81.5525","81.1245","","0.01%"
"04/18/2018","81.3185","81.2435","81.4445","81.0565","","0.08%"
"04/17/2018","81.2495","81.0415","81.4755","80.9705","","0.25%"
"04/16/2018","81.0485","80.4695","81.1415","80.4305","","0.72%"
"04/13/2018","80.4660","80.4770","80.5640","80.2510","","-0.02%"
"04/12/2018","80.4830","80.7190","80.9680","80.2760","","-0.28%"
"04/11/2018","80.7070","80.2520","80.9580","80.2130","","0.57%"
"04/10/2018","80.2525","80.0375","80.4575","79.8855","","0.28%"
"04/09/2018","80.0275","79.7115","80.0925","79.5795","","0.34%"
"04/06/2018","79.7535","79.4255","79.8425","79.3745","","0.41%"
"04/05/2018","79.4255","79.8685","79.9595","79.3375","","-0.55%"
"04/04/2018","79.8625","79.7485","80.1505","79.6675","","0.13%"
"04/03/2018","79.7585","80.1265","80.1985","79.6595","","-0.45%"
"04/02/2018","80.1230","80.2470","80.3970","79.9760","","-0.14%"
"03/30/2018","80.2380","80.0880","80.2970","80.0490","","0.17%"
"03/29/2018","80.0980","80.1990","80.4000","79.9930","","-0.13%"
"03/28/2018","80.1990","80.5570","80.9520","80.1460","","-0.44%"
"03/27/2018","80.5510","80.6680","80.8640","80.4000","","-0.13%"
"03/26/2018","80.6585","80.2405","80.7885","80.1875","","0.47%"
"03/23/2018","80.2825","80.0985","80.4625","80.0745","","0.24%"
"03/22/2018","80.0920","80.4130","80.6280","79.9810","","-0.41%"
"03/21/2018","80.4190","79.8300","80.5030","79.8230","","0.74%"
"03/20/2018","79.8300","80.4480","80.5720","79.8100","","-0.77%"
"03/19/2018","80.4485","79.8335","80.6185","79.7105","","0.72%"
"03/16/2018","79.8695","79.9675","80.1435","79.6205","","-0.12%"
"03/15/2018","79.9670","80.1780","80.4370","79.8860","","-0.27%"
"03/14/2018","80.1875","80.3685","80.7165","80.0775","","-0.21%"
"03/13/2018","80.3555","80.1655","80.4785","79.9655","","0.25%"
"03/12/2018","80.1590","80.1820","80.2660","79.9300","","0.01%"
"03/09/2018","80.1495","80.1575","80.3755","79.9655","","-0.01%"
"03/08/2018","80.1570","80.5360","81.0740","80.1180","","-0.45%"
"03/07/2018","80.5225","80.5145","80.8025","80.3415","","0.02%"
"03/06/2018","80.5080","80.2150","80.6560","80.1720","","0.37%"
"03/05/2018","80.2150","80.3650","80.6450","79.8530","","-0.15%"
"03/02/2018","80.3345","80.0075","80.4705","79.9105","","0.39%"
"03/01/2018","80.0205","79.5135","80.0535","79.2165","","0.63%"
"02/28/2018","79.5170","79.4230","79.8140","79.3060","","0.13%"
"02/27/2018","79.4165","79.7775","80.1605","79.2795","","-0.46%"
"02/26/2018","79.7800","79.5840","79.9860","79.4610","","0.29%"
"02/23/2018","79.5515","80.1105","80.1685","79.4925","","-0.71%"
"02/22/2018","80.1175","79.5965","80.3035","79.4795","","0.64%"
"02/21/2018","79.6065","80.0245","80.0815","79.5625","","-0.52%"
"02/20/2018","80.0245","79.7285","80.1615","79.5615","","0.38%"
"02/19/2018","79.7185","79.7305","79.8975","79.4615","","0.07%"
"02/16/2018","79.6650","79.9070","80.3990","79.5880","","-0.31%"
"02/15/2018","79.9130","79.8040","79.9650","79.6000","","0.14%"
"02/14/2018","79.8045","79.3805","79.9135","78.7015","","0.53%"
"02/13/2018","79.3800","79.0130","79.5270","78.9620","","0.46%"
"02/12/2018","79.0130","78.8480","79.0640","78.7140","","0.32%"
"02/09/2018","78.7630","78.7290","79.0590","78.5760","","0.02%"
"02/08/2018","78.7480","78.8330","79.0840","78.4800","","-0.12%"
"02/07/2018","78.8395","79.4975","79.5815","78.7175","","-0.83%"
"02/06/2018","79.4975","79.3215","79.8695","79.1175","","0.22%"
"02/05/2018","79.3255","79.8765","80.0585","79.2865","","-0.74%"
"02/02/2018","79.9160","80.0360","80.2280","79.5630","","-0.15%"
"02/01/2018","80.0390","78.8910","80.1410","78.8340","","1.40%"
"01/31/2018","78.9355","78.9815","79.3295","78.7255","","-0.07%"
"01/30/2018","78.9880","78.7560","79.2660","78.6160","","0.30%"
"01/29/2018","78.7530","79.0080","79.0710","78.4390","","-0.29%"
"01/26/2018","78.9850","78.7330","79.3680","78.5810","","0.32%"
"01/25/2018","78.7365","78.9795","79.6945","78.5265","","-0.32%"
"01/24/2018","78.9890","78.4180","79.0590","78.3640","","0.73%"
"01/23/2018","78.4180","78.3480","78.4880","78.0220","","0.10%"
"01/22/2018","78.3420","78.3070","78.3670","78.0160","","0.43%"
"01/19/2018","78.0100","78.1550","78.3850","77.9970","","-0.20%"
"01/18/2018","78.1670","77.8530","78.3320","77.7190","","0.41%"
"01/17/2018","77.8505","78.4755","78.8855","77.7865","","-0.82%"
"01/16/2018","78.4920","77.9040","78.6330","77.7960","","0.77%"
"01/15/2018","77.8885","77.5855","78.0915","77.2975","","0.47%"
"01/12/2018","77.5215","76.6375","77.5525","76.5085","","1.16%"
"01/11/2018","76.6315","76.0125","76.8105","75.9965","","0.81%"
"01/10/2018","76.0185","76.0155","76.4405","75.9515","","0.02%"
"01/09/2018","76.0030","75.9610","76.0590","75.8660","","0.06%"
"01/08/2018","75.9605","76.1855","76.3435","75.8905","","-0.31%"
"01/05/2018","76.1980","76.5170","76.6060","76.1710","","-0.41%"
"01/04/2018","76.5110","76.2880","76.6730","76.1450","","0.27%"
"01/03/2018","76.3015","76.5135","76.6045","76.2125","","-0.29%"
"01/02/2018","76.5265","76.5045","76.7515","76.3285","","0.06%"
"01/01/2018","76.4795","76.6205","76.6635","76.3615","","-0.15%"
"12/29/2017","76.5950","76.5310","76.8000","76.3170","","0.08%"
"12/28/2017","76.5310","76.2260","76.6460","76.2260","","0.40%"
"12/27/2017","76.2260","75.9570","76.4280","75.9320","","0.36%"
"12/26/2017","75.9540","75.9760","76.1290","75.9180","","-0.04%"
"12/25/2017","75.9855","75.8445","76.0685","75.8125","","0.09%"
"12/22/2017","75.9185","76.0205","76.0395","75.6495","","-0.13%"
"12/21/2017","76.0140","76.1070","76.2000","75.8660","","-0.13%"
"12/20/2017","76.1140","75.8310","76.3060","75.7610","","0.35%"
"12/19/2017","75.8470","75.6530","75.8920","75.4990","","0.26%"
"12/18/2017","75.6490","75.3160","76.1450","75.2080","","0.44%"
"12/15/2017","75.3195","75.7795","75.8765","75.2765","","-0.61%"
"12/14/2017","75.7795","76.2305","76.3685","75.7465","","-0.60%"
"12/13/2017","76.2335","75.6335","76.2725","75.5885","","0.80%"
"12/12/2017","75.6305","75.7455","76.0415","75.4665","","-0.14%"
"12/11/2017","75.7395","75.8805","76.0875","75.7065","","-0.16%"
"12/08/2017","75.8575","76.0085","76.0465","75.6025","","-0.21%"
"12/07/2017","76.0185","76.1195","76.3075","76.0115","","-0.13%"
"12/06/2017","76.1195","76.1115","76.3685","76.0195","","0.01%"
"12/05/2017","76.1120","76.3940","76.4770","75.9590","","-0.37%"
"12/04/2017","76.3935","76.6625","76.7135","76.1735","","-0.43%"
"12/01/2017","76.7210","76.7690","77.0140","76.4450","","-0.06%"
"11/30/2017","76.7690","76.2480","76.9320","76.2480","","0.68%"
"11/29/2017","76.2505","76.2585","76.4665","76.0045","","-0.03%"
"11/28/2017","76.2715","76.7175","76.9285","76.1745","","-0.58%"
"11/27/2017","76.7150","77.1770","77.3300","76.7030","","-0.59%"
"11/24/2017","77.1665","76.5065","77.2575","76.4165","","0.84%"
"11/23/2017","76.5255","76.7035","76.8285","76.4655","","-0.23%"
"11/22/2017","76.7010","76.1560","76.7470","75.9870","","0.72%"
"11/21/2017","76.1560","76.3810","76.4660","76.0410","","-0.29%"
"11/20/2017","76.3785","76.6495","76.7735","76.2015","","-0.40%"
"11/17/2017","76.6850","76.8590","77.1980","76.2960","","-0.22%"
"11/16/2017","76.8525","76.9545","77.0735","76.7045","","-0.14%"
"11/15/2017","76.9635","77.1675","77.3965","76.9435","","-0.27%"
"11/14/2017","77.1710","76.3560","77.2420","76.2130","","1.08%"
"11/13/2017","76.3455","76.0245","76.4455","75.8875","","0.40%"
"11/10/2017","76.0440","75.6500","76.1420","75.6230","","0.53%"
"11/09/2017","75.6410","75.2650","75.7260","75.1720","","0.48%"
"11/08/2017","75.2780","75.3760","75.5860","75.1810","","-0.14%"
"11/07/2017","75.3815","75.0325","75.4275","74.9805","","0.47%"
"11/06/2017","75.0295","74.9425","75.1965","74.8555","","0.11%"
"11/03/2017","74.9475","75.3005","75.4765","74.8945","","-0.44%"
"11/02/2017","75.2815","75.0175","75.4815","74.9795","","0.35%"
"11/01/2017","75.0180","75.4020","75.4730","74.9670","","-0.52%"
"10/31/2017","75.4075","75.5685","75.5945","75.2605","","-0.21%"
"10/30/2017","75.5685","75.4655","75.6265","75.3045","","0.08%"
"10/27/2017","75.5115","75.5325","75.7625","75.2835","","-0.04%"
"10/26/2017","75.5420","76.6920","76.8350","75.4710","","-1.50%"
"10/25/2017","76.6960","76.5400","76.7340","76.3750","","0.19%"
"10/24/2017","76.5525","76.4005","76.7665","76.2775","","0.21%"
"10/23/2017","76.3950","76.5660","76.6470","76.2390","","-0.34%"
"10/20/2017","76.6530","77.0350","77.0740","76.4970","","-0.49%"
"10/19/2017","77.0320","76.6750","77.0900","76.5860","","0.45%"
"10/18/2017","76.6840","76.5230","76.8180","76.3770","","0.22%"
"10/17/2017","76.5140","76.3330","76.5790","76.1840","","0.25%"
"10/16/2017","76.3235","76.5105","76.5175","76.2525","","-0.22%"
"10/13/2017","76.4945","76.9605","77.1035","76.4105","","-0.62%"
"10/12/2017","76.9690","77.2830","77.4000","76.9370","","-0.39%"
"10/11/2017","77.2730","77.0530","77.3520","76.9600","","0.31%"
"10/10/2017","77.0375","76.7175","77.1615","76.7105","","0.40%"
"10/09/2017","76.7300","76.6990","76.8450","76.5550","","-0.01%"
"10/06/2017","76.7405","76.2905","76.7735","76.2125","","0.59%"
"10/05/2017","76.2915","76.4685","76.7055","76.2065","","-0.24%"
"10/04/2017","76.4785","76.9085","77.1505","76.3875","","-0.56%"
"10/03/2017","76.9060","76.6220","77.1620","76.4260","","0.36%"
"10/02/2017","76.6280","77.1830","77.1830","76.6090","","-0.69%"
"09/29/2017","77.1570","77.1640","77.2880","76.9190","","-0.01%"
"09/28/2017","77.1630","77.1880","77.3670","77.0450","","-0.03%"
"09/27/2017","77.1825","77.1905","77.4075","76.9915","","-0.02%"
"09/26/2017","77.1970","77.1630","77.5470","76.9680","","0.04%"
"09/25/2017","77.1630","77.4500","77.5080","77.0650","","-0.33%"
"09/22/2017","77.4170","77.3900","77.9060","77.3460","","0.03%"
"09/21/2017","77.3960","76.4760","77.4800","76.2960","","1.22%"
"09/20/2017","76.4635","77.1215","77.3815","76.2645","","-0.85%"
"09/19/2017","77.1215","76.7005","77.2115","76.6685","","0.56%"
"09/18/2017","76.6945","76.6045","76.7835","76.3065","","0.17%"
"09/15/2017","76.5665","76.4305","76.8485","76.3045","","0.18%"
"09/14/2017","76.4275","76.0605","76.4465","75.9015","","0.45%"
"09/13/2017","76.0855","76.6285","76.8015","75.9955","","-0.70%"
"09/12/2017","76.6225","76.4185","76.6735","76.3725","","0.26%"
"09/11/2017","76.4215","76.8035","76.8455","76.3895","","-0.45%"
"09/08/2017","76.7650","76.9720","77.4010","76.6440","","-0.26%"
"09/07/2017","76.9650","76.3410","77.2090","76.2860","","0.82%"
"09/06/2017","76.3405","76.3745","76.6915","76.2825","","-0.04%"
"09/05/2017","76.3745","76.1815","76.5745","76.1155","","0.25%"
"09/04/2017","76.1820","75.9210","76.4170","75.8890","","0.34%"
"09/01/2017","75.9275","76.1525","76.7085","75.8695","","-0.29%"
"08/31/2017","76.1465","76.0395","76.1945","75.5905","","0.13%"
"08/30/2017","76.0455","76.6515","76.7025","76.0265","","-0.78%"
"08/29/2017","76.6420","76.5420","77.2570","76.3950","","0.12%"
"08/28/2017","76.5520","76.3330","76.5900","76.1440","","0.30%"
"08/25/2017","76.3195","75.5605","76.4285","75.4055","","1.00%"
"08/24/2017","75.5665","75.6175","75.7075","75.4725","","-0.07%"
"08/23/2017","75.6210","75.3650","75.7410","75.2760","","0.34%"
"08/22/2017","75.3620","75.7460","75.8170","75.2660","","-0.51%"
"08/21/2017","75.7460","75.3370","75.8350","75.1250","","0.47%"
"08/18/2017","75.3885","75.2265","75.5065","75.1235","","0.21%"
"08/17/2017","75.2330","75.5210","75.6560","74.8350","","-0.37%"
"08/16/2017","75.5090","75.2390","75.5930","74.9870","","0.35%"
"08/15/2017","75.2450","75.4980","75.5880","74.9440","","-0.34%"
"08/14/2017","75.4980","75.7240","75.9160","75.4340","","-0.42%"
"08/11/2017","75.8170","75.4490","75.9830","75.3200","","0.48%"
"08/10/2017","75.4525","75.0925","75.5425","74.8325","","0.48%"
"08/09/2017","75.0930","74.8450","75.1190","74.6410","","0.31%"
"08/08/2017","74.8575","75.2875","75.4795","74.6155","","-0.59%"
"08/07/2017","75.3025","74.9065","75.3805","74.9005","","0.46%"
"08/04/2017","74.9580","75.6670","75.8100","74.7170","","-0.87%"
"08/03/2017","75.6175","75.4575","75.7885","75.3105","","0.23%"
"08/02/2017","75.4455","75.6445","75.8535","75.2515","","-0.26%"
"08/01/2017","75.6420","75.9860","76.0180","75.4740","","-0.50%"
"07/31/2017","76.0255","75.2815","76.0575","75.1695","","0.90%"
"07/28/2017","75.3480","74.8670","75.4320","74.8290","","0.63%"
"07/27/2017","74.8755","75.4795","75.5995","74.7025","","-0.85%"
"07/26/2017","75.5140","75.0710","75.5910","74.8190","","0.70%"
"07/25/2017","74.9890","74.9490","75.4070","74.8450","","0.03%"
"07/24/2017","74.9685","75.0855","75.2675","74.8785","","-0.17%"
"07/21/2017","75.0925","74.8745","75.2275","74.7955","","0.30%"
"07/20/2017","74.8715","73.9865","75.0515","73.9745","","1.16%"
"07/19/2017","74.0100","74.2730","74.3050","73.9800","","-0.41%"
"07/18/2017","74.3140","73.9060","74.5570","73.8490","","0.62%"
"07/17/2017","73.8585","73.8075","73.9225","73.6145","","-0.04%"
"07/14/2017","73.8875","73.5335","73.9235","73.4815","","0.56%"
"07/13/2017","73.4745","73.5595","73.8455","73.3015","","-0.14%"
"07/12/2017","73.5785","74.0485","74.1735","73.4725","","-0.63%"
"07/11/2017","74.0430","73.4840","74.1100","73.4050","","0.74%"
"07/10/2017","73.4985","73.6235","73.7405","73.4075","","-0.24%"
"07/07/2017","73.6790","73.9580","73.9850","73.5260","","-0.35%"
"07/06/2017","73.9355","73.5735","73.9545","73.3715","","0.51%"
"07/05/2017","73.5610","73.5000","73.6550","73.3090","","0.07%"
"07/04/2017","73.5075","73.6975","73.8035","73.4175","","-0.25%"
"07/03/2017","73.6930","73.7990","73.9420","73.6350","","-0.19%"
"06/30/2017","73.8350","73.9900","74.1010","73.6470","","-0.19%"
"06/29/2017","73.9740","73.3780","74.0070","73.3580","","0.76%"
"06/28/2017","73.4165","73.1315","73.5595","72.9185","","0.42%"
"06/27/2017","73.1085","72.0445","73.1855","72.0255","","1.47%"
"06/26/2017","72.0480","72.2390","72.3120","72.0070","","-0.22%"
"06/23/2017","72.2070","72.0590","72.3610","71.9620","","0.22%"
"06/22/2017","72.0510","72.0750","72.1990","71.9810","","-0.02%"
"06/21/2017","72.0675","71.8655","72.0865","71.8215","","0.29%"
"06/20/2017","71.8620","71.8860","72.0360","71.7590","","-0.06%"
"06/19/2017","71.9055","72.1895","72.2795","71.8665","","-0.39%"
"06/16/2017","72.1850","71.9430","72.2540","71.8920","","0.32%"
"06/15/2017","71.9575","72.0755","72.2525","71.9035","","-0.14%"
"06/14/2017","72.0585","72.1145","72.5665","71.8915","","-0.10%"
"06/13/2017","72.1340","72.2570","72.3320","72.0230","","-0.14%"
"06/12/2017","72.2365","71.9345","72.4035","71.9215","","0.43%"
"06/09/2017","71.9255","72.0605","72.2145","71.7525","","-0.17%"
"06/08/2017","72.0500","72.5170","72.5880","71.9330","","-0.67%"
"06/07/2017","72.5345","72.6755","72.7205","72.0875","","-0.17%"
"06/06/2017","72.6610","72.4220","72.7120","72.3870","","0.33%"
"06/05/2017","72.4225","72.6455","72.6845","72.3115","","-0.34%"
"06/02/2017","72.6730","72.2690","72.7050","72.1740","","0.52%"
"06/01/2017","72.3000","72.5650","72.6680","72.2040","","-0.32%"
"05/31/2017","72.5320","72.2870","72.6030","72.0510","","0.32%"
"05/30/2017","72.3005","72.0575","72.4755","71.7925","","0.34%"
"05/29/2017","72.0525","72.1155","72.2495","71.9865","","-0.12%"
"05/26/2017","72.1415","72.3665","72.4995","71.9765","","-0.31%"
"05/25/2017","72.3665","72.6485","72.8235","72.2885","","-0.41%"
"05/24/2017","72.6655","72.5735","72.6855","72.3365","","0.12%"
"05/23/2017","72.5755","72.4805","73.0855","72.4355","","0.11%"
"05/22/2017","72.4930","72.3440","72.7560","72.1080","","0.19%"
"05/19/2017","72.3580","72.0310","72.4110","71.8590","","0.45%"
"05/18/2017","72.0360","71.5630","72.3050","71.5110","","0.67%"
"05/17/2017","71.5595","70.9725","71.5855","70.9465","","0.82%"
"05/16/2017","70.9780","70.3040","71.0740","70.2780","","0.95%"
"05/15/2017","70.3115","70.2145","70.4085","69.9795","","0.12%"
"05/12/2017","70.2240","69.9530","70.2630","69.8230","","0.39%"
"05/11/2017","69.9535","70.2155","70.2285","69.7945","","-0.38%"
"05/10/2017","70.2235","70.3495","70.5165","70.0835","","-0.16%"
"05/09/2017","70.3330","70.2960","70.5670","70.2510","","0.04%"
"05/08/2017","70.3070","70.7390","70.9060","70.2350","","-0.60%"
"05/05/2017","70.7305","70.5755","70.7815","70.4665","","0.27%"
"05/04/2017","70.5370","69.8410","70.5790","69.8090","","0.99%"
"05/03/2017","69.8470","70.1420","70.1930","69.8340","","-0.41%"
"05/02/2017","70.1325","70.0385","70.1745","69.8795","","0.14%"
"05/01/2017","70.0315","70.1085","70.2245","69.9615","","-0.04%"
"04/28/2017","70.0565","69.7435","70.4855","69.6155","","0.49%"
"04/27/2017","69.7125","69.9155","70.1135","69.5815","","-0.30%"
"04/26/2017","69.9240","70.2940","70.4060","69.5840","","-0.52%"
"04/25/2017","70.2870","70.0880","70.4480","69.8020","","0.29%"
"04/24/2017","70.0845","70.5775","70.6745","69.8345","","1.05%"
"04/21/2017","69.3565","69.2645","69.3875","69.0635","","0.14%"
"04/20/2017","69.2565","69.2305","69.6435","69.2175","","-0.01%"
"04/19/2017","69.2625","69.3575","69.3575","69.1485","","-0.09%"
"04/18/2017","69.3280","68.6270","69.3730","68.5820","","1.02%"
"04/17/2017","68.6290","68.4490","68.8980","68.2950","","0.30%"
"04/14/2017","68.4230","68.4040","68.5390","68.3590","","0.03%"
"04/13/2017","68.4020","68.9890","69.0860","68.3740","","-0.86%"
"04/12/2017","68.9985","68.4675","69.0695","68.3965","","0.81%"
"04/11/2017","68.4445","68.4185","68.6255","68.2495","","-0.02%"
"04/10/2017","68.4590","68.1070","68.5360","67.9650","","0.58%"
"04/07/2017","68.0620","68.7660","68.9260","68.0280","","-1.03%"
"04/06/2017","68.7695","69.1845","69.4645","68.7135","","-0.59%"
"04/05/2017","69.1795","69.4445","69.5835","68.9785","","-0.41%"
"04/04/2017","69.4635","69.3265","69.5015","69.0985","","0.19%"
"04/03/2017","69.3295","69.1535","69.4365","69.1345","","0.34%"
"03/31/2017","69.0955","69.2445","69.4255","69.0825","","-0.21%"
"03/30/2017","69.2380","69.8290","69.9350","69.2120","","-0.88%"
"03/29/2017","69.8510","70.3200","70.4450","69.7070","","-0.69%"
"03/28/2017","70.3335","70.5905","70.7395","70.2295","","-0.40%"
"03/27/2017","70.6140","70.6430","70.9890","70.5740","","-0.05%"
"03/24/2017","70.6525","70.5805","70.7965","70.4425","","0.10%"
"03/23/2017","70.5800","70.6850","70.7870","70.5020","","-0.13%"
"03/22/2017","70.6715","70.6205","70.8835","70.4835","","0.04%"
"03/21/2017","70.6440","70.1910","70.7090","70.0600","","0.67%"
"03/20/2017","70.1740","70.3200","70.5040","70.0620","","-0.19%"
"03/17/2017","70.3070","70.3870","70.7650","70.1930","","-0.12%"
"03/16/2017","70.3935","70.4625","70.5545","69.9725","","-0.08%"
"03/15/2017","70.4505","69.7355","70.5035","69.4535","","1.01%"
"03/14/2017","69.7475","70.5195","70.6115","69.7145","","-1.07%"
"03/13/2017","70.5045","71.0185","71.3045","70.4785","","-0.74%"
"03/10/2017","71.0275","70.5435","71.2265","70.5105","","0.69%"
"03/09/2017","70.5385","70.3875","70.8235","70.2925","","0.23%"
"03/08/2017","70.3770","70.4090","70.5310","70.3370","","-0.03%"
"03/07/2017","70.3995","70.5565","70.6725","70.3605","","-0.22%"
"03/06/2017","70.5520","70.8980","71.0560","70.4970","","-0.55%"
"03/03/2017","70.9405","70.1895","70.9605","70.1425","","1.10%"
"03/02/2017","70.1675","70.5185","70.5525","70.0745","","-0.51%"
"03/01/2017","70.5255","70.5585","70.6935","70.2945","","-0.07%"
"02/28/2017","70.5750","70.6310","70.9040","70.5180","","-0.06%"
"02/27/2017","70.6150","70.3750","70.9150","70.3010","","0.31%"
"02/24/2017","70.3975","70.5995","70.7635","70.3575","","-0.25%"
"02/23/2017","70.5715","70.6245","70.7245","70.3965","","-0.14%"
"02/22/2017","70.6725","70.6225","70.8635","70.3305","","0.13%"
"02/21/2017","70.5820","71.0020","71.0490","70.4810","","-0.60%"
"02/20/2017","71.0095","71.2175","71.3455","70.9825","","-0.27%"
"02/17/2017","71.1985","71.6145","71.7135","71.1275","","-0.56%"
"02/16/2017","71.5980","70.8860","71.6830","70.8050","","0.99%"
"02/15/2017","70.8945","70.6915","70.9605","70.4455","","0.28%"
"02/14/2017","70.6950","70.9480","71.2070","70.5880","","-0.40%"
"02/13/2017","70.9800","71.1110","71.4320","70.9530","","-0.22%"
"02/10/2017","71.1390","71.1740","71.4200","70.9910","","-0.01%"
"02/09/2017","71.1450","71.7450","71.7850","71.0830","","-0.82%"
"02/08/2017","71.7365","71.9335","72.0215","71.5095","","-0.30%"
"02/07/2017","71.9500","72.2360","72.2470","71.8250","","-0.39%"
"02/06/2017","72.2345","72.4485","72.5825","71.9025","","-0.30%"
"02/03/2017","72.4510","72.3160","72.5590","72.1050","","0.20%"
"02/02/2017","72.3080","72.5800","72.9360","72.2680","","-0.40%"
"02/01/2017","72.5990","72.9100","73.0920","72.3500","","-0.42%"
"01/31/2017","72.9025","72.5525","73.0125","72.4645","","0.50%"
"01/30/2017","72.5395","72.8165","73.1405","72.1575","","-0.45%"
"01/27/2017","72.8655","72.8685","73.0025","72.7025","","0.05%"
"01/26/2017","72.8320","73.0660","73.2380","72.6500","","-0.33%"
"01/25/2017","73.0730","73.1390","73.3210","72.9850","","-0.06%"
"01/24/2017","73.1185","73.2425","73.3655","73.0365","","-0.19%"
"01/23/2017","73.2560","72.7650","73.3400","72.7580","","0.54%"
"01/20/2017","72.8610","72.6600","72.9560","72.4390","","0.33%"
"01/19/2017","72.6220","72.5130","72.7490","72.1100","","0.14%"
"01/18/2017","72.5215","72.6945","72.8725","72.4805","","-0.25%"
"01/17/2017","72.7035","72.1845","72.8425","72.1535","","0.68%"
"01/16/2017","72.2090","72.3870","72.5230","72.0740","","-0.50%"
"01/13/2017","72.5710","72.3420","72.7650","72.2550","","0.35%"
"01/12/2017","72.3145","72.2505","72.6865","72.1465","","0.03%"
"01/11/2017","72.2910","72.1640","72.4890","71.5820","","0.24%"
"01/10/2017","72.1195","72.0095","72.3575","72.0025","","0.15%"
"01/09/2017","72.0095","71.8265","72.1055","71.6375","","0.37%"
"01/06/2017","71.7455","71.8635","72.2415","71.6885","","-0.15%"
"01/05/2017","71.8545","71.2185","71.9615","71.1655","","0.91%"
"01/04/2017","71.2050","71.0270","71.2730","70.9160","","0.24%"
"01/03/2017","71.0315","71.2475","71.4445","70.7405","","-0.34%"
"01/02/2017","71.2765","71.5625","71.6135","71.1985","","-0.26%"
"12/30/2016","71.4610","71.2780","72.3840","71.2150","","0.26%"
"12/29/2016","71.2745","71.0535","71.3895","70.9905","","0.32%"
"12/28/2016","71.0505","71.0845","71.5225","70.7585","","-0.05%"
"12/27/2016","71.0840","70.8290","71.1720","70.7070","","0.33%"
"12/26/2016","70.8500","70.9210","71.0420","70.6880","","-0.12%"
"12/23/2016","70.9335","70.8225","71.0295","70.6905","","0.18%"
"12/22/2016","70.8055","70.6995","71.3205","70.6855","","0.13%"
"12/21/2016","70.7165","70.5485","70.9035","70.4925","","0.23%"
"12/20/2016","70.5515","70.6045","70.7375","70.4215","","-0.03%"
"12/19/2016","70.5740","70.8580","71.0300","70.4880","","-0.48%"
"12/16/2016","70.9155","70.6995","71.0635","70.5455","","0.35%"
"12/15/2016","70.6660","71.0760","71.3010","70.3780","","-0.60%"
"12/14/2016","71.0955","71.6495","72.0465","70.8185","","-0.76%"
"12/13/2016","71.6370","71.7120","72.0090","71.5410","","-0.10%"
"12/12/2016","71.7090","71.1870","71.7790","71.0040","","0.63%"
"12/09/2016","71.2620","71.7200","71.8440","71.1190","","-0.62%"
"12/08/2016","71.7030","72.4990","73.2180","71.4380","","-1.12%"
"12/07/2016","72.5155","72.6195","72.9495","72.4755","","-0.12%"
"12/06/2016","72.6055","73.2405","73.3755","72.4715","","-0.84%"
"12/05/2016","73.2220","72.6260","73.4450","71.4510","","0.85%"
"12/02/2016","72.6055","72.7555","73.1055","72.4485","","-0.20%"
"12/01/2016","72.7525","72.6185","72.7855","72.3865","","0.17%"
"11/30/2016","72.6315","73.0685","73.2025","72.3605","","-0.60%"
"11/29/2016","73.0685","72.7835","73.1155","72.6065","","0.38%"
"11/28/2016","72.7940","72.6050","73.3540","72.4790","","0.35%"
"11/25/2016","72.5405","72.5705","72.8265","72.1865","","-0.04%"
"11/24/2016","72.5700","72.5800","72.7800","72.2670","","-0.04%"
"11/23/2016","72.6015","72.6775","72.9985","72.4505","","-0.11%"
"11/22/2016","72.6835","72.4985","72.7445","72.3105","","0.22%"
"11/21/2016","72.5225","72.1585","72.6085","72.1235","","0.45%"
"11/18/2016","72.2000","72.2770","72.4770","71.9240","","-0.11%"
"11/17/2016","72.2820","72.6950","72.8990","72.1750","","-0.57%"
"11/16/2016","72.6975","72.6725","72.9445","72.5345","","0.03%"
"11/15/2016","72.6760","72.7710","73.2220","72.5900","","-0.14%"
"11/14/2016","72.7810","73.2810","73.2940","72.5910","","-0.77%"
"11/11/2016","73.3485","72.8905","73.6905","72.7635","","0.70%"
"11/10/2016","72.8365","72.5585","72.9435","72.4485","","0.37%"
"11/09/2016","72.5645","73.0415","75.6305","72.4825","","-0.65%"
"11/08/2016","73.0425","73.6935","73.8455","72.9455","","-0.88%"
"11/07/2016","73.6900","74.3870","74.4000","73.5940","","-0.98%"
"11/04/2016","74.4165","74.0040","74.4435","73.9370","","0.51%"
"11/03/2016","74.0385","74.0670","74.2575","73.7510","","-0.07%"
"11/02/2016","74.0885","73.7070","74.2155","73.6710","","0.48%"
"11/01/2016","73.7350","73.2030","73.8700","73.0560","","0.69%"
"10/31/2016","73.2275","73.3410","73.4175","72.9860","","-0.19%"
"10/28/2016","73.3690","72.8560","73.4510","72.8090","","0.67%"
"10/27/2016","72.8800","72.9100","73.2260","72.7520","","-0.08%"
"10/26/2016","72.9405","72.7210","73.1565","72.5970","","0.28%"
"10/25/2016","72.7385","72.7030","72.8775","72.4860","","0.00%"
"10/24/2016","72.7370","72.8020","72.8930","72.5900","","-0.14%"
"10/21/2016","72.8415","73.0140","73.0815","72.6660","","-0.28%"
"10/20/2016","73.0450","73.1130","73.7580","72.8910","","-0.13%"
"10/19/2016","73.1370","73.2550","73.4030","72.9760","","-0.19%"
"10/18/2016","73.2755","73.4430","73.6565","73.1390","","-0.26%"
"10/17/2016","73.4645","73.1910","73.5835","73.1230","","0.37%"
"10/14/2016","73.1955","73.8370","73.8875","73.0930","","-0.89%"
"10/13/2016","73.8515","73.5090","73.8995","73.4720","","0.41%"
"10/12/2016","73.5505","73.8480","73.9805","73.4850","","-0.44%"
"10/11/2016","73.8785","74.0280","74.2085","73.6970","","-0.24%"
"10/10/2016","74.0590","74.5490","74.6070","73.9560","","-0.73%"
"10/07/2016","74.6005","74.3430","74.6405","74.0690","","0.31%"
"10/06/2016","74.3705","74.5700","74.7205","74.2670","","-0.30%"
"10/05/2016","74.5975","74.6040","74.8295","74.4420","","-0.05%"
"10/04/2016","74.6355","74.5800","74.7205","74.0240","","0.04%"
"10/03/2016","74.6045","74.7510","74.8565","74.4790","","-0.28%"
"09/30/2016","74.8155","74.9660","75.0285","74.2790","","-0.22%"
"09/29/2016","74.9835","74.3990","75.1455","74.3350","","0.76%"
"09/28/2016","74.4165","74.4480","74.7085","74.2930","","-0.11%"
"09/27/2016","74.4955","74.9480","75.0445","74.3840","","-0.63%"
"09/26/2016","74.9660","74.8540","75.1040","74.7900","","0.11%"
"09/23/2016","74.8850","74.6580","74.9940","74.5620","","0.28%"
"09/22/2016","74.6795","74.6880","75.1175","74.5600","","0.00%"
"09/21/2016","74.6795","74.6910","74.9895","74.4990","","-0.05%"
"09/20/2016","74.7150","74.8320","75.1110","74.6380","","-0.18%"
"09/19/2016","74.8465","74.8450","74.9735","74.6140","","0.01%"
"09/16/2016","74.8390","75.1460","75.2840","74.7680","","-0.45%"
"09/15/2016","75.1740","75.1090","75.4680","75.0300","","0.04%"
"09/14/2016","75.1470","75.2870","75.3530","74.9190","","-0.24%"
"09/13/2016","75.3315","74.9560","75.5175","74.8850","","0.48%"
"09/12/2016","74.9735","75.0950","75.3515","74.8840","","-0.22%"
"09/09/2016","75.1395","75.0010","75.2805","74.7510","","0.14%"
"09/08/2016","75.0325","74.6900","75.2725","74.6490","","0.40%"
"09/07/2016","74.7345","74.5620","74.7835","74.4170","","0.18%"
"09/06/2016","74.6015","74.0180","74.6825","73.9720","","0.69%"
"09/05/2016","74.0875","74.4230","74.5925","74.0050","","-0.58%"
"09/02/2016","74.5165","74.7790","75.1185","74.2360","","-0.38%"
"09/01/2016","74.7970","74.7040","74.9690","74.5050","","0.08%"
"08/31/2016","74.7355","74.8010","74.9085","74.4720","","-0.11%"
"08/30/2016","74.8190","75.0680","75.1620","74.6870","","-0.36%"
"08/29/2016","75.0930","75.1210","75.3350","74.9400","","-0.12%"
"08/26/2016","75.1795","75.5900","75.9605","75.0000","","-0.57%"
"08/25/2016","75.6140","75.5850","75.7730","75.5080","","-0.05%"
"08/24/2016","75.6540","75.8570","76.0340","75.4220","","-0.30%"
"08/23/2016","75.8780","76.0190","76.1750","75.8110","","-0.24%"
"08/22/2016","76.0630","75.8360","76.2800","75.6530","","0.03%"
"08/19/2016","76.0395","75.8410","76.1105","75.7010","","0.21%"
"08/18/2016","75.8785","75.5170","75.9655","75.4250","","0.49%"
"08/17/2016","75.5120","75.3920","75.7200","75.2310","","0.12%"
"08/16/2016","75.4230","74.7300","75.5520","74.7140","","0.88%"
"08/15/2016","74.7680","74.5760","74.9180","74.5760","","0.12%"
"08/12/2016","74.6755","74.3220","74.9715","74.2620","","0.45%"
"08/11/2016","74.3405","74.5860","74.7625","74.2880","","-0.37%"
"08/10/2016","74.6200","74.2090","74.6830","74.1280","","0.50%"
"08/09/2016","74.2500","74.0610","74.2780","73.9390","","0.19%"
"08/08/2016","74.1090","74.0820","74.2280","73.9180","","0.02%"
"08/05/2016","74.0975","74.3680","74.5295","73.7990","","-0.39%"
"08/04/2016","74.3865","74.4140","74.7025","74.2750","","-0.07%"
"08/03/2016","74.4385","74.8190","75.1325","74.3800","","-0.57%"
"08/02/2016","74.8670","74.4980","74.9240","74.4400","","0.46%"
"08/01/2016","74.5255","74.4460","74.6405","74.3720","","0.06%"
"07/29/2016","74.4805","74.2070","74.7465","74.1540","","0.35%"
"07/28/2016","74.2210","74.1440","74.5450","74.0810","","0.07%"
"07/27/2016","74.1715","73.9210","74.2265","73.5910","","0.27%"
"07/26/2016","73.9690","74.1090","74.2560","73.8710","","-0.19%"
"07/25/2016","74.1130","73.6410","74.1740","73.4990","","0.55%"
"07/22/2016","73.7050","74.0390","74.1340","73.5060","","-0.45%"
"07/21/2016","74.0365","73.9430","74.2985","73.7220","","0.08%"
"07/20/2016","73.9805","74.0370","74.1605","73.7610","","-0.12%"
"07/19/2016","74.0725","74.3230","74.4775","73.8910","","-0.37%"
"07/18/2016","74.3470","74.0880","74.4650","74.0400","","0.34%"
"07/15/2016","74.0965","74.2920","74.7825","74.0110","","-0.31%"
"07/14/2016","74.3295","74.2900","74.7095","74.1480","","0.01%"
"07/13/2016","74.3205","74.0400","74.5005","73.9930","","0.34%"
"07/12/2016","74.0710","74.2160","74.7230","74.0130","","-0.23%"
"07/11/2016","74.2405","74.1780","74.4285","73.9450","","0.03%"
"07/08/2016","74.2190","74.6380","74.8500","74.0140","","-0.60%"
"07/07/2016","74.6700","74.7950","74.9150","74.5090","","-0.20%"
"07/06/2016","74.8225","74.6660","74.9235","74.3690","","0.18%"
"07/05/2016","74.6900","74.9890","75.3970","74.5580","","-0.46%"
"07/04/2016","75.0375","74.8380","75.1195","74.5970","","0.29%"
"07/01/2016","74.8225","74.9380","75.1715","74.6120","","-0.19%"
"06/30/2016","74.9660","74.9820","75.3410","74.4220","","-0.05%"
"06/29/2016","75.0065","74.9020","75.2415","74.7170","","0.09%"
"06/28/2016","74.9370","74.8370","75.4270","74.7490","","0.10%"
"06/27/2016","74.8650","75.1260","75.2370","74.4940","","-0.80%"
"06/24/2016","75.4675","76.6200","76.9235","73.9470","","-1.51%"
"06/23/2016","76.6210","76.1660","76.8570","76.1350","","0.56%"
"06/22/2016","76.1975","76.0250","76.4065","75.9690","","0.23%"
"06/21/2016","76.0190","76.3890","76.6420","75.9910","","-0.53%"
"06/20/2016","76.4270","75.6530","76.9560","75.6470","","1.04%"
"06/17/2016","75.6390","75.5360","75.8830","75.3370","","0.09%"
"06/16/2016","75.5675","75.4930","75.9795","74.8820","","0.05%"
"06/15/2016","75.5270","75.3770","75.7980","75.2060","","0.14%"
"06/14/2016","75.4215","75.8490","75.9305","75.2890","","-0.59%"
"06/13/2016","75.8670","75.3170","75.9430","75.1900","","0.72%"
"06/10/2016","75.3280","75.5130","75.7040","75.2400","","-0.28%"
"06/09/2016","75.5375","75.7790","76.0595","75.3590","","-0.31%"
"06/08/2016","75.7700","75.6860","75.9810","75.6580","","0.08%"
"06/07/2016","75.7105","75.8150","76.0445","75.5550","","-0.17%"
"06/06/2016","75.8365","76.0400","76.2085","75.6850","","-0.42%"
"06/03/2016","76.1585","74.9920","76.2255","74.8610","","1.53%"
"06/02/2016","75.0105","75.4200","75.6445","74.8980","","-0.58%"
"06/01/2016","75.4515","74.7920","75.5265","74.5920","","0.85%"
"05/31/2016","74.8165","74.7830","75.1655","74.6350","","-0.07%"
"05/30/2016","74.8720","74.4800","74.9770","74.3800","","0.49%"
"05/27/2016","74.5050","74.8860","75.1600","74.3160","","-0.55%"
"05/26/2016","74.9175","75.0180","75.3895","74.7190","","-0.17%"
"05/25/2016","75.0430","75.3220","75.4650","74.8220","","-0.40%"
"05/24/2016","75.3470","75.6090","76.0190","75.2790","","-0.37%"
"05/23/2016","75.6265","75.5870","75.8275","75.4020","","-0.04%"
"05/20/2016","75.6590","75.5310","75.8170","75.3700","","0.15%"
"05/19/2016","75.5485","75.2870","75.8315","75.2090","","0.31%"
"05/18/2016","75.3115","75.5740","75.7055","75.2390","","-0.39%"
"05/17/2016","75.6055","75.6430","75.8445","75.4040","","-0.08%"
"05/16/2016","75.6640","75.5820","75.8140","75.4700","","0.09%"
"05/13/2016","75.5930","75.9240","76.0110","75.4080","","-0.47%"
"05/12/2016","75.9490","76.0350","76.1730","75.7920","","-0.12%"
"05/11/2016","76.0425","75.7550","76.2105","75.7230","","0.36%"
"05/10/2016","75.7730","75.9590","76.1020","75.6720","","-0.28%"
"05/09/2016","75.9835","75.9040","76.1175","75.6310","","0.03%"
"05/06/2016","75.9575","75.8980","76.4825","75.7720","","0.06%"
"05/05/2016","75.9090","76.5090","76.6190","75.7160","","-0.82%"
"05/04/2016","76.5340","76.4910","76.7750","76.3130","","0.02%"
"05/03/2016","76.5220","76.5060","77.0260","76.3780","","0.00%"
"05/02/2016","76.5240","76.0040","76.5750","75.9610","","0.56%"
"04/29/2016","76.0965","75.3670","76.1355","75.2530","","0.94%"
"04/28/2016","75.3850","75.0970","75.6000","75.0030","","0.34%"
"04/27/2016","75.1320","74.9920","75.6750","74.9490","","0.14%"
"04/26/2016","75.0265","75.0960","75.3905","74.8700","","-0.15%"
"04/25/2016","75.1405","74.8350","75.2305","74.7350","","0.34%"
"04/22/2016","74.8825","75.0350","75.2535","74.7300","","-0.23%"
"04/21/2016","75.0535","74.7230","75.5255","74.6760","","0.41%"
"04/20/2016","74.7475","75.0950","75.4305","74.6280","","-0.51%"
"04/19/2016","75.1325","75.1190","75.5225","75.0460","","-0.01%"
"04/18/2016","75.1435","75.2710","75.4425","75.0780","","-0.09%"
"04/15/2016","75.2130","75.0300","75.3440","74.8810","","0.23%"
"04/14/2016","75.0415","74.9430","75.1795","74.8210","","0.10%"
"04/13/2016","74.9680","75.4380","75.6400","74.8860","","-0.66%"
"04/12/2016","75.4695","75.5960","76.2315","75.3420","","-0.20%"
"04/11/2016","75.6205","75.8880","76.0885","75.4700","","-0.34%"
"04/08/2016","75.8780","75.9240","76.0110","75.5300","","-0.09%"
"04/07/2016","75.9490","75.7980","76.1330","75.4240","","0.17%"
"04/06/2016","75.8230","75.5900","76.1040","75.4280","","0.28%"
"04/05/2016","75.6145","75.2830","75.8815","75.1900","","0.41%"
"04/04/2016","75.3080","75.5860","75.7500","75.0810","","-0.36%"
"04/01/2016","75.5770","75.3790","75.9170","75.2140","","0.24%"
"03/31/2016","75.3980","75.2370","75.6170","74.8860","","0.19%"
"03/30/2016","75.2560","74.9130","75.4490","74.8480","","0.42%"
"03/29/2016","74.9445","74.5430","75.0555","74.2600","","0.50%"
"03/28/2016","74.5745","74.5770","74.7185","74.2480","","-0.06%"
"03/25/2016","74.6215","74.7540","74.8615","74.5000","","-0.20%"
"03/24/2016","74.7715","74.8040","74.8745","74.4880","","-0.11%"
"03/23/2016","74.8550","74.8480","74.9850","74.4870","","-0.03%"
"03/22/2016","74.8795","74.7480","75.0625","74.6120","","0.17%"
"03/21/2016","74.7525","74.7900","75.0885","74.6350","","-0.08%"
"03/18/2016","74.8145","75.3750","75.5405","74.6980","","-0.79%"
"03/17/2016","75.4065","75.3700","75.6575","74.9670","","0.01%"
"03/16/2016","75.4015","74.8190","75.5355","74.3510","","0.75%"
"03/15/2016","74.8430","74.5060","74.9940","74.4700","","0.37%"
"03/14/2016","74.5635","74.6560","74.9125","74.3180","","-0.08%"
"03/11/2016","74.6235","75.2210","75.4795","74.2670","","-0.83%"
"03/10/2016","75.2460","73.8450","75.5550","72.4000","","1.86%"
"03/09/2016","73.8695","74.0720","74.1685","73.4800","","-0.31%"
"03/08/2016","74.0970","73.7570","74.5050","73.7300","","0.43%"
"03/07/2016","73.7815","73.7170","73.8285","73.3610","","0.17%"
"03/04/2016","73.6580","73.5210","73.9840","73.0780","","0.14%"
"03/03/2016","73.5555","73.2550","73.7665","73.0620","","0.42%"
"03/02/2016","73.2455","73.6100","73.7225","72.9770","","-0.52%"
"03/01/2016","73.6275","74.1320","74.4125","73.3350","","-0.72%"
"02/29/2016","74.1625","75.1190","75.2445","74.0580","","-1.32%"
"02/26/2016","75.1575","75.7500","76.1295","75.0250","","-0.86%"
"02/25/2016","75.8060","75.3390","76.0570","75.2450","","0.59%"
"02/24/2016","75.3635","75.5230","75.6975","75.1130","","-0.26%"
"02/23/2016","75.5580","75.5530","75.9170","75.2530","","-0.04%"
"02/22/2016","75.5885","76.3680","76.4515","75.4140","","-0.96%"
"02/19/2016","76.3215","76.1040","76.4365","75.8270","","0.25%"
"02/18/2016","76.1295","76.0110","76.4245","75.8200","","0.12%"
"02/17/2016","76.0360","76.2750","76.7490","75.9510","","-0.36%"
"02/16/2016","76.3070","75.9690","76.6000","75.9300","","0.40%"
"02/15/2016","76.0005","76.6280","76.7355","75.8450","","-0.92%"
"02/12/2016","76.7045","77.5320","77.6085","76.4050","","-1.07%"
"02/11/2016","77.5360","76.5970","77.8730","76.4770","","1.20%"
"02/10/2016","76.6150","76.6550","76.8890","75.7300","","-0.08%"
"02/09/2016","76.6800","76.1530","77.0440","75.8390","","0.66%"
"02/08/2016","76.1810","75.6370","76.3050","75.3930","","0.68%"
"02/05/2016","75.6685","75.6790","75.9385","75.2170","","-0.05%"
"02/04/2016","75.7040","75.4100","76.0320","75.0340","","0.36%"
"02/03/2016","75.4345","74.1910","75.7265","74.1530","","1.63%"
"02/02/2016","74.2215","73.8480","74.3985","73.8010","","0.49%"
"02/01/2016","73.8620","73.5070","74.1080","73.3240","","0.42%"
"01/29/2016","73.5555","74.4110","74.6055","73.3210","","-1.19%"
"01/28/2016","74.4425","74.1910","74.6635","73.9610","","0.29%"
"01/27/2016","74.2285","73.6150","74.3925","73.4980","","0.80%"
"01/26/2016","73.6430","73.4830","73.7630","73.3510","","0.18%"
"01/25/2016","73.5075","72.9540","73.5775","72.8610","","0.79%"
"01/22/2016","72.9325","73.6940","73.7945","72.8530","","-1.08%"
"01/21/2016","73.7255","74.0020","74.3715","73.1000","","-0.39%"
"01/20/2016","74.0125","73.8530","74.7595","73.8280","","0.17%"
"01/19/2016","73.8875","73.6660","74.1355","73.3390","","0.25%"
"01/18/2016","73.7000","73.9900","74.1580","73.4140","","-0.39%"
"01/15/2016","73.9895","73.1140","74.4925","73.0240","","1.16%"
"01/14/2016","73.1420","72.7490","73.7890","72.7480","","0.49%"
"01/13/2016","72.7865","72.6530","72.8735","72.1710","","0.13%"
"01/12/2016","72.6905","72.4640","73.0085","72.2810","","0.26%"
"01/11/2016","72.5015","73.0230","73.3825","72.3990","","-0.78%"
"01/08/2016","73.0740","73.1080","73.1490","72.0260","","-0.10%"
"01/07/2016","73.1490","71.8770","73.2170","71.8210","","1.73%"
"01/06/2016","71.9075","71.4290","72.1015","71.4080","","0.64%"
"01/05/2016","71.4535","72.0880","72.2005","71.2410","","-0.92%"
"01/04/2016","72.1155","71.8940","72.8845","71.6870","","0.26%"
"01/01/2016","71.9310","71.8910","71.9660","71.7800","","0.04%"
"12/31/2015","71.9055","72.6600","72.6975","71.8250","","-1.06%"
"12/30/2015","72.6740","72.2980","72.7540","72.2900","","0.50%"
"12/29/2015","72.3125","72.5210","72.9895","72.2010","","-0.31%"
"12/28/2015","72.5390","72.2940","72.7870","72.2740","","0.09%"
"12/25/2015","72.4765","72.3260","72.4895","72.2280","","0.19%"
"12/24/2015","72.3405","72.0290","72.4505","71.9920","","0.41%"
"12/23/2015","72.0430","72.5520","72.5890","71.7440","","-0.72%"
"12/22/2015","72.5665","72.2880","72.7445","72.2430","","0.36%"
"12/21/2015","72.3095","72.0120","72.4535","71.8920","","0.42%"
"12/18/2015","72.0060","71.8900","72.2190","71.6330","","0.14%"
"12/17/2015","71.9040","72.5400","72.5610","71.6210","","-0.88%"
"12/16/2015","72.5415","73.0770","73.3015","72.3480","","-0.72%"
"12/15/2015","73.0645","73.7310","74.1595","72.8250","","-0.93%"
"12/14/2015","73.7485","73.7380","74.1165","73.3170","","-0.06%"
"12/11/2015","73.7930","73.0210","73.9840","72.9330","","1.04%"
"12/10/2015","73.0350","73.7030","73.7790","72.8310","","-0.92%"
"12/09/2015","73.7110","72.7830","73.8460","72.6880","","1.21%"
"12/08/2015","72.8310","72.3370","72.8690","72.2850","","0.66%"
"12/07/2015","72.3515","72.5310","72.6035","71.9800","","-0.27%"
"12/04/2015","72.5505","73.0440","73.2505","72.2270","","-0.69%"
"12/03/2015","73.0515","70.6560","73.3185","70.2690","","3.35%"
"12/02/2015","70.6860","70.6020","70.8500","70.2070","","0.08%"
"12/01/2015","70.6290","70.2140","70.7310","70.1800","","0.59%"
"11/30/2015","70.2145","70.7360","70.8525","70.1180","","-0.93%"
"11/27/2015","70.8750","70.6140","71.0650","70.5360","","0.35%"
"11/26/2015","70.6255","70.5120","70.8085","70.4150","","0.14%"
"11/25/2015","70.5260","70.4990","70.8980","70.0800","","0.02%"
"11/24/2015","70.5095","70.5880","70.9545","70.4610","","-0.15%"
"11/23/2015","70.6180","70.3080","70.7230","70.0590","","0.42%"
"11/20/2015","70.3255","70.9170","71.0195","70.2620","","-0.87%"
"11/19/2015","70.9410","70.3470","71.1280","70.3470","","0.79%"
"11/18/2015","70.3875","70.2280","70.8445","70.1750","","0.22%"
"11/17/2015","70.2335","70.4010","70.5365","70.1070","","-0.25%"
"11/16/2015","70.4085","71.0390","71.2365","70.3490","","-1.12%"
"11/13/2015","71.2080","71.4090","71.5220","70.7890","","-0.35%"
"11/12/2015","71.4550","70.9630","71.5280","70.6330","","0.66%"
"11/11/2015","70.9855","70.9760","71.3285","70.6770","","-0.01%"
"11/10/2015","70.9900","71.4430","71.5440","70.6910","","-0.65%"
"11/09/2015","71.4570","70.9570","71.6730","70.8650","","0.59%"
"11/06/2015","71.0410","71.6510","71.7280","70.5420","","-0.89%"
"11/05/2015","71.6820","71.2600","71.8070","71.1730","","0.55%"
"11/04/2015","71.2910","71.8920","71.9480","70.9320","","-0.86%"
"11/03/2015","71.9130","72.1920","72.2410","71.6880","","-0.44%"
"11/02/2015","72.2325","72.1070","72.5265","72.0000","","0.32%"
"10/30/2015","72.0010","71.8190","72.4430","71.5420","","0.22%"
"10/29/2015","71.8400","70.9380","71.8790","70.8080","","1.28%"
"10/28/2015","70.9325","71.9250","72.0845","70.7660","","-1.40%"
"10/27/2015","71.9390","71.7650","71.9970","71.6590","","0.22%"
"10/26/2015","71.7795","71.4160","71.8115","71.2860","","0.40%"
"10/23/2015","71.4955","72.0290","72.3725","71.3250","","-0.75%"
"10/22/2015","72.0365","73.8380","73.9535","71.9670","","-2.48%"
"10/21/2015","73.8690","73.7450","74.1850","73.7150","","0.12%"
"10/20/2015","73.7825","73.5030","74.0625","73.4590","","0.36%"
"10/19/2015","73.5175","73.4210","73.7875","73.2350","","0.14%"
"10/16/2015","73.4155","73.7200","74.0465","73.3880","","-0.44%"
"10/15/2015","73.7380","74.2600","74.5400","73.6060","","-0.72%"
"10/14/2015","74.2745","74.0440","74.4315","73.9760","","0.25%"
"10/13/2015","74.0885","73.5630","74.2795","73.4800","","0.69%"
"10/12/2015","73.5780","73.5400","73.9390","73.5030","","0.00%"
"10/09/2015","73.5770","73.0910","73.7910","73.0380","","0.64%"
"10/08/2015","73.1090","72.9050","73.6750","72.8740","","0.25%"
"10/07/2015","72.9255","73.3820","73.7305","72.7160","","-0.66%"
"10/06/2015","73.4100","72.8670","73.5860","72.8170","","0.76%"
"10/05/2015","72.8555","73.3280","73.6415","72.6950","","-0.57%"
"10/02/2015","73.2705","73.4560","74.1075","72.9930","","-0.29%"
"10/01/2015","73.4800","73.2040","73.5760","72.9490","","0.34%"
"09/30/2015","73.2280","74.0230","74.2310","73.0530","","-1.12%"
"09/29/2015","74.0605","74.4930","74.8365","73.8450","","-0.62%"
"09/28/2015","74.5210","74.0390","74.5470","73.6720","","0.60%"
"09/25/2015","74.0735","74.2100","74.2565","73.4970","","-0.23%"
"09/24/2015","74.2410","74.0090","74.9540","73.7750","","0.28%"
"09/23/2015","74.0370","73.2670","74.2220","73.1610","","1.02%"
"09/22/2015","73.2910","73.4710","73.8180","73.1410","","-0.29%"
"09/21/2015","73.5050","74.3210","74.5940","73.4040","","-1.29%"
"09/18/2015","74.4675","75.5410","75.6835","74.1140","","-1.45%"
"09/17/2015","75.5625","74.7430","75.6125","74.6640","","1.08%"
"09/16/2015","74.7575","74.8480","75.2355","74.4870","","-0.14%"
"09/15/2015","74.8625","74.9500","75.2245","74.7030","","-0.20%"
"09/14/2015","75.0110","75.0730","75.5010","74.8370","","-0.14%"
"09/11/2015","75.1140","74.7610","75.3540","74.6820","","0.44%"
"09/10/2015","74.7815","74.6290","75.0595","74.2360","","0.18%"
"09/09/2015","74.6465","74.2310","74.6865","73.8420","","0.54%"
"09/08/2015","74.2455","74.6930","74.8655","74.0920","","-0.60%"
"09/07/2015","74.6945","74.3900","74.7585","74.2110","","0.48%"
"09/04/2015","74.3340","73.5120","74.6320","73.4450","","1.10%"
"09/03/2015","73.5265","74.3070","74.4915","73.2560","","-1.07%"
"09/02/2015","74.3250","75.0750","75.2420","74.2270","","-1.04%"
"09/01/2015","75.1095","74.4300","75.1755","74.3910","","0.85%"
"08/31/2015","74.4785","73.8990","74.7355","73.8060","","0.71%"
"08/28/2015","73.9525","74.1570","74.8365","73.7590","","-0.31%"
"08/27/2015","74.1845","74.6720","75.1355","73.9220","","-0.67%"
"08/26/2015","74.6835","76.3170","76.6515","74.5010","","-2.17%"
"08/25/2015","76.3385","77.6130","77.6685","75.2930","","-1.69%"
"08/24/2015","77.6515","75.0100","78.2375","75.0100","","3.25%"
"08/21/2015","75.2090","73.5490","75.2360","73.4400","","2.25%"
"08/20/2015","73.5565","72.3580","73.6855","72.2850","","1.60%"
"08/19/2015","72.3985","72.1190","72.6205","71.8230","","0.36%"
"08/18/2015","72.1365","72.4600","72.5605","72.0770","","-0.49%"
"08/17/2015","72.4905","72.3140","72.6975","72.1460","","0.21%"
"08/14/2015","72.3350","72.6770","72.8820","72.1470","","-0.49%"
"08/13/2015","72.6945","72.3410","72.8295","71.9460","","0.47%"
"08/12/2015","72.3555","71.0050","72.6735","70.9480","","1.87%"
"08/11/2015","71.0260","70.2410","71.2560","69.9590","","1.07%"
"08/10/2015","70.2745","69.8730","70.4855","69.7670","","0.52%"
"08/07/2015","69.9125","69.6180","70.0585","69.3000","","0.43%"
"08/06/2015","69.6165","69.4580","69.7945","69.2900","","0.22%"
"08/05/2015","69.4625","69.3880","69.7065","69.0930","","0.05%"
"08/04/2015","69.4250","70.2630","70.3190","69.3770","","-1.21%"
"08/03/2015","70.2765","70.1710","70.3785","70.0660","","-0.05%"
"07/31/2015","70.3100","70.0980","71.1260","69.9610","","0.27%"
"07/30/2015","70.1215","70.0970","70.3045","69.8070","","0.01%"
"07/29/2015","70.1140","70.5440","70.8190","69.9890","","-0.63%"
"07/28/2015","70.5615","71.1960","71.2505","70.3680","","-0.93%"
"07/27/2015","71.2230","70.3200","71.4720","70.2880","","1.15%"
"07/24/2015","70.4140","70.1810","70.4460","69.8590","","0.30%"
"07/23/2015","70.2015","69.4530","70.3485","69.4290","","1.00%"
"07/22/2015","69.5055","69.5170","69.6805","69.1260","","-0.05%"
"07/21/2015","69.5405","68.8300","69.7355","68.8070","","0.99%"
"07/20/2015","68.8595","68.7470","69.1985","68.6900","","0.16%"
"07/17/2015","68.7520","68.9920","69.2610","68.7200","","-0.39%"
"07/16/2015","69.0185","69.5120","69.6335","68.9330","","-0.74%"
"07/15/2015","69.5305","69.6550","69.9595","69.3680","","-0.22%"
"07/14/2015","69.6820","69.7960","70.2160","69.5840","","-0.19%"
"07/13/2015","69.8175","70.3170","71.0145","69.7250","","-1.30%"
"07/10/2015","70.7360","69.8610","71.1020","69.8220","","1.20%"
"07/09/2015","69.8940","70.2700","70.6690","69.5590","","-0.59%"
"07/08/2015","70.3065","69.8760","70.4365","69.6700","","0.58%"
"07/07/2015","69.9030","69.9210","70.1620","69.3250","","-0.07%"
"07/06/2015","69.9510","69.7410","70.4990","69.5070","","-0.74%"
"07/03/2015","70.4755","70.1500","70.5815","70.1260","","0.44%"
"07/02/2015","70.1635","70.2240","70.6225","70.1020","","-0.12%"
"07/01/2015","70.2450","70.8310","71.0130","70.1420","","-0.84%"
"06/30/2015","70.8390","71.5580","71.6410","70.6300","","-1.04%"
"06/29/2015","71.5815","70.0640","71.8555","69.5630","","1.03%"
"06/26/2015","70.8510","71.1610","71.3580","70.7000","","-0.45%"
"06/25/2015","71.1690","71.1570","71.4180","70.8930","","-0.02%"
"06/24/2015","71.1805","71.0310","71.4555","70.8400","","0.19%"
"06/23/2015","71.0485","72.0180","72.0895","70.8660","","-1.38%"
"06/22/2015","72.0420","72.1650","72.4490","71.8540","","-0.07%"
"06/19/2015","72.0920","72.2060","72.5190","71.7310","","-0.18%"
"06/18/2015","72.2230","72.5510","72.8740","72.1230","","-0.48%"
"06/17/2015","72.5715","72.1560","72.7065","71.8840","","0.56%"
"06/16/2015","72.1705","72.3150","72.6785","72.0090","","-0.19%"
"06/15/2015","72.3095","71.9400","72.3445","71.7280","","0.10%"
"06/12/2015","72.2370","71.9810","72.3790","71.4740","","0.32%"
"06/11/2015","72.0055","72.1980","72.3775","71.5280","","-0.30%"
"06/10/2015","72.2250","72.2110","72.6680","71.8890","","0.00%"
"06/09/2015","72.2255","72.1910","72.5515","71.7070","","0.03%"
"06/08/2015","72.2020","70.8500","72.3060","70.6460","","1.88%"
"06/05/2015","70.8670","71.8650","72.1400","70.4410","","-1.42%"
"06/04/2015","71.8860","72.1390","72.9490","71.8040","","-0.35%"
"06/03/2015","72.1405","71.0150","72.2445","70.8310","","1.55%"
"06/02/2015","71.0420","69.4720","71.3990","69.4160","","2.23%"
"06/01/2015","69.4920","70.0170","70.0920","69.2010","","-0.78%"
"05/29/2015","70.0410","69.7840","70.1720","69.6410","","0.32%"
"05/28/2015","69.8175","69.5790","69.9435","69.3390","","0.31%"
"05/27/2015","69.6025","69.5330","69.9735","69.3250","","0.06%"
"05/26/2015","69.5600","69.6890","69.9440","69.4220","","-0.21%"
"05/25/2015","69.7030","69.8470","70.0990","69.6190","","-0.35%"
"05/22/2015","69.9500","70.6390","71.2290","69.8250","","-1.00%"
"05/21/2015","70.6530","70.5320","71.1970","70.5060","","0.15%"
"05/20/2015","70.5495","71.0720","71.1585","70.4720","","-0.76%"
"05/19/2015","71.0930","72.0680","72.2100","70.8890","","-1.38%"
"05/18/2015","72.0890","72.6350","72.7620","71.8970","","-0.78%"
"05/15/2015","72.6550","72.2960","72.7020","72.0220","","0.46%"
"05/14/2015","72.3200","72.6880","73.0380","71.9720","","-0.53%"
"05/13/2015","72.7030","71.9170","72.7420","71.6880","","1.06%"
"05/12/2015","71.9375","71.3820","72.5275","71.2850","","0.75%"
"05/11/2015","71.4000","71.3250","71.5060","71.0210","","0.02%"
"05/08/2015","71.3850","72.1670","72.2830","71.2780","","-1.11%"
"05/07/2015","72.1875","72.2050","73.1685","72.0410","","-0.06%"
"05/06/2015","72.2280","70.8610","72.3720","70.7890","","1.90%"
"05/05/2015","70.8845","70.7770","71.0675","70.1960","","0.13%"
"05/04/2015","70.7945","71.3550","71.5015","70.6960","","-0.81%"
"05/01/2015","71.3755","71.2750","71.8175","71.1000","","0.09%"
"04/30/2015","71.3090","70.6070","71.6090","70.3390","","0.95%"
"04/29/2015","70.6405","69.2220","70.8915","69.1120","","2.02%"
"04/28/2015","69.2425","68.9860","69.3035","68.7610","","0.39%"
"04/27/2015","68.9745","69.1900","69.2725","68.7150","","-0.36%"
"04/24/2015","69.2265","68.4740","69.2775","68.1780","","1.05%"
"04/23/2015","68.5065","67.5290","68.6095","67.3050","","1.41%"
"04/22/2015","67.5560","67.4630","67.9820","67.2830","","0.12%"
"04/21/2015","67.4775","67.7740","67.9115","66.9330","","-0.49%"
"04/20/2015","67.8065","67.6690","67.9495","67.3410","","0.31%"
"04/17/2015","67.5980","67.0430","67.6930","66.9340","","0.80%"
"04/16/2015","67.0630","66.6090","67.4290","66.2450","","0.63%"
"04/15/2015","66.6410","66.3230","66.6960","65.9670","","0.46%"
"04/14/2015","66.3370","65.9220","66.6850","65.6650","","0.59%"
"04/13/2015","65.9480","66.0010","66.2270","65.7250","","-0.13%"
"04/10/2015","66.0370","66.3950","66.6750","65.8350","","-0.57%"
"04/09/2015","66.4150","67.0260","67.1550","66.2280","","-0.95%"
"04/08/2015","67.0510","67.3500","67.8080","66.9980","","-0.47%"
"04/07/2015","67.3700","67.9130","68.2440","67.2320","","-0.86%"
"04/06/2015","67.9525","68.0710","68.6695","67.8280","","-0.10%"
"04/03/2015","68.0195","67.5240","68.3745","67.4170","","0.69%"
"04/02/2015","67.5505","66.8660","67.7605","66.8350","","0.99%"
"04/01/2015","66.8890","66.8470","67.2960","66.7410","","0.07%"
"03/31/2015","66.8450","67.7000","67.8280","66.8140","","-1.29%"
"03/30/2015","67.7170","68.0580","68.1640","67.4810","","-0.53%"
"03/27/2015","68.0780","68.3800","68.4660","67.5760","","-0.46%"
"03/26/2015","68.3905","68.4430","69.2835","68.1990","","-0.12%"
"03/25/2015","68.4755","68.0920","68.6815","67.8740","","0.52%"
"03/24/2015","68.1245","68.0940","68.6695","67.8230","","0.01%"
"03/23/2015","68.1200","67.6110","68.2820","67.0780","","0.86%"
"03/20/2015","67.5400","66.5970","67.9210","66.5290","","1.39%"
"03/19/2015","66.6140","68.1140","68.4380","66.3040","","-2.23%"
"03/18/2015","68.1340","66.3540","68.9230","66.2830","","2.66%"
"03/17/2015","66.3715","66.3260","66.7855","66.1600","","0.03%"
"03/16/2015","66.3495","66.1870","66.7065","65.9460","","0.22%"
"03/13/2015","66.2065","66.5030","66.7945","66.0090","","-0.47%"
"03/12/2015","66.5170","66.1980","66.7380","65.7580","","0.46%"
"03/11/2015","66.2150","67.0810","67.2260","65.9430","","-1.32%"
"03/10/2015","67.0980","67.9530","68.0090","67.0430","","-1.29%"
"03/09/2015","67.9730","67.6330","68.3020","67.5560","","0.35%"
"03/06/2015","67.7350","68.8010","68.8990","67.6960","","-1.56%"
"03/05/2015","68.8095","69.0090","69.1785","68.3980","","-0.32%"
"03/04/2015","69.0325","69.0650","69.3945","68.8760","","-0.08%"
"03/03/2015","69.0885","69.1570","69.3735","68.9970","","-0.15%"
"03/02/2015","69.1895","68.9600","69.6415","68.8060","","0.23%"
"02/27/2015","69.0305","69.1090","69.6005","68.9300","","-0.14%"
"02/26/2015","69.1260","70.2570","70.4960","69.0350","","-1.65%"
"02/25/2015","70.2845","70.4830","70.6655","70.1920","","-0.32%"
"02/24/2015","70.5070","70.4440","70.6500","70.1390","","0.09%"
"02/23/2015","70.4460","70.6810","71.0870","70.2270","","-0.34%"
"02/20/2015","70.6830","70.6210","71.1280","70.1720","","0.08%"
"02/19/2015","70.6295","70.7090","71.0885","70.4450","","-0.14%"
"02/18/2015","70.7290","70.9100","71.0700","70.4940","","-0.29%"
"02/17/2015","70.9330","70.4900","71.2060","70.3920","","0.59%"
"02/16/2015","70.5170","70.6560","71.1380","70.2740","","-0.23%"
"02/13/2015","70.6765","70.8450","71.1345","70.6150","","-0.27%"
"02/12/2015","70.8695","70.6860","70.9495","70.4780","","0.24%"
"02/11/2015","70.7005","70.5370","70.8085","70.2410","","0.20%"
"02/10/2015","70.5605","70.3600","70.6075","70.0150","","0.26%"
"02/09/2015","70.3805","70.1920","70.6725","69.9490","","0.37%"
"02/06/2015","70.1220","70.7990","70.9040","70.0260","","-0.99%"
"02/05/2015","70.8230","70.1360","70.9460","69.8360","","0.93%"
"02/04/2015","70.1690","70.6940","70.8900","69.9280","","-0.78%"
"02/03/2015","70.7180","69.9840","71.0360","69.7900","","1.02%"
"02/02/2015","70.0015","69.9600","70.2855","69.8190","","-0.01%"
"01/30/2015","70.0115","69.9410","70.4205","69.9050","","0.08%"
"01/29/2015","69.9585","69.2320","70.2315","69.1340","","1.01%"
"01/28/2015","69.2610","69.8680","69.9260","69.1580","","-0.90%"
"01/27/2015","69.8905","69.0680","70.0955","68.9710","","1.15%"
"01/26/2015","69.0970","68.7030","69.4480","68.1750","","0.34%"
"01/23/2015","68.8620","69.9910","70.0630","68.2560","","-1.66%"
"01/22/2015","70.0235","71.4530","71.7925","69.6950","","-2.03%"
"01/21/2015","71.4740","71.2060","71.8800","71.1030","","0.36%"
"01/20/2015","71.2150","71.5150","71.7550","71.1380","","-0.46%"
"01/19/2015","71.5450","71.4480","71.8330","71.1670","","-0.05%"
"01/16/2015","71.5805","72.1760","72.4405","70.8910","","-0.84%"
"01/15/2015","72.1845","73.1850","73.2445","71.3683","","-1.40%"
"01/14/2015","73.2070","72.9510","73.5490","72.8890","","0.33%"
"01/13/2015","72.9660","73.4420","73.6530","72.8580","","-0.66%"
"01/12/2015","73.4530","73.7980","74.0220","73.1910","","-0.52%"
"01/09/2015","73.8375","73.8940","74.0475","73.3240","","-0.10%"
"01/08/2015","73.9095","74.8930","74.9655","73.6560","","-1.34%"
"01/07/2015","74.9170","75.5780","75.6150","74.6900","","-0.88%"
"01/06/2015","75.5845","75.5770","76.0295","75.4830","","-0.01%"
"01/05/2015","75.5930","75.9300","75.9840","75.1650","","-0.48%"
"01/02/2015","75.9580","76.6730","76.7380","75.9180","","-0.95%"
"01/01/2015","76.6850","76.2540","76.7680","76.2410","","0.55%"