"Date","Price","Open","High","Low","Vol.","Change %"
"11/21/2025","4.2285","4.2344","4.2435","4.2202","","-0.14%"
"11/20/2025","4.2344","4.2370","4.2426","4.2259","","-0.07%"
"11/19/2025","4.2373","4.2537","4.2600","4.2305","","-0.39%"
"11/18/2025","4.2537","4.2578","4.2636","4.2500","","-0.09%"
"11/17/2025","4.2576","4.2680","4.2697","4.2541","","-0.25%"
"11/14/2025","4.2684","4.2751","4.2807","4.2627","","-0.11%"
"11/13/2025","4.2729","4.2582","4.2814","4.2525","","0.34%"
"11/12/2025","4.2584","4.2540","4.2601","4.2471","","0.10%"
"11/11/2025","4.2540","4.2452","4.2631","4.2407","","0.21%"
"11/10/2025","4.2452","4.2478","4.2548","4.2383","","-0.08%"
"11/07/2025","4.2484","4.2413","4.2576","4.2341","","0.16%"
"11/06/2025","4.2415","4.2211","4.2433","4.2200","","0.48%"
"11/05/2025","4.2213","4.2176","4.2231","4.2124","","0.09%"
"11/04/2025","4.2176","4.2311","4.2364","4.2141","","-0.33%"
"11/03/2025","4.2314","4.2365","4.2393","4.2257","","-0.13%"
"10/31/2025","4.2370","4.2479","4.2525","4.2316","","-0.26%"
"10/30/2025","4.2479","4.2609","4.2740","4.2412","","-0.31%"
"10/29/2025","4.2611","4.2796","4.2852","4.2524","","-0.43%"
"10/28/2025","4.2796","4.2770","4.2863","4.2700","","0.06%"
"10/27/2025","4.2772","4.2697","4.2799","4.2667","","0.16%"
"10/24/2025","4.2703","4.2673","4.2787","4.2602","","0.07%"
"10/23/2025","4.2675","4.2643","4.2683","4.2552","","0.08%"
"10/22/2025","4.2641","4.2605","4.2692","4.2523","","0.08%"
"10/21/2025","4.2605","4.2764","4.2807","4.2598","","-0.36%"
"10/20/2025","4.2760","4.2832","4.2883","4.2747","","-0.07%"
"10/17/2025","4.2791","4.2929","4.3076","4.2787","","-0.32%"
"10/16/2025","4.2928","4.2777","4.2957","4.2757","","0.35%"
"10/15/2025","4.2777","4.2631","4.2785","4.2604","","0.34%"
"10/14/2025","4.2631","4.2498","4.2669","4.2392","","0.32%"
"10/13/2025","4.2494","4.2676","4.2719","4.2449","","-0.43%"
"10/10/2025","4.2676","4.2472","4.2722","4.2441","","0.48%"
"10/09/2025","4.2472","4.2696","4.2783","4.2390","","-0.55%"
"10/08/2025","4.2708","4.2800","4.2832","4.2599","","-0.24%"
"10/07/2025","4.2812","4.3020","4.3037","4.2782","","-0.46%"
"10/06/2025","4.3011","4.3127","4.3127","4.2793","","-0.28%"
"10/03/2025","4.3131","4.3031","4.3188","4.3023","","0.23%"
"10/02/2025","4.3034","4.3081","4.3194","4.2909","","-0.12%"
"10/01/2025","4.3085","4.3098","4.3259","4.3025","","-0.03%"
"09/30/2025","4.3100","4.3073","4.3205","4.3012","","0.06%"
"09/29/2025","4.3073","4.2978","4.3180","4.2970","","0.22%"
"09/26/2025","4.2977","4.2851","4.2997","4.2815","","0.29%"
"09/25/2025","4.2851","4.3116","4.3174","4.2774","","-0.61%"
"09/24/2025","4.3116","4.3397","4.3410","4.3077","","-0.65%"
"09/23/2025","4.3399","4.3351","4.3414","4.3264","","0.10%"
"09/22/2025","4.3355","4.3141","4.3358","4.3063","","0.50%"
"09/19/2025","4.3141","4.3297","4.3317","4.3081","","-0.36%"
"09/18/2025","4.3297","4.3388","4.3520","4.3156","","-0.21%"
"09/17/2025","4.3390","4.3590","4.3781","4.3370","","-0.46%"
"09/16/2025","4.3590","4.3210","4.3633","4.3179","","0.91%"
"09/15/2025","4.3199","4.3099","4.3251","4.3033","","0.23%"
"09/12/2025","4.3099","4.3098","4.3148","4.2974","","0.00%"
"09/11/2025","4.3098","4.2956","4.3147","4.2837","","0.33%"
"09/10/2025","4.2956","4.3005","4.3092","4.2904","","-0.11%"
"09/09/2025","4.3004","4.3201","4.3263","4.2985","","-0.46%"
"09/08/2025","4.3204","4.3040","4.3211","4.2978","","0.37%"
"09/05/2025","4.3044","4.2785","4.3200","4.2775","","0.61%"
"09/04/2025","4.2785","4.2831","4.2860","4.2715","","-0.11%"
"09/03/2025","4.2834","4.2754","4.2914","4.2630","","0.18%"
"09/02/2025","4.2758","4.3015","4.3044","4.2651","","-0.60%"
"09/01/2025","4.3015","4.2919","4.3112","4.2915","","0.22%"
"08/29/2025","4.2921","4.2910","4.3009","4.2792","","0.03%"
"08/28/2025","4.2910","4.2747","4.2970","4.2711","","0.38%"
"08/27/2025","4.2747","4.2764","4.2784","4.2510","","-0.03%"
"08/26/2025","4.2760","4.2679","4.2850","4.2606","","0.20%"
"08/25/2025","4.2675","4.3031","4.3077","4.2614","","-0.83%"
"08/22/2025","4.3033","4.2627","4.3133","4.2536","","0.96%"
"08/21/2025","4.2625","4.2797","4.2842","4.2605","","-0.39%"
"08/20/2025","4.2791","4.2779","4.2879","4.2683","","0.02%"
"08/19/2025","4.2782","4.2832","4.2948","4.2744","","-0.11%"
"08/18/2025","4.2829","4.2952","4.3042","4.2813","","-0.32%"
"08/15/2025","4.2967","4.2786","4.3031","4.2770","","0.43%"
"08/14/2025","4.2782","4.2993","4.3032","4.2720","","-0.50%"
"08/13/2025","4.2995","4.2881","4.3086","4.2857","","0.28%"
"08/12/2025","4.2876","4.2664","4.2967","4.2599","","0.50%"
"08/11/2025","4.2664","4.2760","4.2882","4.2570","","-0.21%"
"08/08/2025","4.2754","4.2847","4.2896","4.2713","","-0.22%"
"08/07/2025","4.2847","4.2826","4.2974","4.2646","","0.05%"
"08/06/2025","4.2826","4.2509","4.2860","4.2470","","0.73%"
"08/05/2025","4.2517","4.2501","4.2561","4.2338","","0.04%"
"08/04/2025","4.2501","4.2551","4.2597","4.2418","","-0.12%"
"08/01/2025","4.2554","4.1928","4.2599","4.1838","","1.49%"
"07/31/2025","4.1930","4.1885","4.2096","4.1883","","0.09%"
"07/30/2025","4.1892","4.2413","4.2503","4.1874","","-1.22%"
"07/29/2025","4.2409","4.2569","4.2602","4.2304","","-0.37%"
"07/28/2025","4.2567","4.3147","4.3243","4.2553","","-1.30%"
"07/25/2025","4.3128","4.3153","4.3200","4.2985","","-0.06%"
"07/24/2025","4.3153","4.3239","4.3305","4.3085","","-0.20%"
"07/23/2025","4.3239","4.3175","4.3256","4.3011","","0.15%"
"07/22/2025","4.3175","4.2958","4.3199","4.2896","","0.51%"
"07/21/2025","4.2958","4.2706","4.3041","4.2655","","0.60%"
"07/18/2025","4.2703","4.2591","4.2874","4.2574","","0.26%"
"07/17/2025","4.2593","4.2758","4.2765","4.2447","","-0.33%"
"07/16/2025","4.2736","4.2611","4.3056","4.2469","","0.29%"
"07/15/2025","4.2611","4.2844","4.2951","4.2578","","-0.55%"
"07/14/2025","4.2845","4.2939","4.2968","4.2792","","-0.22%"
"07/11/2025","4.2938","4.2977","4.3027","4.2839","","-0.09%"
"07/10/2025","4.2976","4.3037","4.3154","4.2835","","-0.17%"
"07/09/2025","4.3051","4.3069","4.3081","4.2936","","-0.03%"
"07/08/2025","4.3066","4.3005","4.3215","4.2910","","0.14%"
"07/07/2025","4.3005","4.3265","4.3311","4.2927","","-0.61%"
"07/04/2025","4.3267","4.3184","4.3300","4.3164","","0.20%"
"07/03/2025","4.3182","4.3337","4.3381","4.3042","","-0.36%"
"07/02/2025","4.3337","4.3366","4.3376","4.3148","","-0.07%"
"07/01/2025","4.3366","4.3289","4.3454","4.3195","","0.17%"
"06/30/2025","4.3291","4.3023","4.3296","4.2989","","0.58%"
"06/27/2025","4.3043","4.2971","4.3172","4.2898","","0.17%"
"06/26/2025","4.2970","4.2818","4.3135","4.2799","","0.35%"
"06/25/2025","4.2820","4.2635","4.2842","4.2564","","0.43%"
"06/24/2025","4.2635","4.2517","4.2755","4.2506","","0.28%"
"06/23/2025","4.2517","4.2160","4.2535","4.2059","","0.48%"
"06/20/2025","4.2314","4.2215","4.2394","4.2196","","0.24%"
"06/19/2025","4.2214","4.2164","4.2235","4.2034","","0.12%"
"06/18/2025","4.2164","4.2162","4.2346","4.2090","","0.00%"
"06/17/2025","4.2162","4.2461","4.2522","4.2140","","-0.70%"
"06/16/2025","4.2461","4.2349","4.2658","4.2319","","0.07%"
"06/13/2025","4.2432","4.2545","4.2658","4.2191","","-0.28%"
"06/12/2025","4.2552","4.2189","4.2718","4.2183","","0.85%"
"06/11/2025","4.2195","4.1960","4.2239","4.1887","","0.56%"
"06/10/2025","4.1960","4.1950","4.2046","4.1769","","0.02%"
"06/09/2025","4.1953","4.1850","4.2016","4.1819","","0.24%"
"06/06/2025","4.1854","4.2036","4.2081","4.1763","","-0.44%"
"06/05/2025","4.2037","4.1937","4.2222","4.1885","","0.24%"
"06/04/2025","4.1937","4.1767","4.2003","4.1714","","0.41%"
"06/03/2025","4.1765","4.2022","4.2072","4.1737","","-0.62%"
"06/02/2025","4.2026","4.1659","4.2059","4.1657","","0.83%"
"05/30/2025","4.1681","4.1770","4.1833","4.1552","","-0.21%"
"05/29/2025","4.1770","4.1479","4.1817","4.1170","","0.70%"
"05/28/2025","4.1480","4.1610","4.1672","4.1441","","-0.31%"
"05/27/2025","4.1611","4.1827","4.1903","4.1587","","-0.52%"
"05/26/2025","4.1827","4.1746","4.1945","4.1724","","0.20%"
"05/23/2025","4.1743","4.1434","4.1782","4.1427","","0.75%"
"05/22/2025","4.1434","4.1623","4.1673","4.1340","","-0.44%"
"05/21/2025","4.1618","4.1443","4.1736","4.1432","","0.42%"
"05/20/2025","4.1442","4.1298","4.1455","4.1201","","0.35%"
"05/19/2025","4.1297","4.1026","4.1465","4.1022","","0.71%"
"05/16/2025","4.1005","4.1095","4.1212","4.0882","","-0.22%"
"05/15/2025","4.1097","4.1046","4.1244","4.1028","","0.12%"
"05/14/2025","4.1046","4.1084","4.1380","4.1008","","-0.09%"
"05/13/2025","4.1085","4.0725","4.1120","4.0712","","0.88%"
"05/12/2025","4.0725","4.1206","4.1297","4.0642","","-1.43%"
"05/09/2025","4.1314","4.1241","4.1480","4.1122","","0.18%"
"05/08/2025","4.1240","4.1506","4.1642","4.1180","","-0.67%"
"05/07/2025","4.1518","4.1765","4.1796","4.1476","","-0.59%"
"05/06/2025","4.1765","4.1559","4.1805","4.1430","","0.50%"
"05/05/2025","4.1559","4.1490","4.1745","4.1474","","0.16%"
"05/02/2025","4.1491","4.1478","4.1805","4.1408","","0.03%"
"05/01/2025","4.1478","4.1610","4.1659","4.1381","","-0.32%"
"04/30/2025","4.1610","4.1820","4.1873","4.1568","","-0.50%"
"04/29/2025","4.1820","4.1953","4.1958","4.1763","","-0.32%"
"04/28/2025","4.1954","4.1756","4.1965","4.1611","","0.50%"
"04/25/2025","4.1745","4.1835","4.1854","4.1561","","-0.22%"
"04/24/2025","4.1835","4.1561","4.1867","4.1555","","0.66%"
"04/23/2025","4.1561","4.1954","4.2024","4.1534","","-0.92%"
"04/22/2025","4.1949","4.2294","4.2417","4.1936","","-0.79%"
"04/21/2025","4.2282","4.1824","4.2512","4.1823","","1.06%"
"04/18/2025","4.1838","4.1743","4.1869","4.1719","","0.25%"
"04/17/2025","4.1735","4.1868","4.1910","4.1634","","-0.31%"
"04/16/2025","4.1864","4.1443","4.1921","4.1434","","1.04%"
"04/15/2025","4.1434","4.1688","4.1796","4.1374","","-0.59%"
"04/14/2025","4.1680","4.1461","4.1965","4.1447","","-0.11%"
"04/11/2025","4.1724","4.1133","4.2147","4.1098","","1.46%"
"04/10/2025","4.1125","4.0226","4.1290","4.0192","","2.25%"
"04/09/2025","4.0222","4.0245","4.0756","4.0085","","-0.04%"
"04/08/2025","4.0240","4.0052","4.0378","3.9991","","0.48%"
"04/07/2025","4.0049","4.0242","4.0591","3.9975","","-0.47%"
"04/04/2025","4.0237","4.0595","4.0802","4.0125","","-0.86%"
"04/03/2025","4.0586","3.9873","4.0939","3.9688","","1.81%"
"04/02/2025","3.9866","3.9646","4.0128","3.9596","","0.57%"
"04/01/2025","3.9642","3.9733","3.9781","3.9585","","-0.22%"
"03/31/2025","3.9730","3.9772","3.9853","3.9611","","-0.09%"
"03/28/2025","3.9764","3.9675","3.9834","3.9539","","0.23%"
"03/27/2025","3.9671","3.9498","3.9748","3.9421","","0.46%"
"03/26/2025","3.9491","3.9636","3.9680","3.9463","","-0.36%"
"03/25/2025","3.9634","3.9674","3.9785","3.9581","","-0.08%"
"03/24/2025","3.9667","3.9725","3.9887","3.9600","","-0.13%"
"03/21/2025","3.9717","3.9862","3.9894","3.9657","","-0.34%"
"03/20/2025","3.9851","4.0044","4.0101","3.9723","","-0.46%"
"03/19/2025","4.0035","4.0198","4.0209","3.9891","","-0.38%"
"03/18/2025","4.0189","4.0117","4.0238","4.0004","","0.21%"
"03/17/2025","4.0105","3.9961","4.0143","3.9915","","0.38%"
"03/14/2025","3.9952","3.9859","4.0080","3.9776","","0.25%"
"03/13/2025","3.9852","3.9990","4.0026","3.9745","","-0.32%"
"03/12/2025","3.9979","4.0101","4.0151","3.9939","","-0.29%"
"03/11/2025","4.0097","3.9790","4.0208","3.9773","","0.79%"
"03/10/2025","3.9782","3.9789","3.9942","3.9685","","0.00%"
"03/07/2025","3.9781","3.9608","3.9994","3.9597","","0.46%"
"03/06/2025","3.9598","3.9631","3.9865","3.9538","","-0.06%"
"03/05/2025","3.9620","3.9029","3.9655","3.8937","","1.54%"
"03/04/2025","3.9018","3.8516","3.9035","3.8456","","1.32%"
"03/03/2025","3.8509","3.8108","3.8578","3.8108","","1.07%"
"02/28/2025","3.8103","3.8193","3.8274","3.8050","","-0.21%"
"02/27/2025","3.8184","3.8505","3.8539","3.8186","","-0.82%"
"02/26/2025","3.8498","3.8614","3.8672","3.8471","","-0.29%"
"02/25/2025","3.8609","3.8447","3.8635","3.8403","","0.44%"
"02/24/2025","3.8440","3.8416","3.8673","3.8392","","0.08%"
"02/21/2025","3.8411","3.8570","3.8591","3.8375","","-0.39%"
"02/20/2025","3.8563","3.8280","3.8581","3.8266","","0.76%"
"02/19/2025","3.8273","3.8370","3.8428","3.8201","","-0.23%"
"02/18/2025","3.8362","3.8510","3.8521","3.8328","","-0.35%"
"02/17/2025","3.8498","3.8526","3.8593","3.8444","","-0.09%"
"02/14/2025","3.8532","3.8437","3.8620","3.8370","","0.26%"
"02/13/2025","3.8433","3.8152","3.8447","3.8100","","0.79%"
"02/12/2025","3.8131","3.8056","3.8310","3.7893","","0.21%"
"02/11/2025","3.8051","3.7858","3.8131","3.7803","","0.53%"
"02/10/2025","3.7852","3.7932","3.7967","3.7758","","-0.21%"
"02/07/2025","3.7930","3.8135","3.8239","3.7849","","-0.52%"
"02/06/2025","3.8128","3.8206","3.8222","3.8020","","-0.20%"
"02/05/2025","3.8203","3.8122","3.8359","3.8088","","0.24%"
"02/04/2025","3.8112","3.7996","3.8154","3.7729","","0.32%"
"02/03/2025","3.7992","3.8066","3.8068","3.7505","","-0.17%"
"01/31/2025","3.8057","3.8164","3.8328","3.8017","","-0.26%"
"01/30/2025","3.8158","3.8275","3.8449","3.8148","","-0.30%"
"01/29/2025","3.8272","3.8310","3.8363","3.8133","","-0.07%"
"01/28/2025","3.8298","3.8539","3.8546","3.8250","","-0.60%"
"01/27/2025","3.8531","3.8543","3.8688","3.8395","","-0.02%"
"01/24/2025","3.8539","3.8259","3.8650","3.8242","","0.75%"
"01/23/2025","3.8251","3.8231","3.8340","3.8096","","0.07%"
"01/22/2025","3.8223","3.8308","3.8410","3.8172","","-0.21%"
"01/21/2025","3.8304","3.8260","3.8331","3.7986","","0.15%"
"01/20/2025","3.8247","3.7744","3.8328","3.7707","","1.39%"
"01/17/2025","3.7721","3.7829","3.7946","3.7704","","-0.27%"
"01/16/2025","3.7824","3.7791","3.7887","3.7688","","0.09%"
"01/15/2025","3.7789","3.7861","3.8029","3.7682","","-0.17%"
"01/14/2025","3.7852","3.7630","3.7866","3.7604","","0.61%"
"01/13/2025","3.7623","3.7615","3.7651","3.7382","","0.01%"
"01/10/2025","3.7620","3.7831","3.7878","3.7522","","-0.54%"
"01/09/2025","3.7824","3.7902","3.7913","3.7772","","-0.19%"
"01/08/2025","3.7895","3.7979","3.8046","3.7734","","-0.20%"
"01/07/2025","3.7972","3.8166","3.8331","3.7977","","-0.49%"
"01/06/2025","3.8159","3.7843","3.8337","3.7813","","0.79%"
"01/03/2025","3.7859","3.7701","3.7869","3.7678","","0.42%"
"01/02/2025","3.7699","3.8029","3.8110","3.7555","","-0.87%"
"01/01/2025","3.8030","3.8029","3.8052","3.8014","","0.02%"
"12/31/2024","3.8022","3.8224","3.8290","3.7994","","-0.52%"
"12/30/2024","3.8221","3.8319","3.8413","3.8095","","-0.20%"
"12/27/2024","3.8297","3.8284","3.8362","3.8216","","0.05%"
"12/26/2024","3.8277","3.8206","3.8310","3.8159","","0.18%"
"12/25/2024","3.8210","3.8191","3.8254","3.8188","","0.07%"
"12/24/2024","3.8184","3.8217","3.8240","3.8136","","-0.08%"
"12/23/2024","3.8213","3.8290","3.8372","3.8138","","-0.23%"
"12/20/2024","3.8302","3.8063","3.8373","3.7987","","0.65%"
"12/19/2024","3.8055","3.8026","3.8284","3.8005","","0.09%"
"12/18/2024","3.8019","3.8537","3.8617","3.7994","","-1.31%"
"12/17/2024","3.8524","3.8611","3.8695","3.8487","","-0.19%"
"12/16/2024","3.8599","3.8556","3.8661","3.8470","","0.08%"
"12/13/2024","3.8568","3.8449","3.8658","3.8391","","0.33%"
"12/12/2024","3.8441","3.8551","3.8679","3.8433","","-0.25%"
"12/11/2024","3.8536","3.8668","3.8714","3.8492","","-0.32%"
"12/10/2024","3.8658","3.8763","3.8818","3.8561","","-0.25%"
"12/09/2024","3.8753","3.8798","3.8914","3.8684","","-0.16%"
"12/06/2024","3.8814","3.8886","3.9045","3.8723","","-0.17%"
"12/05/2024","3.8880","3.8607","3.8898","3.8593","","0.72%"
"12/04/2024","3.8601","3.8603","3.8734","3.8464","","0.01%"
"12/03/2024","3.8597","3.8561","3.8698","3.8495","","0.11%"
"12/02/2024","3.8554","3.8849","3.8893","3.8420","","-0.74%"
"11/29/2024","3.8841","3.8769","3.8928","3.8717","","0.21%"
"11/28/2024","3.8759","3.8811","3.8826","3.8665","","-0.10%"
"11/27/2024","3.8799","3.8523","3.8890","3.8468","","0.74%"
"11/26/2024","3.8515","3.8545","3.8732","3.8290","","-0.06%"
"11/25/2024","3.8540","3.8456","3.8679","3.8378","","0.70%"
"11/22/2024","3.8272","3.8472","3.8561","3.7957","","-0.50%"
"11/21/2024","3.8465","3.8717","3.8772","3.8427","","-0.66%"
"11/20/2024","3.8720","3.8919","3.8972","3.8596","","-0.50%"
"11/19/2024","3.8914","3.8932","3.8939","3.8654","","-0.02%"
"11/18/2024","3.8921","3.8718","3.8960","3.8674","","0.53%"
"11/15/2024","3.8715","3.8684","3.8907","3.8627","","0.11%"
"11/14/2024","3.8674","3.8801","3.8869","3.8553","","-0.31%"
"11/13/2024","3.8795","3.9018","3.9132","3.8770","","-0.56%"
"11/12/2024","3.9015","3.9139","3.9169","3.8915","","-0.29%"
"11/11/2024","3.9129","3.9351","3.9406","3.9038","","-0.60%"
"11/08/2024","3.9365","3.9690","3.9691","3.9253","","-0.79%"
"11/07/2024","3.9680","3.9407","3.9762","3.9347","","0.71%"
"11/06/2024","3.9401","4.0150","4.0174","3.9235","","-1.85%"
"11/05/2024","4.0144","3.9953","4.0170","3.9931","","0.49%"
"11/04/2024","3.9948","3.9936","4.0092","3.9927","","0.41%"
"11/01/2024","3.9786","3.9976","4.0056","3.9785","","-0.46%"
"10/31/2024","3.9971","3.9876","3.9994","3.9829","","0.25%"
"10/30/2024","3.9872","3.9736","3.9931","3.9698","","0.35%"
"10/29/2024","3.9731","3.9715","3.9766","3.9555","","0.06%"
"10/28/2024","3.9709","3.9657","3.9771","3.9597","","0.18%"
"10/25/2024","3.9639","3.9769","3.9815","3.9644","","-0.31%"
"10/24/2024","3.9764","3.9605","3.9778","3.9554","","0.43%"
"10/23/2024","3.9595","3.9666","3.9695","3.9525","","-0.15%"
"10/22/2024","3.9654","3.9725","3.9811","3.9639","","-0.17%"
"10/21/2024","3.9720","3.9892","3.9935","3.9709","","-0.47%"
"10/18/2024","3.9906","3.9785","3.9924","3.9760","","0.32%"
"10/17/2024","3.9780","3.9897","3.9938","3.9709","","-0.27%"
"10/16/2024","3.9889","4.0002","4.0041","3.9866","","-0.26%"
"10/15/2024","3.9994","4.0072","4.0100","3.9968","","-0.18%"
"10/14/2024","4.0067","4.0156","4.0174","3.9994","","-0.25%"
"10/11/2024","4.0167","4.0166","4.0235","4.0131","","0.02%"
"10/10/2024","4.0159","4.0180","4.0241","4.0034","","-0.04%"
"10/09/2024","4.0175","4.0335","4.0336","4.0170","","-0.37%"
"10/08/2024","4.0325","4.0314","4.0395","4.0260","","0.05%"
"10/07/2024","4.0305","4.0314","4.0356","4.0238","","-0.02%"
"10/04/2024","4.0313","4.0521","4.0552","4.0224","","-0.48%"
"10/03/2024","4.0509","4.0570","4.0588","4.0430","","-0.14%"
"10/02/2024","4.0566","4.0651","4.0711","4.0524","","-0.21%"
"10/01/2024","4.0651","4.0897","4.0935","4.0568","","-0.59%"
"09/30/2024","4.0893","4.0986","4.1171","4.0820","","-0.26%"
"09/27/2024","4.0998","4.1051","4.1149","4.0861","","-0.12%"
"09/26/2024","4.1046","4.0891","4.1099","4.0864","","0.39%"
"09/25/2024","4.0886","4.1066","4.1189","4.0848","","-0.43%"
"09/24/2024","4.1061","4.0816","4.1069","4.0779","","0.61%"
"09/23/2024","4.0813","4.0999","4.1017","4.0707","","-0.44%"
"09/20/2024","4.0995","4.0995","4.1073","4.0901","","0.01%"
"09/19/2024","4.0991","4.0838","4.1062","4.0652","","0.39%"
"09/18/2024","4.0833","4.0820","4.1099","4.0755","","0.05%"
"09/17/2024","4.0814","4.0890","4.0943","4.0807","","-0.17%"
"09/16/2024","4.0884","4.0683","4.0908","4.0674","","0.50%"
"09/13/2024","4.0679","4.0676","4.0777","4.0662","","0.02%"
"09/12/2024","4.0671","4.0447","4.0677","4.0420","","0.57%"
"09/11/2024","4.0440","4.0475","4.0606","4.0409","","-0.07%"
"09/10/2024","4.0469","4.0531","4.0587","4.0457","","-0.14%"
"09/09/2024","4.0525","4.0703","4.0741","4.0524","","-0.44%"
"09/06/2024","4.0705","4.0809","4.0974","4.0641","","-0.24%"
"09/05/2024","4.0804","4.0701","4.0841","4.0675","","0.25%"
"09/04/2024","4.0701","4.0561","4.0753","4.0540","","0.35%"
"09/03/2024","4.0558","4.0667","4.0673","4.0497","","-0.25%"
"09/02/2024","4.0660","4.0575","4.0688","4.0556","","0.22%"
"08/30/2024","4.0571","4.0686","4.0753","4.0564","","-0.27%"
"08/29/2024","4.0681","4.0839","4.0917","4.0603","","-0.38%"
"08/28/2024","4.0837","4.1080","4.1087","4.0786","","-0.57%"
"08/27/2024","4.1071","4.0993","4.1104","4.0954","","0.20%"
"08/26/2024","4.0988","4.1105","4.1145","4.0954","","-0.26%"
"08/23/2024","4.1094","4.0814","4.1139","4.0788","","0.70%"
"08/22/2024","4.0809","4.0953","4.1010","4.0758","","-0.33%"
"08/21/2024","4.0944","4.0882","4.1039","4.0767","","0.17%"
"08/20/2024","4.0874","4.0718","4.0883","4.0665","","0.41%"
"08/19/2024","4.0709","4.0491","4.0720","4.0485","","0.51%"
"08/16/2024","4.0501","4.0301","4.0514","4.0295","","0.52%"
"08/15/2024","4.0290","4.0447","4.0465","4.0213","","-0.38%"
"08/14/2024","4.0443","4.0378","4.0578","4.0342","","0.19%"
"08/13/2024","4.0366","4.0152","4.0402","4.0085","","0.55%"
"08/12/2024","4.0144","4.0090","4.0181","4.0074","","0.13%"
"08/09/2024","4.0092","4.0104","4.0150","4.0069","","-0.02%"
"08/08/2024","4.0100","4.0117","4.0203","3.9969","","-0.02%"
"08/07/2024","4.0110","4.0151","4.0170","4.0055","","-0.08%"
"08/06/2024","4.0143","4.0231","4.0272","4.0047","","-0.20%"
"08/05/2024","4.0225","4.0118","4.0434","4.0005","","0.39%"
"08/02/2024","4.0070","3.9637","4.0133","3.9602","","1.11%"
"08/01/2024","3.9632","3.9766","3.9801","3.9582","","-0.31%"
"07/31/2024","3.9757","3.9725","3.9852","3.9674","","0.09%"
"07/30/2024","3.9720","3.9746","3.9804","3.9657","","-0.04%"
"07/29/2024","3.9737","3.9884","3.9927","3.9675","","-0.34%"
"07/26/2024","3.9872","3.9838","3.9922","3.9820","","0.11%"
"07/25/2024","3.9829","3.9817","3.9927","3.9769","","0.06%"
"07/24/2024","3.9807","3.9864","3.9918","3.9760","","-0.12%"
"07/23/2024","3.9854","4.0006","4.0027","3.9827","","-0.36%"
"07/22/2024","3.9997","3.9966","4.0048","3.9931","","0.12%"
"07/19/2024","3.9950","4.0021","4.0047","3.9943","","-0.16%"
"07/18/2024","4.0016","4.0175","4.0191","4.0008","","-0.38%"
"07/17/2024","4.0169","4.0033","4.0216","4.0015","","0.36%"
"07/16/2024","4.0024","4.0017","4.0061","3.9927","","0.03%"
"07/15/2024","4.0013","4.0064","4.0122","3.9971","","-0.11%"
"07/12/2024","4.0057","3.9916","4.0083","3.9890","","0.35%"
"07/11/2024","3.9917","3.9781","4.0040","3.9763","","0.36%"
"07/10/2024","3.9772","3.9718","3.9787","3.9704","","0.15%"
"07/09/2024","3.9711","3.9757","3.9796","3.9685","","-0.09%"
"07/08/2024","3.9748","3.9699","3.9839","3.9674","","-0.13%"
"07/05/2024","3.9800","3.9713","3.9829","3.9699","","0.23%"
"07/04/2024","3.9708","3.9622","3.9725","3.9604","","0.24%"
"07/03/2024","3.9612","3.9469","3.9734","3.9430","","0.38%"
"07/02/2024","3.9462","3.9448","3.9481","3.9332","","0.07%"
"07/01/2024","3.9436","3.9409","3.9587","3.9370","","0.22%"
"06/28/2024","3.9348","3.9313","3.9397","3.9239","","0.10%"
"06/27/2024","3.9307","3.9230","3.9402","3.9215","","0.22%"
"06/26/2024","3.9220","3.9350","3.9369","3.9176","","-0.31%"
"06/25/2024","3.9342","3.9426","3.9466","3.9266","","-0.18%"
"06/24/2024","3.9414","3.9256","3.9474","3.9238","","0.37%"
"06/21/2024","3.9267","3.9309","3.9381","3.9190","","-0.09%"
"06/20/2024","3.9301","3.9462","3.9486","3.9304","","-0.39%"
"06/19/2024","3.9455","3.9448","3.9501","3.9390","","0.05%"
"06/18/2024","3.9436","3.9428","3.9530","3.9334","","0.04%"
"06/17/2024","3.9422","3.9307","3.9443","3.9251","","0.31%"
"06/14/2024","3.9300","3.9437","3.9471","3.9179","","-0.33%"
"06/13/2024","3.9429","3.9699","3.9734","3.9420","","-0.67%"
"06/12/2024","3.9693","3.9448","3.9866","3.9426","","0.65%"
"06/11/2024","3.9438","3.9540","3.9576","3.9370","","-0.23%"
"06/10/2024","3.9530","3.9657","3.9659","3.9418","","-0.35%"
"06/07/2024","3.9667","3.9999","4.0048","3.9662","","-0.80%"
"06/06/2024","3.9985","3.9922","4.0046","3.9895","","0.18%"
"06/05/2024","3.9913","3.9963","4.0007","3.9864","","-0.09%"
"06/04/2024","3.9948","4.0047","4.0097","3.9884","","-0.22%"
"06/03/2024","4.0037","3.9855","4.0055","3.9765","","0.55%"
"05/31/2024","3.9818","3.9787","3.9976","3.9707","","0.12%"
"05/30/2024","3.9772","3.9674","3.9834","3.9622","","0.28%"
"05/29/2024","3.9662","3.9878","3.9896","3.9666","","-0.52%"
"05/28/2024","3.9869","3.9886","4.0001","3.9862","","-0.02%"
"05/27/2024","3.9877","3.9864","3.9917","3.9816","","0.12%"
"05/24/2024","3.9829","3.9723","3.9882","3.9686","","0.29%"
"05/23/2024","3.9712","3.9753","3.9897","3.9686","","-0.07%"
"05/22/2024","3.9741","3.9866","3.9905","3.9731","","-0.28%"
"05/21/2024","3.9853","3.9878","3.9948","3.9825","","-0.04%"
"05/20/2024","3.9869","3.9910","3.9983","3.9864","","-0.14%"
"05/17/2024","3.9924","3.9914","3.9962","3.9797","","0.05%"
"05/16/2024","3.9906","3.9976","4.0019","3.9865","","-0.14%"
"05/15/2024","3.9962","3.9738","3.9984","3.9714","","0.58%"
"05/14/2024","3.9732","3.9629","3.9766","3.9544","","0.28%"
"05/13/2024","3.9623","3.9571","3.9695","3.9541","","0.19%"
"05/10/2024","3.9548","3.9600","3.9636","3.9521","","-0.11%"
"05/09/2024","3.9591","3.9478","3.9613","3.9386","","0.31%"
"05/08/2024","3.9468","3.9503","3.9513","3.9427","","-0.07%"
"05/07/2024","3.9494","3.9557","3.9627","3.9472","","-0.13%"
"05/06/2024","3.9544","3.9529","3.9638","3.9500","","0.09%"
"05/03/2024","3.9507","3.9400","3.9715","3.9383","","0.29%"
"05/02/2024","3.9391","3.9341","3.9416","3.9206","","0.14%"
"05/01/2024","3.9336","3.9173","3.9425","3.9109","","0.44%"
"04/30/2024","3.9162","3.9378","3.9432","3.9168","","-0.53%"
"04/29/2024","3.9369","3.9279","3.9430","3.9260","","0.26%"
"04/26/2024","3.9265","3.9418","3.9499","3.9200","","-0.36%"
"04/25/2024","3.9405","3.9292","3.9448","3.9219","","0.32%"
"04/24/2024","3.9279","3.9300","3.9354","3.9218","","-0.02%"
"04/23/2024","3.9288","3.9132","3.9345","3.9067","","0.44%"
"04/22/2024","3.9115","3.9135","3.9193","3.9012","","-0.02%"
"04/19/2024","3.9124","3.9092","3.9219","3.8967","","0.11%"
"04/18/2024","3.9082","3.9197","3.9264","3.9078","","-0.26%"
"04/17/2024","3.9184","3.9000","3.9223","3.8948","","0.50%"
"04/16/2024","3.8989","3.9016","3.9129","3.8930","","-0.04%"
"04/15/2024","3.9003","3.9084","3.9172","3.8999","","-0.19%"
"04/12/2024","3.9077","3.9392","3.9410","3.9009","","-0.77%"
"04/11/2024","3.9382","3.9457","3.9509","3.9286","","-0.14%"
"04/10/2024","3.9437","3.9871","3.9912","3.9396","","-1.07%"
"04/09/2024","3.9863","3.9878","3.9980","3.9833","","-0.02%"
"04/08/2024","3.9869","3.9797","3.9899","3.9733","","0.20%"
"04/05/2024","3.9789","3.9795","3.9839","3.9628","","0.00%"
"04/04/2024","3.9789","3.9785","3.9946","3.9778","","0.00%"
"04/03/2024","3.9789","3.9550","3.9805","3.9528","","0.63%"
"04/02/2024","3.9540","3.9453","3.9592","3.9385","","0.23%"
"04/01/2024","3.9450","3.9616","3.9660","3.9404","","-0.44%"
"03/29/2024","3.9626","3.9623","3.9683","3.9540","","0.04%"
"03/28/2024","3.9611","3.9769","3.9772","3.9565","","-0.37%"
"03/27/2024","3.9757","3.9776","3.9807","3.9693","","-0.02%"
"03/26/2024","3.9763","3.9798","3.9899","3.9746","","-0.07%"
"03/25/2024","3.9791","3.9686","3.9825","3.9666","","0.29%"
"03/22/2024","3.9677","3.9884","3.9918","3.9663","","-0.50%"
"03/21/2024","3.9877","4.0102","4.0191","3.9864","","-0.57%"
"03/20/2024","4.0104","3.9904","4.0121","3.9795","","0.51%"
"03/19/2024","3.9901","3.9930","3.9952","3.9785","","-0.05%"
"03/18/2024","3.9919","3.9992","4.0054","3.9906","","-0.14%"
"03/15/2024","3.9976","3.9966","4.0033","3.9928","","0.05%"
"03/14/2024","3.9957","4.0208","4.0241","3.9955","","-0.60%"
"03/13/2024","4.0199","4.0134","4.0272","4.0106","","0.20%"
"03/12/2024","4.0117","4.0132","4.0198","4.0040","","-0.01%"
"03/11/2024","4.0122","4.0198","4.0214","4.0086","","-0.12%"
"03/08/2024","4.0169","4.0210","4.0333","4.0104","","-0.08%"
"03/07/2024","4.0202","4.0024","4.0220","3.9914","","0.46%"
"03/06/2024","4.0019","3.9884","4.0094","3.9820","","0.39%"
"03/05/2024","3.9864","3.9874","3.9950","3.9815","","0.00%"
"03/04/2024","3.9865","3.9824","3.9918","3.9804","","0.16%"
"03/01/2024","3.9802","3.9680","3.9832","3.9656","","0.33%"
"02/29/2024","3.9673","3.9808","3.9879","3.9646","","-0.31%"
"02/28/2024","3.9798","3.9829","3.9844","3.9653","","-0.08%"
"02/27/2024","3.9828","3.9855","3.9914","3.9785","","-0.05%"
"02/26/2024","3.9846","3.9741","3.9893","3.9715","","0.29%"
"02/23/2024","3.9732","3.9755","3.9816","3.9709","","-0.04%"
"02/22/2024","3.9746","3.9739","3.9997","3.9676","","0.05%"
"02/21/2024","3.9727","3.9694","3.9761","3.9629","","0.13%"
"02/20/2024","3.9677","3.9590","3.9815","3.9525","","0.24%"
"02/19/2024","3.9581","3.9579","3.9632","3.9523","","0.03%"
"02/16/2024","3.9570","3.9558","3.9622","3.9416","","0.03%"
"02/15/2024","3.9558","3.9399","3.9615","3.9388","","0.42%"
"02/14/2024","3.9394","3.9335","3.9430","3.9279","","0.19%"
"02/13/2024","3.9320","3.9562","3.9653","3.9300","","-0.59%"
"02/12/2024","3.9552","3.9608","3.9692","3.9503","","-0.11%"
"02/09/2024","3.9596","3.9589","3.9653","3.9523","","0.06%"
"02/08/2024","3.9573","3.9565","3.9630","3.9448","","0.05%"
"02/07/2024","3.9555","3.9502","3.9612","3.9493","","0.16%"
"02/06/2024","3.9493","3.9458","3.9533","3.9383","","0.12%"
"02/05/2024","3.9445","3.9609","3.9622","3.9381","","-0.40%"
"02/02/2024","3.9605","3.9932","4.0030","3.9594","","-0.79%"
"02/01/2024","3.9919","3.9721","3.9946","3.9588","","0.49%"
"01/31/2024","3.9723","3.9833","3.9995","3.9649","","-0.25%"
"01/30/2024","3.9824","3.9787","3.9882","3.9708","","0.11%"
"01/29/2024","3.9782","3.9843","3.9866","3.9651","","-0.18%"
"01/26/2024","3.9855","3.9825","3.9982","3.9713","","0.06%"
"01/25/2024","3.9831","3.9980","4.0045","3.9746","","-0.34%"
"01/24/2024","3.9967","3.9868","4.0156","3.9834","","0.32%"
"01/23/2024","3.9838","3.9972","4.0095","3.9744","","-0.30%"
"01/22/2024","3.9959","4.0005","4.0075","3.9959","","-0.15%"
"01/19/2024","4.0021","3.9945","4.0030","3.9908","","0.22%"
"01/18/2024","3.9934","3.9968","4.0064","3.9836","","-0.06%"
"01/17/2024","3.9958","3.9938","3.9983","3.9829","","0.06%"
"01/16/2024","3.9933","4.0218","4.0226","3.9892","","-0.68%"
"01/15/2024","4.0208","4.0223","4.0286","4.0152","","-0.01%"
"01/12/2024","4.0212","4.0305","4.0356","4.0160","","-0.18%"
"01/11/2024","4.0286","4.0303","4.0370","4.0141","","-0.01%"
"01/10/2024","4.0290","4.0149","4.0305","4.0114","","0.39%"
"01/09/2024","4.0133","4.0224","4.0279","4.0069","","-0.18%"
"01/08/2024","4.0207","4.0188","4.0328","4.0115","","0.07%"
"01/05/2024","4.0179","4.0205","4.0399","3.9946","","-0.01%"
"01/04/2024","4.0185","4.0112","4.0301","4.0090","","0.20%"
"01/03/2024","4.0104","4.0213","4.0277","4.0005","","-0.17%"
"01/02/2024","4.0174","4.0566","4.0570","4.0170","","-0.94%"
"01/01/2024","4.0557","4.0537","4.0575","4.0532","","0.07%"
"12/29/2023","4.0528","4.0625","4.0715","4.0521","","-0.21%"
"12/28/2023","4.0612","4.0793","4.0919","4.0601","","-0.39%"
"12/27/2023","4.0772","4.0557","4.0856","4.0501","","0.55%"
"12/26/2023","4.0548","4.0435","4.0567","4.0428","","0.32%"
"12/25/2023","4.0419","4.0444","4.0477","4.0376","","-0.03%"
"12/22/2023","4.0431","4.0437","4.0549","4.0371","","0.02%"
"12/21/2023","4.0424","4.0182","4.0449","4.0159","","0.64%"
"12/20/2023","4.0165","4.0327","4.0345","4.0140","","-0.38%"
"12/19/2023","4.0320","4.0120","4.0359","4.0083","","0.52%"
"12/18/2023","4.0111","4.0015","4.0150","4.0000","","0.27%"
"12/15/2023","4.0004","4.0377","4.0417","3.9990","","-0.88%"
"12/14/2023","4.0360","3.9933","4.0435","3.9925","","1.08%"
"12/13/2023","3.9928","3.9636","4.0019","3.9557","","0.76%"
"12/12/2023","3.9627","3.9524","3.9769","3.9509","","0.27%"
"12/11/2023","3.9519","3.9526","3.9585","3.9443","","0.02%"
"12/08/2023","3.9512","3.9643","3.9669","3.9377","","-0.29%"
"12/07/2023","3.9626","3.9547","3.9727","3.9497","","0.28%"
"12/06/2023","3.9517","3.9648","3.9681","3.9509","","-0.31%"
"12/05/2023","3.9639","3.9794","3.9840","3.9580","","-0.38%"
"12/04/2023","3.9789","3.9964","4.0010","3.9677","","-0.42%"
"12/01/2023","3.9958","3.9986","4.0083","3.9763","","-0.03%"
"11/30/2023","3.9970","4.0291","4.0342","3.9951","","-0.75%"
"11/29/2023","4.0274","4.0375","4.0464","4.0244","","-0.22%"
"11/28/2023","4.0362","4.0233","4.0439","4.0153","","0.34%"
"11/27/2023","4.0224","4.0185","4.0251","4.0119","","0.13%"
"11/24/2023","4.0173","4.0049","4.0212","4.0012","","0.32%"
"11/23/2023","4.0044","3.9987","4.0147","3.9971","","0.16%"
"11/22/2023","3.9981","4.0075","4.0122","3.9851","","-0.20%"
"11/21/2023","4.0062","4.0181","4.0279","4.0033","","-0.28%"
"11/20/2023","4.0173","4.0068","4.0228","4.0023","","0.28%"
"11/17/2023","4.0059","3.9859","4.0098","3.9757","","0.52%"
"11/16/2023","3.9850","3.9840","4.0024","3.9776","","0.04%"
"11/15/2023","3.9835","3.9958","3.9985","3.9778","","-0.30%"
"11/14/2023","3.9956","3.9297","3.9993","3.9271","","1.71%"
"11/13/2023","3.9284","3.9239","3.9327","3.9167","","0.14%"
"11/10/2023","3.9229","3.9181","3.9278","3.9136","","0.14%"
"11/09/2023","3.9174","3.9327","3.9399","3.9151","","-0.39%"
"11/08/2023","3.9326","3.9298","3.9365","3.9147","","0.08%"
"11/07/2023","3.9296","3.9364","3.9389","3.9167","","-0.17%"
"11/06/2023","3.9361","3.9416","3.9513","3.9360","","-0.12%"
"11/03/2023","3.9407","3.9019","3.9476","3.8988","","1.03%"
"11/02/2023","3.9006","3.8823","3.9186","3.8808","","0.50%"
"11/01/2023","3.8812","3.8839","3.8865","3.8627","","-0.08%"
"10/31/2023","3.8845","3.8988","3.9212","3.8770","","-0.35%"
"10/30/2023","3.8980","3.8809","3.9032","3.8737","","0.47%"
"10/27/2023","3.8797","3.8781","3.8926","3.8693","","0.04%"
"10/26/2023","3.8783","3.8823","3.8841","3.8647","","-0.03%"
"10/25/2023","3.8796","3.8898","3.8960","3.8802","","-0.22%"
"10/24/2023","3.8883","3.9186","3.9281","3.8867","","-0.75%"
"10/23/2023","3.9177","3.8911","3.9221","3.8826","","0.69%"
"10/20/2023","3.8907","3.8865","3.8951","3.8802","","0.12%"
"10/19/2023","3.8860","3.8702","3.8999","3.8665","","0.44%"
"10/18/2023","3.8689","3.8849","3.8914","3.8649","","-0.39%"
"10/17/2023","3.8839","3.8786","3.8918","3.8683","","0.17%"
"10/16/2023","3.8775","3.8591","3.8800","3.8591","","0.47%"
"10/13/2023","3.8595","3.8670","3.8786","3.8549","","-0.17%"
"10/12/2023","3.8659","3.9014","3.9084","3.8660","","-0.85%"
"10/11/2023","3.8992","3.8953","3.9065","3.8860","","0.13%"
"10/10/2023","3.8941","3.8814","3.9011","3.8763","","0.36%"
"10/09/2023","3.8801","3.8797","3.8843","3.8637","","-0.20%"
"10/06/2023","3.8878","3.8749","3.8939","3.8500","","0.37%"
"10/05/2023","3.8736","3.8600","3.8758","3.8564","","0.42%"
"10/04/2023","3.8575","3.8456","3.8691","3.8386","","0.36%"
"10/03/2023","3.8437","3.8486","3.8546","3.8373","","-0.10%"
"10/02/2023","3.8474","3.8816","3.8909","3.8480","","-0.89%"
"09/29/2023","3.8819","3.8809","3.8999","3.8777","","0.10%"
"09/28/2023","3.8779","3.8577","3.8858","3.8531","","0.56%"
"09/27/2023","3.8562","3.8830","3.8843","3.8521","","-0.66%"
"09/26/2023","3.8819","3.8909","3.8974","3.8793","","-0.19%"
"09/25/2023","3.8893","3.9131","3.9142","3.8837","","-0.58%"
"09/22/2023","3.9121","3.9153","3.9199","3.8984","","-0.06%"
"09/21/2023","3.9144","3.9155","3.9209","3.8995","","-0.01%"
"09/20/2023","3.9146","3.9222","3.9441","3.9116","","-0.16%"
"09/19/2023","3.9210","3.9271","3.9370","3.9204","","-0.13%"
"09/18/2023","3.9262","3.9166","3.9300","3.9132","","0.33%"
"09/15/2023","3.9132","3.9091","3.9262","3.9053","","0.13%"
"09/14/2023","3.9080","3.9407","3.9497","3.9048","","-0.80%"
"09/13/2023","3.9396","3.9499","3.9539","3.9343","","-0.24%"
"09/12/2023","3.9489","3.9488","3.9556","3.9318","","0.05%"
"09/11/2023","3.9471","3.9304","3.9525","3.9302","","0.45%"
"09/08/2023","3.9293","3.9288","3.9465","3.9276","","-0.01%"
"09/07/2023","3.9295","3.9402","3.9422","3.9248","","-0.26%"
"09/06/2023","3.9396","3.9407","3.9481","3.9309","","0.01%"
"09/05/2023","3.9394","3.9653","3.9668","3.9323","","-0.60%"
"09/04/2023","3.9631","3.9587","3.9706","3.9565","","0.17%"
"09/01/2023","3.9565","3.9827","3.9973","3.9561","","-0.63%"
"08/31/2023","3.9815","4.0132","4.0186","3.9794","","-0.77%"
"08/30/2023","4.0122","3.9959","4.0208","3.9867","","0.44%"
"08/29/2023","3.9947","3.9739","4.0006","3.9601","","0.55%"
"08/28/2023","3.9727","3.9673","3.9752","3.9643","","0.15%"
"08/25/2023","3.9666","3.9705","3.9825","3.9541","","-0.08%"
"08/24/2023","3.9697","3.9892","3.9954","3.9685","","-0.46%"
"08/23/2023","3.9879","3.9843","3.9936","3.9675","","0.14%"
"08/22/2023","3.9824","4.0010","4.0153","3.9787","","-0.43%"
"08/21/2023","3.9996","3.9954","4.0088","3.9920","","0.22%"
"08/18/2023","3.9908","3.9936","4.0016","3.9832","","-0.04%"
"08/17/2023","3.9925","3.9948","4.0106","3.9873","","-0.07%"
"08/16/2023","3.9954","4.0054","4.0168","3.9930","","-0.23%"
"08/15/2023","4.0046","4.0059","4.0233","4.0024","","0.00%"
"08/14/2023","4.0046","4.0231","4.0261","3.9941","","-0.37%"
"08/11/2023","4.0193","4.0333","4.0422","4.0191","","-0.32%"
"08/10/2023","4.0321","4.0310","4.0645","4.0279","","0.06%"
"08/09/2023","4.0297","4.0241","4.0389","4.0223","","0.17%"
"08/08/2023","4.0230","4.0412","4.0450","4.0141","","-0.46%"
"08/07/2023","4.0415","4.0444","4.0473","4.0273","","-0.04%"
"08/04/2023","4.0433","4.0205","4.0561","4.0160","","0.59%"
"08/03/2023","4.0195","4.0175","4.0268","4.0079","","0.08%"
"08/02/2023","4.0164","4.0339","4.0479","4.0099","","-0.41%"
"08/01/2023","4.0330","4.0386","4.0419","4.0226","","-0.13%"
"07/31/2023","4.0384","4.0462","4.0579","4.0375","","-0.16%"
"07/28/2023","4.0450","4.0321","4.0580","4.0192","","0.38%"
"07/27/2023","4.0297","4.0700","4.0957","4.0274","","-1.00%"
"07/26/2023","4.0706","4.0605","4.0799","4.0540","","0.28%"
"07/25/2023","4.0591","4.0642","4.0723","4.0479","","-0.09%"
"07/24/2023","4.0629","4.0863","4.0947","4.0623","","-0.52%"
"07/21/2023","4.0841","4.0893","4.0940","4.0798","","-0.07%"
"07/20/2023","4.0869","4.1137","4.1247","4.0835","","-0.62%"
"07/19/2023","4.1124","4.1237","4.1290","4.1043","","-0.26%"
"07/18/2023","4.1231","4.1271","4.1420","4.1167","","-0.09%"
"07/17/2023","4.1269","4.1245","4.1319","4.1147","","0.09%"
"07/14/2023","4.1232","4.1234","4.1307","4.1151","","0.03%"
"07/13/2023","4.1221","4.0885","4.1244","4.0872","","0.86%"
"07/12/2023","4.0869","4.0433","4.0922","4.0416","","1.12%"
"07/11/2023","4.0418","4.0406","4.0501","4.0314","","0.06%"
"07/10/2023","4.0395","4.0290","4.0413","4.0192","","0.30%"
"07/07/2023","4.0275","3.9989","4.0309","3.9914","","0.74%"
"07/06/2023","3.9981","3.9864","4.0035","3.9790","","0.32%"
"07/05/2023","3.9855","3.9958","4.0068","3.9855","","-0.22%"
"07/04/2023","3.9944","4.0081","4.0098","3.9947","","-0.31%"
"07/03/2023","4.0068","4.0079","4.0163","3.9922","","0.00%"
"06/30/2023","4.0068","3.9905","4.0157","3.9794","","0.42%"
"06/29/2023","3.9900","4.0085","4.0192","3.9887","","-0.43%"
"06/28/2023","4.0072","4.0258","4.0269","4.0023","","-0.43%"
"06/27/2023","4.0246","4.0057","4.0321","4.0044","","0.50%"
"06/26/2023","4.0046","4.0022","4.0115","3.9985","","0.14%"
"06/23/2023","3.9989","4.0247","4.0255","3.9827","","-0.61%"
"06/22/2023","4.0235","4.0353","4.0448","4.0209","","-0.27%"
"06/21/2023","4.0344","4.0103","4.0373","4.0055","","0.64%"
"06/20/2023","4.0086","4.0119","4.0209","4.0003","","-0.06%"
"06/19/2023","4.0110","4.0164","4.0207","4.0058","","-0.14%"
"06/16/2023","4.0165","4.0201","4.0298","4.0097","","-0.06%"
"06/15/2023","4.0189","3.9778","4.0233","3.9676","","1.04%"
"06/14/2023","3.9776","3.9641","3.9906","3.9570","","0.37%"
"06/13/2023","3.9629","3.9511","3.9758","3.9498","","0.32%"
"06/12/2023","3.9504","3.9481","3.9634","3.9420","","0.09%"
"06/09/2023","3.9469","3.9602","3.9618","3.9455","","-0.32%"
"06/08/2023","3.9596","3.9297","3.9624","3.9283","","0.79%"
"06/07/2023","3.9286","3.9272","3.9450","3.9181","","0.04%"
"06/06/2023","3.9269","3.9351","3.9425","3.9177","","-0.18%"
"06/05/2023","3.9339","3.9325","3.9387","3.9203","","0.06%"
"06/02/2023","3.9317","3.9532","3.9592","3.9318","","-0.50%"
"06/01/2023","3.9515","3.9265","3.9553","3.9157","","0.67%"
"05/31/2023","3.9251","3.9429","3.9436","3.9058","","-0.42%"
"05/30/2023","3.9415","3.9321","3.9474","3.9196","","0.27%"
"05/29/2023","3.9309","3.9388","3.9458","3.9311","","-0.17%"
"05/26/2023","3.9375","3.9369","3.9509","3.9297","","0.05%"
"05/25/2023","3.9357","3.9476","3.9504","3.9318","","-0.27%"
"05/24/2023","3.9463","3.9557","3.9667","3.9467","","-0.20%"
"05/23/2023","3.9544","3.9708","3.9739","3.9511","","-0.38%"
"05/22/2023","3.9694","3.9712","3.9778","3.9641","","0.08%"
"05/19/2023","3.9663","3.9550","3.9769","3.9507","","0.31%"
"05/18/2023","3.9539","3.9806","3.9836","3.9513","","-0.65%"
"05/17/2023","3.9796","3.9887","3.9932","3.9690","","-0.21%"
"05/16/2023","3.9878","3.9931","4.0046","3.9860","","-0.11%"
"05/15/2023","3.9922","3.9864","3.9994","3.9822","","0.23%"
"05/12/2023","3.9832","4.0079","4.0160","3.9831","","-0.62%"
"05/11/2023","4.0079","4.0325","4.0389","4.0023","","-0.59%"
"05/10/2023","4.0316","4.0253","4.0420","4.0176","","0.18%"
"05/09/2023","4.0242","4.0416","4.0420","4.0174","","-0.40%"
"05/08/2023","4.0404","4.0463","4.0596","4.0391","","-0.13%"
"05/05/2023","4.0458","4.0441","4.0572","4.0271","","0.06%"
"05/04/2023","4.0432","4.0616","4.0738","4.0342","","-0.43%"
"05/03/2023","4.0606","4.0393","4.0735","4.0392","","0.53%"
"05/02/2023","4.0390","4.0311","4.0429","4.0178","","0.23%"
"05/01/2023","4.0298","4.0473","4.0532","4.0261","","-0.41%"
"04/28/2023","4.0463","4.0503","4.0562","4.0254","","-0.07%"
"04/27/2023","4.0490","4.0550","4.0630","4.0363","","-0.12%"
"04/26/2023","4.0537","4.0294","4.0747","4.0275","","0.62%"
"04/25/2023","4.0288","4.0563","4.0643","4.0262","","-0.62%"
"04/24/2023","4.0539","4.0368","4.0581","4.0264","","0.47%"
"04/21/2023","4.0348","4.0285","4.0377","4.0167","","0.19%"
"04/20/2023","4.0270","4.0230","4.0359","4.0150","","0.12%"
"04/19/2023","4.0222","4.0293","4.0339","4.0091","","-0.15%"
"04/18/2023","4.0281","4.0125","4.0333","4.0107","","0.41%"
"04/17/2023","4.0118","4.0359","4.0398","4.0059","","-0.66%"
"04/14/2023","4.0386","4.0554","4.0678","4.0290","","-0.38%"
"04/13/2023","4.0541","4.0363","4.0649","4.0310","","0.47%"
"04/12/2023","4.0352","4.0071","4.0402","4.0068","","0.72%"
"04/11/2023","4.0065","3.9894","4.0135","3.9871","","0.48%"
"04/10/2023","3.9875","4.0027","4.0099","3.9776","","-0.35%"
"04/07/2023","4.0016","4.0113","4.0126","3.9945","","-0.22%"
"04/06/2023","4.0106","4.0050","4.0173","3.9975","","0.13%"
"04/05/2023","4.0052","4.0223","4.0294","3.9996","","-0.41%"
"04/04/2023","4.0218","4.0019","4.0303","3.9968","","0.54%"
"04/03/2023","4.0003","3.9837","4.0094","3.9619","","0.50%"
"03/31/2023","3.9805","4.0054","4.0132","3.9799","","-0.57%"
"03/30/2023","4.0033","3.9828","4.0134","3.9748","","0.55%"
"03/29/2023","3.9815","3.9829","3.9926","3.9725","","-0.01%"
"03/28/2023","3.9817","3.9652","3.9846","3.9643","","0.44%"
"03/27/2023","3.9643","3.9518","3.9665","3.9457","","0.34%"
"03/24/2023","3.9509","3.9769","3.9812","3.9344","","-0.66%"
"03/23/2023","3.9770","3.9871","4.0147","3.9754","","-0.23%"
"03/22/2023","3.9862","3.9547","4.0079","3.9509","","0.81%"
"03/21/2023","3.9543","3.9381","3.9625","3.9312","","0.44%"
"03/20/2023","3.9369","3.9181","3.9414","3.9044","","0.51%"
"03/17/2023","3.9170","3.8956","3.9249","3.8949","","0.58%"
"03/16/2023","3.8943","3.8848","3.9065","3.8748","","0.27%"
"03/15/2023","3.8837","3.9420","3.9522","3.8621","","-1.46%"
"03/14/2023","3.9414","3.9412","3.9485","3.9220","","0.04%"
"03/13/2023","3.9399","3.9091","3.9481","3.9091","","0.80%"
"03/10/2023","3.9086","3.8869","3.9304","3.8830","","0.59%"
"03/09/2023","3.8857","3.8733","3.8904","3.8705","","0.34%"
"03/08/2023","3.8725","3.8749","3.8838","3.8656","","-0.03%"
"03/07/2023","3.8736","3.9230","3.9284","3.8734","","-1.23%"
"03/06/2023","3.9217","3.9058","3.9284","3.8988","","0.43%"
"03/03/2023","3.9048","3.8928","3.9080","3.8884","","0.34%"
"03/02/2023","3.8916","3.9183","3.9205","3.8842","","-0.67%"
"03/01/2023","3.9177","3.8846","3.9274","3.8806","","0.86%"
"02/28/2023","3.8842","3.8953","3.9104","3.8837","","-0.29%"
"02/27/2023","3.8956","3.8720","3.9011","3.8687","","0.58%"
"02/24/2023","3.8731","3.8923","3.8992","3.8693","","-0.47%"
"02/23/2023","3.8912","3.8948","3.9039","3.8846","","-0.06%"
"02/22/2023","3.8934","3.9104","3.9173","3.8930","","-0.42%"
"02/21/2023","3.9100","3.9251","3.9297","3.9071","","-0.34%"
"02/20/2023","3.9232","3.9280","3.9323","3.9189","","-0.11%"
"02/17/2023","3.9277","3.9207","3.9299","3.8979","","0.25%"
"02/16/2023","3.9180","3.9265","3.9388","3.9132","","-0.20%"
"02/15/2023","3.9257","3.9442","3.9469","3.9155","","-0.43%"
"02/14/2023","3.9426","3.9383","3.9688","3.9325","","0.13%"
"02/13/2023","3.9375","3.9223","3.9414","3.9137","","0.42%"
"02/10/2023","3.9212","3.9441","3.9501","3.9173","","-0.55%"
"02/09/2023","3.9430","3.9343","3.9644","3.9335","","0.25%"
"02/08/2023","3.9331","3.9398","3.9527","3.9335","","-0.16%"
"02/07/2023","3.9393","3.9401","3.9550","3.9179","","-0.04%"
"02/06/2023","3.9408","3.9633","3.9667","3.9332","","-0.58%"
"02/03/2023","3.9639","4.0070","4.0188","3.9638","","-1.07%"
"02/02/2023","4.0068","4.0367","4.0531","3.9980","","-0.72%"
"02/01/2023","4.0359","3.9904","4.0410","3.9859","","1.17%"
"01/31/2023","3.9893","3.9853","3.9947","3.9673","","0.17%"
"01/30/2023","3.9827","3.9941","4.0092","3.9811","","-0.20%"
"01/27/2023","3.9908","4.0008","4.0042","3.9801","","-0.21%"
"01/26/2023","3.9992","4.0100","4.0147","3.9849","","-0.24%"
"01/25/2023","4.0088","3.9987","4.0128","3.9873","89.17K","0.33%"
"01/24/2023","3.9955","3.9934","4.0031","3.9794","85.99K","0.10%"
"01/23/2023","3.9915","3.9890","4.0138","3.9836","88.13K","0.13%"
"01/20/2023","3.9863","3.9790","3.9891","3.9673","94.88K","0.25%"
"01/19/2023","3.9764","3.9632","3.9818","3.9602","118.87K","0.32%"
"01/18/2023","3.9636","3.9630","3.9994","3.9543","128.55K","0.05%"
"01/17/2023","3.9618","3.9750","3.9929","3.9572","130.20K","-0.26%"
"01/16/2023","3.9723","3.9778","3.9942","3.9669","86.48K","-0.12%"
"01/13/2023","3.9769","3.9845","3.9920","3.9594","119.35K","-0.18%"
"01/12/2023","3.9839","3.9509","3.9917","3.9411","117.62K","0.87%"
"01/11/2023","3.9497","3.9433","3.9585","3.9392","109.07K","0.20%"
"01/10/2023","3.9420","3.9393","3.9521","3.9341","116.40K","0.05%"
"01/09/2023","3.9400","3.9100","3.9525","3.9065","109.89K","0.80%"
"01/06/2023","3.9088","3.8649","3.9110","3.8503","115.88K","1.17%"
"01/05/2023","3.8636","3.8949","3.9053","3.8618","102.85K","-0.75%"
"01/04/2023","3.8926","3.8742","3.9065","3.8712","107.54K","0.47%"
"01/03/2023","3.8744","3.9163","3.9241","3.8632","110.43K","-1.04%"
"01/02/2023","3.9152","3.9312","3.9328","3.9113","21.20K","-0.37%"
"12/30/2022","3.9299","3.9161","3.9348","3.9069","79.87K","0.39%"
"12/29/2022","3.9148","3.8967","3.9264","3.8963","68.07K","0.48%"
"12/28/2022","3.8961","3.9078","3.9206","3.8953","67.90K","-0.27%"
"12/27/2022","3.9068","3.9072","3.9191","3.8970","73.10K","0.03%"
"12/26/2022","3.9058","3.8988","3.9074","3.8943","17.57K","0.20%"
"12/23/2022","3.8979","3.8916","3.9053","3.8883","101.24K","0.19%"
"12/22/2022","3.8906","3.8960","3.9147","3.8827","103.68K","-0.09%"
"12/21/2022","3.8941","3.9025","3.9099","3.8886","91.10K","-0.16%"
"12/20/2022","3.9005","3.8955","3.9151","3.8851","133.31K","0.15%"
"12/19/2022","3.8946","3.8872","3.9146","3.8843","91.98K","0.22%"
"12/16/2022","3.8861","3.9026","3.9166","3.8870","97.54K","-0.41%"
"12/15/2022","3.9021","3.9239","3.9432","3.8897","100.25K","-0.54%"
"12/14/2022","3.9232","3.9056","3.9288","3.9000","95.41K","0.49%"
"12/13/2022","3.9041","3.8693","3.9206","3.8665","93.60K","0.90%"
"12/12/2022","3.8692","3.8670","3.8863","3.8587","89.58K","0.05%"
"12/09/2022","3.8672","3.8784","3.8895","3.8588","99.34K","-0.25%"
"12/08/2022","3.8769","3.8596","3.8807","3.8523","107.27K","0.48%"
"12/07/2022","3.8582","3.8456","3.8752","3.8356","119.30K","0.35%"
"12/06/2022","3.8449","3.8528","3.8691","3.8415","102.11K","-0.21%"
"12/05/2022","3.8530","3.8714","3.8920","3.8493","107.80K","-0.45%"
"12/02/2022","3.8703","3.8654","3.8735","3.8300","99.34K","0.15%"
"12/01/2022","3.8644","3.8226","3.8696","3.8172","125.79K","1.13%"
"11/30/2022","3.8214","3.7939","3.8308","3.7794","109.52K","0.75%"
"11/29/2022","3.7928","3.7980","3.8184","3.7905","92.14K","-0.10%"
"11/28/2022","3.7965","3.8135","3.8560","3.7943","95.32K","-0.56%"
"11/25/2022","3.8177","3.8233","3.8310","3.8031","88.54K","-0.13%"
"11/24/2022","3.8225","3.8193","3.8382","3.8131","86.05K","0.12%"
"11/23/2022","3.8178","3.7850","3.8221","3.7819","93.77K","0.90%"
"11/22/2022","3.7836","3.7624","3.7864","3.7610","100.44K","0.60%"
"11/21/2022","3.7612","3.7923","3.7959","3.7548","102.16K","-0.80%"
"11/18/2022","3.7917","3.8061","3.8187","3.7878","115.36K","-0.35%"
"11/17/2022","3.8049","3.8182","3.8228","3.7848","119.39K","-0.31%"
"11/16/2022","3.8167","3.7994","3.8345","3.7945","123.54K","0.44%"
"11/15/2022","3.8001","3.7925","3.8498","3.7757","124.90K","0.21%"
"11/14/2022","3.7921","3.8077","3.8082","3.7726","123.75K","-0.26%"
"11/11/2022","3.8019","3.7499","3.8072","3.7329","117.66K","1.41%"
"11/10/2022","3.7491","3.6776","3.7548","3.6490","145.73K","1.96%"
"11/09/2022","3.6771","3.7002","3.7058","3.6704","136.93K","-0.59%"
"11/08/2022","3.6991","3.6809","3.7088","3.6627","119.97K","0.53%"
"11/07/2022","3.6797","3.6402","3.6860","3.6360","109.32K","0.59%"
"11/04/2022","3.6581","3.5812","3.6611","3.5784","104.43K","2.14%"
"11/03/2022","3.5814","3.6066","3.6144","3.5734","95.71K","-0.67%"
"11/02/2022","3.6055","3.6270","3.6644","3.6042","101.27K","-0.58%"
"11/01/2022","3.6264","3.6308","3.6563","3.6186","90.95K","-0.09%"
"10/31/2022","3.6297","3.6537","3.6607","3.6259","94.50K","-0.80%"
"10/28/2022","3.6590","3.6598","3.6725","3.6458","96.02K","0.01%"
"10/27/2022","3.6587","3.7021","3.7078","3.6573","132.01K","-1.14%"
"10/26/2022","3.7010","3.6606","3.7060","3.6521","103.51K","1.13%"
"10/25/2022","3.6595","3.6272","3.6649","3.6171","94.52K","0.91%"
"10/24/2022","3.6264","3.6242","3.6363","3.6018","110.09K","0.14%"
"10/21/2022","3.6213","3.5942","3.6251","3.5645","111.61K","0.79%"
"10/20/2022","3.5930","3.5898","3.6167","3.5828","112.69K","0.12%"
"10/19/2022","3.5886","3.6202","3.6265","3.5837","107.76K","-0.85%"
"10/18/2022","3.6194","3.6136","3.6277","3.6039","118.82K","0.17%"
"10/17/2022","3.6132","3.5706","3.6193","3.5699","107.65K","1.22%"
"10/14/2022","3.5695","3.5905","3.6030","3.5656","128.13K","-0.57%"
"10/13/2022","3.5901","3.5650","3.6021","3.5377","115.27K","0.73%"
"10/12/2022","3.5640","3.5647","3.5758","3.5508","112.83K","0.01%"
"10/11/2022","3.5636","3.5636","3.5907","3.5526","146.40K","0.02%"
"10/10/2022","3.5629","3.5787","3.5828","3.5559","117.18K","-0.41%"
"10/07/2022","3.5776","3.5959","3.6060","3.5721","98.36K","-0.51%"
"10/06/2022","3.5959","3.6301","3.6463","3.5949","126.49K","-0.92%"
"10/05/2022","3.6294","3.6679","3.6716","3.6121","113.42K","-1.01%"
"10/04/2022","3.6665","3.6095","3.6732","3.6016","105.21K","1.62%"
"10/03/2022","3.6081","3.6000","3.6163","3.5820","107.56K","0.26%"
"09/30/2022","3.5989","3.6050","3.6189","3.5745","106.78K","-0.16%"
"09/29/2022","3.6048","3.5752","3.6048","3.5385","109.62K","0.83%"
"09/28/2022","3.5750","3.5230","3.5809","3.5017","124.40K","1.48%"
"09/27/2022","3.5229","3.5287","3.5515","3.5136","117.28K","-0.16%"
"09/26/2022","3.5284","3.5590","3.5661","3.5129","119.57K","-0.85%"
"09/23/2022","3.5587","3.6125","3.6180","3.5500","100.82K","-1.45%"
"09/22/2022","3.6110","3.6128","3.6387","3.6018","122.68K","-0.03%"
"09/21/2022","3.6121","3.6617","3.6639","3.6037","110.98K","-1.34%"
"09/20/2022","3.6613","3.6808","3.6911","3.6555","96.21K","-0.52%"
"09/19/2022","3.6804","3.6782","3.6834","3.6597","86.80K","0.06%"
"09/16/2022","3.6782","3.6723","3.6861","3.6519","95.55K","0.15%"
"09/15/2022","3.6727","3.6643","3.6791","3.6558","91.70K","0.18%"
"09/14/2022","3.6661","3.6617","3.6813","3.6558","120.23K","0.14%"
"09/13/2022","3.6609","3.7162","3.7416","3.6595","100.10K","-1.48%"
"09/12/2022","3.7160","3.7013","3.7453","3.6937","84.59K","0.79%"
"09/09/2022","3.6870","3.6716","3.7140","3.6700","98.96K","0.44%"
"09/08/2022","3.6709","3.6729","3.6836","3.6468","109.77K","-0.05%"
"09/07/2022","3.6727","3.6367","3.6764","3.6263","105.44K","0.98%"
"09/06/2022","3.6371","3.6455","3.6678","3.6222","123.90K","-0.24%"
"09/05/2022","3.6459","3.6536","3.6536","3.6269","90.44K","-0.24%"
"09/02/2022","3.6547","3.6523","3.6850","3.6510","91.30K","0.07%"
"09/01/2022","3.6521","3.6938","3.6938","3.6395","108.39K","-1.12%"
"08/31/2022","3.6936","3.6775","3.7015","3.6614","109.63K","0.45%"
"08/30/2022","3.6771","3.6711","3.6927","3.6654","112.41K","0.17%"
"08/29/2022","3.6709","3.6661","3.6832","3.6404","82.35K","0.34%"
"08/26/2022","3.6584","3.6630","3.7056","3.6526","83.96K","-0.12%"
"08/25/2022","3.6628","3.6600","3.6850","3.6533","105.47K","0.08%"
"08/24/2022","3.6600","3.6613","3.6725","3.6390","90.55K","-0.02%"
"08/23/2022","3.6606","3.6518","3.6795","3.6357","104.55K","0.26%"
"08/22/2022","3.6510","3.6851","3.6896","3.6448","108.05K","-0.93%"
"08/19/2022","3.6852","3.7052","3.7076","3.6837","77.63K","-0.53%"
"08/18/2022","3.7050","3.7388","3.7432","3.7013","79.71K","-0.90%"
"08/17/2022","3.7388","3.7353","3.7469","3.7256","93.78K","0.10%"
"08/16/2022","3.7351","3.7317","3.7440","3.7171","64.66K","0.10%"
"08/15/2022","3.7315","3.7674","3.7710","3.7289","65.70K","-0.95%"
"08/12/2022","3.7674","3.7893","3.7928","3.7594","80.89K","-0.57%"
"08/11/2022","3.7891","3.7820","3.8068","3.7732","85.81K","0.19%"
"08/10/2022","3.7818","3.7504","3.8079","3.7462","89.74K","0.84%"
"08/09/2022","3.7502","3.7445","3.7636","3.7414","93.52K","0.16%"
"08/08/2022","3.7443","3.7379","3.7541","3.7304","90.79K","0.14%"
"08/05/2022","3.7392","3.7627","3.7653","3.7240","104.02K","-0.63%"
"08/04/2022","3.7630","3.7329","3.7656","3.7289","102.51K","0.81%"
"08/03/2022","3.7326","3.7329","3.7497","3.7172","103.80K","-0.03%"
"08/02/2022","3.7337","3.7682","3.7803","3.7322","125.36K","-0.93%"
"08/01/2022","3.7686","3.7530","3.7739","3.7479","107.19K","0.42%"
"07/29/2022","3.7528","3.7442","3.7662","3.7258","104.56K","0.24%"
"07/28/2022","3.7440","3.7471","3.7588","3.7135","127.31K","-0.08%"
"07/27/2022","3.7469","3.7149","3.7535","3.7078","98.73K","0.87%"
"07/26/2022","3.7146","3.7537","3.7645","3.7115","101.52K","-1.04%"
"07/25/2022","3.7537","3.7498","3.7673","3.7383","99.61K","0.10%"
"07/22/2022","3.7498","3.7566","3.7666","3.7199","95.62K","-0.18%"
"07/21/2022","3.7566","3.7373","3.7747","3.7287","127.90K","0.51%"
"07/20/2022","3.7377","3.7550","3.7732","3.7293","115.31K","-0.46%"
"07/19/2022","3.7550","3.7245","3.7713","3.7160","103.16K","0.81%"
"07/18/2022","3.7249","3.7047","3.7467","3.7009","97.88K","0.55%"
"07/15/2022","3.7047","3.6788","3.7086","3.6747","100.01K","0.71%"
"07/14/2022","3.6786","3.6944","3.6960","3.6545","111.20K","-0.44%"
"07/13/2022","3.6947","3.6859","3.7177","3.6718","104.91K","0.23%"
"07/12/2022","3.6863","3.6867","3.6997","3.6720","110.84K","-0.02%"
"07/11/2022","3.6870","3.7359","3.7402","3.6845","100.30K","-1.41%"
"07/08/2022","3.7399","3.7313","3.7428","3.6986","113.24K","0.24%"
"07/07/2022","3.7311","3.7386","3.7539","3.7249","108.35K","-0.20%"
"07/06/2022","3.7384","3.7706","3.7741","3.7314","97.63K","-0.85%"
"07/05/2022","3.7706","3.8259","3.8372","3.7583","86.30K","-1.48%"
"07/04/2022","3.8273","3.8299","3.8424","3.8251","69.89K","-0.07%"
"07/01/2022","3.8298","3.8499","3.8508","3.8068","68.92K","-0.52%"
"06/30/2022","3.8497","3.8341","3.8519","3.8126","84.93K","0.41%"
"06/29/2022","3.8339","3.8624","3.8692","3.8317","91.50K","-0.76%"
"06/28/2022","3.8632","3.8870","3.8953","3.8571","94.49K","-0.61%"
"06/27/2022","3.8868","3.8764","3.8982","3.8740","87.57K","0.27%"
"06/24/2022","3.8762","3.8657","3.8824","3.8600","89.12K","0.28%"
"06/23/2022","3.8654","3.8804","3.8861","3.8493","113.71K","-0.39%"
"06/22/2022","3.8804","3.8654","3.8949","3.8441","84.97K","0.39%"
"06/21/2022","3.8654","3.8599","3.8863","3.8584","84.62K","0.15%"
"06/20/2022","3.8595","3.8555","3.8728","3.8452","77.61K","0.10%"
"06/17/2022","3.8555","3.8735","3.8779","3.8353","86.15K","-0.47%"
"06/16/2022","3.8739","3.8352","3.8933","3.8118","139.99K","1.02%"
"06/15/2022","3.8349","3.8246","3.8588","3.8037","105.93K","0.26%"
"06/14/2022","3.8250","3.8224","3.8504","3.8177","88.13K","0.10%"
"06/13/2022","3.8213","3.8606","3.8636","3.8188","76.20K","-1.05%"
"06/10/2022","3.8617","3.8988","3.9087","3.8577","70.65K","-0.94%"
"06/09/2022","3.8984","3.9350","3.9565","3.8963","80.61K","-0.93%"
"06/08/2022","3.9351","3.9293","3.9473","3.9187","58.17K","0.14%"
"06/07/2022","3.9296","3.9274","3.9348","3.9113","63.10K","0.05%"
"06/06/2022","3.9278","3.9373","3.9488","3.9231","61.87K","-0.23%"
"06/03/2022","3.9370","3.9458","3.9532","3.9308","38.22K","-0.24%"
"06/02/2022","3.9466","3.9098","3.9480","3.9087","54.04K","0.92%"
"06/01/2022","3.9106","3.9421","3.9437","3.9021","58.73K","-0.79%"
"05/31/2022","3.9418","3.9583","3.9583","3.9212","74.03K","-0.41%"
"05/30/2022","3.9580","3.9394","3.9613","3.9388","55.49K","0.47%"
"05/27/2022","3.9396","3.9388","3.9532","3.9278","65.50K","0.03%"
"05/26/2022","3.9385","3.9227","3.9411","3.9151","65.81K","0.41%"
"05/25/2022","3.9223","3.9425","3.9436","3.9080","74.80K","-0.50%"
"05/24/2022","3.9422","3.9260","3.9473","3.9146","70.03K","0.42%"
"05/23/2022","3.9256","3.8819","3.9286","3.8768","73.15K","1.22%"
"05/20/2022","3.8783","3.8878","3.8922","3.8676","80.32K","-0.25%"
"05/19/2022","3.8882","3.8441","3.8955","3.8412","79.95K","1.16%"
"05/18/2022","3.8437","3.8739","3.8794","3.8408","80.68K","-0.77%"
"05/17/2022","3.8735","3.8312","3.8764","3.8294","77.74K","1.11%"
"05/16/2022","3.8309","3.8210","3.8349","3.8147","64.18K","0.19%"
"05/13/2022","3.8235","3.8114","3.8265","3.8004","76.75K","0.30%"
"05/12/2022","3.8121","3.8599","3.8669","3.8019","104.73K","-1.25%"
"05/11/2022","3.8603","3.8665","3.8841","3.8562","109.05K","-0.15%"
"05/10/2022","3.8661","3.8767","3.8874","3.8650","72.78K","-0.27%"
"05/09/2022","3.8764","3.8746","3.8900","3.8537","67.75K","0.04%"
"05/06/2022","3.8750","3.8712","3.8926","3.8493","85.11K","0.11%"
"05/05/2022","3.8709","3.9010","3.9080","3.8529","86.61K","-0.76%"
"05/04/2022","3.9007","3.8614","3.9040","3.8577","65.76K","0.96%"
"05/03/2022","3.8636","3.8577","3.8845","3.8526","69.60K","0.17%"
"05/02/2022","3.8570","3.8739","3.8812","3.8522","50.42K","-0.37%"
"04/29/2022","3.8713","3.8540","3.8900","3.8526","88.37K","0.41%"
"04/28/2022","3.8555","3.8776","3.8807","3.8461","90.19K","-0.54%"
"04/27/2022","3.8764","3.9072","3.9138","3.8616","90.73K","-0.75%"
"04/26/2022","3.9058","3.9348","3.9446","3.9065","92.15K","-0.71%"
"04/25/2022","3.9337","3.9822","3.9825","3.9288","99.13K","-0.77%"
"04/22/2022","3.9642","3.9808","3.9862","3.9558","75.65K","-0.40%"
"04/21/2022","3.9800","3.9863","4.0173","3.9755","87.00K","-0.13%"
"04/20/2022","3.9851","3.9624","3.9917","3.9609","85.07K","0.60%"
"04/19/2022","3.9613","3.9602","3.9725","3.9524","78.90K","0.06%"
"04/18/2022","3.9591","3.9688","3.9753","3.9557","35.41K","-0.24%"
"04/15/2022","3.9686","3.9772","3.9785","3.9654","41.13K","-0.20%"
"04/14/2022","3.9767","3.9987","4.0127","3.9511","87.88K","-0.52%"
"04/13/2022","3.9976","3.9769","4.0019","3.9701","75.98K","0.54%"
"04/12/2022","3.9760","3.9975","4.0052","3.9746","56.06K","-0.52%"
"04/11/2022","3.9969","4.0165","4.0226","3.9936","62.34K","0.07%"
"04/08/2022","3.9943","3.9959","4.0009","3.9801","57.81K","-0.02%"
"04/07/2022","3.9951","4.0022","4.0180","3.9906","64.50K","-0.14%"
"04/06/2022","4.0009","4.0055","4.0177","3.9941","58.89K","-0.08%"
"04/05/2022","4.0042","4.0304","4.0366","4.0034","51.69K","-0.61%"
"04/04/2022","4.0288","4.0546","4.0608","4.0257","71.19K","-0.75%"
"04/01/2022","4.0593","4.0650","4.0686","4.0502","97.45K","-0.11%"
"03/31/2022","4.0637","4.0984","4.1084","4.0626","78.06K","-0.82%"
"03/30/2022","4.0975","4.0723","4.1034","4.0707","83.47K","0.65%"
"03/29/2022","4.0711","4.0330","4.0908","4.0292","85.94K","0.97%"
"03/28/2022","4.0318","4.0364","4.0406","4.0198","59.25K","-0.03%"
"03/25/2022","4.0329","4.0392","4.0545","4.0326","55.86K","-0.13%"
"03/24/2022","4.0380","4.0419","4.0457","4.0275","54.90K","-0.08%"
"03/23/2022","4.0413","4.0510","4.0567","4.0267","63.75K","-0.22%"
"03/22/2022","4.0501","4.0469","4.0575","4.0257","68.40K","0.13%"
"03/21/2022","4.0450","4.0623","4.0662","4.0438","64.97K","-0.33%"
"03/18/2022","4.0582","4.0738","4.0842","4.0413","60.01K","-0.35%"
"03/17/2022","4.0725","4.0535","4.0912","4.0433","77.87K","0.52%"
"03/16/2022","4.0516","4.0231","4.0578","4.0215","84.31K","0.74%"
"03/15/2022","4.0219","4.0183","4.0479","4.0129","81.55K","0.11%"
"03/14/2022","4.0175","4.0194","4.0384","4.0038","69.67K","0.28%"
"03/11/2022","4.0064","4.0345","4.0565","4.0041","88.22K","-0.67%"
"03/10/2022","4.0336","4.0679","4.0849","4.0315","89.45K","-0.83%"
"03/09/2022","4.0674","4.0047","4.0757","3.9997","101.22K","1.61%"
"03/08/2022","4.0028","3.9867","4.0255","3.9847","101.03K","0.43%"
"03/07/2022","3.9855","4.0231","4.0231","3.9688","100.36K","-0.68%"
"03/04/2022","4.0127","4.0651","4.0658","3.9985","84.13K","-1.25%"
"03/03/2022","4.0634","4.0837","4.0861","4.0525","79.85K","-0.51%"
"03/02/2022","4.0843","4.0870","4.0943","4.0613","80.21K","-0.04%"
"03/01/2022","4.0858","4.1205","4.1263","4.0732","89.71K","-0.84%"
"02/28/2022","4.1203","4.1061","4.1311","4.0852","86.96K","-0.43%"
"02/25/2022","4.1379","4.1108","4.1413","4.1012","79.95K","0.68%"
"02/24/2022","4.1100","4.1554","4.1555","4.0793","104.03K","-1.04%"
"02/23/2022","4.1533","4.1603","4.1724","4.1508","65.04K","-0.14%"
"02/22/2022","4.1592","4.1550","4.1754","4.1459","86.32K","0.13%"
"02/21/2022","4.1537","4.1560","4.1841","4.1528","51.61K","-0.10%"
"02/18/2022","4.1578","4.1733","4.1789","4.1557","64.63K","-0.34%"
"02/17/2022","4.1721","4.1779","4.1824","4.1589","81.13K","-0.11%"
"02/16/2022","4.1768","4.1726","4.1860","4.1669","71.45K","0.15%"
"02/15/2022","4.1706","4.1532","4.1759","4.1511","74.99K","0.45%"
"02/14/2022","4.1519","4.1693","4.1761","4.1431","81.76K","-0.39%"
"02/11/2022","4.1680","4.1975","4.1989","4.1613","83.03K","-0.68%"
"02/10/2022","4.1967","4.1979","4.2226","4.1779","85.34K","0.05%"
"02/09/2022","4.1948","4.1933","4.2051","4.1880","68.26K","0.07%"
"02/08/2022","4.1919","4.2031","4.2055","4.1857","101.31K","-0.25%"
"02/07/2022","4.2022","4.2125","4.2126","4.1926","76.38K","-0.04%"
"02/04/2022","4.2037","4.2017","4.2183","4.1913","86.96K","0.07%"
"02/03/2022","4.2007","4.1523","4.2064","4.1385","69.97K","1.20%"
"02/02/2022","4.1508","4.1396","4.1620","4.1381","48.89K","0.29%"
"02/01/2022","4.1387","4.1263","4.1431","4.1213","54.08K","0.32%"
"01/31/2022","4.1254","4.0941","4.1316","4.0910","56.54K","0.81%"
"01/28/2022","4.0924","4.0939","4.1045","4.0847","62.62K","0.00%"
"01/27/2022","4.0924","4.1285","4.1301","4.0887","68.90K","-0.84%"
"01/26/2022","4.1269","4.1509","4.1547","4.1266","63.27K","-0.55%"
"01/25/2022","4.1497","4.1596","4.1617","4.1368","73.29K","-0.21%"
"01/24/2022","4.1585","4.1663","4.1676","4.1469","94.24K","-0.15%"
"01/21/2022","4.1647","4.1550","4.1727","4.1508","70.64K","0.26%"
"01/20/2022","4.1537","4.1660","4.1761","4.1515","74.71K","-0.27%"
"01/19/2022","4.1651","4.1604","4.1716","4.1571","88.51K","0.14%"
"01/18/2022","4.1592","4.1904","4.1955","4.1557","102.75K","-0.72%"
"01/17/2022","4.1893","4.1932","4.2004","4.1842","60.95K","-0.06%"
"01/14/2022","4.1919","4.2083","4.2179","4.1866","64.40K","-0.34%"
"01/13/2022","4.2062","4.2031","4.2175","4.2002","60.02K","0.10%"
"01/12/2022","4.2022","4.1747","4.2070","4.1704","61.14K","0.68%"
"01/11/2022","4.1739","4.1597","4.1782","4.1551","59.06K","0.36%"
"01/10/2022","4.1589","4.1701","4.1732","4.1448","55.72K","-0.31%"
"01/07/2022","4.1717","4.1480","4.1746","4.1466","45.23K","0.60%"
"01/06/2022","4.1467","4.1557","4.1624","4.1448","67.64K","-0.19%"
"01/05/2022","4.1548","4.1458","4.1678","4.1420","46.22K","0.25%"
"01/04/2022","4.1445","4.1498","4.1592","4.1400","48.71K","-0.08%"
"01/03/2022","4.1478","4.1746","4.1803","4.1431","34.57K","-0.65%"
"12/31/2021","4.1750","4.1586","4.1825","4.1515","26.78K","0.41%"
"12/30/2021","4.1581","4.1690","4.1727","4.1498","38.43K","-0.23%"
"12/29/2021","4.1677","4.1544","4.1761","4.1406","43.07K","0.35%"
"12/28/2021","4.1533","4.1604","4.1632","4.1465","44.52K","-0.15%"
"12/27/2021","4.1596","4.1571","4.1634","4.1515","38.74K","0.08%"
"12/24/2021","4.1563","4.1616","4.1669","4.1516","48.01K","-0.10%"
"12/23/2021","4.1603","4.1599","4.1662","4.1466","58.68K","0.03%"
"12/22/2021","4.1589","4.1428","4.1663","4.1371","63.32K","0.36%"
"12/21/2021","4.1438","4.1421","4.1516","4.1360","74.74K","0.07%"
"12/20/2021","4.1409","4.1289","4.1522","4.1262","80.67K","0.33%"
"12/17/2021","4.1274","4.1618","4.1688","4.1263","65.70K","-0.79%"
"12/16/2021","4.1604","4.1455","4.1730","4.1434","69.80K","0.38%"
"12/15/2021","4.1446","4.1356","4.1504","4.1218","104.19K","0.25%"
"12/14/2021","4.1344","4.1449","4.1602","4.1333","155.83K","-0.23%"
"12/13/2021","4.1439","4.1554","4.1580","4.1357","77.08K","-0.25%"
"12/10/2021","4.1541","4.1480","4.1598","4.1376","89.61K","0.17%"
"12/09/2021","4.1472","4.1660","4.1680","4.1425","82.28K","-0.44%"
"12/08/2021","4.1656","4.1385","4.1710","4.1376","144.42K","0.67%"
"12/07/2021","4.1377","4.1458","4.1508","4.1240","158.49K","-0.17%"
"12/06/2021","4.1446","4.1583","4.1583","4.1381","95.42K","-0.25%"
"12/03/2021","4.1549","4.1508","4.1631","4.1379","80.22K","0.12%"
"12/02/2021","4.1498","4.1579","4.1684","4.1486","86.72K","-0.18%"
"12/01/2021","4.1571","4.1649","4.1728","4.1514","118.70K","-0.15%"
"11/30/2021","4.1634","4.1479","4.1813","4.1269","129.29K","0.42%"
"11/29/2021","4.1461","4.1515","4.1565","4.1352","85.95K","-0.25%"
"11/26/2021","4.1564","4.1170","4.1622","4.1157","119.52K","0.99%"
"11/25/2021","4.1156","4.1139","4.1252","4.1137","79.87K","0.09%"
"11/24/2021","4.1120","4.1315","4.1344","4.1085","84.08K","-0.44%"
"11/23/2021","4.1303","4.1274","4.1414","4.1231","96.52K","0.11%"
"11/22/2021","4.1258","4.1476","4.1478","4.1248","131.25K","-0.48%"
"11/19/2021","4.1456","4.1767","4.1778","4.1320","66.01K","-0.71%"
"11/18/2021","4.1754","4.1575","4.1781","4.1553","104.43K","0.44%"
"11/17/2021","4.1570","4.1582","4.1627","4.1371","87.31K","0.00%"
"11/16/2021","4.1570","4.1755","4.1824","4.1539","78.55K","-0.42%"
"11/15/2021","4.1746","4.2063","4.2110","4.1709","69.84K","-0.73%"
"11/12/2021","4.2051","4.2071","4.2101","4.1992","68.65K","0.00%"
"11/11/2021","4.2051","4.2175","4.2199","4.2029","55.70K","-0.25%"
"11/10/2021","4.2156","4.2581","4.2596","4.2151","80.51K","-0.97%"
"11/09/2021","4.2571","4.2568","4.2643","4.2494","61.15K","0.03%"
"11/08/2021","4.2557","4.2490","4.2593","4.2421","71.17K","0.19%"
"11/05/2021","4.2477","4.2439","4.2515","4.2286","74.61K","0.11%"
"11/04/2021","4.2430","4.2650","4.2673","4.2344","83.11K","-0.49%"
"11/03/2021","4.2641","4.2529","4.2671","4.2467","86.02K","0.28%"
"11/02/2021","4.2520","4.2638","4.2663","4.2515","77.27K","-0.23%"
"11/01/2021","4.2617","4.2456","4.2646","4.2408","89.31K","0.37%"
"10/29/2021","4.2461","4.2901","4.2941","4.2368","67.57K","-1.01%"
"10/28/2021","4.2895","4.2629","4.2950","4.2540","77.79K","0.65%"
"10/27/2021","4.2617","4.2596","4.2705","4.2551","59.99K","0.09%"
"10/26/2021","4.2579","4.2636","4.2707","4.2551","53.43K","-0.11%"
"10/25/2021","4.2624","4.2788","4.2849","4.2572","64.75K","-0.36%"
"10/22/2021","4.2777","4.2691","4.2814","4.2684","60.39K","0.22%"
"10/21/2021","4.2682","4.2792","4.2860","4.2681","63.50K","-0.23%"
"10/20/2021","4.2782","4.2731","4.2827","4.2670","59.70K","0.14%"
"10/19/2021","4.2722","4.2649","4.2866","4.2636","55.53K","0.20%"
"10/18/2021","4.2638","4.2597","4.2696","4.2502","81.03K","0.10%"
"10/15/2021","4.2595","4.2592","4.2684","4.2562","78.52K","0.04%"
"10/14/2021","4.2580","4.2583","4.2701","4.2547","48.21K","0.01%"
"10/13/2021","4.2575","4.2345","4.2601","4.2339","82.47K","0.56%"
"10/12/2021","4.2336","4.2441","4.2502","4.2329","50.22K","-0.21%"
"10/11/2021","4.2425","4.2492","4.2564","4.2418","62.66K","-0.13%"
"10/08/2021","4.2479","4.2428","4.2557","4.2390","56.54K","0.14%"
"10/07/2021","4.2421","4.2447","4.2509","4.2416","59.65K","-0.05%"
"10/06/2021","4.2443","4.2620","4.2628","4.2346","69.69K","-0.34%"
"10/05/2021","4.2587","4.2688","4.2695","4.2535","68.95K","-0.21%"
"10/04/2021","4.2676","4.2593","4.2759","4.2561","52.87K","0.22%"
"10/01/2021","4.2582","4.2541","4.2639","4.2470","52.11K","0.11%"
"09/30/2021","4.2536","4.2593","4.2650","4.2469","74.00K","-0.12%"
"09/29/2021","4.2586","4.2912","4.2943","4.2568","67.23K","-0.72%"
"09/28/2021","4.2897","4.2962","4.2991","4.2856","75.00K","-0.11%"
"09/27/2021","4.2946","4.3064","4.3078","4.2919","60.75K","-0.18%"
"09/24/2021","4.3023","4.3116","4.3154","4.2976","76.40K","-0.19%"
"09/23/2021","4.3104","4.2924","4.3162","4.2913","71.99K","0.43%"
"09/22/2021","4.2920","4.3067","4.3183","4.2916","74.96K","-0.32%"
"09/21/2021","4.3056","4.3074","4.3162","4.3028","68.97K","-0.02%"
"09/20/2021","4.3064","4.3094","4.3112","4.2973","69.73K","0.00%"
"09/17/2021","4.3064","4.3204","4.3305","4.3061","67.38K","-0.33%"
"09/16/2021","4.3207","4.3401","4.3422","4.3162","92.51K","-0.43%"
"09/15/2021","4.3394","4.3366","4.3467","4.3337","68.10K","0.11%"
"09/14/2021","4.3346","4.3379","4.3514","4.3341","70.30K","-0.05%"
"09/13/2021","4.3368","4.3390","4.3409","4.3232","52.54K","-0.05%"
"09/10/2021","4.3390","4.3439","4.3533","4.3375","67.76K","-0.09%"
"09/09/2021","4.3431","4.3405","4.3499","4.3359","62.08K","0.11%"
"09/08/2021","4.3384","4.3493","4.3534","4.3345","80.49K","-0.22%"
"09/07/2021","4.3479","4.3600","4.3658","4.3477","73.72K","-0.25%"
"09/06/2021","4.3586","4.3647","4.3663","4.3545","50.47K","-0.12%"
"09/03/2021","4.3640","4.3616","4.3745","4.3583","86.01K","0.08%"
"09/02/2021","4.3607","4.3493","4.3626","4.3467","63.46K","0.29%"
"09/01/2021","4.3479","4.3380","4.3555","4.3316","77.20K","0.26%"
"08/31/2021","4.3365","4.3331","4.3520","4.3322","74.21K","0.10%"
"08/30/2021","4.3321","4.3317","4.3382","4.3279","53.69K","0.02%"
"08/27/2021","4.3313","4.3166","4.3354","4.3102","97.44K","0.37%"
"08/26/2021","4.3155","4.3239","4.3273","4.3143","77.40K","-0.17%"
"08/25/2021","4.3229","4.3175","4.3253","4.3070","78.29K","0.15%"
"08/24/2021","4.3166","4.3144","4.3218","4.3074","49.08K","0.08%"
"08/23/2021","4.3130","4.2951","4.3163","4.2941","56.74K","0.41%"
"08/20/2021","4.2952","4.2884","4.2996","4.2840","61.25K","0.18%"
"08/19/2021","4.2876","4.3017","4.3039","4.2849","78.43K","-0.31%"
"08/18/2021","4.3008","4.3012","4.3134","4.2952","72.17K","0.01%"
"08/17/2021","4.3005","4.3255","4.3290","4.3004","67.64K","-0.58%"
"08/16/2021","4.3255","4.3320","4.3349","4.3222","68.59K","-0.11%"
"08/13/2021","4.3304","4.3078","4.3363","4.3078","61.94K","0.52%"
"08/12/2021","4.3078","4.3116","4.3156","4.3063","72.36K","-0.07%"
"08/11/2021","4.3108","4.3050","4.3172","4.2996","64.71K","0.16%"
"08/10/2021","4.3038","4.3114","4.3135","4.3011","110.95K","-0.16%"
"08/09/2021","4.3109","4.3204","4.3232","4.3102","76.40K","-0.19%"
"08/06/2021","4.3192","4.3467","4.3478","4.3172","64.71K","-0.60%"
"08/05/2021","4.3454","4.3479","4.3556","4.3444","78.59K","-0.03%"
"08/04/2021","4.3465","4.3578","4.3712","4.3461","72.47K","-0.21%"
"08/03/2021","4.3557","4.3593","4.3689","4.3538","58.27K","-0.06%"
"08/02/2021","4.3585","4.3578","4.3702","4.3556","46.77K","-0.02%"
"07/30/2021","4.3594","4.3665","4.3747","4.3531","61.38K","-0.14%"
"07/29/2021","4.3655","4.3509","4.3686","4.3492","81.48K","0.37%"
"07/28/2021","4.3493","4.3405","4.3528","4.3244","94.11K","0.24%"
"07/27/2021","4.3390","4.3346","4.3496","4.3232","65.44K","0.13%"
"07/26/2021","4.3335","4.3263","4.3409","4.3207","50.45K","0.25%"
"07/23/2021","4.3229","4.3236","4.3299","4.3172","73.78K","0.00%"
"07/22/2021","4.3229","4.3317","4.3457","4.3185","65.28K","-0.19%"
"07/21/2021","4.3310","4.3278","4.3363","4.3165","65.61K","0.11%"
"07/20/2021","4.3262","4.3347","4.3362","4.3179","98.99K","-0.16%"
"07/19/2021","4.3332","4.3372","4.3435","4.3209","78.36K","-0.05%"
"07/16/2021","4.3353","4.3394","4.3428","4.3312","72.37K","-0.07%"
"07/15/2021","4.3383","4.3479","4.3533","4.3327","76.66K","-0.20%"
"07/14/2021","4.3468","4.3254","4.3488","4.3239","54.47K","0.52%"
"07/13/2021","4.3244","4.3570","4.3622","4.3239","59.13K","-0.72%"
"07/12/2021","4.3556","4.3608","4.3639","4.3474","74.57K","-0.12%"
"07/09/2021","4.3607","4.3505","4.3644","4.3433","52.21K","0.26%"
"07/08/2021","4.3493","4.3313","4.3594","4.3281","60.23K","0.45%"
"07/07/2021","4.3299","4.3432","4.3486","4.3271","58.99K","-0.28%"
"07/06/2021","4.3420","4.3575","4.3695","4.3367","91.40K","-0.32%"
"07/05/2021","4.3561","4.3570","4.3644","4.3529","52.24K","-0.03%"
"07/02/2021","4.3572","4.3527","4.3618","4.3367","63.54K","0.13%"
"07/01/2021","4.3515","4.3559","4.3656","4.3478","54.29K","-0.06%"
"06/30/2021","4.3541","4.3699","4.3747","4.3506","61.71K","-0.34%"
"06/29/2021","4.3688","4.3806","4.3829","4.3628","58.35K","-0.24%"
"06/28/2021","4.3794","4.3840","4.3878","4.3718","51.82K","-0.08%"
"06/25/2021","4.3828","4.3826","4.3990","4.3804","62.56K","0.03%"
"06/24/2021","4.3817","4.3809","4.3920","4.3774","77.92K","0.04%"
"06/23/2021","4.3798","4.3855","4.3969","4.3752","64.60K","-0.11%"
"06/22/2021","4.3846","4.3773","4.3907","4.3639","77.66K","0.20%"
"06/21/2021","4.3758","4.3590","4.3791","4.3516","107.82K","0.46%"
"06/18/2021","4.3557","4.3740","4.3808","4.3514","102.84K","-0.39%"
"06/17/2021","4.3728","4.4064","4.4103","4.3679","89.28K","-0.74%"
"06/16/2021","4.4052","4.4545","4.4576","4.4054","81.01K","-1.07%"
"06/15/2021","4.4529","4.4515","4.4625","4.4447","62.59K","0.06%"
"06/14/2021","4.4503","4.4479","4.4559","4.4420","50.39K","0.10%"
"06/11/2021","4.4460","4.4703","4.4798","4.4418","80.22K","-0.52%"
"06/10/2021","4.4694","4.4740","4.4794","4.4601","81.12K","-0.07%"
"06/09/2021","4.4725","4.4714","4.4880","4.4703","58.46K","0.05%"
"06/08/2021","4.4702","4.4771","4.4796","4.4679","62.31K","-0.15%"
"06/07/2021","4.4768","4.4694","4.4822","4.4606","49.47K","0.20%"
"06/04/2021","4.4677","4.4552","4.4763","4.4458","65.42K","0.33%"
"06/03/2021","4.4529","4.4850","4.4873","4.4510","64.53K","-0.70%"
"06/02/2021","4.4841","4.4864","4.4914","4.4679","72.76K","-0.02%"
"06/01/2021","4.4849","4.4909","4.5016","4.4852","77.72K","-0.10%"
"05/31/2021","4.4895","4.4783","4.4928","4.4749","75.71K","0.27%"
"05/28/2021","4.4773","4.4791","4.4833","4.4562","73.28K","-0.02%"
"05/27/2021","4.4782","4.4783","4.4872","4.4719","95.49K","0.02%"
"05/26/2021","4.4771","4.5002","4.5045","4.4745","88.78K","-0.49%"
"05/25/2021","4.4992","4.4864","4.5058","4.4853","101.95K","0.29%"
"05/24/2021","4.4860","4.4731","4.4925","4.4709","93.96K","0.29%"
"05/21/2021","4.4729","4.4917","4.4961","4.4668","105.96K","-0.39%"
"05/20/2021","4.4904","4.4706","4.4923","4.4696","106.09K","0.45%"
"05/19/2021","4.4705","4.4893","4.4980","4.4664","103.95K","-0.39%"
"05/18/2021","4.4882","4.4639","4.4939","4.4633","97.69K","0.57%"
"05/17/2021","4.4628","4.4591","4.4700","4.4539","89.47K","0.10%"
"05/14/2021","4.4585","4.4372","4.4630","4.4337","83.43K","0.51%"
"05/13/2021","4.4360","4.4338","4.4475","4.4264","106.23K","0.06%"
"05/12/2021","4.4334","4.4622","4.4637","4.4317","109.56K","-0.62%"
"05/11/2021","4.4610","4.4552","4.4745","4.4528","125.44K","0.14%"
"05/10/2021","4.4547","4.4668","4.4732","4.4546","114.92K","-0.28%"
"05/07/2021","4.4672","4.4321","4.4711","4.4271","96.63K","0.82%"
"05/06/2021","4.4309","4.4096","4.4344","4.4050","115.66K","0.49%"
"05/05/2021","4.4092","4.4125","4.4179","4.4025","129.43K","-0.07%"
"05/04/2021","4.4121","4.4313","4.4321","4.4072","120.80K","-0.40%"
"05/03/2021","4.4298","4.4190","4.4360","4.4124","73.58K","0.36%"
"04/30/2021","4.4137","4.4517","4.4546","4.4137","101.53K","-0.83%"
"04/29/2021","4.4507","4.4541","4.4630","4.4453","111.50K","-0.04%"
"04/28/2021","4.4525","4.4415","4.4576","4.4282","93.86K","0.28%"
"04/27/2021","4.4400","4.4372","4.4421","4.4283","124.75K","0.08%"
"04/26/2021","4.4364","4.4419","4.4510","4.4300","98.03K","-0.16%"
"04/23/2021","4.4437","4.4134","4.4447","4.4122","102.04K","0.70%"
"04/22/2021","4.4129","4.4206","4.4337","4.4052","121.02K","-0.16%"
"04/21/2021","4.4198","4.4214","4.4241","4.4071","122.50K","0.01%"
"04/20/2021","4.4195","4.4210","4.4373","4.4159","116.49K","0.00%"
"04/19/2021","4.4195","4.4019","4.4258","4.3865","86.50K","0.42%"
"04/16/2021","4.4011","4.3956","4.4061","4.3894","114.62K","0.15%"
"04/15/2021","4.3945","4.4005","4.4057","4.3914","135.07K","-0.11%"
"04/14/2021","4.3993","4.3886","4.4034","4.3882","115.93K","0.26%"
"04/13/2021","4.3879","4.3751","4.3918","4.3632","111.57K","0.32%"
"04/12/2021","4.3739","4.3678","4.3784","4.3602","101.13K","0.07%"
"04/09/2021","4.3710","4.3759","4.3787","4.3587","87.64K","-0.09%"
"04/08/2021","4.3749","4.3590","4.3812","4.3566","88.85K","0.35%"
"04/07/2021","4.3596","4.3618","4.3767","4.3566","109.34K","-0.04%"
"04/06/2021","4.3615","4.3394","4.3632","4.3324","87.02K","0.54%"
"04/05/2021","4.3379","4.3200","4.3418","4.3113","44.08K","0.42%"
"04/02/2021","4.3199","4.3259","4.3298","4.3154","54.19K","-0.11%"
"04/01/2021","4.3247","4.3088","4.3271","4.3021","121.41K","0.40%"
"03/31/2021","4.3075","4.3035","4.3198","4.2989","116.49K","0.12%"
"03/30/2021","4.3023","4.3208","4.3250","4.3018","78.67K","-0.41%"
"03/29/2021","4.3199","4.3324","4.3333","4.3198","87.33K","-0.26%"
"03/26/2021","4.3310","4.3208","4.3363","4.3205","104.22K","0.25%"
"03/25/2021","4.3204","4.3390","4.3448","4.3200","111.49K","-0.41%"
"03/24/2021","4.3383","4.3531","4.3541","4.3376","128.14K","-0.30%"
"03/23/2021","4.3515","4.3832","4.3863","4.3495","98.10K","-0.71%"
"03/22/2021","4.3828","4.3706","4.3885","4.3601","102.91K","0.25%"
"03/19/2021","4.3717","4.3766","4.3854","4.3611","111.98K","-0.10%"
"03/18/2021","4.3761","4.4001","4.4040","4.3733","101.75K","-0.53%"
"03/17/2021","4.3993","4.3716","4.4026","4.3657","105.30K","0.66%"
"03/16/2021","4.3706","4.3817","4.3903","4.3644","101.83K","-0.24%"
"03/15/2021","4.3809","4.3902","4.3962","4.3749","101.45K","-0.20%"
"03/12/2021","4.3897","4.4015","4.4040","4.3745","114.83K","-0.27%"
"03/11/2021","4.4015","4.3809","4.4043","4.3767","111.89K","0.50%"
"03/10/2021","4.3798","4.3710","4.3822","4.3594","119.17K","0.23%"
"03/09/2021","4.3699","4.3507","4.3771","4.3472","133.06K","0.46%"
"03/08/2021","4.3497","4.3791","4.3832","4.3502","122.65K","-0.62%"
"03/05/2021","4.3769","4.3960","4.3999","4.3686","127.35K","-0.41%"
"03/04/2021","4.3949","4.4311","4.4325","4.3934","137.13K","-0.79%"
"03/03/2021","4.4301","4.4411","4.4495","4.4234","129.25K","-0.22%"
"03/02/2021","4.4400","4.4257","4.4427","4.4045","121.50K","0.35%"
"03/01/2021","4.4246","4.4368","4.4453","4.4177","142.05K","-0.22%"
"02/26/2021","4.4345","4.4728","4.4758","4.4306","162.39K","-0.84%"
"02/25/2021","4.4721","4.4684","4.4970","4.4649","184.14K","0.13%"
"02/24/2021","4.4665","4.4629","4.4724","4.4476","137.93K","0.10%"
"02/23/2021","4.4621","4.4649","4.4741","4.4573","154.62K","-0.04%"
"02/22/2021","4.4640","4.4507","4.4704","4.4410","115.29K","0.30%"
"02/19/2021","4.4505","4.4412","4.4610","4.4377","133.36K","0.24%"
"02/18/2021","4.4397","4.4218","4.4429","4.4205","133.51K","0.43%"
"02/17/2021","4.4209","4.4467","4.4486","4.4160","139.90K","-0.56%"
"02/16/2021","4.4459","4.4550","4.4704","4.4425","128.16K","-0.19%"
"02/15/2021","4.4544","4.4528","4.4612","4.4504","89.30K","0.08%"
"02/12/2021","4.4507","4.4556","4.4576","4.4375","101.41K","-0.08%"
"02/11/2021","4.4544","4.4511","4.4629","4.4491","110.05K","0.10%"
"02/10/2021","4.4500","4.4514","4.4608","4.4475","132.15K","-0.01%"
"02/09/2021","4.4503","4.4256","4.4528","4.4241","140.77K","0.57%"
"02/08/2021","4.4250","4.4233","4.4324","4.4146","153.25K","0.05%"
"02/05/2021","4.4228","4.3945","4.4264","4.3899","109.63K","0.67%"
"02/04/2021","4.3934","4.4205","4.4237","4.3917","120.76K","-0.59%"
"02/03/2021","4.4195","4.4237","4.4264","4.4087","145.70K","-0.07%"
"02/02/2021","4.4224","4.4293","4.4403","4.4116","170.46K","-0.15%"
"02/01/2021","4.4290","4.4592","4.4614","4.4274","153.38K","-0.63%"
"01/29/2021","4.4573","4.4524","4.4653","4.4419","188.14K","0.12%"
"01/28/2021","4.4518","4.4482","4.4601","4.4370","201.46K","0.09%"
"01/27/2021","4.4478","4.4667","4.4704","4.4287","156.65K","-0.39%"
"01/26/2021","4.4654","4.4584","4.4726","4.4472","114.67K","0.17%"
"01/25/2021","4.4578","4.4694","4.4754","4.4502","112.82K","-0.24%"
"01/22/2021","4.4687","4.4678","4.4777","4.4633","112.66K","0.04%"
"01/21/2021","4.4669","4.4468","4.4719","4.4454","122.00K","0.48%"
"01/20/2021","4.4456","4.4550","4.4660","4.4359","118.04K","-0.18%"
"01/19/2021","4.4536","4.4363","4.4612","4.4348","103.76K","0.41%"
"01/18/2021","4.4354","4.4387","4.4409","4.4275","94.71K","-0.01%"
"01/15/2021","4.4360","4.4646","4.4679","4.4347","112.00K","-0.64%"
"01/14/2021","4.4647","4.4657","4.4737","4.4483","107.45K","-0.01%"
"01/13/2021","4.4650","4.4845","4.4899","4.4590","110.11K","-0.39%"
"01/12/2021","4.4827","4.4634","4.4851","4.4579","124.40K","0.46%"
"01/11/2021","4.4621","4.4875","4.4911","4.4561","127.29K","-0.56%"
"01/08/2021","4.4874","4.5080","4.5123","4.4781","106.61K","-0.42%"
"01/07/2021","4.5065","4.5277","4.5349","4.4976","116.20K","-0.45%"
"01/06/2021","4.5267","4.5165","4.5363","4.5051","116.21K","0.23%"
"01/05/2021","4.5161","4.4995","4.5205","4.4980","114.73K","0.39%"
"01/04/2021","4.4984","4.4927","4.5216","4.4897","105.44K","0.91%"
"01/01/2021","4.4577","4.4872","4.4873","4.4588","4.66K","-0.62%"
"12/31/2020","4.4856","4.5173","4.5216","4.4845","96.07K","-0.67%"
"12/30/2020","4.5157","4.4988","4.5218","4.4980","111.57K","0.39%"
"12/29/2020","4.4981","4.4875","4.5090","4.4840","104.39K","0.26%"
"12/28/2020","4.4863","4.4818","4.5000","4.4741","82.16K","0.09%"
"12/25/2020","4.4823","4.4764","4.4854","4.4682","15.72K","0.16%"
"12/24/2020","4.4753","4.4769","4.4873","4.4726","141.75K","0.00%"
"12/23/2020","4.4753","4.4676","4.4892","4.4641","205.10K","0.20%"
"12/22/2020","4.4665","4.4970","4.5023","4.4634","186.68K","-0.65%"
"12/21/2020","4.4958","4.4967","4.5009","4.4553","167.21K","-0.12%"
"12/18/2020","4.5010","4.5060","4.5081","4.4904","110.62K","-0.09%"
"12/17/2020","4.5051","4.4809","4.5084","4.4777","125.87K","0.57%"
"12/16/2020","4.4797","4.4636","4.4858","4.4535","148.78K","0.38%"
"12/15/2020","4.4628","4.4602","4.4704","4.4524","128.12K","0.07%"
"12/14/2020","4.4599","4.4559","4.4730","4.4502","97.28K","0.27%"
"12/11/2020","4.4481","4.4581","4.4679","4.4461","93.56K","-0.21%"
"12/10/2020","4.4573","4.4381","4.4664","4.4352","101.94K","0.46%"
"12/09/2020","4.4367","4.4457","4.4624","4.4292","141.08K","-0.18%"
"12/08/2020","4.4445","4.4482","4.4572","4.4427","157.91K","-0.05%"
"12/07/2020","4.4467","4.4550","4.4691","4.4364","135.66K","-0.11%"
"12/04/2020","4.4514","4.4608","4.4734","4.4482","138.35K","-0.18%"
"12/03/2020","4.4595","4.4504","4.4726","4.4447","137.97K","0.24%"
"12/02/2020","4.4489","4.4335","4.4517","4.4223","112.45K","0.36%"
"12/01/2020","4.4331","4.3814","4.4363","4.3806","107.56K","1.19%"
"11/30/2020","4.3809","4.3922","4.4095","4.3797","78.69K","-0.28%"
"11/27/2020","4.3934","4.3752","4.3949","4.3737","75.69K","0.42%"
"11/26/2020","4.3752","4.3769","4.3863","4.3653","82.32K","0.00%"
"11/25/2020","4.3754","4.3674","4.3822","4.3642","109.06K","0.19%"
"11/24/2020","4.3670","4.3498","4.3698","4.3478","100.14K","0.42%"
"11/23/2020","4.3486","4.3537","4.3734","4.3343","89.39K","-0.11%"
"11/20/2020","4.3534","4.3618","4.3679","4.3524","110.52K","-0.17%"
"11/19/2020","4.3607","4.3540","4.3648","4.3402","120.94K","0.18%"
"11/18/2020","4.3530","4.3575","4.3683","4.3521","136.27K","-0.08%"
"11/17/2020","4.3563","4.3531","4.3691","4.3499","94.43K","0.07%"
"11/16/2020","4.3534","4.3447","4.3598","4.3393","88.85K","0.18%"
"11/13/2020","4.3457","4.3359","4.3482","4.3336","123.99K","0.24%"
"11/12/2020","4.3354","4.3259","4.3429","4.3189","143.13K","0.23%"
"11/11/2020","4.3255","4.3380","4.3470","4.3141","149.11K","-0.31%"
"11/10/2020","4.3390","4.3389","4.3505","4.3268","171.57K","0.03%"
"11/09/2020","4.3379","4.3643","4.3786","4.3323","156.58K","-0.51%"
"11/06/2020","4.3603","4.3443","4.3679","4.3323","140.56K","0.38%"
"11/05/2020","4.3438","4.3075","4.3566","4.3014","131.46K","0.89%"
"11/04/2020","4.3056","4.3028","4.3233","4.2621","150.84K","0.10%"
"11/03/2020","4.3011","4.2761","4.3124","4.2731","93.44K","0.62%"
"11/02/2020","4.2748","4.2821","4.2821","4.2689","91.19K","-0.07%"
"10/30/2020","4.2777","4.2878","4.2994","4.2754","123.61K","-0.23%"
"10/29/2020","4.2876","4.3143","4.3194","4.2790","155.55K","-0.61%"
"10/28/2020","4.3137","4.3327","4.3336","4.3040","118.26K","-0.42%"
"10/27/2020","4.3321","4.3380","4.3488","4.3316","94.51K","-0.10%"
"10/26/2020","4.3365","4.3556","4.3568","4.3352","89.13K","-0.44%"
"10/23/2020","4.3556","4.3411","4.3583","4.3293","102.84K","0.36%"
"10/22/2020","4.3401","4.3575","4.3591","4.3386","98.90K","-0.35%"
"10/21/2020","4.3552","4.3422","4.3643","4.3419","109.48K","0.32%"
"10/20/2020","4.3412","4.3229","4.3495","4.3194","88.36K","0.46%"
"10/19/2020","4.3214","4.3055","4.3323","4.2985","83.45K","0.41%"
"10/16/2020","4.3038","4.3005","4.3147","4.2951","107.00K","0.10%"
"10/15/2020","4.2994","4.3151","4.3194","4.2931","100.91K","-0.34%"
"10/14/2020","4.3141","4.3142","4.3239","4.3047","109.43K","0.02%"
"10/13/2020","4.3133","4.3389","4.3405","4.3088","113.82K","-0.59%"
"10/12/2020","4.3387","4.3413","4.3444","4.3292","96.87K","-0.09%"
"10/09/2020","4.3427","4.3193","4.3463","4.3169","83.61K","0.56%"
"10/08/2020","4.3185","4.3204","4.3279","4.3095","126.80K","-0.02%"
"10/07/2020","4.3192","4.3101","4.3279","4.3066","114.51K","0.24%"
"10/06/2020","4.3089","4.3278","4.3375","4.3092","120.43K","-0.42%"
"10/05/2020","4.3269","4.3035","4.3337","4.3000","92.78K","0.57%"
"10/02/2020","4.3023","4.3152","4.3162","4.2959","138.37K","-0.28%"
"10/01/2020","4.3144","4.3050","4.3233","4.3036","129.29K","0.25%"
"09/30/2020","4.3038","4.3130","4.3182","4.2919","104.99K","-0.20%"
"09/29/2020","4.3126","4.2849","4.3147","4.2831","90.55K","0.67%"
"09/28/2020","4.2840","4.2748","4.2905","4.2660","71.17K","0.29%"
"09/25/2020","4.2715","4.2865","4.2923","4.2653","117.86K","-0.36%"
"09/24/2020","4.2869","4.2831","4.2934","4.2704","144.90K","0.11%"
"09/23/2020","4.2821","4.3007","4.3047","4.2794","146.25K","-0.40%"
"09/22/2020","4.2994","4.3232","4.3250","4.2944","133.99K","-0.53%"
"09/21/2020","4.3225","4.3520","4.3609","4.3090","144.26K","-0.58%"
"09/18/2020","4.3475","4.3521","4.3604","4.3440","108.81K","-0.09%"
"09/17/2020","4.3512","4.3401","4.3541","4.3110","128.04K","0.28%"
"09/16/2020","4.3390","4.3524","4.3650","4.3295","106.47K","-0.26%"
"09/15/2020","4.3504","4.3580","4.3713","4.3486","81.54K","-0.20%"
"09/14/2020","4.3589","4.3488","4.3668","4.3449","70.79K","0.20%"
"09/11/2020","4.3504","4.3394","4.3619","4.3387","88.81K","0.27%"
"09/10/2020","4.3387","4.3347","4.3774","4.3343","100.72K","0.09%"
"09/09/2020","4.3346","4.3256","4.3470","4.3169","111.63K","0.23%"
"09/08/2020","4.3247","4.3407","4.3446","4.3215","113.16K","-0.35%"
"09/07/2020","4.3401","4.3464","4.3523","4.3383","76.17K","-0.17%"
"09/04/2020","4.3475","4.3527","4.3583","4.3271","103.27K","-0.10%"
"09/03/2020","4.3519","4.3534","4.3583","4.3301","111.07K","-0.03%"
"09/02/2020","4.3534","4.3748","4.3822","4.3422","109.60K","-0.48%"
"09/01/2020","4.3743","4.3843","4.4124","4.3713","110.16K","-0.22%"
"08/31/2020","4.3839","4.3706","4.3955","4.3650","91.14K","0.28%"
"08/28/2020","4.3717","4.3422","4.3786","4.3382","103.26K","0.69%"
"08/27/2020","4.3416","4.3457","4.3716","4.3204","112.28K","-0.07%"
"08/26/2020","4.3446","4.3467","4.3494","4.3239","106.36K","-0.03%"
"08/25/2020","4.3460","4.3315","4.3509","4.3281","106.32K","0.39%"
"08/24/2020","4.3291","4.3295","4.3528","4.3282","89.28K","-0.07%"
"08/21/2020","4.3321","4.3561","4.3649","4.3172","102.28K","-0.54%"
"08/20/2020","4.3556","4.3486","4.3598","4.3348","117.18K","0.20%"
"08/19/2020","4.3471","4.3822","4.3907","4.3451","113.04K","-0.79%"
"08/18/2020","4.3817","4.3600","4.3955","4.3582","106.95K","0.52%"
"08/17/2020","4.3592","4.3491","4.3643","4.3448","88.33K","0.23%"
"08/14/2020","4.3490","4.3398","4.3533","4.3279","85.44K","0.25%"
"08/13/2020","4.3383","4.3292","4.3582","4.3271","100.86K","0.25%"
"08/12/2020","4.3273","4.3122","4.3400","4.3014","88.49K","0.36%"
"08/11/2020","4.3116","4.3113","4.3373","4.3057","109.21K","0.03%"
"08/10/2020","4.3105","4.3299","4.3352","4.3106","91.86K","-0.42%"
"08/07/2020","4.3288","4.3624","4.3654","4.3178","107.11K","-0.75%"
"08/06/2020","4.3615","4.3575","4.3771","4.3407","125.31K","0.12%"
"08/05/2020","4.3563","4.3348","4.3733","4.3313","111.60K","0.51%"
"08/04/2020","4.3343","4.3205","4.3369","4.3052","96.02K","0.34%"
"08/03/2020","4.3196","4.3281","4.3333","4.2962","99.95K","-0.14%"
"07/31/2020","4.3255","4.3510","4.3745","4.3197","118.58K","-0.58%"
"07/30/2020","4.3508","4.3296","4.3523","4.3088","124.39K","0.48%"
"07/29/2020","4.3300","4.3032","4.3366","4.3025","102.61K","0.64%"
"07/28/2020","4.3023","4.3162","4.3250","4.2970","107.16K","-0.32%"
"07/27/2020","4.3159","4.2779","4.3277","4.2744","103.89K","0.83%"
"07/24/2020","4.2803","4.2597","4.2828","4.2537","114.27K","0.52%"
"07/23/2020","4.2582","4.2516","4.2709","4.2386","109.15K","0.22%"
"07/22/2020","4.2487","4.2339","4.2614","4.2266","106.30K","0.37%"
"07/21/2020","4.2329","4.2048","4.2390","4.1957","96.58K","0.70%"
"07/20/2020","4.2033","4.1905","4.2126","4.1880","94.85K","0.16%"
"07/17/2020","4.1965","4.1815","4.2038","4.1789","111.55K","0.38%"
"07/16/2020","4.1807","4.1915","4.2032","4.1764","125.18K","-0.24%"
"07/15/2020","4.1907","4.1872","4.2066","4.1839","121.42K","0.12%"
"07/14/2020","4.1855","4.1662","4.1908","4.1596","128.12K","0.48%"
"07/13/2020","4.1653","4.1503","4.1782","4.1494","97.54K","0.38%"
"07/10/2020","4.1495","4.1449","4.1600","4.1340","99.70K","0.12%"
"07/09/2020","4.1444","4.1613","4.1769","4.1431","110.23K","-0.40%"
"07/08/2020","4.1609","4.1406","4.1700","4.1367","122.01K","0.52%"
"07/07/2020","4.1394","4.1535","4.1630","4.1353","127.01K","-0.33%"
"07/06/2020","4.1533","4.1294","4.1677","4.1286","97.71K","0.53%"
"07/03/2020","4.1312","4.1284","4.1337","4.1206","118.94K","0.09%"
"07/02/2020","4.1273","4.1330","4.1520","4.1221","113.17K","-0.11%"
"07/01/2020","4.1319","4.1259","4.1417","4.1083","104.38K","0.17%"
"06/30/2020","4.1249","4.1290","4.1368","4.1104","132.94K","-0.08%"
"06/29/2020","4.1283","4.1238","4.1466","4.1198","125.27K","0.21%"
"06/26/2020","4.1198","4.1210","4.1288","4.1119","124.91K","0.01%"
"06/25/2020","4.1194","4.1325","4.1364","4.1102","136.75K","-0.30%"
"06/24/2020","4.1319","4.1536","4.1603","4.1315","126.11K","-0.50%"
"06/23/2020","4.1525","4.1356","4.1691","4.1258","136.06K","0.43%"
"06/22/2020","4.1348","4.1084","4.1396","4.1020","109.74K","0.74%"
"06/19/2020","4.1044","4.1161","4.1342","4.1021","129.54K","-0.24%"
"06/18/2020","4.1143","4.1301","4.1372","4.1086","132.76K","-0.36%"
"06/17/2020","4.1293","4.1374","4.1488","4.1164","144.48K","-0.17%"
"06/16/2020","4.1364","4.1589","4.1704","4.1241","127.25K","-0.53%"
"06/15/2020","4.1583","4.1305","4.1631","4.1233","132.07K","0.60%"
"06/12/2020","4.1334","4.1502","4.1658","4.1184","125.39K","-0.38%"
"06/11/2020","4.1493","4.1776","4.1888","4.1460","149.58K","-0.63%"
"06/10/2020","4.1756","4.1661","4.1958","4.1589","127.37K","0.28%"
"06/09/2020","4.1639","4.1493","4.1747","4.1288","126.73K","0.40%"
"06/08/2020","4.1473","4.1465","4.1582","4.1388","96.39K","0.07%"
"06/05/2020","4.1444","4.1642","4.1817","4.1425","125.97K","-0.46%"
"06/04/2020","4.1635","4.1264","4.1736","4.1117","131.33K","0.93%"
"06/03/2020","4.1253","4.1031","4.1350","4.1017","143.81K","0.56%"
"06/02/2020","4.1022","4.0906","4.1127","4.0826","136.02K","0.32%"
"06/01/2020","4.0893","4.0759","4.0972","4.0756","108.49K","0.32%"
"05/29/2020","4.0761","4.0686","4.0941","4.0660","126.95K","0.20%"
"05/28/2020","4.0680","4.0422","4.0750","4.0371","128.89K","0.66%"
"05/27/2020","4.0412","4.0335","4.0521","4.0160","130.91K","0.21%"
"05/26/2020","4.0327","4.0036","4.0392","4.0005","104.70K","0.74%"
"05/25/2020","4.0030","4.0047","4.0094","3.9927","68.06K","0.00%"
"05/22/2020","4.0030","4.0219","4.0259","3.9983","121.71K","-0.46%"
"05/21/2020","4.0213","4.0329","4.0440","4.0171","113.11K","-0.26%"
"05/20/2020","4.0316","4.0120","4.0405","4.0100","119.91K","0.51%"
"05/19/2020","4.0111","4.0083","4.0322","4.0043","114.77K","0.09%"
"05/18/2020","4.0073","3.9727","4.0136","3.9665","90.79K","0.89%"
"05/15/2020","3.9720","3.9687","3.9856","3.9627","98.53K","0.10%"
"05/14/2020","3.9682","3.9738","3.9762","3.9575","116.34K","-0.11%"
"05/13/2020","3.9725","3.9844","4.0025","3.9709","120.11K","-0.28%"
"05/12/2020","3.9835","3.9696","3.9983","3.9611","127.28K","0.37%"
"05/11/2020","3.9688","3.9808","3.9857","3.9672","100.43K","-0.31%"
"05/08/2020","3.9813","3.9794","3.9950","3.9722","105.44K","0.08%"
"05/07/2020","3.9783","3.9650","3.9798","3.9544","109.34K","0.35%"
"05/06/2020","3.9643","3.9803","3.9848","3.9602","111.44K","-0.39%"
"05/05/2020","3.9797","4.0063","4.0135","3.9764","108.94K","-0.65%"
"05/04/2020","4.0056","4.0331","4.0331","4.0019","90.38K","-0.66%"
"05/01/2020","4.0324","4.0241","4.0472","4.0163","98.29K","0.22%"
"04/30/2020","4.0234","3.9934","4.0304","3.9788","128.88K","0.74%"
"04/29/2020","3.9937","3.9739","3.9987","3.9734","140.41K","0.52%"
"04/28/2020","3.9732","3.9778","3.9998","3.9703","143.71K","-0.10%"
"04/27/2020","3.9771","3.9701","3.9899","3.9697","123.39K","0.08%"
"04/24/2020","3.9740","3.9588","3.9782","3.9399","126.72K","0.41%"
"04/23/2020","3.9578","3.9755","3.9843","3.9506","127.10K","-0.43%"
"04/22/2020","3.9749","3.9878","3.9987","3.9676","125.39K","-0.31%"
"04/21/2020","3.9872","3.9900","3.9969","3.9727","126.72K","-0.05%"
"04/20/2020","3.9892","3.9942","4.0029","3.9818","119.15K","-0.10%"
"04/17/2020","3.9931","3.9797","4.0013","3.9711","136.40K","0.34%"
"04/16/2020","3.9795","4.0076","4.0087","3.9731","137.24K","-0.66%"
"04/15/2020","4.0059","4.0335","4.0374","3.9878","118.70K","-0.66%"
"04/14/2020","4.0324","4.0093","4.0360","4.0052","117.84K","0.61%"
"04/13/2020","4.0078","4.0188","4.0289","4.0008","66.99K","-0.20%"
"04/10/2020","4.0158","4.0145","4.0230","4.0106","66.20K","0.06%"
"04/09/2020","4.0133","3.9880","4.0229","3.9818","123.80K","0.65%"
"04/08/2020","3.9872","4.0002","4.0051","3.9778","135.94K","-0.30%"
"04/07/2020","3.9993","3.9643","4.0131","3.9609","144.45K","0.91%"
"04/06/2020","3.9633","3.9719","3.9799","3.9550","117.85K","-0.16%"
"04/03/2020","3.9696","3.9883","3.9911","3.9569","121.11K","-0.45%"
"04/02/2020","3.9874","4.0272","4.0293","3.9746","134.89K","-0.96%"
"04/01/2020","4.0261","4.0516","4.0552","4.0047","132.87K","-0.61%"
"03/31/2020","4.0507","4.0573","4.0609","4.0132","140.12K","-0.17%"
"03/30/2020","4.0577","4.0904","4.0938","4.0440","125.13K","-0.82%"
"03/27/2020","4.0914","4.0513","4.0946","4.0233","140.91K","1.01%"
"03/26/2020","4.0504","3.9966","4.0623","3.9924","139.38K","1.37%"
"03/25/2020","3.9958","3.9625","4.0016","3.9525","145.70K","0.86%"
"03/24/2020","3.9618","3.9394","3.9997","3.9381","143.73K","0.61%"
"03/23/2020","3.9376","3.9288","3.9774","3.9069","145.80K","0.25%"
"03/20/2020","3.9277","3.9271","3.9786","3.9072","163.01K","0.04%"
"03/19/2020","3.9261","4.0093","4.0339","3.9134","155.18K","-2.05%"
"03/18/2020","4.0081","4.0392","4.0573","3.9676","146.70K","-0.76%"
"03/17/2020","4.0386","4.1073","4.1102","4.0237","140.22K","-1.66%"
"03/16/2020","4.1066","4.0715","4.1275","4.0571","140.41K","0.69%"
"03/13/2020","4.0786","4.1084","4.1221","4.0603","154.02K","-0.70%"
"03/12/2020","4.1073","4.1392","4.1631","4.0606","145.62K","-0.75%"
"03/11/2020","4.1383","4.1433","4.1753","4.1349","144.41K","-0.10%"
"03/10/2020","4.1426","4.2042","4.2091","4.1413","138.48K","-1.46%"
"03/09/2020","4.2041","4.1477","4.2220","4.1448","146.04K","1.43%"
"03/06/2020","4.1448","4.1287","4.1712","4.1182","127.81K","0.42%"
"03/05/2020","4.1276","4.0904","4.1307","4.0841","104.26K","0.94%"
"03/04/2020","4.0893","4.1034","4.1094","4.0752","107.38K","-0.33%"
"03/03/2020","4.1029","4.0895","4.1189","4.0753","119.59K","0.35%"
"03/02/2020","4.0886","4.0416","4.1090","4.0416","117.26K","0.97%"
"02/28/2020","4.0493","4.0409","4.0602","4.0220","104.74K","0.25%"
"02/27/2020","4.0393","3.9978","4.0429","3.9959","100.18K","1.09%"
"02/26/2020","3.9956","3.9968","4.0072","3.9867","103.21K","0.00%"
"02/25/2020","3.9956","3.9869","4.0005","3.9778","102.77K","0.25%"
"02/24/2020","3.9857","3.9820","3.9936","3.9686","85.59K","0.08%"
"02/21/2020","3.9824","3.9615","3.9907","3.9609","76.19K","0.57%"
"02/20/2020","3.9600","3.9692","3.9749","3.9583","86.86K","-0.20%"
"02/19/2020","3.9681","3.9637","3.9716","3.9602","86.77K","0.12%"
"02/18/2020","3.9633","3.9810","3.9812","3.9614","84.72K","-0.40%"
"02/17/2020","3.9791","3.9785","3.9858","3.9745","61.73K","0.04%"
"02/14/2020","3.9776","3.9820","3.9897","3.9767","75.76K","-0.09%"
"02/13/2020","3.9813","3.9942","3.9997","3.9793","77.60K","-0.29%"
"02/12/2020","3.9927","4.0095","4.0135","3.9907","75.35K","-0.39%"
"02/11/2020","4.0085","4.0075","4.0131","4.0002","76.32K","0.04%"
"02/10/2020","4.0070","4.0223","4.0252","4.0065","78.61K","-0.30%"
"02/07/2020","4.0191","4.0342","4.0353","4.0189","73.05K","-0.34%"
"02/06/2020","4.0327","4.0403","4.0458","4.0272","80.18K","-0.16%"
"02/05/2020","4.0390","4.0566","4.0582","4.0378","79.16K","-0.42%"
"02/04/2020","4.0559","4.0623","4.0644","4.0524","79.58K","-0.14%"
"02/03/2020","4.0614","4.0742","4.0756","4.0535","67.63K","-0.31%"
"01/31/2020","4.0740","4.0522","4.0759","4.0465","72.38K","0.57%"
"01/30/2020","4.0511","4.0441","4.0552","4.0423","76.98K","0.19%"
"01/29/2020","4.0434","4.0482","4.0510","4.0371","70.56K","-0.10%"
"01/28/2020","4.0473","4.0475","4.0500","4.0395","68.39K","0.01%"
"01/27/2020","4.0467","4.0482","4.0547","4.0437","69.46K","-0.04%"
"01/24/2020","4.0485","4.0605","4.0634","4.0476","60.59K","-0.26%"
"01/23/2020","4.0592","4.0745","4.0806","4.0536","56.82K","-0.35%"
"01/22/2020","4.0735","4.0713","4.0768","4.0660","65.92K","0.08%"
"01/21/2020","4.0702","4.0753","4.0841","4.0700","64.83K","-0.11%"
"01/20/2020","4.0746","4.0742","4.0784","4.0683","52.18K","0.05%"
"01/17/2020","4.0724","4.0906","4.0932","4.0718","55.02K","-0.42%"
"01/16/2020","4.0897","4.0960","4.1038","4.0873","69.93K","-0.12%"
"01/15/2020","4.0948","4.0879","4.1009","4.0838","78.64K","0.20%"
"01/14/2020","4.0867","4.0901","4.0939","4.0785","80.54K","-0.05%"
"01/13/2020","4.0889","4.0864","4.0946","4.0816","68.80K","0.12%"
"01/10/2020","4.0842","4.0792","4.0883","4.0715","67.98K","0.14%"
"01/09/2020","4.0786","4.0791","4.0851","4.0745","75.92K","0.01%"
"01/08/2020","4.0783","4.0964","4.1026","4.0778","91.70K","-0.43%"
"01/07/2020","4.0959","4.1121","4.1132","4.0891","75.78K","-0.40%"
"01/06/2020","4.1124","4.1021","4.1164","4.0974","62.22K","0.32%"
"01/03/2020","4.0992","4.1037","4.1068","4.0860","57.99K","-0.10%"
"01/02/2020","4.1033","4.1181","4.1238","4.1003","46.22K","-0.34%"
"01/01/2020","4.1172","4.1185","4.1224","4.1157","2.47K","0.00%"
"12/31/2019","4.1172","4.1130","4.1287","4.1130","44.94K","0.12%"
"12/30/2019","4.1124","4.1047","4.1224","4.1028","53.60K","0.19%"
"12/27/2019","4.1044","4.0755","4.1097","4.0754","53.12K","0.72%"
"12/26/2019","4.0751","4.0739","4.0809","4.0704","32.42K","0.06%"
"12/25/2019","4.0728","4.0732","4.0799","4.0671","19.39K","0.02%"
"12/24/2019","4.0720","4.0732","4.0753","4.0655","59.48K","0.01%"
"12/23/2019","4.0717","4.0701","4.0760","4.0658","49.93K","0.07%"
"12/20/2019","4.0687","4.0853","4.0869","4.0645","51.08K","-0.38%"
"12/19/2019","4.0842","4.0820","4.0938","4.0798","56.36K","0.08%"
"12/18/2019","4.0808","4.0956","4.0975","4.0809","57.27K","-0.34%"
"12/17/2019","4.0948","4.0930","4.1050","4.0875","60.61K","0.06%"
"12/16/2019","4.0922","4.0852","4.0988","4.0851","56.46K","0.21%"
"12/13/2019","4.0838","4.0880","4.1142","4.0813","82.84K","-0.08%"
"12/12/2019","4.0871","4.0882","4.0974","4.0781","71.08K","0.00%"
"12/11/2019","4.0871","4.0740","4.0939","4.0659","65.99K","0.32%"
"12/10/2019","4.0739","4.0638","4.0767","4.0631","61.99K","0.27%"
"12/09/2019","4.0629","4.0604","4.0693","4.0595","45.13K","0.05%"
"12/06/2019","4.0610","4.0783","4.0810","4.0550","48.79K","-0.42%"
"12/05/2019","4.0783","4.0695","4.0805","4.0684","56.75K","0.25%"
"12/04/2019","4.0680","4.0704","4.0833","4.0648","67.64K","-0.04%"
"12/03/2019","4.0698","4.0695","4.0750","4.0644","69.50K","0.03%"
"12/02/2019","4.0684","4.0456","4.0736","4.0413","63.95K","0.56%"
"11/29/2019","4.0456","4.0436","4.0513","4.0333","58.91K","0.07%"
"11/28/2019","4.0427","4.0399","4.0475","4.0397","62.55K","0.08%"
"11/27/2019","4.0393","4.0479","4.0498","4.0370","64.91K","-0.18%"
"11/26/2019","4.0467","4.0451","4.0502","4.0429","64.01K","0.05%"
"11/25/2019","4.0445","4.0493","4.0525","4.0416","59.13K","-0.09%"
"11/22/2019","4.0482","4.0622","4.0722","4.0457","67.15K","-0.32%"
"11/21/2019","4.0610","4.0676","4.0763","4.0594","74.24K","-0.14%"
"11/20/2019","4.0665","4.0686","4.0708","4.0598","79.06K","-0.05%"
"11/19/2019","4.0685","4.0669","4.0715","4.0633","70.91K","0.07%"
"11/18/2019","4.0658","4.0595","4.0739","4.0581","67.36K","0.18%"
"11/15/2019","4.0584","4.0485","4.0617","4.0456","70.98K","0.26%"
"11/14/2019","4.0478","4.0423","4.0507","4.0363","70.82K","0.14%"
"11/13/2019","4.0423","4.0440","4.0482","4.0381","67.93K","-0.01%"
"11/12/2019","4.0427","4.0524","4.0547","4.0412","66.91K","-0.22%"
"11/11/2019","4.0518","4.0486","4.0567","4.0464","51.57K","0.13%"
"11/08/2019","4.0467","4.0590","4.0610","4.0462","61.12K","-0.27%"
"11/07/2019","4.0577","4.0651","4.0745","4.0535","94.73K","-0.16%"
"11/06/2019","4.0640","4.0680","4.0750","4.0638","83.50K","-0.08%"
"11/05/2019","4.0673","4.0873","4.0919","4.0637","85.62K","-0.47%"
"11/04/2019","4.0864","4.0999","4.1048","4.0857","67.74K","-0.35%"
"11/01/2019","4.1006","4.0958","4.1035","4.0870","68.05K","0.14%"
"10/31/2019","4.0949","4.0956","4.1048","4.0880","85.02K","0.01%"
"10/30/2019","4.0943","4.0813","4.0961","4.0693","72.07K","0.34%"
"10/29/2019","4.0806","4.0770","4.0840","4.0669","57.53K","0.11%"
"10/28/2019","4.0761","4.0702","4.0798","4.0678","50.62K","0.19%"
"10/25/2019","4.0684","4.0785","4.0858","4.0668","67.90K","-0.24%"
"10/24/2019","4.0782","4.0884","4.1002","4.0741","78.06K","-0.22%"
"10/23/2019","4.0873","4.0862","4.0919","4.0792","81.17K","0.04%"
"10/22/2019","4.0855","4.0954","4.0985","4.0837","81.36K","-0.21%"
"10/21/2019","4.0943","4.0929","4.1066","4.0908","74.64K","-0.19%"
"10/18/2019","4.1022","4.0862","4.1041","4.0823","72.40K","0.43%"
"10/17/2019","4.0848","4.0669","4.0921","4.0641","87.06K","0.47%"
"10/16/2019","4.0658","4.0525","4.0722","4.0482","89.01K","0.35%"
"10/15/2019","4.0515","4.0509","4.0576","4.0370","90.15K","0.03%"
"10/14/2019","4.0504","4.0566","4.0588","4.0448","72.17K","-0.11%"
"10/11/2019","4.0548","4.0427","4.0638","4.0406","95.30K","0.33%"
"10/10/2019","4.0415","4.0298","4.0534","4.0294","93.73K","0.32%"
"10/09/2019","4.0287","4.0243","4.0370","4.0226","77.11K","0.14%"
"10/08/2019","4.0231","4.0298","4.0392","4.0186","80.79K","-0.15%"
"10/07/2019","4.0291","4.0316","4.0409","4.0264","65.50K","-0.05%"
"10/04/2019","4.0313","4.0269","4.0384","4.0245","78.10K","0.11%"
"10/03/2019","4.0267","4.0254","4.0405","4.0186","76.00K","0.05%"
"10/02/2019","4.0247","4.0155","4.0275","4.0048","61.23K","0.26%"
"10/01/2019","4.0143","4.0036","4.0197","3.9957","68.03K","0.29%"
"09/30/2019","4.0025","4.0184","4.0216","3.9978","61.95K","-0.37%"
"09/27/2019","4.0173","4.0111","4.0256","4.0054","73.53K","0.16%"
"09/26/2019","4.0108","4.0194","4.0289","4.0068","81.87K","-0.19%"
"09/25/2019","4.0184","4.0476","4.0493","4.0174","73.68K","-0.69%"
"09/24/2019","4.0465","4.0381","4.0495","4.0340","69.23K","0.24%"
"09/23/2019","4.0367","4.0462","4.0502","4.0278","63.76K","-0.24%"
"09/20/2019","4.0463","4.0558","4.0658","4.0388","67.06K","-0.21%"
"09/19/2019","4.0548","4.0515","4.0677","4.0487","70.64K","0.10%"
"09/18/2019","4.0507","4.0672","4.0686","4.0455","70.01K","-0.38%"
"09/17/2019","4.0662","4.0410","4.0682","4.0364","79.92K","0.65%"
"09/16/2019","4.0401","4.0722","4.0744","4.0378","77.87K","-0.65%"
"09/13/2019","4.0667","4.0634","4.0809","4.0605","82.55K","0.10%"
"09/12/2019","4.0625","4.0445","4.0726","4.0135","90.68K","0.47%"
"09/11/2019","4.0434","4.0563","4.0613","4.0346","76.03K","-0.31%"
"09/10/2019","4.0558","4.0575","4.0627","4.0514","73.92K","-0.03%"
"09/09/2019","4.0569","4.0491","4.0656","4.0459","69.21K","0.17%"
"09/06/2019","4.0499","4.0531","4.0616","4.0476","85.19K","-0.06%"
"09/05/2019","4.0525","4.0532","4.0718","4.0465","92.24K","0.00%"
"09/04/2019","4.0526","4.0308","4.0548","4.0285","95.37K","0.57%"
"09/03/2019","4.0298","4.0286","4.0329","4.0131","95.66K","0.05%"
"09/02/2019","4.0276","4.0363","4.0405","4.0247","67.94K","-0.21%"
"08/30/2019","4.0360","4.0612","4.0630","4.0267","85.30K","-0.60%"
"08/29/2019","4.0603","4.0687","4.0745","4.0557","85.27K","-0.20%"
"08/28/2019","4.0684","4.0735","4.0768","4.0671","85.78K","-0.11%"
"08/27/2019","4.0730","4.0777","4.0833","4.0718","85.61K","-0.09%"
"08/26/2019","4.0768","4.0939","4.1012","4.0748","95.43K","-0.40%"
"08/23/2019","4.0930","4.0697","4.0971","4.0592","91.94K","0.60%"
"08/22/2019","4.0687","4.0717","4.0821","4.0637","83.40K","-0.05%"
"08/21/2019","4.0706","4.0771","4.0804","4.0700","82.77K","-0.14%"
"08/20/2019","4.0764","4.0694","4.0799","4.0645","84.53K","0.21%"
"08/19/2019","4.0680","4.0742","4.0826","4.0682","72.91K","-0.12%"
"08/16/2019","4.0727","4.0813","4.0820","4.0657","75.92K","-0.18%"
"08/15/2019","4.0802","4.0915","4.0991","4.0737","93.18K","-0.26%"
"08/14/2019","4.0908","4.1029","4.1108","4.0883","92.82K","-0.27%"
"08/13/2019","4.1020","4.1191","4.1248","4.1028","93.24K","-0.38%"
"08/12/2019","4.1176","4.1153","4.1255","4.0998","73.26K","0.12%"
"08/09/2019","4.1127","4.1068","4.1224","4.1061","89.76K","0.18%"
"08/08/2019","4.1055","4.1136","4.1260","4.1055","102.74K","-0.17%"
"08/07/2019","4.1124","4.1137","4.1295","4.1062","106.77K","-0.01%"
"08/06/2019","4.1128","4.1147","4.1325","4.1020","107.21K","-0.03%"
"08/05/2019","4.1140","4.0782","4.1189","4.0781","101.72K","0.86%"
"08/02/2019","4.0790","4.0717","4.0834","4.0660","98.61K","0.21%"
"08/01/2019","4.0706","4.0682","4.0757","4.0499","105.57K","0.08%"
"07/31/2019","4.0673","4.0974","4.1003","4.0623","86.05K","-0.71%"
"07/30/2019","4.0963","4.0933","4.0998","4.0886","79.85K","0.08%"
"07/29/2019","4.0930","4.0869","4.0961","4.0817","64.92K","0.17%"
"07/26/2019","4.0860","4.0943","4.0961","4.0814","67.14K","-0.19%"
"07/25/2019","4.0936","4.0922","4.1097","4.0774","81.01K","0.06%"
"07/24/2019","4.0911","4.0964","4.0988","4.0869","81.48K","-0.15%"
"07/23/2019","4.0973","4.1175","4.1178","4.0938","75.91K","-0.47%"
"07/22/2019","4.1165","4.1205","4.1234","4.1158","67.13K","-0.11%"
"07/19/2019","4.1209","4.1422","4.1442","4.1150","87.75K","-0.49%"
"07/18/2019","4.1411","4.1227","4.1438","4.1156","84.16K","0.46%"
"07/17/2019","4.1220","4.1178","4.1266","4.1137","75.07K","0.13%"
"07/16/2019","4.1168","4.1350","4.1377","4.1143","73.75K","-0.43%"
"07/15/2019","4.1345","4.1391","4.1452","4.1332","66.12K","-0.11%"
"07/12/2019","4.1389","4.1337","4.1418","4.1277","79.37K","0.14%"
"07/11/2019","4.1330","4.1326","4.1457","4.1302","85.10K","0.04%"
"07/10/2019","4.1315","4.1167","4.1375","4.1143","83.50K","0.38%"
"07/09/2019","4.1157","4.1192","4.1213","4.1115","73.53K","-0.05%"
"07/08/2019","4.1179","4.1224","4.1268","4.1164","70.35K","-0.10%"
"07/05/2019","4.1220","4.1450","4.1465","4.1163","81.83K","-0.54%"
"07/04/2019","4.1443","4.1424","4.1492","4.1406","61.76K","0.06%"
"07/03/2019","4.1418","4.1451","4.1549","4.1386","76.53K","-0.05%"
"07/02/2019","4.1440","4.1452","4.1582","4.1413","79.28K","-0.02%"
"07/01/2019","4.1448","4.1765","4.1785","4.1435","77.60K","-0.73%"
"06/28/2019","4.1752","4.1758","4.1852","4.1693","66.09K","-0.01%"
"06/27/2019","4.1756","4.1760","4.1810","4.1677","68.01K","0.01%"
"06/26/2019","4.1752","4.1750","4.1842","4.1681","75.49K","0.04%"
"06/25/2019","4.1735","4.1867","4.1922","4.1666","74.48K","-0.30%"
"06/24/2019","4.1860","4.1730","4.1891","4.1730","60.46K","0.28%"
"06/21/2019","4.1745","4.1478","4.1795","4.1439","74.57K","0.66%"
"06/20/2019","4.1470","4.1235","4.1575","4.1230","76.91K","0.60%"
"06/19/2019","4.1224","4.1108","4.1337","4.1089","59.20K","0.30%"
"06/18/2019","4.1101","4.1206","4.1300","4.1068","67.40K","-0.24%"
"06/17/2019","4.1198","4.1204","4.1315","4.1150","57.35K","0.09%"
"06/14/2019","4.1161","4.1441","4.1472","4.1144","70.91K","-0.60%"
"06/13/2019","4.1411","4.1457","4.1525","4.1388","83.32K","-0.11%"
"06/12/2019","4.1455","4.1601","4.1670","4.1438","86.90K","-0.37%"
"06/11/2019","4.1609","4.1549","4.1648","4.1512","82.48K","0.15%"
"06/10/2019","4.1546","4.1595","4.1621","4.1468","70.13K","-0.17%"
"06/07/2019","4.1615","4.1417","4.1687","4.1323","76.80K","0.50%"
"06/06/2019","4.1407","4.1246","4.1540","4.1191","96.18K","0.49%"
"06/05/2019","4.1204","4.1325","4.1535","4.1206","96.27K","-0.29%"
"06/04/2019","4.1322","4.1290","4.1428","4.1234","94.70K","0.10%"
"06/03/2019","4.1282","4.1021","4.1372","4.0975","93.78K","0.53%"
"05/31/2019","4.1066","4.0897","4.1079","4.0862","128.02K","0.46%"
"05/30/2019","4.0877","4.0886","4.0938","4.0828","104.51K","0.01%"
"05/29/2019","4.0873","4.0994","4.1045","4.0858","118.29K","-0.28%"
"05/28/2019","4.0988","4.1129","4.1153","4.0986","107.32K","-0.31%"
"05/27/2019","4.1117","4.1124","4.1199","4.1086","79.07K","-0.06%"
"05/24/2019","4.1143","4.1069","4.1185","4.1044","92.89K","0.21%"
"05/23/2019","4.1057","4.0954","4.1097","4.0795","107.72K","0.25%"
"05/22/2019","4.0955","4.0993","4.1072","4.0942","95.40K","-0.06%"
"05/21/2019","4.0981","4.1030","4.1096","4.0921","100.00K","-0.09%"
"05/20/2019","4.1018","4.0984","4.1054","4.0951","84.01K","0.08%"
"05/17/2019","4.0985","4.1045","4.1085","4.0970","103.00K","-0.12%"
"05/16/2019","4.1033","4.1145","4.1235","4.1011","105.35K","-0.25%"
"05/15/2019","4.1135","4.1185","4.1235","4.1053","112.72K","-0.09%"
"05/14/2019","4.1172","4.1227","4.1309","4.1139","100.07K","-0.12%"
"05/13/2019","4.1220","4.1290","4.1384","4.1219","95.16K","-0.09%"
"05/10/2019","4.1257","4.1197","4.1343","4.1188","129.26K","0.17%"
"05/09/2019","4.1187","4.1107","4.1334","4.1037","132.61K","0.21%"
"05/08/2019","4.1102","4.1105","4.1196","4.1073","131.09K","0.01%"
"05/07/2019","4.1099","4.1136","4.1221","4.1013","136.02K","-0.06%"
"05/06/2019","4.1124","4.1151","4.1178","4.0990","107.45K","-0.03%"
"05/03/2019","4.1135","4.1059","4.1167","4.0898","105.77K","0.21%"
"05/02/2019","4.1047","4.1147","4.1216","4.1028","106.26K","-0.16%"
"05/01/2019","4.1113","4.1193","4.1384","4.1093","81.69K","-0.18%"
"04/30/2019","4.1187","4.1087","4.1255","4.1047","104.90K","0.27%"
"04/29/2019","4.1077","4.0964","4.1107","4.0921","83.59K","0.33%"
"04/26/2019","4.0942","4.0889","4.1049","4.0811","117.50K","0.16%"
"04/25/2019","4.0878","4.0969","4.1007","4.0835","128.50K","-0.20%"
"04/24/2019","4.0959","4.1238","4.1259","4.0918","146.24K","-0.66%"
"04/23/2019","4.1231","4.1357","4.1372","4.1106","129.85K","-0.28%"
"04/22/2019","4.1345","4.1303","4.1377","4.1266","76.23K","0.10%"
"04/19/2019","4.1304","4.1288","4.1337","4.1242","94.29K","0.15%"
"04/18/2019","4.1242","4.1495","4.1530","4.1232","130.98K","-0.58%"
"04/17/2019","4.1481","4.1437","4.1600","4.1427","132.04K","0.13%"
"04/16/2019","4.1429","4.1540","4.1564","4.1427","120.14K","-0.24%"
"04/15/2019","4.1528","4.1505","4.1589","4.1484","97.08K","0.06%"
"04/12/2019","4.1503","4.1331","4.1604","4.1327","131.36K","0.45%"
"04/11/2019","4.1319","4.1408","4.1473","4.1318","128.59K","-0.20%"
"04/10/2019","4.1403","4.1368","4.1462","4.1245","128.81K","0.10%"
"04/09/2019","4.1361","4.1402","4.1457","4.1336","136.89K","0.02%"
"04/08/2019","4.1352","4.1204","4.1420","4.1185","104.11K","0.40%"
"04/05/2019","4.1187","4.1224","4.1309","4.1175","135.49K","-0.05%"
"04/04/2019","4.1209","4.1265","4.1323","4.1157","139.07K","-0.12%"
"04/03/2019","4.1260","4.1151","4.1344","4.1139","144.09K","0.28%"
"04/02/2019","4.1144","4.1197","4.1209","4.1075","148.97K","-0.08%"
"04/01/2019","4.1177","4.1205","4.1325","4.1149","118.76K","-0.05%"
"03/29/2019","4.1198","4.1217","4.1317","4.1169","151.09K","-0.08%"
"03/28/2019","4.1232","4.1314","4.1374","4.1185","157.37K","-0.14%"
"03/27/2019","4.1290","4.1389","4.1459","4.1291","164.43K","-0.19%"
"03/26/2019","4.1369","4.1552","4.1613","4.1364","147.95K","-0.42%"
"03/25/2019","4.1542","4.1564","4.1627","4.1443","118.56K","-0.02%"
"03/22/2019","4.1549","4.1778","4.1852","4.1406","164.97K","-0.52%"
"03/21/2019","4.1767","4.1923","4.2019","4.1659","154.54K","-0.34%"
"03/20/2019","4.1910","4.1694","4.2056","4.1632","143.44K","0.54%"
"03/19/2019","4.1683","4.1641","4.1740","4.1625","136.65K","0.12%"
"03/18/2019","4.1635","4.1591","4.1729","4.1568","99.73K","0.10%"
"03/15/2019","4.1594","4.1523","4.1677","4.1492","153.56K","0.20%"
"03/14/2019","4.1510","4.1604","4.1661","4.1480","176.53K","-0.20%"
"03/13/2019","4.1594","4.1459","4.1656","4.1420","165.65K","0.34%"
"03/12/2019","4.1451","4.1320","4.1536","4.1297","170.54K","0.35%"
"03/11/2019","4.1308","4.1277","4.1358","4.1219","128.21K","0.08%"
"03/08/2019","4.1273","4.1115","4.1314","4.1080","139.45K","0.38%"
"03/07/2019","4.1117","4.1533","4.1592","4.1051","140.42K","-1.00%"
"03/06/2019","4.1531","4.1532","4.1605","4.1453","141.37K","-0.01%"
"03/05/2019","4.1536","4.1648","4.1701","4.1470","145.47K","-0.27%"
"03/04/2019","4.1649","4.1800","4.1866","4.1540","112.95K","-0.33%"
"03/01/2019","4.1785","4.1807","4.1910","4.1698","159.12K","0.05%"
"02/28/2019","4.1765","4.1768","4.1950","4.1715","162.91K","0.01%"
"02/27/2019","4.1761","4.1831","4.1888","4.1721","154.02K","-0.24%"
"02/26/2019","4.1862","4.1750","4.1888","4.1666","143.52K","0.33%"
"02/25/2019","4.1723","4.1649","4.1760","4.1593","131.77K","0.14%"
"02/22/2019","4.1666","4.1641","4.1726","4.1563","155.32K","0.07%"
"02/21/2019","4.1636","4.1640","4.1757","4.1579","166.64K","-0.02%"
"02/20/2019","4.1643","4.1662","4.1779","4.1594","151.13K","-0.04%"
"02/19/2019","4.1658","4.1539","4.1719","4.1410","138.49K","0.28%"
"02/18/2019","4.1543","4.1461","4.1641","4.1446","105.93K","0.14%"
"02/15/2019","4.1485","4.1486","4.1550","4.1258","155.42K","0.00%"
"02/14/2019","4.1487","4.1364","4.1548","4.1310","156.69K","0.30%"
"02/13/2019","4.1361","4.1597","4.1670","4.1350","156.74K","-0.57%"
"02/12/2019","4.1598","4.1429","4.1660","4.1342","147.62K","0.44%"
"02/11/2019","4.1417","4.1607","4.1620","4.1373","120.75K","-0.49%"
"02/08/2019","4.1619","4.1657","4.1707","4.1578","158.25K","-0.14%"
"02/07/2019","4.1676","4.1729","4.1785","4.1591","162.17K","-0.13%"
"02/06/2019","4.1732","4.1895","4.1946","4.1720","178.13K","-0.47%"
"02/05/2019","4.1927","4.2018","4.2078","4.1870","175.56K","-0.21%"
"02/04/2019","4.2017","4.2078","4.2118","4.1952","124.02K","-0.15%"
"02/01/2019","4.2080","4.2050","4.2203","4.1993","170.92K","0.08%"
"01/31/2019","4.2046","4.2165","4.2304","4.1994","180.01K","-0.27%"
"01/30/2019","4.2161","4.1992","4.2253","4.1889","184.98K","0.40%"
"01/29/2019","4.1992","4.1985","4.2069","4.1910","185.67K","0.05%"
"01/28/2019","4.1972","4.1895","4.2045","4.1836","165.24K","0.11%"
"01/26/2019","4.1927","4.1927","4.1927","4.1927","","0.07%"
"01/25/2019","4.1899","4.1528","4.1951","4.1495","173.46K","0.89%"
"01/24/2019","4.1528","4.1798","4.1866","4.1457","160.38K","-0.66%"
"01/23/2019","4.1803","4.1720","4.1864","4.1684","144.55K","0.19%"
"01/22/2019","4.1722","4.1739","4.1822","4.1631","159.92K","-0.06%"
"01/21/2019","4.1749","4.1756","4.1903","4.1709","133.98K","-0.04%"
"01/19/2019","4.1765","4.1765","4.1765","4.1765","0.01K","0.07%"
"01/18/2019","4.1738","4.1863","4.1921","4.1697","161.29K","-0.27%"
"01/17/2019","4.1853","4.1853","4.1909","4.1757","182.85K","-0.05%"
"01/16/2019","4.1872","4.1931","4.1982","4.1787","","-0.12%"
"01/15/2019","4.1921","4.2138","4.2215","4.1800","","-0.55%"
"01/14/2019","4.2153","4.2134","4.2187","4.2017","","0.06%"
"01/12/2019","4.2127","4.2127","4.2127","4.2127","","0.00%"
"01/11/2019","4.2127","4.2237","4.2396","4.2084","159.72K","-0.27%"
"01/10/2019","4.2241","4.2400","4.2505","4.2187","","-0.37%"
"01/09/2019","4.2396","4.2031","4.2443","4.1998","","0.88%"
"01/08/2019","4.2028","4.2153","4.2194","4.1955","6.95K","-0.29%"
"01/07/2019","4.2152","4.1857","4.2188","4.1842","5.52K","0.71%"
"01/04/2019","4.1856","4.1848","4.1955","4.1673","148.48K","0.01%"
"01/03/2019","4.1852","4.1672","4.1921","4.1539","9.55K","0.45%"
"01/02/2019","4.1666","4.2111","4.2236","4.1601","9.39K","-1.05%"
"01/01/2019","4.2109","4.2116","4.2421","4.1965","3.70K","-0.06%"
"12/31/2018","4.2133","4.2034","4.2133","4.1951","","0.25%"
"12/28/2018","4.2029","4.1985","4.2158","4.1960","","0.10%"
"12/27/2018","4.1988","4.1701","4.2084","4.1688","","0.69%"
"12/26/2018","4.1701","4.1738","4.1959","4.1662","","-0.09%"
"12/25/2018","4.1737","4.1867","4.1982","4.1729","","-0.31%"
"12/24/2018","4.1868","4.1769","4.2016","4.1696","","0.24%"
"12/21/2018","4.1767","4.2039","4.2150","4.1688","","-0.66%"
"12/20/2018","4.2043","4.1786","4.2193","4.1767","","0.61%"
"12/19/2018","4.1788","4.1729","4.2030","4.1725","","0.14%"
"12/18/2018","4.1730","4.1680","4.1884","4.1639","","0.12%"
"12/17/2018","4.1681","4.1537","4.1726","4.1498","","0.34%"
"12/14/2018","4.1541","4.1730","4.1769","4.1386","","-0.47%"
"12/13/2018","4.1738","4.1760","4.1859","4.1620","","-0.05%"
"12/12/2018","4.1757","4.1562","4.1829","4.1551","","0.45%"
"12/11/2018","4.1569","4.1703","4.1878","4.1518","","-0.35%"
"12/10/2018","4.1714","4.1799","4.2038","4.1685","","-0.19%"
"12/07/2018","4.1793","4.1786","4.1965","4.1725","","0.03%"
"12/06/2018","4.1782","4.1673","4.1927","4.1583","","0.27%"
"12/05/2018","4.1669","4.1665","4.1737","4.1546","","-0.01%"
"12/04/2018","4.1673","4.1704","4.1952","4.1570","","-0.08%"
"12/03/2018","4.1705","4.1561","4.1810","4.1561","","0.33%"
"11/30/2018","4.1569","4.1852","4.1881","4.1521","","-0.66%"
"11/29/2018","4.1847","4.1758","4.1887","4.1685","","0.23%"
"11/28/2018","4.1751","4.1472","4.1828","4.1374","","0.69%"
"11/27/2018","4.1464","4.1604","4.1669","4.1414","","-0.35%"
"11/26/2018","4.1609","4.1665","4.1822","4.1592","","-0.12%"
"11/23/2018","4.1659","4.1886","4.1952","4.1601","","-0.58%"
"11/22/2018","4.1903","4.1813","4.1998","4.1792","","0.20%"
"11/21/2018","4.1818","4.1769","4.1973","4.1740","","0.12%"
"11/20/2018","4.1768","4.2066","4.2145","4.1715","","-0.71%"
"11/19/2018","4.2068","4.1949","4.2124","4.1850","","0.29%"
"11/16/2018","4.1947","4.1616","4.1959","4.1581","","0.81%"
"11/15/2018","4.1609","4.1546","4.1742","4.1400","","0.16%"
"11/14/2018","4.1542","4.1467","4.1686","4.1364","","0.16%"
"11/13/2018","4.1474","4.1209","4.1493","4.1198","","0.65%"
"11/12/2018","4.1205","4.1620","4.1627","4.1190","","-1.04%"
"11/09/2018","4.1639","4.1738","4.1767","4.1561","","-0.24%"
"11/08/2018","4.1740","4.1964","4.2049","4.1692","","-0.55%"
"11/07/2018","4.1970","4.1974","4.2252","4.1856","","0.00%"
"11/06/2018","4.1971","4.1905","4.2024","4.1839","","0.17%"
"11/05/2018","4.1899","4.1845","4.1966","4.1712","","0.17%"
"11/02/2018","4.1826","4.1902","4.2091","4.1769","","-0.19%"
"11/01/2018","4.1905","4.1549","4.1971","4.1530","","0.86%"
"10/31/2018","4.1547","4.1668","4.1738","4.1510","","-0.29%"
"10/30/2018","4.1669","4.1771","4.1829","4.1646","","-0.25%"
"10/29/2018","4.1773","4.1898","4.1935","4.1725","","-0.29%"
"10/26/2018","4.1896","4.1782","4.1951","4.1628","","0.27%"
"10/25/2018","4.1784","4.1842","4.1997","4.1707","","-0.15%"
"10/24/2018","4.1845","4.2130","4.2157","4.1792","","-0.70%"
"10/23/2018","4.2138","4.2116","4.2222","4.2013","","0.06%"
"10/22/2018","4.2112","4.2268","4.2432","4.2077","","-0.43%"
"10/19/2018","4.2293","4.2069","4.2370","4.1997","","0.54%"
"10/18/2018","4.2066","4.2240","4.2348","4.2049","","-0.42%"
"10/17/2018","4.2243","4.2515","4.2555","4.2221","","-0.64%"
"10/16/2018","4.2513","4.2531","4.2693","4.2480","","-0.04%"
"10/15/2018","4.2530","4.2457","4.2642","4.2376","","0.14%"
"10/12/2018","4.2470","4.2577","4.2650","4.2364","","-0.27%"
"10/11/2018","4.2584","4.2309","4.2611","4.2306","","0.64%"
"10/10/2018","4.2313","4.2206","4.2415","4.2166","","0.26%"
"10/09/2018","4.2204","4.2211","4.2256","4.1988","","-0.02%"
"10/08/2018","4.2211","4.2313","4.2371","4.2088","","-0.28%"
"10/05/2018","4.2329","4.2293","4.2424","4.2179","","0.09%"
"10/04/2018","4.2293","4.2157","4.2396","4.2105","","0.31%"
"10/03/2018","4.2161","4.2417","4.2591","4.2112","","-0.60%"
"10/02/2018","4.2417","4.2531","4.2542","4.2264","","-0.26%"
"10/01/2018","4.2526","4.2643","4.2720","4.2474","","-0.27%"
"09/28/2018","4.2640","4.2754","4.2801","4.2489","","-0.28%"
"09/27/2018","4.2759","4.3120","4.3193","4.2741","","-0.83%"
"09/26/2018","4.3117","4.3216","4.3334","4.3069","","-0.28%"
"09/25/2018","4.3239","4.3147","4.3319","4.3087","","0.20%"
"09/24/2018","4.3152","4.3163","4.3407","4.3060","","-0.02%"
"09/21/2018","4.3159","4.3254","4.3361","4.3091","","-0.22%"
"09/20/2018","4.3255","4.2869","4.3295","4.2851","","0.89%"
"09/19/2018","4.2874","4.2851","4.3038","4.2786","","0.04%"
"09/18/2018","4.2858","4.2919","4.3073","4.2797","","-0.13%"
"09/17/2018","4.2914","4.2694","4.2969","4.2671","","0.46%"
"09/14/2018","4.2719","4.2943","4.3064","4.2675","","-0.51%"
"09/13/2018","4.2939","4.2709","4.2987","4.2638","","0.56%"
"09/12/2018","4.2702","4.2622","4.2793","4.2497","","0.16%"
"09/11/2018","4.2633","4.2584","4.2771","4.2477","","0.11%"
"09/10/2018","4.2587","4.2459","4.2674","4.2336","","0.36%"
"09/07/2018","4.2436","4.2696","4.2795","4.2424","","-0.59%"
"09/06/2018","4.2690","4.2718","4.2828","4.2619","","-0.07%"
"09/05/2018","4.2718","4.2538","4.2755","4.2396","","0.41%"
"09/04/2018","4.2542","4.2693","4.2714","4.2347","","-0.36%"
"09/03/2018","4.2697","4.2594","4.2714","4.2546","","0.18%"
"08/31/2018","4.2619","4.2870","4.2946","4.2553","","-0.58%"
"08/30/2018","4.2867","4.2999","4.3045","4.2754","","-0.32%"
"08/29/2018","4.3006","4.2957","4.3019","4.2800","","0.11%"
"08/28/2018","4.2957","4.2896","4.3106","4.2835","","0.14%"
"08/27/2018","4.2895","4.2723","4.2954","4.2579","","0.48%"
"08/24/2018","4.2690","4.2385","4.2759","4.2363","","0.72%"
"08/23/2018","4.2386","4.2588","4.2607","4.2346","","-0.50%"
"08/22/2018","4.2598","4.2499","4.2697","4.2428","","0.23%"
"08/21/2018","4.2502","4.2175","4.2615","4.2164","","0.78%"
"08/20/2018","4.2173","4.2028","4.2191","4.1851","","0.39%"
"08/17/2018","4.2009","4.1786","4.2043","4.1742","","0.52%"
"08/16/2018","4.1790","4.1673","4.1914","4.1635","","0.28%"
"08/15/2018","4.1672","4.1668","4.1716","4.1503","","0.01%"
"08/14/2018","4.1669","4.1910","4.1988","4.1616","","-0.57%"
"08/13/2018","4.1907","4.1834","4.1999","4.1742","","-0.02%"
"08/10/2018","4.1914","4.2340","4.2377","4.1814","","-1.01%"
"08/09/2018","4.2340","4.2641","4.2682","4.2332","","-0.72%"
"08/08/2018","4.2649","4.2601","4.2715","4.2502","","0.11%"
"08/07/2018","4.2604","4.2443","4.2645","4.2413","","0.39%"
"08/06/2018","4.2438","4.2504","4.2511","4.2342","","-0.12%"
"08/03/2018","4.2489","4.2548","4.2651","4.2456","","-0.14%"
"08/02/2018","4.2550","4.2829","4.2862","4.2542","","-0.65%"
"08/01/2018","4.2829","4.2942","4.2979","4.2811","","-0.27%"
"07/31/2018","4.2945","4.3000","4.3143","4.2908","","-0.12%"
"07/30/2018","4.2998","4.2829","4.3053","4.2785","","0.42%"
"07/27/2018","4.2820","4.2761","4.2846","4.2680","","0.13%"
"07/26/2018","4.2764","4.3080","4.3140","4.2749","","-0.73%"
"07/25/2018","4.3080","4.2919","4.3117","4.2838","","0.36%"
"07/24/2018","4.2924","4.2946","4.3045","4.2806","","-0.05%"
"07/23/2018","4.2946","4.3079","4.3167","4.2909","","-0.24%"
"07/20/2018","4.3049","4.2771","4.3122","4.2705","","0.66%"
"07/19/2018","4.2767","4.2755","4.2903","4.2514","","0.04%"
"07/18/2018","4.2748","4.2832","4.2854","4.2618","","-0.20%"
"07/17/2018","4.2832","4.3017","4.3148","4.2793","","-0.42%"
"07/16/2018","4.3012","4.2888","4.3072","4.2877","","0.21%"
"07/13/2018","4.2923","4.2859","4.2934","4.2650","","0.12%"
"07/12/2018","4.2872","4.2880","4.2964","4.2788","","-0.02%"
"07/11/2018","4.2881","4.3141","4.3198","4.2847","","-0.59%"
"07/10/2018","4.3137","4.3163","4.3210","4.2941","","-0.06%"
"07/09/2018","4.3163","4.3132","4.3313","4.3090","","0.03%"
"07/06/2018","4.3148","4.2939","4.3229","4.2899","","0.48%"
"07/05/2018","4.2942","4.2815","4.3056","4.2789","","0.29%"
"07/04/2018","4.2816","4.2820","4.2918","4.2716","","0.00%"
"07/03/2018","4.2817","4.2755","4.2886","4.2686","","0.15%"
"07/02/2018","4.2754","4.2794","4.2967","4.2570","","-0.39%"
"06/29/2018","4.2920","4.2495","4.2946","4.2454","","1.00%"
"06/28/2018","4.2495","4.2436","4.2615","4.2340","","0.14%"
"06/27/2018","4.2436","4.2777","4.2881","4.2388","","-0.80%"
"06/26/2018","4.2779","4.2988","4.3055","4.2736","","-0.49%"
"06/25/2018","4.2988","4.2817","4.3030","4.2706","","0.40%"
"06/22/2018","4.2817","4.2623","4.2893","4.2608","","0.46%"
"06/21/2018","4.2619","4.2505","4.2737","4.2276","","0.27%"
"06/20/2018","4.2505","4.2572","4.2618","4.2379","","-0.16%"
"06/19/2018","4.2572","4.2697","4.2778","4.2351","","-0.28%"
"06/18/2018","4.2693","4.2642","4.2703","4.2475","","0.12%"
"06/15/2018","4.2641","4.2492","4.2716","4.2400","","0.34%"
"06/14/2018","4.2495","4.3311","4.3537","4.2470","","-1.88%"
"06/13/2018","4.3311","4.3141","4.3354","4.3068","","0.39%"
"06/12/2018","4.3141","4.3285","4.3384","4.3098","","-0.33%"
"06/11/2018","4.3285","4.3216","4.3423","4.3171","","0.14%"
"06/08/2018","4.3225","4.3343","4.3388","4.3072","","-0.26%"
"06/07/2018","4.3339","4.3247","4.3498","4.3240","","0.22%"
"06/06/2018","4.3246","4.3037","4.3330","4.3007","","0.47%"
"06/05/2018","4.3042","4.2968","4.3097","4.2797","","0.17%"
"06/04/2018","4.2968","4.2807","4.3140","4.2795","","0.32%"
"06/01/2018","4.2831","4.2945","4.3043","4.2669","","-0.27%"
"05/31/2018","4.2946","4.2847","4.3072","4.2759","","0.25%"
"05/30/2018","4.2840","4.2388","4.2895","4.2307","","1.06%"
"05/29/2018","4.2389","4.2701","4.2759","4.2274","","-0.71%"
"05/28/2018","4.2694","4.2796","4.3082","4.2629","","-0.24%"
"05/25/2018","4.2797","4.3046","4.3103","4.2771","","-0.58%"
"05/24/2018","4.3048","4.2962","4.3160","4.2934","","0.20%"
"05/23/2018","4.2961","4.3260","4.3307","4.2882","","-0.70%"
"05/22/2018","4.3266","4.3316","4.3456","4.3174","","-0.11%"
"05/21/2018","4.3312","4.3209","4.3331","4.3037","","0.12%"
"05/18/2018","4.3261","4.3327","4.3430","4.3158","","-0.14%"
"05/17/2018","4.3322","4.3373","4.3487","4.3250","","-0.11%"
"05/16/2018","4.3371","4.3475","4.3543","4.3204","","-0.25%"
"05/15/2018","4.3480","4.3803","4.3853","4.3407","","-0.75%"
"05/14/2018","4.3809","4.3885","4.4074","4.3805","","-0.14%"
"05/11/2018","4.3872","4.3773","4.3967","4.3680","","0.24%"
"05/10/2018","4.3765","4.3534","4.3890","4.3502","","0.54%"
"05/09/2018","4.3529","4.3573","4.3701","4.3422","","-0.12%"
"05/08/2018","4.3580","4.3790","4.3860","4.3481","","-0.49%"
"05/07/2018","4.3793","4.3904","4.4003","4.3699","","-0.31%"
"05/04/2018","4.3930","4.4037","4.4066","4.3750","","-0.24%"
"05/03/2018","4.4036","4.3895","4.4112","4.3876","","0.31%"
"05/02/2018","4.3898","4.4052","4.4203","4.3850","","-0.35%"
"05/01/2018","4.4054","4.4359","4.4392","4.4006","","-0.70%"
"04/30/2018","4.4366","4.4535","4.4594","4.4311","","-0.42%"
"04/27/2018","4.4555","4.4463","4.4573","4.4280","","0.22%"
"04/26/2018","4.4456","4.4669","4.4852","4.4431","","-0.48%"
"04/25/2018","4.4669","4.4928","4.4962","4.4665","","-0.59%"
"04/24/2018","4.4933","4.4844","4.4982","4.4745","","0.20%"
"04/23/2018","4.4843","4.5142","4.5153","4.4803","","-0.64%"
"04/20/2018","4.5133","4.5340","4.5370","4.4991","","-0.47%"
"04/19/2018","4.5346","4.5447","4.5552","4.5286","","-0.23%"
"04/18/2018","4.5449","4.5437","4.5541","4.5336","","0.03%"
"04/17/2018","4.5437","4.5462","4.5597","4.5305","","-0.07%"
"04/16/2018","4.5471","4.5284","4.5530","4.5267","","0.40%"
"04/13/2018","4.5290","4.5275","4.5355","4.5205","","0.03%"
"04/12/2018","4.5275","4.5428","4.5480","4.5179","","-0.33%"
"04/11/2018","4.5426","4.5389","4.5533","4.5351","","0.09%"
"04/10/2018","4.5383","4.5255","4.5468","4.5189","","0.29%"
"04/09/2018","4.5254","4.5101","4.5291","4.5028","","0.31%"
"04/06/2018","4.5115","4.4958","4.5149","4.4863","","0.35%"
"04/05/2018","4.4957","4.5097","4.5148","4.4881","","-0.31%"
"04/04/2018","4.5098","4.5068","4.5237","4.5022","","0.06%"
"04/03/2018","4.5071","4.5186","4.5314","4.5005","","-0.25%"
"04/02/2018","4.5184","4.5263","4.5348","4.5115","","-0.17%"
"03/30/2018","4.5259","4.5178","4.5294","4.5156","","0.17%"
"03/29/2018","4.5182","4.5211","4.5315","4.5115","","-0.06%"
"03/28/2018","4.5207","4.5556","4.5633","4.5179","","-0.77%"
"03/27/2018","4.5557","4.5708","4.5831","4.5443","","-0.32%"
"03/26/2018","4.5701","4.5351","4.5770","4.5324","","0.72%"
"03/23/2018","4.5373","4.5184","4.5453","4.5180","","0.42%"
"03/22/2018","4.5184","4.5319","4.5514","4.5122","","-0.29%"
"03/21/2018","4.5317","4.4966","4.5366","4.4962","","0.78%"
"03/20/2018","4.4966","4.5312","4.5385","4.4955","","-0.75%"
"03/19/2018","4.5306","4.5114","4.5401","4.5019","","0.37%"
"03/16/2018","4.5140","4.5194","4.5316","4.5033","","-0.12%"
"03/15/2018","4.5196","4.5420","4.5493","4.5174","","-0.50%"
"03/14/2018","4.5424","4.5512","4.5600","4.5348","","-0.19%"
"03/13/2018","4.5510","4.5312","4.5579","4.5237","","0.45%"
"03/12/2018","4.5306","4.5225","4.5348","4.5145","","0.23%"
"03/09/2018","4.5202","4.5221","4.5312","4.5080","","-0.04%"
"03/08/2018","4.5221","4.5598","4.5720","4.5171","","-0.80%"
"03/07/2018","4.5587","4.5561","4.5709","4.5492","","0.06%"
"03/06/2018","4.5561","4.5312","4.5628","4.5282","","0.55%"
"03/05/2018","4.5312","4.5263","4.5419","4.5064","","0.15%"
"03/02/2018","4.5242","4.5047","4.5312","4.4992","","0.41%"
"03/01/2018","4.5058","4.4784","4.5076","4.4638","","0.61%"
"02/28/2018","4.4787","4.4935","4.4967","4.4768","","-0.32%"
"02/27/2018","4.4931","4.5240","4.5352","4.4889","","-0.69%"
"02/26/2018","4.5241","4.5179","4.5381","4.5097","","0.19%"
"02/23/2018","4.5155","4.5284","4.5317","4.5100","","-0.30%"
"02/22/2018","4.5291","4.5113","4.5376","4.5031","","0.38%"
"02/21/2018","4.5118","4.5320","4.5404","4.5110","","-0.44%"
"02/20/2018","4.5316","4.5579","4.5598","4.5255","","-0.57%"
"02/19/2018","4.5574","4.5579","4.5674","4.5427","","0.02%"
"02/16/2018","4.5566","4.5936","4.6129","4.5525","","-0.81%"
"02/15/2018","4.5936","4.5727","4.5954","4.5719","","0.45%"
"02/14/2018","4.5729","4.5366","4.5791","4.5089","","0.80%"
"02/13/2018","4.5367","4.5153","4.5447","4.5129","","0.48%"
"02/12/2018","4.5150","4.5012","4.5172","4.4934","","0.47%"
"02/09/2018","4.4939","4.4973","4.5133","4.4829","","-0.10%"
"02/08/2018","4.4985","4.5046","4.5168","4.4855","","-0.14%"
"02/07/2018","4.5049","4.5458","4.5572","4.4977","","-0.90%"
"02/06/2018","4.5460","4.5424","4.5671","4.5230","","0.07%"
"02/05/2018","4.5427","4.5750","4.5821","4.5405","","-0.75%"
"02/02/2018","4.5771","4.5934","4.5972","4.5562","","-0.39%"
"02/01/2018","4.5949","4.5599","4.5999","4.5495","","0.72%"
"01/31/2018","4.5621","4.5545","4.5820","4.5489","","0.15%"
"01/30/2018","4.5552","4.5490","4.5748","4.5308","","0.16%"
"01/29/2018","4.5480","4.5648","4.5685","4.5301","","-0.31%"
"01/26/2018","4.5621","4.5529","4.5892","4.5434","","0.19%"
"01/25/2018","4.5534","4.5573","4.6052","4.5407","","-0.09%"
"01/24/2018","4.5575","4.5175","4.5609","4.5153","","0.89%"
"01/23/2018","4.5175","4.5043","4.5205","4.4897","","0.30%"
"01/22/2018","4.5039","4.5065","4.5095","4.4867","","0.33%"
"01/19/2018","4.4890","4.4939","4.5163","4.4870","","-0.13%"
"01/18/2018","4.4950","4.4756","4.5053","4.4679","","0.43%"
"01/17/2018","4.4758","4.5024","4.5261","4.4721","","-0.60%"
"01/16/2018","4.5029","4.5049","4.5124","4.4792","","-0.03%"
"01/15/2018","4.5043","4.4809","4.5169","4.4772","","0.63%"
"01/12/2018","4.4763","4.4193","4.4774","4.4187","","1.29%"
"01/11/2018","4.4195","4.3883","4.4295","4.3816","","0.71%"
"01/10/2018","4.3882","4.3842","4.4146","4.3795","","0.09%"
"01/09/2018","4.3844","4.3953","4.3993","4.3773","","-0.25%"
"01/08/2018","4.3953","4.4188","4.4276","4.3915","","-0.53%"
"01/05/2018","4.4187","4.4322","4.4383","4.4146","","-0.32%"
"01/04/2018","4.4327","4.4125","4.4406","4.4096","","0.44%"
"01/03/2018","4.4132","4.4294","4.4340","4.4082","","-0.37%"
"01/02/2018","4.4295","4.4127","4.4388","4.4089","","0.41%"
"01/01/2018","4.4113","4.4083","4.4128","4.4058","","0.11%"
"12/29/2017","4.4066","4.3860","4.4188","4.3839","","0.46%"
"12/28/2017","4.3863","4.3669","4.3929","4.3669","","0.45%"
"12/27/2017","4.3665","4.3550","4.3753","4.3536","","0.26%"
"12/26/2017","4.3551","4.3587","4.3624","4.3501","","-0.09%"
"12/25/2017","4.3589","4.3506","4.3636","4.3494","","0.08%"
"12/22/2017","4.3552","4.3608","4.3616","4.3395","","-0.13%"
"12/21/2017","4.3608","4.3606","4.3667","4.3517","","0.01%"
"12/20/2017","4.3604","4.3470","4.3706","4.3433","","0.27%"
"12/19/2017","4.3488","4.3280","4.3531","4.3260","","0.50%"
"12/18/2017","4.3273","4.3164","4.3474","4.3109","","0.24%"
"12/15/2017","4.3171","4.3259","4.3392","4.3160","","-0.20%"
"12/14/2017","4.3259","4.3436","4.3572","4.3229","","-0.41%"
"12/13/2017","4.3438","4.3131","4.3460","4.3083","","0.72%"
"12/12/2017","4.3129","4.3228","4.3321","4.3040","","-0.23%"
"12/11/2017","4.3228","4.3241","4.3398","4.3206","","0.04%"
"12/08/2017","4.3212","4.3246","4.3265","4.3080","","-0.07%"
"12/07/2017","4.3243","4.3326","4.3396","4.3232","","-0.19%"
"12/06/2017","4.3327","4.3434","4.3522","4.3269","","-0.25%"
"12/05/2017","4.3437","4.3589","4.3636","4.3343","","-0.34%"
"12/04/2017","4.3585","4.3642","4.3672","4.3448","","-0.21%"
"12/01/2017","4.3677","4.3722","4.3867","4.3530","","-0.11%"
"11/30/2017","4.3723","4.3518","4.3834","4.3380","","0.48%"
"11/29/2017","4.3515","4.3485","4.3648","4.3402","","0.05%"
"11/28/2017","4.3494","4.3700","4.3784","4.3438","","-0.47%"
"11/27/2017","4.3700","4.3820","4.3936","4.3693","","-0.26%"
"11/24/2017","4.3816","4.3522","4.3870","4.3473","","0.66%"
"11/23/2017","4.3529","4.3422","4.3552","4.3387","","0.25%"
"11/22/2017","4.3422","4.3109","4.3448","4.3091","","0.72%"
"11/21/2017","4.3110","4.3091","4.3195","4.3026","","0.04%"
"11/20/2017","4.3092","4.3308","4.3379","4.3056","","-0.53%"
"11/17/2017","4.3323","4.3232","4.3422","4.3213","","0.21%"
"11/16/2017","4.3232","4.3309","4.3354","4.3186","","-0.18%"
"11/15/2017","4.3310","4.3332","4.3571","4.3286","","-0.06%"
"11/14/2017","4.3334","4.2857","4.3365","4.2832","","1.12%"
"11/13/2017","4.2852","4.2847","4.2889","4.2751","","0.02%"
"11/10/2017","4.2845","4.2762","4.2901","4.2692","","0.20%"
"11/09/2017","4.2759","4.2576","4.2808","4.2550","","0.40%"
"11/08/2017","4.2588","4.2556","4.2650","4.2532","","0.08%"
"11/07/2017","4.2556","4.2639","4.2668","4.2440","","-0.20%"
"11/06/2017","4.2641","4.2644","4.2698","4.2530","","0.01%"
"11/03/2017","4.2637","4.2823","4.2944","4.2600","","-0.42%"
"11/02/2017","4.2817","4.2675","4.2931","4.2652","","0.33%"
"11/01/2017","4.2675","4.2773","4.2824","4.2632","","-0.23%"
"10/31/2017","4.2772","4.2793","4.2835","4.2702","","-0.05%"
"10/30/2017","4.2793","4.2621","4.2826","4.2586","","0.36%"
"10/27/2017","4.2639","4.2791","4.2826","4.2513","","-0.36%"
"10/26/2017","4.2792","4.3385","4.3477","4.2750","","-1.38%"
"10/25/2017","4.3389","4.3193","4.3411","4.3167","","0.45%"
"10/24/2017","4.3196","4.3152","4.3319","4.3127","","0.10%"
"10/23/2017","4.3155","4.3243","4.3269","4.3067","","-0.30%"
"10/20/2017","4.3287","4.3530","4.3554","4.3201","","-0.56%"
"10/19/2017","4.3531","4.3295","4.3560","4.3230","","0.55%"
"10/18/2017","4.3293","4.3220","4.3360","4.3087","","0.18%"
"10/17/2017","4.3216","4.3332","4.3349","4.3102","","-0.26%"
"10/16/2017","4.3330","4.3435","4.3440","4.3273","","-0.22%"
"10/13/2017","4.3426","4.3449","4.3620","4.3358","","-0.06%"
"10/12/2017","4.3452","4.3569","4.3643","4.3432","","-0.25%"
"10/11/2017","4.3560","4.3370","4.3605","4.3321","","0.45%"
"10/10/2017","4.3366","4.3115","4.3430","4.3111","","0.56%"
"10/09/2017","4.3123","4.3076","4.3187","4.3036","","0.06%"
"10/06/2017","4.3098","4.3011","4.3118","4.2855","","0.20%"
"10/05/2017","4.3014","4.3190","4.3266","4.2964","","-0.42%"
"10/04/2017","4.3195","4.3136","4.3303","4.3098","","0.14%"
"10/03/2017","4.3136","4.3088","4.3246","4.2962","","0.10%"
"10/02/2017","4.3094","4.3403","4.3405","4.3083","","-0.68%"
"09/29/2017","4.3388","4.3293","4.3467","4.3241","","0.23%"
"09/28/2017","4.3290","4.3136","4.3361","4.3050","","0.35%"
"09/27/2017","4.3140","4.3313","4.3327","4.3030","","-0.41%"
"09/26/2017","4.3316","4.3518","4.3575","4.3186","","-0.46%"
"09/25/2017","4.3516","4.3900","4.3933","4.3459","","-0.84%"
"09/22/2017","4.3886","4.3864","4.4101","4.3844","","0.05%"
"09/21/2017","4.3863","4.3687","4.3911","4.3585","","0.41%"
"09/20/2017","4.3683","4.4053","4.4198","4.3570","","-0.84%"
"09/19/2017","4.4054","4.3912","4.4106","4.3894","","0.33%"
"09/18/2017","4.3907","4.3883","4.3971","4.3765","","0.09%"
"09/15/2017","4.3867","4.3778","4.4032","4.3712","","0.20%"
"09/14/2017","4.3778","4.3651","4.3789","4.3480","","0.27%"
"09/13/2017","4.3659","4.3953","4.4061","4.3608","","-0.67%"
"09/12/2017","4.3953","4.3902","4.4002","4.3804","","0.11%"
"09/11/2017","4.3903","4.4223","4.4223","4.3884","","-0.68%"
"09/08/2017","4.4204","4.4163","4.4420","4.4134","","0.10%"
"09/07/2017","4.4161","4.3773","4.4302","4.3762","","0.89%"
"09/06/2017","4.3772","4.3761","4.3895","4.3720","","0.03%"
"09/05/2017","4.3761","4.3693","4.3858","4.3593","","0.15%"
"09/04/2017","4.3694","4.3554","4.3794","4.3536","","0.31%"
"09/01/2017","4.3559","4.3743","4.4004","4.3525","","-0.43%"
"08/31/2017","4.3745","4.3647","4.3759","4.3427","","0.22%"
"08/30/2017","4.3651","4.3985","4.4028","4.3640","","-0.74%"
"08/29/2017","4.3975","4.3990","4.4325","4.3872","","-0.06%"
"08/28/2017","4.4000","4.3810","4.4022","4.3774","","0.46%"
"08/25/2017","4.3797","4.3331","4.3856","4.3232","","1.06%"
"08/24/2017","4.3338","4.3367","4.3422","4.3282","","-0.07%"
"08/23/2017","4.3369","4.3204","4.3435","4.3127","","0.39%"
"08/22/2017","4.3202","4.3397","4.3441","4.3143","","-0.45%"
"08/21/2017","4.3396","4.3171","4.3449","4.3084","","0.45%"
"08/18/2017","4.3202","4.3059","4.3252","4.3003","","0.33%"
"08/17/2017","4.3062","4.3227","4.3308","4.2834","","-0.37%"
"08/16/2017","4.3220","4.3099","4.3268","4.2910","","0.27%"
"08/15/2017","4.3103","4.3268","4.3323","4.2929","","-0.38%"
"08/14/2017","4.3268","4.3365","4.3491","4.3231","","-0.34%"
"08/11/2017","4.3416","4.3236","4.3513","4.3148","","0.41%"
"08/10/2017","4.3239","4.3190","4.3289","4.2988","","0.11%"
"08/09/2017","4.3191","4.3162","4.3216","4.2936","","0.05%"
"08/08/2017","4.3169","4.3327","4.3441","4.3029","","-0.36%"
"08/07/2017","4.3326","4.3228","4.3396","4.3225","","0.20%"
"08/04/2017","4.3238","4.3601","4.3685","4.3090","","-0.83%"
"08/03/2017","4.3598","4.3548","4.3689","4.3454","","0.11%"
"08/02/2017","4.3548","4.3347","4.3750","4.3320","","0.47%"
"08/01/2017","4.3346","4.3491","4.3510","4.3284","","-0.34%"
"07/31/2017","4.3496","4.3121","4.3514","4.3060","","0.76%"
"07/28/2017","4.3166","4.2889","4.3213","4.2867","","0.65%"
"07/27/2017","4.2888","4.3097","4.3257","4.2786","","-0.49%"
"07/26/2017","4.3099","4.2801","4.3126","4.2657","","0.75%"
"07/25/2017","4.2778","4.2752","4.3022","4.2716","","0.04%"
"07/24/2017","4.2761","4.2828","4.2927","4.2706","","-0.18%"
"07/21/2017","4.2838","4.2719","4.2915","4.2677","","0.28%"
"07/20/2017","4.2718","4.2294","4.2822","4.2170","","1.00%"
"07/19/2017","4.2297","4.2435","4.2451","4.2275","","-0.33%"
"07/18/2017","4.2439","4.2165","4.2554","4.2134","","0.66%"
"07/17/2017","4.2161","4.2104","4.2195","4.1996","","0.08%"
"07/14/2017","4.2126","4.1872","4.2142","4.1841","","0.62%"
"07/13/2017","4.1867","4.1918","4.2088","4.1771","","-0.12%"
"07/12/2017","4.1917","4.2115","4.2209","4.1842","","-0.49%"
"07/11/2017","4.2122","4.1868","4.2169","4.1807","","0.60%"
"07/10/2017","4.1870","4.1844","4.1943","4.1807","","-0.01%"
"07/07/2017","4.1876","4.1956","4.2020","4.1795","","-0.19%"
"07/06/2017","4.1956","4.1701","4.1969","4.1613","","0.62%"
"07/05/2017","4.1697","4.1675","4.1767","4.1554","","0.06%"
"07/04/2017","4.1673","4.1739","4.1795","4.1650","","-0.17%"
"07/03/2017","4.1743","4.1942","4.1982","4.1711","","-0.53%"
"06/30/2017","4.1967","4.2031","4.2050","4.1848","","-0.13%"
"06/29/2017","4.2020","4.1780","4.2038","4.1769","","0.55%"
"06/28/2017","4.1792","4.1647","4.1845","4.1478","","0.35%"
"06/27/2017","4.1647","4.1067","4.1693","4.1061","","1.41%"
"06/26/2017","4.1068","4.1147","4.1223","4.1041","","-0.11%"
"06/23/2017","4.1115","4.0958","4.1177","4.0935","","0.37%"
"06/22/2017","4.0962","4.1020","4.1067","4.0918","","-0.14%"
"06/21/2017","4.1020","4.0900","4.1034","4.0875","","0.30%"
"06/20/2017","4.0897","4.0954","4.1017","4.0835","","-0.13%"
"06/19/2017","4.0950","4.1128","4.1190","4.0929","","-0.43%"
"06/16/2017","4.1128","4.0934","4.1144","4.0910","","0.47%"
"06/15/2017","4.0935","4.1197","4.1255","4.0892","","-0.65%"
"06/14/2017","4.1203","4.1177","4.1495","4.1107","","0.07%"
"06/13/2017","4.1175","4.1150","4.1232","4.1082","","0.07%"
"06/12/2017","4.1147","4.1125","4.1266","4.1111","","0.06%"
"06/09/2017","4.1121","4.1196","4.1284","4.1019","","-0.16%"
"06/08/2017","4.1188","4.1346","4.1396","4.1120","","-0.38%"
"06/07/2017","4.1346","4.1422","4.1447","4.1155","","-0.19%"
"06/06/2017","4.1424","4.1334","4.1451","4.1288","","0.21%"
"06/05/2017","4.1339","4.1428","4.1453","4.1272","","-0.24%"
"06/02/2017","4.1438","4.1183","4.1456","4.1157","","0.62%"
"06/01/2017","4.1183","4.1294","4.1354","4.1150","","-0.28%"
"05/31/2017","4.1297","4.1083","4.1339","4.1007","","0.51%"
"05/30/2017","4.1087","4.1003","4.1164","4.0808","","0.20%"
"05/29/2017","4.1006","4.1059","4.1109","4.0995","","-0.17%"
"05/26/2017","4.1075","4.1169","4.1264","4.0987","","-0.24%"
"05/25/2017","4.1172","4.1206","4.1330","4.1117","","-0.08%"
"05/24/2017","4.1206","4.1080","4.1217","4.1025","","0.31%"
"05/23/2017","4.1077","4.1274","4.1394","4.1040","","-0.48%"
"05/22/2017","4.1275","4.1142","4.1372","4.0995","","0.27%"
"05/19/2017","4.1163","4.0780","4.1189","4.0754","","0.94%"
"05/18/2017","4.0781","4.0984","4.1033","4.0678","","-0.50%"
"05/17/2017","4.0985","4.0707","4.1000","4.0691","","0.69%"
"05/16/2017","4.0706","4.0313","4.0762","4.0298","","0.98%"
"05/15/2017","4.0310","4.0126","4.0372","4.0115","","0.40%"
"05/12/2017","4.0149","3.9899","4.0171","3.9882","","0.64%"
"05/11/2017","3.9893","3.9921","4.0013","3.9811","","-0.06%"
"05/10/2017","3.9918","3.9941","4.0035","3.9863","","-0.06%"
"05/09/2017","3.9940","4.0125","4.0167","3.9899","","-0.46%"
"05/08/2017","4.0123","4.0396","4.0487","4.0094","","-0.67%"
"05/05/2017","4.0392","4.0355","4.0411","4.0220","","0.12%"
"05/04/2017","4.0344","3.9979","4.0358","3.9935","","0.90%"
"05/03/2017","3.9983","4.0156","4.0183","3.9977","","-0.40%"
"05/02/2017","4.0145","4.0033","4.0164","3.9986","","0.29%"
"05/01/2017","4.0030","4.0053","4.0124","3.9975","","0.02%"
"04/28/2017","4.0023","3.9952","4.0220","3.9878","","0.21%"
"04/27/2017","3.9938","4.0052","4.0156","3.9855","","-0.28%"
"04/26/2017","4.0049","4.0123","4.0222","3.9873","","-0.21%"
"04/25/2017","4.0132","3.9919","4.0227","3.9857","","0.54%"
"04/24/2017","3.9916","4.0114","4.0164","3.9743","","1.30%"
"04/21/2017","3.9405","3.9365","3.9446","3.9236","","0.10%"
"04/20/2017","3.9364","3.9331","3.9585","3.9324","","0.05%"
"04/19/2017","3.9343","3.9428","3.9446","3.9301","","-0.18%"
"04/18/2017","3.9415","3.9097","3.9442","3.9070","","0.82%"
"04/17/2017","3.9093","3.8992","3.9204","3.8946","","0.30%"
"04/14/2017","3.8975","3.8981","3.9066","3.8958","","-0.02%"
"04/13/2017","3.8984","3.9165","3.9221","3.8962","","-0.49%"
"04/12/2017","3.9175","3.8957","3.9215","3.8891","","0.60%"
"04/11/2017","3.8943","3.8905","3.9047","3.8849","","0.06%"
"04/10/2017","3.8918","3.8908","3.8969","3.8826","","0.06%"
"04/07/2017","3.8896","3.9095","3.9189","3.8860","","-0.51%"
"04/06/2017","3.9097","3.9171","3.9253","3.9042","","-0.17%"
"04/05/2017","3.9165","3.9196","3.9259","3.9051","","-0.09%"
"04/04/2017","3.9202","3.9187","3.9220","3.9059","","0.05%"
"04/03/2017","3.9183","3.9156","3.9236","3.9091","","0.14%"
"03/31/2017","3.9127","3.9211","3.9316","3.9118","","-0.21%"
"03/30/2017","3.9209","3.9545","3.9566","3.9194","","-0.85%"
"03/29/2017","3.9546","3.9705","3.9764","3.9440","","-0.43%"
"03/28/2017","3.9715","3.9891","3.9941","3.9656","","-0.47%"
"03/27/2017","3.9904","3.9658","4.0055","3.9651","","0.61%"
"03/24/2017","3.9663","3.9604","3.9747","3.9527","","0.15%"
"03/23/2017","3.9605","3.9664","3.9689","3.9549","","-0.13%"
"03/22/2017","3.9656","3.9699","3.9762","3.9573","","-0.13%"
"03/21/2017","3.9707","3.9451","3.9747","3.9373","","0.67%"
"03/20/2017","3.9444","3.9444","3.9592","3.9388","","0.01%"
"03/17/2017","3.9440","3.9539","3.9612","3.9403","","-0.26%"
"03/16/2017","3.9543","3.9423","3.9566","3.9320","","0.30%"
"03/15/2017","3.9426","3.8952","3.9457","3.8948","","1.23%"
"03/14/2017","3.8948","3.9135","3.9169","3.8931","","-0.46%"
"03/13/2017","3.9129","3.9194","3.9350","3.9114","","-0.18%"
"03/10/2017","3.9198","3.8847","3.9308","3.8828","","0.90%"
"03/09/2017","3.8849","3.8716","3.8996","3.8657","","0.34%"
"03/08/2017","3.8716","3.8812","3.8843","3.8694","","-0.23%"
"03/07/2017","3.8807","3.8872","3.8948","3.8780","","-0.14%"
"03/06/2017","3.8862","3.9003","3.9091","3.8843","","-0.39%"
"03/03/2017","3.9014","3.8594","3.9025","3.8568","","1.11%"
"03/02/2017","3.8585","3.8732","3.8757","3.8534","","-0.39%"
"03/01/2017","3.8735","3.8834","3.8891","3.8617","","-0.28%"
"02/28/2017","3.8844","3.8881","3.9046","3.8819","","-0.09%"
"02/27/2017","3.8880","3.8800","3.9047","3.8752","","0.22%"
"02/24/2017","3.8795","3.8864","3.9007","3.8767","","-0.18%"
"02/23/2017","3.8864","3.8775","3.8925","3.8702","","0.24%"
"02/22/2017","3.8771","3.8705","3.8837","3.8539","","0.18%"
"02/21/2017","3.8701","3.8969","3.8995","3.8660","","-0.72%"
"02/20/2017","3.8982","3.9006","3.9075","3.8953","","-0.01%"
"02/17/2017","3.8984","3.9208","3.9219","3.8949","","-0.56%"
"02/16/2017","3.9202","3.8935","3.9236","3.8891","","0.68%"
"02/15/2017","3.8937","3.8851","3.8973","3.8653","","0.22%"
"02/14/2017","3.8852","3.8923","3.9057","3.8784","","-0.19%"
"02/13/2017","3.8925","3.9066","3.9152","3.8908","","-0.41%"
"02/10/2017","3.9085","3.9146","3.9190","3.8965","","-0.14%"
"02/09/2017","3.9139","3.9291","3.9341","3.9116","","-0.40%"
"02/08/2017","3.9297","3.9238","3.9358","3.9082","","0.15%"
"02/07/2017","3.9240","3.9487","3.9493","3.9137","","-0.62%"
"02/06/2017","3.9484","3.9597","3.9671","3.9313","","-0.32%"
"02/03/2017","3.9611","3.9512","3.9665","3.9350","","0.24%"
"02/02/2017","3.9515","3.9554","3.9774","3.9493","","-0.10%"
"02/01/2017","3.9556","3.9668","3.9707","3.9419","","-0.26%"
"01/31/2017","3.9660","3.9278","3.9715","3.9241","","0.97%"
"01/30/2017","3.9280","3.9270","3.9455","3.9007","","-0.04%"
"01/27/2017","3.9297","3.9247","3.9407","3.9158","","0.15%"
"01/26/2017","3.9238","3.9474","3.9548","3.9148","","-0.61%"
"01/25/2017","3.9478","3.9426","3.9569","3.9352","","0.16%"
"01/24/2017","3.9416","3.9534","3.9578","3.9368","","-0.32%"
"01/23/2017","3.9541","3.9258","3.9571","3.9254","","0.58%"
"01/20/2017","3.9312","3.9177","3.9349","3.9030","","0.37%"
"01/19/2017","3.9169","3.9044","3.9215","3.8890","","0.32%"
"01/18/2017","3.9045","3.9343","3.9354","3.9024","","-0.78%"
"01/17/2017","3.9350","3.8934","3.9370","3.8913","","1.04%"
"01/16/2017","3.8944","3.9000","3.9070","3.8855","","-0.39%"
"01/13/2017","3.9095","3.8986","3.9202","3.8923","","0.29%"
"01/12/2017","3.8981","3.8874","3.9259","3.8837","","0.29%"
"01/11/2017","3.8870","3.8769","3.9017","3.8394","","0.26%"
"01/10/2017","3.8769","3.8838","3.9040","3.8758","","-0.18%"
"01/09/2017","3.8840","3.8714","3.8878","3.8605","","0.39%"
"01/06/2017","3.8688","3.8953","3.9017","3.8651","","-0.70%"
"01/05/2017","3.8961","3.8535","3.9005","3.8502","","1.13%"
"01/04/2017","3.8527","3.8218","3.8571","3.8157","","0.80%"
"01/03/2017","3.8222","3.8403","3.8538","3.7984","","-0.51%"
"01/02/2017","3.8418","3.8681","3.8697","3.8378","","-0.53%"
"12/30/2016","3.8624","3.8531","3.9133","3.8498","","0.25%"
"12/29/2016","3.8529","3.8250","3.8542","3.8221","","0.73%"
"12/28/2016","3.8248","3.8408","3.8502","3.8094","","-0.41%"
"12/27/2016","3.8407","3.8392","3.8436","3.8312","","0.02%"
"12/26/2016","3.8399","3.8390","3.8466","3.8333","","-0.01%"
"12/23/2016","3.8403","3.8338","3.8451","3.8293","","0.20%"
"12/22/2016","3.8327","3.8274","3.8561","3.8266","","0.11%"
"12/21/2016","3.8284","3.8152","3.8389","3.8132","","0.34%"
"12/20/2016","3.8153","3.8226","3.8275","3.8028","","-0.14%"
"12/19/2016","3.8208","3.8358","3.8493","3.8164","","-0.47%"
"12/16/2016","3.8388","3.8270","3.8479","3.8207","","0.36%"
"12/15/2016","3.8251","3.8699","3.8729","3.8072","","-1.16%"
"12/14/2016","3.8700","3.9030","3.9190","3.8550","","-0.86%"
"12/13/2016","3.9034","3.9064","3.9183","3.8946","","-0.07%"
"12/12/2016","3.9061","3.8752","3.9125","3.8653","","0.69%"
"12/09/2016","3.8794","3.9000","3.9055","3.8680","","-0.51%"
"12/08/2016","3.8992","3.9487","3.9937","3.8921","","-1.28%"
"12/07/2016","3.9497","3.9376","3.9560","3.9336","","0.33%"
"12/06/2016","3.9368","3.9545","3.9630","3.9302","","-0.42%"
"12/05/2016","3.9536","3.9203","3.9660","3.8586","","0.86%"
"12/02/2016","3.9199","3.9163","3.9266","3.9023","","0.10%"
"12/01/2016","3.9161","3.8875","3.9186","3.8866","","0.70%"
"11/30/2016","3.8887","3.9114","3.9184","3.8761","","-0.58%"
"11/29/2016","3.9115","3.8983","3.9138","3.8799","","0.33%"
"11/28/2016","3.8987","3.8922","3.9248","3.8796","","0.26%"
"11/25/2016","3.8887","3.8767","3.9047","3.8706","","0.32%"
"11/24/2016","3.8764","3.8754","3.8879","3.8622","","-0.01%"
"11/23/2016","3.8769","3.9028","3.9091","3.8653","","-0.68%"
"11/22/2016","3.9033","3.9029","3.9151","3.8868","","-0.03%"
"11/21/2016","3.9043","3.8878","3.9123","3.8855","","0.40%"
"11/18/2016","3.8889","3.9026","3.9099","3.8824","","-0.36%"
"11/17/2016","3.9030","3.9269","3.9473","3.8998","","-0.61%"
"11/16/2016","3.9269","3.9379","3.9523","3.9171","","-0.28%"
"11/15/2016","3.9380","3.9432","3.9730","3.9344","","-0.14%"
"11/14/2016","3.9437","3.9852","3.9859","3.9332","","-1.10%"
"11/11/2016","3.9874","3.9998","4.0145","3.9763","","-0.34%"
"11/10/2016","4.0011","4.0057","4.0253","3.9893","","-0.15%"
"11/09/2016","4.0070","4.0481","4.1497","4.0039","","-1.06%"
"11/08/2016","4.0498","4.0542","4.0653","4.0415","","-0.13%"
"11/07/2016","4.0552","4.0891","4.0911","4.0494","","-0.90%"
"11/04/2016","4.0921","4.0773","4.0936","4.0681","","0.32%"
"11/03/2016","4.0791","4.0751","4.0876","4.0608","","0.07%"
"11/02/2016","4.0761","4.0593","4.0864","4.0578","","0.38%"
"11/01/2016","4.0608","4.0325","4.0667","4.0240","","0.68%"
"10/31/2016","4.0333","4.0343","4.0375","4.0156","","-0.05%"
"10/28/2016","4.0354","4.0011","4.0383","3.9989","","0.83%"
"10/27/2016","4.0023","4.0053","4.0199","3.9959","","-0.12%"
"10/26/2016","4.0070","3.9984","4.0207","3.9924","","0.20%"
"10/25/2016","3.9992","3.9954","4.0057","3.9840","","0.06%"
"10/24/2016","3.9968","3.9961","4.0045","3.9880","","-0.03%"
"10/21/2016","3.9978","4.0131","4.0158","3.9875","","-0.42%"
"10/20/2016","4.0146","4.0296","4.0554","4.0081","","-0.40%"
"10/19/2016","4.0307","4.0321","4.0419","4.0226","","-0.06%"
"10/18/2016","4.0332","4.0391","4.0506","4.0277","","-0.17%"
"10/17/2016","4.0402","4.0295","4.0442","4.0262","","0.26%"
"10/14/2016","4.0297","4.0604","4.0630","4.0274","","-0.77%"
"10/13/2016","4.0611","4.0414","4.0631","4.0329","","0.44%"
"10/12/2016","4.0434","4.0586","4.0672","4.0403","","-0.41%"
"10/11/2016","4.0601","4.0894","4.0932","4.0568","","-0.76%"
"10/10/2016","4.0911","4.1115","4.1147","4.0865","","-0.56%"
"10/07/2016","4.1142","4.0942","4.1164","4.0774","","0.45%"
"10/06/2016","4.0957","4.1145","4.1185","4.0902","","-0.49%"
"10/05/2016","4.1159","4.1140","4.1274","4.1085","","0.01%"
"10/04/2016","4.1156","4.1166","4.1285","4.0894","","-0.05%"
"10/03/2016","4.1178","4.1254","4.1303","4.1142","","-0.27%"
"09/30/2016","4.1288","4.1212","4.1333","4.0949","","0.16%"
"09/29/2016","4.1221","4.1188","4.1329","4.1118","","0.06%"
"09/28/2016","4.1197","4.1177","4.1277","4.1056","","0.01%"
"09/27/2016","4.1193","4.1326","4.1365","4.1089","","-0.34%"
"09/26/2016","4.1335","4.1220","4.1432","4.1203","","0.25%"
"09/23/2016","4.1233","4.1155","4.1300","4.1100","","0.16%"
"09/22/2016","4.1166","4.1104","4.1348","4.1063","","0.17%"
"09/21/2016","4.1097","4.0958","4.1137","4.0836","","0.31%"
"09/20/2016","4.0969","4.1038","4.1193","4.0929","","-0.19%"
"09/19/2016","4.1045","4.0991","4.1133","4.0939","","0.15%"
"09/16/2016","4.0983","4.1284","4.1345","4.0931","","-0.76%"
"09/15/2016","4.1297","4.1300","4.1444","4.1193","","-0.06%"
"09/14/2016","4.1320","4.1189","4.1410","4.1159","","0.26%"
"09/13/2016","4.1212","4.1254","4.1365","4.1134","","-0.13%"
"09/12/2016","4.1264","4.1247","4.1392","4.1166","","0.02%"
"09/09/2016","4.1257","4.1346","4.1465","4.1122","","-0.26%"
"09/08/2016","4.1363","4.1269","4.1605","4.1247","","0.17%"
"09/07/2016","4.1293","4.1328","4.1400","4.1229","","-0.12%"
"09/06/2016","4.1341","4.0927","4.1382","4.0901","","0.98%"
"09/05/2016","4.0939","4.0944","4.1075","4.0906","","-0.09%"
"09/02/2016","4.0976","4.1118","4.1340","4.0942","","-0.37%"
"09/01/2016","4.1128","4.0972","4.1167","4.0865","","0.34%"
"08/31/2016","4.0989","4.0918","4.1021","4.0843","","0.15%"
"08/30/2016","4.0928","4.1090","4.1140","4.0866","","-0.41%"
"08/29/2016","4.1098","4.1098","4.1167","4.0976","","-0.08%"
"08/26/2016","4.1131","4.1431","4.1661","4.1049","","-0.75%"
"08/25/2016","4.1443","4.1359","4.1515","4.1331","","0.18%"
"08/24/2016","4.1370","4.1511","4.1563","4.1285","","-0.36%"
"08/23/2016","4.1521","4.1555","4.1716","4.1497","","-0.13%"
"08/22/2016","4.1573","4.1505","4.1627","4.1391","","-0.06%"
"08/19/2016","4.1600","4.1682","4.1730","4.1505","","-0.24%"
"08/18/2016","4.1702","4.1467","4.1750","4.1428","","0.58%"
"08/17/2016","4.1463","4.1412","4.1567","4.1274","","0.08%"
"08/16/2016","4.1429","4.1073","4.1596","4.1037","","0.85%"
"08/15/2016","4.1079","4.0989","4.1145","4.0955","","0.20%"
"08/12/2016","4.0995","4.0898","4.1226","4.0865","","0.22%"
"08/11/2016","4.0907","4.1034","4.1120","4.0880","","-0.35%"
"08/10/2016","4.1052","4.0821","4.1107","4.0769","","0.52%"
"08/09/2016","4.0841","4.0718","4.0860","4.0641","","0.24%"
"08/08/2016","4.0742","4.0711","4.0802","4.0653","","0.06%"
"08/05/2016","4.0719","4.0869","4.1002","4.0557","","-0.39%"
"08/04/2016","4.0877","4.0938","4.0984","4.0808","","-0.18%"
"08/03/2016","4.0951","4.1214","4.1264","4.0902","","-0.70%"
"08/02/2016","4.1239","4.0986","4.1268","4.0957","","0.59%"
"08/01/2016","4.0999","4.1038","4.1091","4.0961","","-0.10%"
"07/29/2016","4.1041","4.0674","4.1132","4.0645","","0.89%"
"07/28/2016","4.0679","4.0605","4.0839","4.0571","","0.15%"
"07/27/2016","4.0618","4.0336","4.0652","4.0248","","0.65%"
"07/26/2016","4.0357","4.0380","4.0512","4.0310","","-0.06%"
"07/25/2016","4.0382","4.0280","4.0411","4.0219","","0.17%"
"07/22/2016","4.0313","4.0498","4.0564","4.0216","","-0.45%"
"07/21/2016","4.0495","4.0439","4.0624","4.0321","","0.09%"
"07/20/2016","4.0458","4.0463","4.0519","4.0319","","-0.06%"
"07/19/2016","4.0483","4.0666","4.0723","4.0391","","-0.47%"
"07/18/2016","4.0675","4.0544","4.0714","4.0530","","0.35%"
"07/15/2016","4.0534","4.0825","4.0960","4.0474","","-0.76%"
"07/14/2016","4.0845","4.0720","4.1018","4.0706","","0.27%"
"07/13/2016","4.0733","4.0619","4.0846","4.0554","","0.28%"
"07/12/2016","4.0621","4.0604","4.0873","4.0575","","0.01%"
"07/11/2016","4.0617","4.0580","4.0683","4.0454","","0.04%"
"07/08/2016","4.0602","4.0617","4.0823","4.0395","","-0.08%"
"07/07/2016","4.0633","4.0755","4.0820","4.0579","","-0.34%"
"07/06/2016","4.0770","4.0671","4.0813","4.0505","","0.22%"
"07/05/2016","4.0680","4.0953","4.1081","4.0613","","-0.72%"
"07/04/2016","4.0974","4.0917","4.1018","4.0744","","0.18%"
"07/01/2016","4.0901","4.0777","4.1026","4.0652","","0.27%"
"06/30/2016","4.0790","4.0850","4.0975","4.0477","","-0.18%"
"06/29/2016","4.0862","4.0626","4.0887","4.0563","","0.54%"
"06/28/2016","4.0644","4.0476","4.0808","4.0418","","0.38%"
"06/27/2016","4.0489","4.0648","4.0715","4.0279","","-0.84%"
"06/24/2016","4.0834","4.1816","4.2002","4.0068","","-2.38%"
"06/23/2016","4.1829","4.1476","4.1961","4.1472","","0.81%"
"06/22/2016","4.1493","4.1292","4.1647","4.1261","","0.49%"
"06/21/2016","4.1289","4.1537","4.1695","4.1274","","-0.64%"
"06/20/2016","4.1556","4.1435","4.1825","4.1431","","0.33%"
"06/17/2016","4.1420","4.1218","4.1496","4.1200","","0.45%"
"06/16/2016","4.1234","4.1339","4.1501","4.0872","","-0.30%"
"06/15/2016","4.1357","4.1144","4.1504","4.1092","","0.46%"
"06/14/2016","4.1167","4.1467","4.1520","4.1082","","-0.74%"
"06/13/2016","4.1475","4.1319","4.1522","4.1247","","0.36%"
"06/10/2016","4.1326","4.1551","4.1610","4.1291","","-0.57%"
"06/09/2016","4.1562","4.1859","4.1935","4.1509","","-0.69%"
"06/08/2016","4.1850","4.1706","4.1913","4.1671","","0.32%"
"06/07/2016","4.1718","4.1698","4.1810","4.1637","","0.03%"
"06/06/2016","4.1705","4.1688","4.1852","4.1592","","-0.11%"
"06/03/2016","4.1752","4.0953","4.1789","4.0895","","1.94%"
"06/02/2016","4.0957","4.1085","4.1212","4.0913","","-0.34%"
"06/01/2016","4.1098","4.0876","4.1126","4.0806","","0.51%"
"05/31/2016","4.0889","4.0897","4.1051","4.0836","","-0.13%"
"05/30/2016","4.0941","4.0814","4.0949","4.0753","","0.28%"
"05/27/2016","4.0826","4.1100","4.1145","4.0788","","-0.71%"
"05/26/2016","4.1117","4.0961","4.1206","4.0920","","0.35%"
"05/25/2016","4.0974","4.0909","4.1020","4.0859","","0.13%"
"05/24/2016","4.0921","4.1197","4.1245","4.0873","","-0.69%"
"05/23/2016","4.1206","4.1192","4.1312","4.1074","","-0.05%"
"05/20/2016","4.1226","4.1137","4.1281","4.1100","","0.19%"
"05/19/2016","4.1146","4.1192","4.1253","4.1050","","-0.13%"
"05/18/2016","4.1200","4.1541","4.1600","4.1168","","-0.86%"
"05/17/2016","4.1557","4.1566","4.1687","4.1500","","-0.05%"
"05/16/2016","4.1576","4.1529","4.1674","4.1500","","0.11%"
"05/13/2016","4.1531","4.1778","4.1806","4.1431","","-0.61%"
"05/12/2016","4.1787","4.1964","4.1994","4.1744","","-0.42%"
"05/11/2016","4.1963","4.1759","4.2054","4.1740","","0.47%"
"05/10/2016","4.1768","4.1798","4.1921","4.1713","","-0.10%"
"05/09/2016","4.1811","4.1867","4.1956","4.1772","","-0.19%"
"05/06/2016","4.1890","4.1886","4.2161","4.1807","","0.00%"
"05/05/2016","4.1891","4.2178","4.2226","4.1809","","-0.71%"
"05/04/2016","4.2191","4.2211","4.2354","4.2106","","-0.09%"
"05/03/2016","4.2227","4.2358","4.2664","4.2206","","-0.32%"
"05/02/2016","4.2364","4.2027","4.2378","4.2023","","0.68%"
"04/29/2016","4.2077","4.1691","4.2095","4.1619","","0.90%"
"04/28/2016","4.1700","4.1565","4.1765","4.1476","","0.28%"
"04/27/2016","4.1582","4.1482","4.1735","4.1392","","0.20%"
"04/26/2016","4.1500","4.1364","4.1646","4.1331","","0.27%"
"04/25/2016","4.1387","4.1238","4.1430","4.1183","","0.31%"
"04/22/2016","4.1259","4.1453","4.1548","4.1190","","-0.49%"
"04/21/2016","4.1462","4.1483","4.1856","4.1390","","-0.08%"
"04/20/2016","4.1494","4.1699","4.1833","4.1450","","-0.54%"
"04/19/2016","4.1719","4.1544","4.1826","4.1504","","0.39%"
"04/18/2016","4.1556","4.1492","4.1630","4.1401","","0.28%"
"04/15/2016","4.1442","4.1383","4.1578","4.1302","","0.13%"
"04/14/2016","4.1387","4.1398","4.1490","4.1244","","-0.06%"
"04/13/2016","4.1410","4.1805","4.1851","4.1368","","-0.99%"
"04/12/2016","4.1822","4.1890","4.2113","4.1667","","-0.19%"
"04/11/2016","4.1902","4.1889","4.2053","4.1765","","0.05%"
"04/08/2016","4.1879","4.1779","4.1952","4.1673","","0.22%"
"04/07/2016","4.1788","4.1853","4.2074","4.1629","","-0.20%"
"04/06/2016","4.1870","4.1802","4.1998","4.1592","","0.14%"
"04/05/2016","4.1813","4.1831","4.1893","4.1623","","-0.07%"
"04/04/2016","4.1842","4.1838","4.1921","4.1702","","0.03%"
"04/01/2016","4.1828","4.1787","4.2012","4.1618","","0.07%"
"03/31/2016","4.1800","4.1629","4.1921","4.1524","","0.38%"
"03/30/2016","4.1643","4.1457","4.1751","4.1421","","0.42%"
"03/29/2016","4.1470","4.1105","4.1524","4.1012","","0.85%"
"03/28/2016","4.1122","4.0991","4.1210","4.0951","","0.27%"
"03/25/2016","4.1012","4.1032","4.1096","4.0947","","-0.07%"
"03/24/2016","4.1041","4.1050","4.1093","4.0923","","-0.09%"
"03/23/2016","4.1077","4.1187","4.1230","4.0973","","-0.29%"
"03/22/2016","4.1198","4.1284","4.1365","4.1082","","-0.21%"
"03/21/2016","4.1286","4.1386","4.1458","4.1252","","-0.26%"
"03/18/2016","4.1393","4.1561","4.1646","4.1331","","-0.44%"
"03/17/2016","4.1574","4.1214","4.1667","4.1142","","0.83%"
"03/16/2016","4.1230","4.0789","4.1303","4.0604","","1.05%"
"03/15/2016","4.0802","4.0762","4.0864","4.0653","","0.02%"
"03/14/2016","4.0793","4.0949","4.1056","4.0668","","-0.40%"
"03/11/2016","4.0957","4.1041","4.1175","4.0689","","-0.23%"
"03/10/2016","4.1053","4.0410","4.1212","3.9738","","1.56%"
"03/09/2016","4.0422","4.0410","4.0538","4.0193","","0.00%"
"03/08/2016","4.0420","4.0443","4.0629","4.0362","","-0.09%"
"03/07/2016","4.0456","4.0422","4.0503","4.0174","","0.09%"
"03/04/2016","4.0418","4.0233","4.0565","4.0031","","0.41%"
"03/03/2016","4.0251","3.9925","4.0318","3.9855","","0.83%"
"03/02/2016","3.9918","3.9906","3.9969","3.9749","","0.01%"
"03/01/2016","3.9914","3.9921","4.0022","3.9782","","-0.06%"
"02/29/2016","3.9938","4.0145","4.0275","3.9871","","-0.55%"
"02/26/2016","4.0160","4.0463","4.0667","4.0068","","-0.82%"
"02/25/2016","4.0491","4.0439","4.0592","4.0345","","0.10%"
"02/24/2016","4.0452","4.0461","4.0577","4.0234","","-0.06%"
"02/23/2016","4.0478","4.0494","4.0603","4.0354","","-0.08%"
"02/22/2016","4.0511","4.0861","4.0904","4.0400","","-0.94%"
"02/19/2016","4.0897","4.0784","4.0915","4.0635","","0.25%"
"02/18/2016","4.0797","4.0861","4.0966","4.0648","","-0.19%"
"02/17/2016","4.0873","4.0916","4.1067","4.0778","","-0.15%"
"02/16/2016","4.0933","4.0957","4.1128","4.0839","","-0.10%"
"02/15/2016","4.0974","4.1316","4.1336","4.0859","","-0.93%"
"02/12/2016","4.1360","4.1592","4.1635","4.1177","","-0.56%"
"02/11/2016","4.1593","4.1460","4.1791","4.1394","","0.30%"
"02/10/2016","4.1468","4.1467","4.1545","4.0980","","-0.03%"
"02/09/2016","4.1480","4.1118","4.1653","4.0990","","0.86%"
"02/08/2016","4.1128","4.0973","4.1203","4.0710","","0.34%"
"02/05/2016","4.0987","4.1153","4.1306","4.0789","","-0.43%"
"02/04/2016","4.1166","4.0770","4.1286","4.0648","","0.94%"
"02/03/2016","4.0783","4.0088","4.0942","4.0039","","1.70%"
"02/02/2016","4.0103","3.9984","4.0187","3.9962","","0.28%"
"02/01/2016","3.9992","3.9781","4.0088","3.9709","","0.48%"
"01/29/2016","3.9800","4.0157","4.0214","3.9695","","-0.93%"
"01/28/2016","4.0174","3.9988","4.0294","3.9913","","0.41%"
"01/27/2016","4.0008","3.9917","4.0097","3.9845","","0.19%"
"01/26/2016","3.9932","3.9838","3.9952","3.9731","","0.21%"
"01/25/2016","3.9849","3.9656","3.9882","3.9610","","0.50%"
"01/22/2016","3.9651","3.9920","3.9954","3.9612","","-0.72%"
"01/21/2016","3.9937","3.9995","4.0118","3.9583","","-0.16%"
"01/20/2016","4.0000","4.0057","4.0317","3.9936","","-0.16%"
"01/19/2016","4.0065","3.9991","4.0187","3.9877","","0.14%"
"01/18/2016","4.0009","4.0089","4.0179","3.9903","","-0.21%"
"01/15/2016","4.0092","3.9895","4.0352","3.9855","","0.46%"
"01/14/2016","3.9910","3.9948","4.0208","3.9786","","-0.10%"
"01/13/2016","3.9950","3.9860","4.0003","3.9675","","0.18%"
"01/12/2016","3.9880","3.9868","4.0045","3.9728","","-0.02%"
"01/11/2016","3.9886","4.0115","4.0289","3.9831","","-0.65%"
"01/08/2016","4.0146","4.0145","4.0164","3.9668","","-0.05%"
"01/07/2016","4.0167","3.9580","4.0191","3.9553","","1.44%"
"01/06/2016","3.9596","3.9468","3.9675","3.9363","","0.30%"
"01/05/2016","3.9477","3.9768","3.9810","3.9332","","-0.77%"
"01/04/2016","3.9783","3.9871","4.0220","3.9593","","-0.24%"
"01/01/2016","3.9879","3.9874","3.9912","3.9811","","-0.01%"
"12/31/2015","3.9881","4.0139","4.0174","3.9841","","-0.66%"
"12/30/2015","4.0146","4.0088","4.0212","4.0028","","0.13%"
"12/29/2015","4.0094","4.0275","4.0369","4.0022","","-0.47%"
"12/28/2015","4.0283","4.0299","4.0382","4.0208","","-0.09%"
"12/25/2015","4.0318","4.0285","4.0326","4.0182","","0.07%"
"12/24/2015","4.0291","4.0062","4.0302","4.0030","","0.55%"
"12/23/2015","4.0069","4.0230","4.0248","3.9917","","-0.42%"
"12/22/2015","4.0237","4.0079","4.0345","4.0035","","0.37%"
"12/21/2015","4.0090","3.9886","4.0184","3.9831","","0.43%"
"12/18/2015","3.9918","3.9754","3.9951","3.9675","","0.39%"
"12/17/2015","3.9761","4.0081","4.0091","3.9657","","-0.80%"
"12/16/2015","4.0080","4.0145","4.0429","3.9976","","-0.14%"
"12/15/2015","4.0137","4.0366","4.0618","4.0040","","-0.59%"
"12/14/2015","4.0375","4.0330","4.0588","4.0197","","0.04%"
"12/11/2015","4.0358","4.0176","4.0519","4.0119","","0.44%"
"12/10/2015","4.0183","4.0495","4.0511","4.0119","","-0.78%"
"12/09/2015","4.0497","3.9981","4.0556","3.9944","","1.22%"
"12/08/2015","4.0007","3.9788","4.0039","3.9761","","0.53%"
"12/07/2015","3.9796","3.9976","3.9992","3.9644","","-0.47%"
"12/04/2015","3.9985","4.0167","4.0241","3.9793","","-0.46%"
"12/03/2015","4.0170","3.8974","4.0328","3.8702","","3.03%"
"12/02/2015","3.8987","3.9032","3.9094","3.8743","","-0.15%"
"12/01/2015","3.9046","3.8805","3.9070","3.8786","","0.62%"
"11/30/2015","3.8804","3.8887","3.8925","3.8766","","-0.27%"
"11/27/2015","3.8908","3.8960","3.9076","3.8808","","-0.16%"
"11/26/2015","3.8969","3.9026","3.9068","3.8925","","-0.16%"
"11/25/2015","3.9031","3.9080","3.9264","3.8799","","-0.14%"
"11/24/2015","3.9085","3.9049","3.9210","3.8997","","0.05%"
"11/23/2015","3.9065","3.9098","3.9146","3.8894","","-0.09%"
"11/20/2015","3.9099","3.9414","3.9465","3.9066","","-0.83%"
"11/19/2015","3.9427","3.9128","3.9535","3.9118","","0.71%"
"11/18/2015","3.9150","3.9073","3.9283","3.8981","","0.13%"
"11/17/2015","3.9098","3.9244","3.9284","3.9033","","-0.38%"
"11/16/2015","3.9247","3.9480","3.9595","3.9190","","-0.87%"
"11/13/2015","3.9590","3.9712","3.9735","3.9342","","-0.36%"
"11/12/2015","3.9734","3.9453","3.9772","3.9261","","0.69%"
"11/11/2015","3.9460","3.9376","3.9569","3.9312","","0.20%"
"11/10/2015","3.9383","3.9477","3.9538","3.9196","","-0.26%"
"11/09/2015","3.9484","3.9410","3.9638","3.9352","","0.09%"
"11/06/2015","3.9449","3.9962","4.0020","3.9320","","-1.32%"
"11/05/2015","3.9977","3.9890","4.0032","3.9785","","0.17%"
"11/04/2015","3.9909","4.0274","4.0290","3.9814","","-0.93%"
"11/03/2015","4.0285","4.0442","4.0519","4.0161","","-0.44%"
"11/02/2015","4.0464","4.0489","4.0602","4.0398","","0.10%"
"10/30/2015","4.0422","4.0305","4.0666","4.0263","","0.27%"
"10/29/2015","4.0314","4.0114","4.0344","4.0046","","0.51%"
"10/28/2015","4.0110","4.0582","4.0754","4.0011","","-1.17%"
"10/27/2015","4.0583","4.0601","4.0696","4.0507","","-0.07%"
"10/26/2015","4.0611","4.0419","4.0654","4.0348","","0.36%"
"10/23/2015","4.0466","4.0793","4.0930","4.0370","","-0.80%"
"10/22/2015","4.0794","4.1634","4.1693","4.0754","","-2.05%"
"10/21/2015","4.1649","4.1658","4.1802","4.1619","","-0.07%"
"10/20/2015","4.1679","4.1591","4.1832","4.1579","","0.20%"
"10/19/2015","4.1595","4.1672","4.1798","4.1513","","-0.19%"
"10/16/2015","4.1674","4.1805","4.1867","4.1619","","-0.33%"
"10/15/2015","4.1810","4.2133","4.2221","4.1724","","-0.79%"
"10/14/2015","4.2141","4.1781","4.2206","4.1772","","0.81%"
"10/13/2015","4.1803","4.1705","4.1919","4.1658","","0.23%"
"10/12/2015","4.1709","4.1702","4.1856","4.1691","","-0.02%"
"10/09/2015","4.1718","4.1423","4.1838","4.1375","","0.70%"
"10/08/2015","4.1427","4.1260","4.1596","4.1241","","0.39%"
"10/07/2015","4.1268","4.1388","4.1441","4.1168","","-0.32%"
"10/06/2015","4.1401","4.1090","4.1441","4.1020","","0.77%"
"10/05/2015","4.1083","4.1210","4.1471","4.1020","","-0.22%"
"10/02/2015","4.1174","4.1113","4.1574","4.0950","","0.12%"
"10/01/2015","4.1123","4.1039","4.1181","4.0892","","0.17%"
"09/30/2015","4.1052","4.1301","4.1366","4.0973","","-0.65%"
"09/29/2015","4.1319","4.1293","4.1451","4.1104","","0.04%"
"09/28/2015","4.1304","4.1101","4.1315","4.0935","","0.46%"
"09/25/2015","4.1114","4.1228","4.1253","4.0813","","-0.31%"
"09/24/2015","4.1242","4.1069","4.1482","4.0993","","0.39%"
"09/23/2015","4.1083","4.0828","4.1185","4.0772","","0.60%"
"09/22/2015","4.0838","4.1076","4.1168","4.0805","","-0.62%"
"09/21/2015","4.1094","4.1443","4.1620","4.1053","","-1.03%"
"09/18/2015","4.1521","4.1989","4.2087","4.1383","","-1.13%"
"09/17/2015","4.1997","4.1460","4.2020","4.1431","","1.28%"
"09/16/2015","4.1467","4.1376","4.1582","4.1177","","0.20%"
"09/15/2015","4.1383","4.1546","4.1610","4.1339","","-0.47%"
"09/14/2015","4.1579","4.1626","4.1780","4.1432","","-0.17%"
"09/11/2015","4.1651","4.1417","4.1687","4.1328","","0.54%"
"09/10/2015","4.1429","4.1146","4.1493","4.1023","","0.67%"
"09/09/2015","4.1155","4.1129","4.1204","4.0874","","0.05%"
"09/08/2015","4.1136","4.1022","4.1246","4.0955","","0.29%"
"09/07/2015","4.1018","4.0972","4.1056","4.0843","","0.19%"
"09/04/2015","4.0942","4.0850","4.1072","4.0725","","0.21%"
"09/03/2015","4.0856","4.1229","4.1304","4.0711","","-0.92%"
"09/02/2015","4.1236","4.1543","4.1582","4.1185","","-0.77%"
"09/01/2015","4.1558","4.1175","4.1631","4.1146","","0.89%"
"08/31/2015","4.1191","4.1046","4.1377","4.0987","","0.31%"
"08/28/2015","4.1062","4.1289","4.1540","4.0966","","-0.58%"
"08/27/2015","4.1303","4.1559","4.1748","4.1137","","-0.62%"
"08/26/2015","4.1561","4.2299","4.2474","4.1462","","-1.76%"
"08/25/2015","4.2305","4.2673","4.2698","4.1859","","-0.90%"
"08/24/2015","4.2688","4.1843","4.3019","4.1729","","2.04%"
"08/21/2015","4.1835","4.1292","4.1850","4.1233","","1.32%"
"08/20/2015","4.1290","4.0831","4.1305","4.0789","","1.10%"
"08/19/2015","4.0842","4.0476","4.0906","4.0459","","0.89%"
"08/18/2015","4.0480","4.0674","4.0756","4.0458","","-0.52%"
"08/17/2015","4.0691","4.0796","4.0875","4.0612","","-0.25%"
"08/14/2015","4.0793","4.0947","4.1097","4.0749","","-0.39%"
"08/13/2015","4.0952","4.0976","4.1098","4.0693","","-0.06%"
"08/12/2015","4.0978","4.0546","4.1184","4.0487","","1.05%"
"08/11/2015","4.0553","4.0462","4.0729","4.0252","","0.19%"
"08/10/2015","4.0475","4.0278","4.0556","4.0124","","0.47%"
"08/07/2015","4.0286","4.0128","4.0335","3.9860","","0.40%"
"08/06/2015","4.0126","4.0059","4.0202","3.9940","","0.17%"
"08/05/2015","4.0058","3.9953","4.0178","3.9837","","0.22%"
"08/04/2015","3.9970","4.0219","4.0373","3.9945","","-0.63%"
"08/03/2015","4.0222","4.0326","4.0391","4.0183","","-0.34%"
"07/31/2015","4.0358","4.0150","4.0827","4.0109","","0.50%"
"07/30/2015","4.0158","4.0348","4.0371","4.0006","","-0.48%"
"07/29/2015","4.0352","4.0620","4.0720","4.0274","","-0.67%"
"07/28/2015","4.0624","4.0737","4.0771","4.0476","","-0.30%"
"07/27/2015","4.0747","4.0359","4.0883","4.0282","","1.00%"
"07/24/2015","4.0345","4.0333","4.0398","4.0124","","0.01%"
"07/23/2015","4.0339","4.0135","4.0475","4.0109","","0.45%"
"07/22/2015","4.0160","4.0163","4.0274","3.9922","","-0.03%"
"07/21/2015","4.0172","3.9757","4.0290","3.9705","","1.02%"
"07/20/2015","3.9768","3.9778","3.9934","3.9698","","-0.02%"
"07/17/2015","3.9774","3.9937","4.0058","3.9763","","-0.43%"
"07/16/2015","3.9946","4.0204","4.0266","3.9867","","-0.67%"
"07/15/2015","4.0214","4.0435","4.0536","4.0137","","-0.57%"
"07/14/2015","4.0446","4.0407","4.0712","4.0271","","0.07%"
"07/13/2015","4.0416","4.0756","4.1129","4.0381","","-1.44%"
"07/10/2015","4.1008","4.0525","4.1205","4.0507","","1.15%"
"07/09/2015","4.0543","4.0678","4.0869","4.0355","","-0.37%"
"07/08/2015","4.0694","4.0439","4.0745","4.0299","","0.61%"
"07/07/2015","4.0449","4.0600","4.0628","4.0090","","-0.40%"
"07/06/2015","4.0612","4.0244","4.0759","4.0238","","-0.52%"
"07/03/2015","4.0823","4.0705","4.0841","4.0634","","0.27%"
"07/02/2015","4.0712","4.0593","4.0861","4.0512","","0.28%"
"07/01/2015","4.0600","4.0908","4.1037","4.0552","","-0.75%"
"06/30/2015","4.0907","4.1260","4.1303","4.0807","","-0.87%"
"06/29/2015","4.1268","4.0401","4.1426","4.0224","","0.62%"
"06/26/2015","4.1012","4.1149","4.1218","4.0869","","-0.34%"
"06/25/2015","4.1153","4.1147","4.1243","4.0960","","-0.01%"
"06/24/2015","4.1156","4.1018","4.1271","4.0962","","0.32%"
"06/23/2015","4.1025","4.1644","4.1680","4.0894","","-1.51%"
"06/22/2015","4.1656","4.1731","4.1912","4.1545","","-0.10%"
"06/19/2015","4.1698","4.1718","4.1848","4.1470","","-0.06%"
"06/18/2015","4.1725","4.1630","4.2012","4.1610","","0.20%"
"06/17/2015","4.1642","4.1310","4.1723","4.1171","","0.80%"
"06/16/2015","4.1312","4.1453","4.1614","4.1148","","-0.32%"
"06/15/2015","4.1444","4.1163","4.1486","4.1094","","0.12%"
"06/12/2015","4.1394","4.1337","4.1501","4.0953","","0.11%"
"06/11/2015","4.1349","4.1593","4.1629","4.1071","","-0.61%"
"06/10/2015","4.1603","4.1442","4.1823","4.1354","","0.38%"
"06/09/2015","4.1444","4.1472","4.1673","4.1185","","-0.07%"
"06/08/2015","4.1472","4.0814","4.1535","4.0697","","1.60%"
"06/05/2015","4.0819","4.1267","4.1440","4.0575","","-1.11%"
"06/04/2015","4.1278","4.1409","4.1806","4.1224","","-0.30%"
"06/03/2015","4.1404","4.0961","4.1456","4.0687","","1.06%"
"06/02/2015","4.0971","4.0131","4.1115","4.0083","","2.08%"
"06/01/2015","4.0137","4.0352","4.0368","3.9984","","-0.55%"
"05/29/2015","4.0360","4.0205","4.0430","4.0128","","0.35%"
"05/28/2015","4.0218","4.0047","4.0255","3.9914","","0.41%"
"05/27/2015","4.0055","3.9929","4.0150","3.9735","","0.29%"
"05/26/2015","3.9939","4.0319","4.0346","3.9896","","-0.95%"
"05/25/2015","4.0321","4.0414","4.0446","4.0249","","-0.37%"
"05/22/2015","4.0469","4.0814","4.1181","4.0407","","-0.85%"
"05/21/2015","4.0816","4.0741","4.1070","4.0693","","0.17%"
"05/20/2015","4.0745","4.0947","4.0977","4.0627","","-0.51%"
"05/19/2015","4.0953","4.1556","4.1609","4.0829","","-1.47%"
"05/18/2015","4.1562","4.2055","4.2061","4.1493","","-1.20%"
"05/15/2015","4.2066","4.1902","4.2121","4.1589","","0.37%"
"05/14/2015","4.1909","4.1714","4.2045","4.1648","","0.46%"
"05/13/2015","4.1716","4.1185","4.1815","4.1141","","1.27%"
"05/12/2015","4.1191","4.0969","4.1430","4.0892","","0.53%"
"05/11/2015","4.0973","4.1118","4.1161","4.0880","","-0.44%"
"05/08/2015","4.1155","4.1376","4.1467","4.1053","","-0.55%"
"05/07/2015","4.1382","4.1674","4.1845","4.1270","","-0.77%"
"05/06/2015","4.1702","4.1079","4.1772","4.1042","","1.50%"
"05/05/2015","4.1087","4.0931","4.1223","4.0642","","0.36%"
"05/04/2015","4.0940","4.1130","4.1239","4.0847","","-0.50%"
"05/01/2015","4.1144","4.1211","4.1475","4.1042","","-0.20%"
"04/30/2015","4.1227","4.0873","4.1388","4.0660","","0.83%"
"04/29/2015","4.0886","4.0323","4.1099","4.0249","","1.37%"
"04/28/2015","4.0334","4.0006","4.0377","3.9881","","0.85%"
"04/27/2015","3.9994","3.9929","4.0138","3.9735","","0.13%"
"04/24/2015","3.9941","3.9745","4.0038","3.9602","","0.45%"
"04/23/2015","3.9762","3.9389","3.9840","3.9170","","0.92%"
"04/22/2015","3.9399","3.9430","3.9674","3.9327","","-0.08%"
"04/21/2015","3.9432","3.9433","3.9609","3.9140","","-0.04%"
"04/20/2015","3.9447","3.9740","3.9764","3.9342","","-0.62%"
"04/17/2015","3.9695","3.9521","3.9858","3.9425","","0.43%"
"04/16/2015","3.9527","3.9239","3.9737","3.9018","","0.70%"
"04/15/2015","3.9252","3.9128","3.9311","3.8824","","0.31%"
"04/14/2015","3.9131","3.8805","3.9333","3.8673","","0.81%"
"04/13/2015","3.8815","3.8937","3.9002","3.8636","","-0.34%"
"04/10/2015","3.8948","3.9147","3.9252","3.8813","","-0.52%"
"04/09/2015","3.9153","3.9591","3.9627","3.9066","","-1.12%"
"04/08/2015","3.9597","3.9716","3.9994","3.9532","","-0.31%"
"04/07/2015","3.9722","4.0105","4.0236","3.9676","","-1.00%"
"04/06/2015","4.0122","4.0358","4.0541","4.0065","","-0.50%"
"04/03/2015","4.0324","3.9966","4.0507","3.9896","","0.87%"
"04/02/2015","3.9976","3.9529","4.0057","3.9476","","1.11%"
"04/01/2015","3.9537","3.9420","3.9672","3.9361","","0.31%"
"03/31/2015","3.9414","3.9782","3.9834","3.9343","","-0.94%"
"03/30/2015","3.9787","3.9977","4.0015","3.9696","","-0.51%"
"03/27/2015","3.9992","3.9972","4.0216","3.9661","","0.04%"
"03/26/2015","3.9976","4.0279","4.0598","3.9862","","-0.80%"
"03/25/2015","4.0297","4.0117","4.0469","4.0028","","0.41%"
"03/24/2015","4.0134","4.0200","4.0521","3.9994","","-0.18%"
"03/23/2015","4.0206","3.9742","4.0301","3.9542","","1.15%"
"03/20/2015","3.9750","3.9151","3.9974","3.9110","","1.52%"
"03/19/2015","3.9155","3.9906","4.0090","3.8978","","-1.90%"
"03/18/2015","3.9912","3.8923","4.0375","3.8850","","2.53%"
"03/17/2015","3.8929","3.8809","3.9123","3.8744","","0.28%"
"03/16/2015","3.8819","3.8537","3.9013","3.8405","","0.70%"
"03/13/2015","3.8549","3.9055","3.9078","3.8420","","-1.31%"
"03/12/2015","3.9062","3.8735","3.9246","3.8544","","0.83%"
"03/11/2015","3.8740","3.9290","3.9368","3.8600","","-1.41%"
"03/10/2015","3.9294","3.9856","3.9874","3.9267","","-1.42%"
"03/09/2015","3.9862","3.9773","4.0064","3.9743","","0.07%"
"03/06/2015","3.9835","4.0517","4.0532","3.9815","","-1.68%"
"03/05/2015","4.0516","4.0685","4.0828","4.0352","","-0.44%"
"03/04/2015","4.0694","4.1041","4.1090","4.0622","","-0.86%"
"03/03/2015","4.1049","4.1067","4.1207","4.0964","","-0.08%"
"03/02/2015","4.1080","4.1118","4.1289","4.0982","","-0.09%"
"02/27/2015","4.1119","4.1125","4.1314","4.1042","","-0.03%"
"02/26/2015","4.1130","4.1720","4.1802","4.1069","","-1.44%"
"02/25/2015","4.1730","4.1647","4.1829","4.1629","","0.18%"
"02/24/2015","4.1655","4.1629","4.1725","4.1456","","0.08%"
"02/23/2015","4.1623","4.1806","4.1925","4.1482","","-0.43%"
"02/20/2015","4.1801","4.1750","4.1986","4.1423","","0.13%"
"02/19/2015","4.1748","4.1858","4.2058","4.1703","","-0.27%"
"02/18/2015","4.1863","4.1904","4.1936","4.1622","","-0.13%"
"02/17/2015","4.1917","4.1691","4.2062","4.1578","","0.51%"
"02/16/2015","4.1706","4.1812","4.1994","4.1567","","-0.27%"
"02/13/2015","4.1820","4.1876","4.2035","4.1791","","-0.15%"
"02/12/2015","4.1884","4.1626","4.1957","4.1509","","0.61%"
"02/11/2015","4.1629","4.1575","4.1687","4.1424","","0.11%"
"02/10/2015","4.1583","4.1589","4.1678","4.1399","","-0.03%"
"02/09/2015","4.1595","4.1553","4.1724","4.1390","","0.08%"
"02/06/2015","4.1562","4.2143","4.2200","4.1539","","-1.41%"
"02/05/2015","4.2156","4.1663","4.2245","4.1511","","1.15%"
"02/04/2015","4.1677","4.2162","4.2190","4.1560","","-1.17%"
"02/03/2015","4.2170","4.1655","4.2365","4.1545","","1.22%"
"02/02/2015","4.1660","4.1453","4.1741","4.1424","","0.48%"
"01/30/2015","4.1463","4.1575","4.1747","4.1420","","-0.28%"
"01/29/2015","4.1579","4.1453","4.1759","4.1357","","0.28%"
"01/28/2015","4.1461","4.1799","4.1818","4.1409","","-0.82%"
"01/27/2015","4.1803","4.1274","4.1961","4.1222","","1.26%"
"01/26/2015","4.1281","4.1020","4.1491","4.0763","","0.27%"
"01/23/2015","4.1168","4.1740","4.1778","4.0818","","-1.39%"
"01/22/2015","4.1750","4.2640","4.2782","4.1564","","-2.10%"
"01/21/2015","4.2646","4.2423","4.2889","4.2386","","0.52%"
"01/20/2015","4.2425","4.2621","4.2664","4.2383","","-0.48%"
"01/19/2015","4.2629","4.2486","4.2758","4.2401","","0.32%"
"01/16/2015","4.2494","4.2717","4.2794","4.2089","","-0.53%"
"01/15/2015","4.2720","4.3294","4.3325","4.2486","","-1.35%"
"01/14/2015","4.3303","4.3239","4.3509","4.3070","","0.14%"
"01/13/2015","4.3241","4.3458","4.3560","4.3165","","-0.51%"
"01/12/2015","4.3463","4.3481","4.3608","4.3286","","-0.07%"
"01/09/2015","4.3493","4.3308","4.3521","4.3197","","0.41%"
"01/08/2015","4.3315","4.3477","4.3516","4.3169","","-0.39%"
"01/07/2015","4.3485","4.3664","4.3698","4.3341","","-0.42%"
"01/06/2015","4.3669","4.3826","4.3968","4.3646","","-0.37%"
"01/05/2015","4.3833","4.4080","4.4108","4.3635","","-0.57%"
"01/02/2015","4.4085","4.4453","4.4482","4.4071","","-0.84%"
"01/01/2015","4.4458","4.4435","4.4469","4.4413","","0.05%"