"Date","Price","Open","High","Low","Vol.","Change %"
"11/21/2025","1.6235","1.6251","1.6285","1.6209","","-0.10%"
"11/20/2025","1.6251","1.6211","1.6275","1.6182","","0.24%"
"11/19/2025","1.6212","1.6200","1.6237","1.6184","","0.07%"
"11/18/2025","1.6201","1.6294","1.6313","1.6174","","-0.56%"
"11/17/2025","1.6292","1.6292","1.6307","1.6250","","-0.03%"
"11/14/2025","1.6297","1.6328","1.6344","1.6276","","-0.19%"
"11/13/2025","1.6328","1.6237","1.6346","1.6217","","0.55%"
"11/12/2025","1.6238","1.6235","1.6247","1.6209","","0.00%"
"11/11/2025","1.6238","1.6204","1.6259","1.6197","","0.21%"
"11/10/2025","1.6204","1.6248","1.6266","1.6193","","-0.27%"
"11/07/2025","1.6248","1.6301","1.6318","1.6221","","-0.34%"
"11/06/2025","1.6303","1.6214","1.6317","1.6208","","0.55%"
"11/05/2025","1.6214","1.6195","1.6248","1.6187","","0.12%"
"11/04/2025","1.6195","1.6192","1.6220","1.6161","","0.01%"
"11/03/2025","1.6193","1.6163","1.6218","1.6145","","0.19%"
"10/31/2025","1.6162","1.6176","1.6221","1.6140","","-0.09%"
"10/30/2025","1.6176","1.6174","1.6222","1.6159","","0.01%"
"10/29/2025","1.6175","1.6250","1.6260","1.6145","","-0.46%"
"10/28/2025","1.6249","1.6291","1.6330","1.6236","","-0.26%"
"10/27/2025","1.6292","1.6271","1.6308","1.6238","","0.13%"
"10/24/2025","1.6271","1.6256","1.6333","1.6237","","0.09%"
"10/23/2025","1.6257","1.6248","1.6260","1.6214","","0.06%"
"10/22/2025","1.6248","1.6266","1.6276","1.6214","","-0.11%"
"10/21/2025","1.6266","1.6340","1.6358","1.6257","","-0.47%"
"10/20/2025","1.6343","1.6338","1.6378","1.6328","","0.04%"
"10/17/2025","1.6336","1.6426","1.6471","1.6334","","-0.55%"
"10/16/2025","1.6426","1.6356","1.6439","1.6342","","0.43%"
"10/15/2025","1.6356","1.6303","1.6362","1.6289","","0.33%"
"10/14/2025","1.6302","1.6240","1.6315","1.6219","","0.38%"
"10/13/2025","1.6240","1.6269","1.6277","1.6200","","-0.23%"
"10/10/2025","1.6277","1.6214","1.6290","1.6171","","0.39%"
"10/09/2025","1.6214","1.6223","1.6241","1.6180","","-0.05%"
"10/08/2025","1.6222","1.6260","1.6271","1.6188","","-0.24%"
"10/07/2025","1.6261","1.6327","1.6339","1.6252","","-0.40%"
"10/06/2025","1.6327","1.6391","1.6395","1.6260","","-0.34%"
"10/03/2025","1.6383","1.6366","1.6407","1.6359","","0.10%"
"10/02/2025","1.6366","1.6346","1.6397","1.6338","","0.13%"
"10/01/2025","1.6345","1.6334","1.6391","1.6325","","0.07%"
"09/30/2025","1.6334","1.6315","1.6375","1.6304","","0.10%"
"09/29/2025","1.6317","1.6316","1.6375","1.6299","","0.01%"
"09/26/2025","1.6315","1.6262","1.6322","1.6243","","0.31%"
"09/25/2025","1.6264","1.6313","1.6334","1.6241","","-0.30%"
"09/24/2025","1.6313","1.6346","1.6355","1.6280","","-0.21%"
"09/23/2025","1.6347","1.6310","1.6362","1.6292","","0.22%"
"09/22/2025","1.6311","1.6191","1.6322","1.6169","","0.77%"
"09/19/2025","1.6187","1.6262","1.6273","1.6168","","-0.46%"
"09/18/2025","1.6262","1.6270","1.6317","1.6222","","-0.06%"
"09/17/2025","1.6271","1.6306","1.6364","1.6261","","-0.21%"
"09/16/2025","1.6305","1.6202","1.6322","1.6196","","0.62%"
"09/15/2025","1.6205","1.6242","1.6279","1.6197","","-0.23%"
"09/12/2025","1.6242","1.6230","1.6257","1.6206","","0.07%"
"09/11/2025","1.6231","1.6212","1.6274","1.6195","","0.12%"
"09/10/2025","1.6212","1.6208","1.6248","1.6188","","0.03%"
"09/09/2025","1.6207","1.6238","1.6262","1.6204","","-0.20%"
"09/08/2025","1.6239","1.6202","1.6251","1.6178","","0.20%"
"09/05/2025","1.6207","1.6096","1.6262","1.6090","","0.69%"
"09/04/2025","1.6096","1.6085","1.6120","1.6075","","0.06%"
"09/03/2025","1.6086","1.6044","1.6109","1.6024","","0.26%"
"09/02/2025","1.6045","1.6104","1.6113","1.6012","","-0.37%"
"09/01/2025","1.6104","1.6062","1.6129","1.6052","","0.26%"
"08/29/2025","1.6062","1.6062","1.6081","1.6026","","0.00%"
"08/28/2025","1.6062","1.6050","1.6089","1.6029","","0.07%"
"08/27/2025","1.6050","1.6112","1.6121","1.6027","","-0.38%"
"08/26/2025","1.6111","1.6105","1.6147","1.6085","","0.05%"
"08/25/2025","1.6103","1.6197","1.6217","1.6081","","-0.60%"
"08/22/2025","1.6200","1.6145","1.6229","1.6115","","0.34%"
"08/21/2025","1.6145","1.6165","1.6190","1.6125","","-0.12%"
"08/20/2025","1.6165","1.6151","1.6186","1.6122","","0.08%"
"08/19/2025","1.6152","1.6096","1.6176","1.6080","","0.35%"
"08/18/2025","1.6095","1.6161","1.6189","1.6088","","-0.44%"
"08/15/2025","1.6166","1.6094","1.6177","1.6087","","0.45%"
"08/14/2025","1.6094","1.6106","1.6118","1.6066","","-0.08%"
"08/13/2025","1.6107","1.6079","1.6137","1.6070","","0.18%"
"08/12/2025","1.6078","1.6006","1.6091","1.5987","","0.46%"
"08/11/2025","1.6005","1.6015","1.6055","1.5984","","-0.06%"
"08/08/2025","1.6014","1.6033","1.6048","1.5968","","-0.12%"
"08/07/2025","1.6033","1.6022","1.6059","1.5979","","0.07%"
"08/06/2025","1.6021","1.5940","1.6035","1.5928","","0.49%"
"08/05/2025","1.5943","1.5943","1.5967","1.5892","","0.00%"
"08/04/2025","1.5943","1.5964","1.5989","1.5917","","-0.19%"
"08/01/2025","1.5974","1.5816","1.5987","1.5795","","1.00%"
"07/31/2025","1.5816","1.5771","1.5854","1.5764","","0.28%"
"07/30/2025","1.5772","1.5901","1.5928","1.5768","","-0.80%"
"07/29/2025","1.5899","1.5922","1.5936","1.5850","","-0.14%"
"07/28/2025","1.5922","1.6097","1.6131","1.5905","","-1.04%"
"07/25/2025","1.6089","1.6023","1.6107","1.6003","","0.41%"
"07/24/2025","1.6023","1.6004","1.6064","1.5976","","0.11%"
"07/23/2025","1.6006","1.5990","1.6021","1.5919","","0.08%"
"07/22/2025","1.5993","1.6008","1.6016","1.5972","","-0.06%"
"07/21/2025","1.6003","1.5949","1.6034","1.5939","","0.30%"
"07/18/2025","1.5955","1.5947","1.6000","1.5937","","0.05%"
"07/17/2025","1.5947","1.5921","1.5958","1.5889","","0.16%"
"07/16/2025","1.5921","1.5922","1.6042","1.5896","","0.00%"
"07/15/2025","1.5921","1.5991","1.6016","1.5901","","-0.41%"
"07/14/2025","1.5987","1.6011","1.6036","1.5962","","-0.11%"
"07/11/2025","1.6004","1.5979","1.6034","1.5964","","0.16%"
"07/10/2025","1.5978","1.6041","1.6076","1.5971","","-0.39%"
"07/09/2025","1.6041","1.6018","1.6052","1.6009","","0.15%"
"07/08/2025","1.6017","1.6021","1.6054","1.5987","","-0.02%"
"07/07/2025","1.6021","1.6026","1.6057","1.5979","","-0.02%"
"07/04/2025","1.6024","1.5968","1.6039","1.5961","","0.35%"
"07/03/2025","1.5968","1.6031","1.6052","1.5927","","-0.39%"
"07/02/2025","1.6031","1.6111","1.6115","1.6023","","-0.50%"
"07/01/2025","1.6111","1.6042","1.6113","1.6014","","0.43%"
"06/30/2025","1.6042","1.6028","1.6081","1.5995","","0.04%"
"06/27/2025","1.6035","1.5956","1.6097","1.5936","","0.46%"
"06/26/2025","1.5962","1.6003","1.6069","1.5939","","-0.26%"
"06/25/2025","1.6004","1.5935","1.6012","1.5911","","0.44%"
"06/24/2025","1.5934","1.5900","1.5955","1.5874","","0.21%"
"06/23/2025","1.5900","1.5830","1.5918","1.5749","","0.47%"
"06/20/2025","1.5825","1.5749","1.5853","1.5745","","0.48%"
"06/19/2025","1.5749","1.5723","1.5770","1.5703","","0.15%"
"06/18/2025","1.5726","1.5706","1.5779","1.5686","","0.13%"
"06/17/2025","1.5706","1.5698","1.5721","1.5642","","0.10%"
"06/16/2025","1.5690","1.5663","1.5735","1.5660","","-0.03%"
"06/13/2025","1.5694","1.5754","1.5791","1.5669","","-0.41%"
"06/12/2025","1.5759","1.5707","1.5848","1.5700","","0.33%"
"06/11/2025","1.5707","1.5618","1.5714","1.5600","","0.57%"
"06/10/2025","1.5618","1.5647","1.5672","1.5610","","-0.19%"
"06/09/2025","1.5648","1.5612","1.5650","1.5586","","0.29%"
"06/06/2025","1.5603","1.5654","1.5661","1.5572","","-0.31%"
"06/05/2025","1.5652","1.5618","1.5688","1.5589","","0.22%"
"06/04/2025","1.5617","1.5602","1.5644","1.5588","","0.10%"
"06/03/2025","1.5602","1.5691","1.5711","1.5594","","-0.58%"
"06/02/2025","1.5693","1.5591","1.5696","1.5578","","0.64%"
"05/30/2025","1.5593","1.5694","1.5726","1.5575","","-0.70%"
"05/29/2025","1.5703","1.5625","1.5715","1.5537","","0.50%"
"05/28/2025","1.5625","1.5644","1.5676","1.5591","","-0.13%"
"05/27/2025","1.5645","1.5643","1.5678","1.5592","","0.01%"
"05/26/2025","1.5643","1.5616","1.5649","1.5578","","0.18%"
"05/23/2025","1.5615","1.5631","1.5707","1.5577","","-0.10%"
"05/22/2025","1.5631","1.5706","1.5719","1.5611","","-0.47%"
"05/21/2025","1.5705","1.5703","1.5764","1.5667","","0.02%"
"05/20/2025","1.5702","1.5686","1.5719","1.5636","","0.10%"
"05/19/2025","1.5686","1.5596","1.5745","1.5593","","0.61%"
"05/16/2025","1.5591","1.5617","1.5650","1.5566","","-0.17%"
"05/15/2025","1.5618","1.5629","1.5700","1.5603","","-0.05%"
"05/14/2025","1.5626","1.5587","1.5679","1.5571","","0.24%"
"05/13/2025","1.5588","1.5495","1.5621","1.5491","","0.59%"
"05/12/2025","1.5496","1.5636","1.5668","1.5481","","-1.15%"
"05/09/2025","1.5677","1.5635","1.5728","1.5608","","0.27%"
"05/08/2025","1.5635","1.5638","1.5716","1.5615","","-0.05%"
"05/07/2025","1.5643","1.5666","1.5690","1.5598","","-0.15%"
"05/06/2025","1.5667","1.5643","1.5677","1.5605","","0.15%"
"05/05/2025","1.5643","1.5621","1.5696","1.5583","","0.20%"
"05/02/2025","1.5612","1.5646","1.5695","1.5595","","-0.22%"
"05/01/2025","1.5646","1.5632","1.5664","1.5577","","0.09%"
"04/30/2025","1.5632","1.5750","1.5766","1.5606","","-0.75%"
"04/29/2025","1.5750","1.5798","1.5814","1.5738","","-0.30%"
"04/28/2025","1.5797","1.5757","1.5822","1.5719","","0.31%"
"04/25/2025","1.5748","1.5775","1.5791","1.5700","","-0.17%"
"04/24/2025","1.5775","1.5709","1.5805","1.5703","","0.43%"
"04/23/2025","1.5708","1.5780","1.5797","1.5668","","-0.46%"
"04/22/2025","1.5780","1.5939","1.5950","1.5768","","-0.96%"
"04/21/2025","1.5933","1.5770","1.5965","1.5764","","1.01%"
"04/18/2025","1.5774","1.5726","1.5804","1.5721","","0.36%"
"04/17/2025","1.5717","1.5800","1.5812","1.5695","","-0.47%"
"04/16/2025","1.5792","1.5745","1.5859","1.5743","","0.33%"
"04/15/2025","1.5740","1.5749","1.5782","1.5671","","-0.03%"
"04/14/2025","1.5744","1.5650","1.5820","1.5637","","-0.04%"
"04/11/2025","1.5750","1.5658","1.5938","1.5646","","0.62%"
"04/10/2025","1.5653","1.5425","1.5722","1.5417","","1.49%"
"04/09/2025","1.5423","1.5631","1.5749","1.5406","","-1.29%"
"04/08/2025","1.5625","1.5537","1.5636","1.5427","","0.57%"
"04/07/2025","1.5536","1.5589","1.5735","1.5493","","-0.26%"
"04/04/2025","1.5576","1.5581","1.5743","1.5524","","0.01%"
"04/03/2025","1.5575","1.5449","1.5737","1.5389","","0.83%"
"04/02/2025","1.5447","1.5438","1.5587","1.5424","","0.07%"
"04/01/2025","1.5436","1.5564","1.5589","1.5432","","-0.81%"
"03/31/2025","1.5562","1.5496","1.5569","1.5472","","0.39%"
"03/28/2025","1.5501","1.5452","1.5517","1.5415","","0.33%"
"03/27/2025","1.5450","1.5341","1.5478","1.5331","","0.74%"
"03/26/2025","1.5337","1.5408","1.5421","1.5338","","-0.45%"
"03/25/2025","1.5406","1.5469","1.5484","1.5401","","-0.37%"
"03/24/2025","1.5463","1.5520","1.5558","1.5418","","-0.35%"
"03/21/2025","1.5517","1.5547","1.5573","1.5499","","-0.16%"
"03/20/2025","1.5542","1.5619","1.5644","1.5526","","-0.47%"
"03/19/2025","1.5615","1.5652","1.5661","1.5577","","-0.20%"
"03/18/2025","1.5647","1.5608","1.5680","1.5564","","0.28%"
"03/17/2025","1.5604","1.5630","1.5665","1.5583","","-0.18%"
"03/14/2025","1.5632","1.5673","1.5742","1.5616","","-0.24%"
"03/13/2025","1.5669","1.5645","1.5702","1.5576","","0.18%"
"03/12/2025","1.5641","1.5762","1.5784","1.5621","","-0.74%"
"03/11/2025","1.5757","1.5642","1.5860","1.5635","","0.77%"
"03/10/2025","1.5636","1.5578","1.5667","1.5525","","0.40%"
"03/07/2025","1.5573","1.5417","1.5658","1.5411","","1.02%"
"03/06/2025","1.5415","1.5475","1.5572","1.5402","","-0.34%"
"03/05/2025","1.5467","1.5294","1.5543","1.5279","","1.18%"
"03/04/2025","1.5286","1.5187","1.5378","1.5152","","0.69%"
"03/03/2025","1.5182","1.5010","1.5234","1.5000","","1.17%"
"02/28/2025","1.5007","1.5015","1.5048","1.4974","","-0.03%"
"02/27/2025","1.5011","1.5032","1.5069","1.5002","","-0.12%"
"02/26/2025","1.5029","1.5050","1.5099","1.5008","","-0.11%"
"02/25/2025","1.5046","1.4928","1.5059","1.4917","","0.82%"
"02/24/2025","1.4923","1.4872","1.4941","1.4869","","0.35%"
"02/21/2025","1.4871","1.4888","1.4899","1.4837","","-0.09%"
"02/20/2025","1.4884","1.4838","1.4893","1.4823","","0.34%"
"02/19/2025","1.4833","1.4829","1.4844","1.4800","","0.03%"
"02/18/2025","1.4829","1.4871","1.4883","1.4807","","-0.23%"
"02/17/2025","1.4863","1.4880","1.4889","1.4850","","-0.09%"
"02/14/2025","1.4877","1.4851","1.4894","1.4819","","0.19%"
"02/13/2025","1.4849","1.4861","1.4903","1.4792","","-0.01%"
"02/12/2025","1.4851","1.4803","1.4878","1.4785","","0.36%"
"02/11/2025","1.4797","1.4756","1.4826","1.4755","","0.30%"
"02/10/2025","1.4753","1.4764","1.4818","1.4722","","-0.05%"
"02/07/2025","1.4761","1.4857","1.4912","1.4741","","-0.62%"
"02/06/2025","1.4853","1.4885","1.4916","1.4834","","-0.19%"
"02/05/2025","1.4882","1.4865","1.4910","1.4851","","0.14%"
"02/04/2025","1.4861","1.4926","1.4948","1.4847","","-0.42%"
"02/03/2025","1.4924","1.4945","1.5143","1.4884","","-0.84%"
"01/31/2025","1.5050","1.5057","1.5094","1.4982","","-0.02%"
"01/30/2025","1.5053","1.5026","1.5176","1.4971","","0.20%"
"01/29/2025","1.5023","1.5020","1.5064","1.4997","","0.06%"
"01/28/2025","1.5014","1.5080","1.5087","1.4990","","-0.41%"
"01/27/2025","1.5076","1.5053","1.5132","1.5037","","0.18%"
"01/24/2025","1.5049","1.4981","1.5080","1.4964","","0.46%"
"01/23/2025","1.4980","1.4964","1.5008","1.4935","","0.13%"
"01/22/2025","1.4960","1.4938","1.4999","1.4910","","0.15%"
"01/21/2025","1.4937","1.4904","1.5050","1.4895","","0.26%"
"01/20/2025","1.4898","1.4854","1.4937","1.4852","","0.17%"
"01/17/2025","1.4872","1.4825","1.4879","1.4807","","0.34%"
"01/16/2025","1.4822","1.4756","1.4837","1.4743","","0.46%"
"01/15/2025","1.4754","1.4791","1.4821","1.4728","","-0.23%"
"01/14/2025","1.4788","1.4731","1.4806","1.4720","","0.40%"
"01/13/2025","1.4729","1.4782","1.4784","1.4684","","-0.30%"
"01/10/2025","1.4774","1.4828","1.4859","1.4743","","-0.33%"
"01/09/2025","1.4823","1.4834","1.4850","1.4804","","-0.04%"
"01/08/2025","1.4829","1.4858","1.4866","1.4793","","-0.17%"
"01/07/2025","1.4854","1.4891","1.4930","1.4842","","-0.24%"
"01/06/2025","1.4890","1.4894","1.4945","1.4833","","-0.01%"
"01/03/2025","1.4892","1.4785","1.4897","1.4769","","0.74%"
"01/02/2025","1.4783","1.4899","1.4941","1.4760","","-0.76%"
"01/01/2025","1.4896","1.4891","1.4905","1.4882","","0.05%"
"12/31/2024","1.4888","1.4939","1.4981","1.4882","","-0.33%"
"12/30/2024","1.4937","1.5033","1.5043","1.4912","","-0.57%"
"12/27/2024","1.5022","1.5017","1.5053","1.4986","","0.05%"
"12/26/2024","1.5015","1.4948","1.5028","1.4922","","0.48%"
"12/25/2024","1.4944","1.4934","1.4967","1.4925","","0.09%"
"12/24/2024","1.4930","1.4953","1.4998","1.4918","","-0.13%"
"12/23/2024","1.4950","1.4978","1.5017","1.4941","","-0.23%"
"12/20/2024","1.4984","1.4922","1.5000","1.4911","","0.44%"
"12/19/2024","1.4918","1.4958","1.5022","1.4877","","-0.25%"
"12/18/2024","1.4956","1.5014","1.5063","1.4930","","-0.35%"
"12/17/2024","1.5008","1.4971","1.5053","1.4961","","0.27%"
"12/16/2024","1.4968","1.4947","1.4979","1.4922","","0.17%"
"12/13/2024","1.4943","1.4886","1.4967","1.4877","","0.40%"
"12/12/2024","1.4884","1.4860","1.4915","1.4838","","0.20%"
"12/11/2024","1.4855","1.4930","1.4941","1.4819","","-0.46%"
"12/10/2024","1.4924","1.4955","1.4977","1.4873","","-0.19%"
"12/09/2024","1.4953","1.4964","1.4971","1.4898","","-0.04%"
"12/06/2024","1.4959","1.4848","1.4968","1.4832","","0.77%"
"12/05/2024","1.4844","1.4793","1.4862","1.4785","","0.36%"
"12/04/2024","1.4791","1.4786","1.4836","1.4737","","0.07%"
"12/03/2024","1.4780","1.4747","1.4804","1.4722","","0.26%"
"12/02/2024","1.4742","1.4815","1.4832","1.4722","","-0.44%"
"11/29/2024","1.4807","1.4790","1.4828","1.4769","","0.16%"
"11/28/2024","1.4784","1.4825","1.4830","1.4750","","-0.24%"
"11/27/2024","1.4819","1.4740","1.4861","1.4731","","0.56%"
"11/26/2024","1.4737","1.4678","1.4851","1.4669","","0.41%"
"11/25/2024","1.4677","1.4565","1.4708","1.4533","","0.76%"
"11/22/2024","1.4566","1.4636","1.4663","1.4488","","-0.44%"
"11/21/2024","1.4631","1.4737","1.4746","1.4612","","-0.68%"
"11/20/2024","1.4731","1.4789","1.4806","1.4716","","-0.35%"
"11/19/2024","1.4783","1.4855","1.4862","1.4766","","-0.46%"
"11/18/2024","1.4851","1.4854","1.4892","1.4831","","0.01%"
"11/15/2024","1.4850","1.4807","1.4872","1.4795","","0.32%"
"11/14/2024","1.4802","1.4787","1.4840","1.4713","","0.12%"
"11/13/2024","1.4784","1.4814","1.4849","1.4760","","-0.20%"
"11/12/2024","1.4813","1.4838","1.4849","1.4778","","-0.15%"
"11/11/2024","1.4835","1.4908","1.4929","1.4815","","-0.48%"
"11/08/2024","1.4907","1.4977","1.4995","1.4883","","-0.45%"
"11/07/2024","1.4975","1.4956","1.5004","1.4915","","0.15%"
"11/06/2024","1.4953","1.5114","1.5129","1.4861","","-1.03%"
"11/05/2024","1.5109","1.5122","1.5144","1.5096","","-0.07%"
"11/04/2024","1.5120","1.5171","1.5185","1.5114","","0.05%"
"11/01/2024","1.5112","1.5164","1.5172","1.5099","","-0.34%"
"10/31/2024","1.5163","1.5094","1.5170","1.5089","","0.46%"
"10/30/2024","1.5093","1.5054","1.5122","1.5044","","0.27%"
"10/29/2024","1.5052","1.5023","1.5058","1.4972","","0.23%"
"10/28/2024","1.5017","1.4996","1.5046","1.4982","","0.16%"
"10/25/2024","1.4993","1.5000","1.5027","1.4978","","-0.05%"
"10/24/2024","1.5000","1.4922","1.5006","1.4886","","0.56%"
"10/23/2024","1.4917","1.4922","1.4938","1.4892","","0.00%"
"10/22/2024","1.4917","1.4960","1.4988","1.4915","","-0.27%"
"10/21/2024","1.4958","1.4989","1.5011","1.4954","","-0.25%"
"10/18/2024","1.4995","1.4942","1.5010","1.4934","","0.37%"
"10/17/2024","1.4940","1.4939","1.4987","1.4902","","0.04%"
"10/16/2024","1.4934","1.5002","1.5024","1.4928","","-0.44%"
"10/15/2024","1.5000","1.5050","1.5098","1.4997","","-0.33%"
"10/14/2024","1.5049","1.5050","1.5082","1.5030","","-0.01%"
"10/11/2024","1.5051","1.5025","1.5084","1.5015","","0.18%"
"10/10/2024","1.5024","1.5000","1.5063","1.4983","","0.18%"
"10/09/2024","1.4997","1.4986","1.5006","1.4964","","0.09%"
"10/08/2024","1.4984","1.4948","1.5002","1.4941","","0.28%"
"10/07/2024","1.4942","1.4896","1.4962","1.4882","","0.31%"
"10/04/2024","1.4896","1.4954","1.4971","1.4873","","-0.36%"
"10/03/2024","1.4950","1.4914","1.4956","1.4899","","0.25%"
"10/02/2024","1.4912","1.4931","1.4943","1.4874","","-0.13%"
"10/01/2024","1.4931","1.5059","1.5075","1.4919","","-0.84%"
"09/30/2024","1.5058","1.5087","1.5154","1.5041","","-0.17%"
"09/27/2024","1.5083","1.5049","1.5101","1.5004","","0.24%"
"09/26/2024","1.5047","1.5014","1.5070","1.4991","","0.25%"
"09/25/2024","1.5009","1.5018","1.5071","1.4992","","-0.04%"
"09/24/2024","1.5015","1.5044","1.5062","1.5002","","-0.21%"
"09/23/2024","1.5046","1.5139","1.5148","1.5002","","-0.66%"
"09/20/2024","1.5146","1.5134","1.5166","1.5123","","0.09%"
"09/19/2024","1.5132","1.5126","1.5143","1.5093","","0.05%"
"09/18/2024","1.5125","1.5110","1.5165","1.5079","","0.10%"
"09/17/2024","1.5110","1.5122","1.5160","1.5102","","-0.09%"
"09/16/2024","1.5123","1.5055","1.5134","1.5048","","0.51%"
"09/13/2024","1.5047","1.5040","1.5077","1.5034","","0.06%"
"09/12/2024","1.5038","1.4949","1.5042","1.4935","","0.62%"
"09/11/2024","1.4946","1.4997","1.5029","1.4945","","-0.34%"
"09/10/2024","1.4997","1.4960","1.5012","1.4957","","0.26%"
"09/09/2024","1.4958","1.5043","1.5051","1.4960","","-0.55%"
"09/06/2024","1.5041","1.5004","1.5061","1.4941","","0.26%"
"09/05/2024","1.5002","1.4969","1.5030","1.4960","","0.23%"
"09/04/2024","1.4967","1.4968","1.4996","1.4943","","0.03%"
"09/03/2024","1.4963","1.4936","1.4996","1.4915","","0.18%"
"09/02/2024","1.4936","1.4901","1.4949","1.4894","","0.20%"
"08/30/2024","1.4906","1.4936","1.4952","1.4888","","-0.19%"
"08/29/2024","1.4935","1.4989","1.5000","1.4906","","-0.37%"
"08/28/2024","1.4990","1.5035","1.5044","1.4962","","-0.27%"
"08/27/2024","1.5031","1.5053","1.5063","1.5016","","-0.15%"
"08/26/2024","1.5053","1.5115","1.5128","1.5039","","-0.40%"
"08/23/2024","1.5114","1.5131","1.5135","1.5078","","-0.10%"
"08/22/2024","1.5129","1.5159","1.5164","1.5100","","-0.18%"
"08/21/2024","1.5157","1.5158","1.5179","1.5099","","0.00%"
"08/20/2024","1.5157","1.5115","1.5162","1.5075","","0.29%"
"08/19/2024","1.5113","1.5103","1.5122","1.5070","","0.21%"
"08/16/2024","1.5082","1.5064","1.5101","1.5061","","0.14%"
"08/15/2024","1.5061","1.5105","1.5112","1.5030","","-0.27%"
"08/14/2024","1.5102","1.5065","1.5140","1.5052","","0.27%"
"08/13/2024","1.5062","1.5024","1.5084","1.4992","","0.28%"
"08/12/2024","1.5020","1.4989","1.5033","1.4977","","0.22%"
"08/09/2024","1.4987","1.4993","1.5011","1.4983","","-0.01%"
"08/08/2024","1.4988","1.5028","1.5044","1.4969","","-0.25%"
"08/07/2024","1.5025","1.5070","1.5072","1.4992","","-0.28%"
"08/06/2024","1.5067","1.5142","1.5148","1.5035","","-0.48%"
"08/05/2024","1.5139","1.5132","1.5230","1.5126","","0.03%"
"08/02/2024","1.5134","1.4974","1.5142","1.4954","","1.09%"
"08/01/2024","1.4971","1.4950","1.4981","1.4894","","0.16%"
"07/31/2024","1.4947","1.4978","1.4999","1.4919","","-0.19%"
"07/30/2024","1.4976","1.4990","1.5007","1.4950","","-0.06%"
"07/29/2024","1.4985","1.5021","1.5036","1.4960","","-0.23%"
"07/26/2024","1.5020","1.4995","1.5038","1.4975","","0.19%"
"07/25/2024","1.4991","1.4969","1.5029","1.4962","","0.19%"
"07/24/2024","1.4963","1.4960","1.5001","1.4932","","0.06%"
"07/23/2024","1.4954","1.4984","1.4998","1.4930","","-0.17%"
"07/22/2024","1.4979","1.4934","1.4990","1.4924","","0.29%"
"07/19/2024","1.4936","1.4934","1.4969","1.4918","","0.03%"
"07/18/2024","1.4932","1.4968","1.4976","1.4926","","-0.21%"
"07/17/2024","1.4964","1.4903","1.4979","1.4898","","0.45%"
"07/16/2024","1.4897","1.4908","1.4926","1.4883","","-0.05%"
"07/15/2024","1.4905","1.4870","1.4918","1.4848","","0.27%"
"07/12/2024","1.4865","1.4815","1.4877","1.4798","","0.35%"
"07/11/2024","1.4813","1.4751","1.4830","1.4743","","0.44%"
"07/10/2024","1.4748","1.4745","1.4764","1.4726","","0.05%"
"07/09/2024","1.4741","1.4766","1.4773","1.4733","","-0.10%"
"07/08/2024","1.4756","1.4784","1.4790","1.4737","","-0.16%"
"07/05/2024","1.4779","1.4719","1.4791","1.4713","","0.45%"
"07/04/2024","1.4713","1.4711","1.4726","1.4694","","0.05%"
"07/03/2024","1.4706","1.4699","1.4737","1.4689","","0.09%"
"07/02/2024","1.4693","1.4753","1.4767","1.4686","","-0.38%"
"07/01/2024","1.4749","1.4657","1.4759","1.4650","","0.66%"
"06/28/2024","1.4652","1.4665","1.4684","1.4630","","-0.08%"
"06/27/2024","1.4663","1.4634","1.4685","1.4617","","0.23%"
"06/26/2024","1.4630","1.4634","1.4646","1.4600","","0.01%"
"06/25/2024","1.4629","1.4659","1.4665","1.4595","","-0.16%"
"06/24/2024","1.4653","1.4645","1.4699","1.4628","","0.09%"
"06/21/2024","1.4640","1.4650","1.4669","1.4613","","-0.03%"
"06/20/2024","1.4645","1.4728","1.4741","1.4645","","-0.53%"
"06/19/2024","1.4723","1.4733","1.4745","1.4716","","-0.04%"
"06/18/2024","1.4729","1.4732","1.4758","1.4718","","0.00%"
"06/17/2024","1.4729","1.4699","1.4754","1.4692","","0.22%"
"06/14/2024","1.4696","1.4758","1.4768","1.4687","","-0.38%"
"06/13/2024","1.4752","1.4833","1.4865","1.4750","","-0.52%"
"06/12/2024","1.4829","1.4780","1.4891","1.4760","","0.37%"
"06/11/2024","1.4774","1.4812","1.4829","1.4762","","-0.23%"
"06/10/2024","1.4808","1.4858","1.4859","1.4779","","-0.38%"
"06/07/2024","1.4865","1.4888","1.4937","1.4842","","-0.11%"
"06/06/2024","1.4882","1.4884","1.4927","1.4875","","0.02%"
"06/05/2024","1.4879","1.4883","1.4933","1.4855","","0.00%"
"06/04/2024","1.4879","1.4861","1.4900","1.4853","","0.15%"
"06/03/2024","1.4856","1.4777","1.4875","1.4767","","0.57%"
"05/31/2024","1.4772","1.4818","1.4841","1.4772","","-0.27%"
"05/30/2024","1.4812","1.4818","1.4845","1.4807","","-0.02%"
"05/29/2024","1.4815","1.4815","1.4851","1.4790","","0.03%"
"05/28/2024","1.4811","1.4802","1.4838","1.4797","","0.06%"
"05/27/2024","1.4802","1.4825","1.4840","1.4790","","-0.09%"
"05/24/2024","1.4816","1.4848","1.4885","1.4810","","-0.18%"
"05/23/2024","1.4843","1.4822","1.4866","1.4791","","0.18%"
"05/22/2024","1.4817","1.4820","1.4833","1.4790","","0.01%"
"05/21/2024","1.4815","1.4792","1.4838","1.4788","","0.19%"
"05/20/2024","1.4787","1.4799","1.4816","1.4773","","-0.04%"
"05/17/2024","1.4793","1.4799","1.4813","1.4769","","-0.02%"
"05/16/2024","1.4796","1.4805","1.4825","1.4793","","-0.03%"
"05/15/2024","1.4801","1.4768","1.4819","1.4741","","0.26%"
"05/14/2024","1.4763","1.4746","1.4786","1.4733","","0.14%"
"05/13/2024","1.4742","1.4726","1.4776","1.4718","","0.14%"
"05/10/2024","1.4721","1.4747","1.4761","1.4694","","-0.15%"
"05/09/2024","1.4743","1.4747","1.4766","1.4719","","-0.01%"
"05/08/2024","1.4745","1.4762","1.4790","1.4743","","-0.09%"
"05/07/2024","1.4758","1.4712","1.4778","1.4711","","0.32%"
"05/06/2024","1.4711","1.4726","1.4744","1.4711","","-0.07%"
"05/03/2024","1.4721","1.4667","1.4749","1.4654","","0.40%"
"05/02/2024","1.4662","1.4716","1.4727","1.4640","","-0.34%"
"05/01/2024","1.4712","1.4694","1.4731","1.4674","","0.14%"
"04/30/2024","1.4691","1.4647","1.4735","1.4635","","0.34%"
"04/29/2024","1.4641","1.4620","1.4655","1.4605","","0.17%"
"04/26/2024","1.4616","1.4650","1.4669","1.4606","","-0.23%"
"04/25/2024","1.4650","1.4661","1.4695","1.4641","","-0.03%"
"04/24/2024","1.4655","1.4621","1.4674","1.4608","","0.27%"
"04/23/2024","1.4616","1.4597","1.4647","1.4579","","0.17%"
"04/22/2024","1.4591","1.4659","1.4663","1.4584","","-0.42%"
"04/19/2024","1.4652","1.4654","1.4684","1.4636","","0.01%"
"04/18/2024","1.4650","1.4699","1.4708","1.4650","","-0.31%"
"04/17/2024","1.4695","1.4685","1.4714","1.4668","","0.10%"
"04/16/2024","1.4680","1.4648","1.4732","1.4637","","0.25%"
"04/15/2024","1.4643","1.4661","1.4669","1.4611","","-0.09%"
"04/12/2024","1.4656","1.4684","1.4691","1.4617","","-0.16%"
"04/11/2024","1.4680","1.4692","1.4711","1.4666","","-0.08%"
"04/10/2024","1.4692","1.4735","1.4777","1.4669","","-0.24%"
"04/09/2024","1.4727","1.4738","1.4768","1.4729","","-0.05%"
"04/08/2024","1.4735","1.4728","1.4755","1.4709","","0.08%"
"04/05/2024","1.4723","1.4675","1.4746","1.4672","","0.35%"
"04/04/2024","1.4672","1.4657","1.4697","1.4642","","0.12%"
"04/03/2024","1.4655","1.4612","1.4667","1.4602","","0.34%"
"04/02/2024","1.4606","1.4579","1.4628","1.4545","","0.20%"
"04/01/2024","1.4577","1.4614","1.4630","1.4568","","-0.21%"
"03/29/2024","1.4608","1.4610","1.4637","1.4585","","0.03%"
"03/28/2024","1.4603","1.4690","1.4702","1.4602","","-0.58%"
"03/27/2024","1.4688","1.4714","1.4739","1.4679","","-0.14%"
"03/26/2024","1.4709","1.4724","1.4742","1.4689","","-0.07%"
"03/25/2024","1.4720","1.4703","1.4732","1.4693","","0.13%"
"03/22/2024","1.4701","1.4695","1.4724","1.4662","","0.06%"
"03/21/2024","1.4692","1.4733","1.4749","1.4685","","-0.27%"
"03/20/2024","1.4732","1.4741","1.4768","1.4707","","-0.03%"
"03/19/2024","1.4736","1.4713","1.4782","1.4711","","0.18%"
"03/18/2024","1.4710","1.4743","1.4771","1.4708","","-0.22%"
"03/15/2024","1.4742","1.4728","1.4754","1.4709","","0.12%"
"03/14/2024","1.4724","1.4747","1.4757","1.4714","","-0.10%"
"03/13/2024","1.4739","1.4741","1.4766","1.4724","","0.02%"
"03/12/2024","1.4736","1.4733","1.4770","1.4716","","0.05%"
"03/11/2024","1.4729","1.4745","1.4769","1.4725","","-0.08%"
"03/08/2024","1.4741","1.4735","1.4764","1.4680","","0.07%"
"03/07/2024","1.4730","1.4726","1.4743","1.4657","","0.03%"
"03/06/2024","1.4725","1.4756","1.4783","1.4720","","-0.18%"
"03/05/2024","1.4751","1.4736","1.4766","1.4716","","0.14%"
"03/04/2024","1.4731","1.4696","1.4750","1.4689","","0.27%"
"03/01/2024","1.4692","1.4672","1.4708","1.4659","","0.18%"
"02/29/2024","1.4665","1.4713","1.4751","1.4656","","-0.31%"
"02/28/2024","1.4711","1.4669","1.4722","1.4660","","0.29%"
"02/27/2024","1.4669","1.4659","1.4693","1.4629","","0.14%"
"02/26/2024","1.4648","1.4610","1.4682","1.4600","","0.26%"
"02/23/2024","1.4610","1.4594","1.4630","1.4577","","0.14%"
"02/22/2024","1.4590","1.4611","1.4644","1.4575","","-0.12%"
"02/21/2024","1.4608","1.4614","1.4628","1.4595","","0.01%"
"02/20/2024","1.4606","1.4541","1.4650","1.4533","","0.48%"
"02/19/2024","1.4536","1.4534","1.4549","1.4508","","0.06%"
"02/16/2024","1.4528","1.4502","1.4544","1.4490","","0.19%"
"02/15/2024","1.4501","1.4528","1.4567","1.4501","","-0.18%"
"02/14/2024","1.4527","1.4525","1.4553","1.4476","","0.05%"
"02/13/2024","1.4520","1.4489","1.4555","1.4464","","0.24%"
"02/12/2024","1.4485","1.4516","1.4537","1.4470","","-0.16%"
"02/09/2024","1.4508","1.4511","1.4538","1.4462","","0.06%"
"02/08/2024","1.4499","1.4503","1.4523","1.4480","","-0.01%"
"02/07/2024","1.4501","1.4512","1.4528","1.4480","","-0.06%"
"02/06/2024","1.4509","1.4547","1.4552","1.4490","","-0.22%"
"02/05/2024","1.4541","1.4525","1.4550","1.4492","","0.18%"
"02/02/2024","1.4515","1.4553","1.4586","1.4503","","-0.23%"
"02/01/2024","1.4548","1.4535","1.4562","1.4501","","0.12%"
"01/31/2024","1.4530","1.4531","1.4575","1.4494","","0.01%"
"01/30/2024","1.4528","1.4532","1.4572","1.4497","","0.00%"
"01/29/2024","1.4528","1.4592","1.4604","1.4520","","-0.47%"
"01/26/2024","1.4596","1.4616","1.4634","1.4570","","-0.12%"
"01/25/2024","1.4614","1.4720","1.4738","1.4600","","-0.69%"
"01/24/2024","1.4716","1.4605","1.4725","1.4598","","0.79%"
"01/23/2024","1.4600","1.4669","1.4697","1.4588","","-0.44%"
"01/22/2024","1.4665","1.4627","1.4677","1.4605","","0.21%"
"01/19/2024","1.4634","1.4668","1.4690","1.4629","","-0.20%"
"01/18/2024","1.4664","1.4700","1.4714","1.4650","","-0.21%"
"01/17/2024","1.4695","1.4673","1.4719","1.4659","","0.16%"
"01/16/2024","1.4671","1.4704","1.4731","1.4634","","-0.18%"
"01/15/2024","1.4698","1.4684","1.4728","1.4668","","0.12%"
"01/12/2024","1.4680","1.4697","1.4707","1.4624","","-0.07%"
"01/11/2024","1.4690","1.4682","1.4722","1.4653","","0.09%"
"01/10/2024","1.4677","1.4637","1.4685","1.4622","","0.31%"
"01/09/2024","1.4632","1.4617","1.4680","1.4601","","0.14%"
"01/08/2024","1.4611","1.4605","1.4692","1.4605","","-0.05%"
"01/05/2024","1.4619","1.4613","1.4648","1.4565","","0.08%"
"01/04/2024","1.4607","1.4584","1.4648","1.4558","","0.16%"
"01/03/2024","1.4583","1.4579","1.4615","1.4552","","0.08%"
"01/02/2024","1.4572","1.4622","1.4642","1.4548","","-0.31%"
"01/01/2024","1.4618","1.4621","1.4636","1.4609","","0.01%"
"12/29/2023","1.4617","1.4633","1.4694","1.4555","","-0.09%"
"12/28/2023","1.4630","1.4668","1.4722","1.4608","","-0.23%"
"12/27/2023","1.4664","1.4572","1.4689","1.4552","","0.65%"
"12/26/2023","1.4570","1.4595","1.4625","1.4549","","-0.10%"
"12/25/2023","1.4584","1.4610","1.4640","1.4587","","-0.19%"
"12/22/2023","1.4612","1.4624","1.4652","1.4585","","-0.05%"
"12/21/2023","1.4619","1.4628","1.4672","1.4592","","-0.01%"
"12/20/2023","1.4620","1.4640","1.4654","1.4583","","-0.12%"
"12/19/2023","1.4637","1.4636","1.4686","1.4617","","0.05%"
"12/18/2023","1.4630","1.4562","1.4647","1.4560","","0.36%"
"12/15/2023","1.4577","1.4739","1.4748","1.4562","","-1.07%"
"12/14/2023","1.4735","1.4701","1.4767","1.4653","","0.26%"
"12/13/2023","1.4697","1.4669","1.4718","1.4628","","0.23%"
"12/12/2023","1.4664","1.4613","1.4696","1.4591","","0.38%"
"12/11/2023","1.4608","1.4621","1.4657","1.4562","","-0.09%"
"12/08/2023","1.4621","1.4679","1.4686","1.4581","","-0.35%"
"12/07/2023","1.4673","1.4633","1.4705","1.4627","","0.31%"
"12/06/2023","1.4627","1.4675","1.4680","1.4611","","-0.29%"
"12/05/2023","1.4669","1.4669","1.4721","1.4633","","0.00%"
"12/04/2023","1.4669","1.4699","1.4739","1.4625","","-0.14%"
"12/01/2023","1.4689","1.4764","1.4783","1.4635","","-0.47%"
"11/30/2023","1.4758","1.4904","1.4927","1.4756","","-0.98%"
"11/29/2023","1.4904","1.4917","1.4932","1.4890","","-0.09%"
"11/28/2023","1.4918","1.4920","1.4950","1.4867","","0.03%"
"11/27/2023","1.4913","1.4918","1.4959","1.4897","","-0.01%"
"11/24/2023","1.4915","1.4936","1.4952","1.4867","","-0.11%"
"11/23/2023","1.4932","1.4906","1.4953","1.4893","","0.22%"
"11/22/2023","1.4899","1.4949","1.4989","1.4899","","-0.31%"
"11/21/2023","1.4945","1.5015","1.5047","1.4931","","-0.44%"
"11/20/2023","1.5011","1.4960","1.5042","1.4950","","0.33%"
"11/17/2023","1.4962","1.4929","1.4982","1.4892","","0.25%"
"11/16/2023","1.4924","1.4840","1.4983","1.4838","","0.57%"
"11/15/2023","1.4839","1.4897","1.4908","1.4810","","-0.38%"
"11/14/2023","1.4896","1.4768","1.4915","1.4758","","0.89%"
"11/13/2023","1.4764","1.4743","1.4777","1.4731","","0.17%"
"11/10/2023","1.4739","1.4733","1.4787","1.4706","","0.10%"
"11/09/2023","1.4725","1.4771","1.4778","1.4720","","-0.28%"
"11/08/2023","1.4766","1.4731","1.4793","1.4692","","0.26%"
"11/07/2023","1.4728","1.4681","1.4734","1.4670","","0.33%"
"11/06/2023","1.4679","1.4669","1.4701","1.4644","","0.16%"
"11/03/2023","1.4655","1.4596","1.4696","1.4586","","0.45%"
"11/02/2023","1.4589","1.4647","1.4724","1.4585","","-0.36%"
"11/01/2023","1.4641","1.4671","1.4684","1.4598","","-0.22%"
"10/31/2023","1.4673","1.4676","1.4752","1.4659","","0.01%"
"10/30/2023","1.4672","1.4651","1.4714","1.4614","","0.14%"
"10/27/2023","1.4651","1.4604","1.4697","1.4556","","0.31%"
"10/26/2023","1.4606","1.4583","1.4614","1.4537","","0.23%"
"10/25/2023","1.4572","1.4551","1.4606","1.4537","","0.19%"
"10/24/2023","1.4545","1.4605","1.4617","1.4531","","-0.40%"
"10/23/2023","1.4603","1.4532","1.4611","1.4497","","0.51%"
"10/20/2023","1.4529","1.4516","1.4534","1.4463","","0.10%"
"10/19/2023","1.4514","1.4450","1.4535","1.4443","","0.45%"
"10/18/2023","1.4449","1.4434","1.4455","1.4387","","0.10%"
"10/17/2023","1.4434","1.4373","1.4453","1.4350","","0.45%"
"10/16/2023","1.4369","1.4352","1.4389","1.4333","","0.12%"
"10/13/2023","1.4352","1.4413","1.4444","1.4328","","-0.40%"
"10/12/2023","1.4409","1.4440","1.4459","1.4376","","-0.15%"
"10/11/2023","1.4431","1.4406","1.4459","1.4397","","0.20%"
"10/10/2023","1.4402","1.4361","1.4429","1.4342","","0.32%"
"10/09/2023","1.4356","1.4482","1.4482","1.4347","","-0.73%"
"10/06/2023","1.4462","1.4460","1.4502","1.4375","","0.05%"
"10/05/2023","1.4455","1.4439","1.4493","1.4428","","0.14%"
"10/04/2023","1.4435","1.4349","1.4473","1.4335","","0.63%"
"10/03/2023","1.4345","1.4329","1.4400","1.4318","","0.13%"
"10/02/2023","1.4327","1.4349","1.4377","1.4325","","-0.16%"
"09/29/2023","1.4350","1.4246","1.4365","1.4219","","0.77%"
"09/28/2023","1.4240","1.4176","1.4269","1.4156","","0.49%"
"09/27/2023","1.4171","1.4290","1.4299","1.4172","","-0.80%"
"09/26/2023","1.4285","1.4253","1.4329","1.4237","","0.27%"
"09/25/2023","1.4247","1.4354","1.4366","1.4248","","-0.80%"
"09/22/2023","1.4362","1.4373","1.4381","1.4284","","-0.06%"
"09/21/2023","1.4370","1.4351","1.4402","1.4328","","0.16%"
"09/20/2023","1.4347","1.4361","1.4405","1.4342","","-0.08%"
"09/19/2023","1.4358","1.4419","1.4429","1.4302","","-0.40%"
"09/18/2023","1.4415","1.4411","1.4433","1.4368","","0.08%"
"09/15/2023","1.4404","1.4377","1.4462","1.4364","","0.21%"
"09/14/2023","1.4374","1.4544","1.4553","1.4358","","-1.09%"
"09/13/2023","1.4532","1.4575","1.4595","1.4519","","-0.26%"
"09/12/2023","1.4570","1.4591","1.4624","1.4511","","-0.12%"
"09/11/2023","1.4587","1.4587","1.4619","1.4555","","-0.04%"
"09/08/2023","1.4593","1.4636","1.4664","1.4567","","-0.30%"
"09/07/2023","1.4637","1.4626","1.4667","1.4595","","0.08%"
"09/06/2023","1.4626","1.4636","1.4678","1.4606","","-0.04%"
"09/05/2023","1.4632","1.4674","1.4706","1.4583","","-0.23%"
"09/04/2023","1.4665","1.4653","1.4697","1.4644","","0.14%"
"09/01/2023","1.4645","1.4647","1.4737","1.4631","","0.01%"
"08/31/2023","1.4643","1.4786","1.4802","1.4642","","-0.93%"
"08/30/2023","1.4781","1.4745","1.4828","1.4718","","0.28%"
"08/29/2023","1.4739","1.4714","1.4770","1.4691","","0.21%"
"08/28/2023","1.4708","1.4693","1.4721","1.4661","","0.12%"
"08/25/2023","1.4690","1.4682","1.4727","1.4627","","0.07%"
"08/24/2023","1.4679","1.4694","1.4724","1.4659","","-0.05%"
"08/23/2023","1.4687","1.4699","1.4740","1.4651","","-0.05%"
"08/22/2023","1.4694","1.4755","1.4788","1.4685","","-0.38%"
"08/21/2023","1.4750","1.4733","1.4788","1.4710","","0.20%"
"08/18/2023","1.4720","1.4728","1.4761","1.4709","","-0.03%"
"08/17/2023","1.4725","1.4728","1.4746","1.4694","","0.05%"
"08/16/2023","1.4718","1.4720","1.4763","1.4708","","0.01%"
"08/15/2023","1.4717","1.4680","1.4763","1.4668","","0.29%"
"08/14/2023","1.4675","1.4708","1.4743","1.4655","","-0.22%"
"08/11/2023","1.4707","1.4766","1.4805","1.4709","","-0.37%"
"08/10/2023","1.4762","1.4729","1.4804","1.4718","","0.26%"
"08/09/2023","1.4724","1.4707","1.4772","1.4694","","0.18%"
"08/08/2023","1.4697","1.4709","1.4774","1.4696","","-0.08%"
"08/07/2023","1.4709","1.4724","1.4741","1.4673","","-0.10%"
"08/04/2023","1.4724","1.4617","1.4747","1.4609","","0.73%"
"08/03/2023","1.4617","1.4602","1.4634","1.4575","","0.14%"
"08/02/2023","1.4597","1.4586","1.4632","1.4549","","0.10%"
"08/01/2023","1.4583","1.4505","1.4599","1.4495","","0.55%"
"07/31/2023","1.4503","1.4577","1.4617","1.4483","","-0.65%"
"07/28/2023","1.4598","1.4516","1.4621","1.4483","","0.63%"
"07/27/2023","1.4507","1.4637","1.4705","1.4487","","-0.89%"
"07/26/2023","1.4637","1.4558","1.4659","1.4553","","0.55%"
"07/25/2023","1.4557","1.4571","1.4589","1.4529","","-0.05%"
"07/24/2023","1.4564","1.4714","1.4722","1.4562","","-0.95%"
"07/21/2023","1.4704","1.4666","1.4716","1.4633","","0.31%"
"07/20/2023","1.4658","1.4744","1.4764","1.4648","","-0.55%"
"07/19/2023","1.4739","1.4783","1.4808","1.4725","","-0.28%"
"07/18/2023","1.4781","1.4831","1.4885","1.4779","","-0.32%"
"07/17/2023","1.4829","1.4839","1.4876","1.4777","","-0.06%"
"07/14/2023","1.4838","1.4724","1.4859","1.4697","","0.84%"
"07/13/2023","1.4714","1.4673","1.4732","1.4652","","0.29%"
"07/12/2023","1.4672","1.4566","1.4699","1.4554","","0.76%"
"07/11/2023","1.4561","1.4609","1.4623","1.4558","","-0.29%"
"07/10/2023","1.4603","1.4558","1.4613","1.4539","","0.34%"
"07/07/2023","1.4554","1.4555","1.4575","1.4509","","0.01%"
"07/06/2023","1.4553","1.4415","1.4567","1.4407","","0.99%"
"07/05/2023","1.4411","1.4388","1.4478","1.4381","","0.20%"
"07/04/2023","1.4382","1.4459","1.4468","1.4381","","-0.48%"
"07/03/2023","1.4452","1.4450","1.4473","1.4422","","0.08%"
"06/30/2023","1.4440","1.4398","1.4473","1.4365","","0.32%"
"06/29/2023","1.4394","1.4469","1.4508","1.4391","","-0.48%"
"06/28/2023","1.4464","1.4460","1.4520","1.4442","","0.06%"
"06/27/2023","1.4455","1.4345","1.4464","1.4328","","0.79%"
"06/26/2023","1.4342","1.4359","1.4383","1.4324","","-0.08%"
"06/23/2023","1.4353","1.4409","1.4428","1.4316","","-0.36%"
"06/22/2023","1.4405","1.4459","1.4491","1.4401","","-0.36%"
"06/21/2023","1.4457","1.4450","1.4471","1.4415","","0.09%"
"06/20/2023","1.4444","1.4430","1.4480","1.4417","","0.14%"
"06/19/2023","1.4424","1.4438","1.4471","1.4396","","-0.08%"
"06/16/2023","1.4435","1.4473","1.4506","1.4409","","-0.23%"
"06/15/2023","1.4469","1.4432","1.4504","1.4409","","0.28%"
"06/14/2023","1.4429","1.4373","1.4455","1.4337","","0.42%"
"06/13/2023","1.4368","1.4383","1.4442","1.4345","","-0.08%"
"06/12/2023","1.4380","1.4339","1.4396","1.4325","","0.29%"
"06/09/2023","1.4338","1.4402","1.4417","1.4318","","-0.39%"
"06/08/2023","1.4394","1.4306","1.4431","1.4283","","0.64%"
"06/07/2023","1.4302","1.4332","1.4385","1.4289","","-0.19%"
"06/06/2023","1.4329","1.4406","1.4413","1.4316","","-0.51%"
"06/05/2023","1.4402","1.4381","1.4429","1.4339","","0.22%"
"06/02/2023","1.4371","1.4477","1.4483","1.4370","","-0.67%"
"06/01/2023","1.4468","1.4511","1.4543","1.4446","","-0.26%"
"05/31/2023","1.4506","1.4598","1.4615","1.4463","","-0.63%"
"05/30/2023","1.4598","1.4551","1.4617","1.4514","","0.36%"
"05/29/2023","1.4545","1.4589","1.4608","1.4549","","-0.37%"
"05/26/2023","1.4599","1.4623","1.4652","1.4589","","-0.15%"
"05/25/2023","1.4621","1.4615","1.4636","1.4568","","0.08%"
"05/24/2023","1.4609","1.4547","1.4640","1.4535","","0.45%"
"05/23/2023","1.4543","1.4603","1.4621","1.4522","","-0.38%"
"05/22/2023","1.4599","1.4585","1.4631","1.4579","","0.12%"
"05/19/2023","1.4581","1.4544","1.4633","1.4518","","0.30%"
"05/18/2023","1.4538","1.4583","1.4612","1.4511","","-0.29%"
"05/17/2023","1.4580","1.4646","1.4665","1.4562","","-0.43%"
"05/16/2023","1.4643","1.4644","1.4678","1.4585","","0.03%"
"05/15/2023","1.4639","1.4710","1.4733","1.4636","","-0.39%"
"05/12/2023","1.4697","1.4727","1.4752","1.4673","","-0.20%"
"05/11/2023","1.4727","1.4683","1.4741","1.4630","","0.32%"
"05/10/2023","1.4680","1.4675","1.4709","1.4616","","0.05%"
"05/09/2023","1.4672","1.4717","1.4724","1.4657","","-0.29%"
"05/08/2023","1.4715","1.4749","1.4770","1.4694","","-0.13%"
"05/05/2023","1.4734","1.4910","1.4928","1.4735","","-1.15%"
"05/04/2023","1.4906","1.5063","1.5103","1.4900","","-1.00%"
"05/03/2023","1.5057","1.4988","1.5075","1.4981","","0.47%"
"05/02/2023","1.4986","1.4870","1.5001","1.4854","","0.83%"
"05/01/2023","1.4862","1.4929","1.4967","1.4839","","-0.47%"
"04/28/2023","1.4932","1.4992","1.5034","1.4910","","-0.36%"
"04/27/2023","1.4986","1.5058","1.5078","1.4975","","-0.45%"
"04/26/2023","1.5053","1.4952","1.5115","1.4943","","0.70%"
"04/25/2023","1.4949","1.4958","1.4994","1.4938","","0.01%"
"04/24/2023","1.4948","1.4882","1.4971","1.4863","","0.49%"
"04/21/2023","1.4875","1.4784","1.4886","1.4775","","0.66%"
"04/20/2023","1.4777","1.4748","1.4804","1.4737","","0.22%"
"04/19/2023","1.4744","1.4691","1.4754","1.4675","","0.41%"
"04/18/2023","1.4684","1.4631","1.4703","1.4624","","0.36%"
"04/17/2023","1.4632","1.4687","1.4701","1.4621","","-0.44%"
"04/14/2023","1.4696","1.4728","1.4758","1.4682","","-0.18%"
"04/13/2023","1.4723","1.4774","1.4813","1.4727","","-0.30%"
"04/12/2023","1.4767","1.4694","1.4793","1.4689","","0.52%"
"04/11/2023","1.4691","1.4673","1.4756","1.4666","","0.17%"
"04/10/2023","1.4666","1.4726","1.4750","1.4661","","-0.36%"
"04/07/2023","1.4719","1.4737","1.4757","1.4713","","-0.11%"
"04/06/2023","1.4735","1.4675","1.4742","1.4664","","0.41%"
"04/05/2023","1.4675","1.4721","1.4772","1.4661","","-0.29%"
"04/04/2023","1.4718","1.4642","1.4755","1.4621","","0.56%"
"04/03/2023","1.4636","1.4657","1.4663","1.4579","","-0.09%"
"03/31/2023","1.4649","1.4748","1.4774","1.4646","","-0.60%"
"03/30/2023","1.4738","1.4701","1.4789","1.4667","","0.27%"
"03/29/2023","1.4698","1.4750","1.4766","1.4692","","-0.34%"
"03/28/2023","1.4748","1.4750","1.4815","1.4733","","0.01%"
"03/27/2023","1.4747","1.4787","1.4808","1.4734","","-0.27%"
"03/24/2023","1.4787","1.4852","1.4875","1.4764","","-0.43%"
"03/23/2023","1.4851","1.4905","1.4941","1.4840","","-0.34%"
"03/22/2023","1.4901","1.4765","1.4916","1.4737","","0.93%"
"03/21/2023","1.4763","1.4652","1.4800","1.4646","","0.79%"
"03/20/2023","1.4648","1.4642","1.4698","1.4600","","0.05%"
"03/17/2023","1.4641","1.4555","1.4662","1.4552","","0.64%"
"03/16/2023","1.4548","1.4562","1.4621","1.4515","","-0.08%"
"03/15/2023","1.4559","1.4688","1.4714","1.4489","","-0.86%"
"03/14/2023","1.4686","1.4729","1.4748","1.4614","","-0.26%"
"03/13/2023","1.4724","1.4709","1.4788","1.4661","","0.05%"
"03/10/2023","1.4716","1.4633","1.4762","1.4623","","0.61%"
"03/09/2023","1.4627","1.4555","1.4641","1.4538","","0.49%"
"03/08/2023","1.4555","1.4510","1.4573","1.4484","","0.36%"
"03/07/2023","1.4503","1.4541","1.4562","1.4502","","-0.22%"
"03/06/2023","1.4535","1.4457","1.4558","1.4440","","0.57%"
"03/03/2023","1.4452","1.4410","1.4485","1.4381","","0.33%"
"03/02/2023","1.4404","1.4504","1.4514","1.4400","","-0.66%"
"03/01/2023","1.4500","1.4431","1.4555","1.4420","","0.48%"
"02/28/2023","1.4431","1.4404","1.4487","1.4371","","0.22%"
"02/27/2023","1.4399","1.4358","1.4411","1.4326","","0.33%"
"02/24/2023","1.4352","1.4358","1.4414","1.4341","","-0.01%"
"02/23/2023","1.4353","1.4369","1.4379","1.4330","","-0.07%"
"02/22/2023","1.4363","1.4417","1.4446","1.4367","","-0.36%"
"02/21/2023","1.4415","1.4376","1.4437","1.4326","","0.33%"
"02/20/2023","1.4368","1.4413","1.4419","1.4362","","-0.26%"
"02/17/2023","1.4405","1.4365","1.4417","1.4340","","0.35%"
"02/16/2023","1.4355","1.4315","1.4375","1.4302","","0.28%"
"02/15/2023","1.4315","1.4320","1.4380","1.4296","","0.00%"
"02/14/2023","1.4315","1.4295","1.4368","1.4293","","0.17%"
"02/13/2023","1.4291","1.4253","1.4316","1.4236","","0.32%"
"02/10/2023","1.4246","1.4445","1.4454","1.4241","","-1.35%"
"02/09/2023","1.4441","1.4400","1.4466","1.4393","","0.31%"
"02/08/2023","1.4397","1.4371","1.4426","1.4358","","0.19%"
"02/07/2023","1.4369","1.4425","1.4433","1.4358","","-0.41%"
"02/06/2023","1.4428","1.4457","1.4485","1.4398","","-0.21%"
"02/03/2023","1.4458","1.4526","1.4638","1.4458","","-0.47%"
"02/02/2023","1.4527","1.4603","1.4646","1.4514","","-0.51%"
"02/01/2023","1.4601","1.4455","1.4619","1.4442","","1.03%"
"01/31/2023","1.4452","1.4524","1.4592","1.4449","","-0.43%"
"01/30/2023","1.4514","1.4470","1.4548","1.4455","","0.35%"
"01/27/2023","1.4463","1.4514","1.4522","1.4439","","-0.29%"
"01/26/2023","1.4505","1.4621","1.4642","1.4494","","-0.77%"
"01/25/2023","1.4617","1.4556","1.4646","1.4516","","0.51%"
"01/24/2023","1.4543","1.4534","1.4559","1.4499","","0.12%"
"01/23/2023","1.4526","1.4533","1.4604","1.4514","","0.03%"
"01/20/2023","1.4522","1.4584","1.4617","1.4517","","-0.35%"
"01/19/2023","1.4573","1.4559","1.4643","1.4539","","0.10%"
"01/18/2023","1.4559","1.4442","1.4573","1.4405","","0.80%"
"01/17/2023","1.4443","1.4510","1.4563","1.4429","","-0.40%"
"01/16/2023","1.4501","1.4511","1.4530","1.4473","","-0.03%"
"01/13/2023","1.4505","1.4497","1.4541","1.4453","","0.07%"
"01/12/2023","1.4495","1.4443","1.4513","1.4404","","0.42%"
"01/11/2023","1.4435","1.4415","1.4482","1.4400","","0.19%"
"01/10/2023","1.4408","1.4358","1.4426","1.4356","","0.32%"
"01/09/2023","1.4362","1.4312","1.4391","1.4272","","0.38%"
"01/06/2023","1.4308","1.4284","1.4345","1.4219","","0.23%"
"01/05/2023","1.4275","1.4289","1.4363","1.4269","","-0.06%"
"01/04/2023","1.4283","1.4421","1.4461","1.4287","","-0.96%"
"01/03/2023","1.4421","1.4474","1.4523","1.4344","","-0.34%"
"01/02/2023","1.4470","1.4505","1.4513","1.4449","","-0.21%"
"12/30/2022","1.4500","1.4447","1.4517","1.4413","","0.41%"
"12/29/2022","1.4441","1.4438","1.4486","1.4415","","0.03%"
"12/28/2022","1.4436","1.4391","1.4454","1.4356","","0.35%"
"12/27/2022","1.4385","1.4451","1.4452","1.4339","","-0.42%"
"12/26/2022","1.4446","1.4431","1.4472","1.4417","","0.09%"
"12/23/2022","1.4433","1.4461","1.4482","1.4407","","-0.15%"
"12/22/2022","1.4455","1.4437","1.4496","1.4429","","0.17%"
"12/21/2022","1.4430","1.4462","1.4496","1.4417","","-0.17%"
"12/20/2022","1.4454","1.4470","1.4521","1.4425","","-0.09%"
"12/19/2022","1.4467","1.4478","1.4539","1.4453","","-0.21%"
"12/16/2022","1.4497","1.4515","1.4564","1.4495","","-0.11%"
"12/15/2022","1.4513","1.4476","1.4597","1.4392","","0.28%"
"12/14/2022","1.4472","1.4409","1.4507","1.4387","","0.48%"
"12/13/2022","1.4403","1.4371","1.4451","1.4288","","0.27%"
"12/12/2022","1.4364","1.4373","1.4464","1.4346","","-0.06%"
"12/09/2022","1.4373","1.4356","1.4436","1.4340","","0.15%"
"12/08/2022","1.4351","1.4343","1.4403","1.4275","","0.08%"
"12/07/2022","1.4340","1.4295","1.4408","1.4264","","0.34%"
"12/06/2022","1.4291","1.4255","1.4354","1.4244","","0.25%"
"12/05/2022","1.4255","1.4192","1.4276","1.4132","","0.44%"
"12/02/2022","1.4193","1.4137","1.4207","1.4081","","0.42%"
"12/01/2022","1.4133","1.3956","1.4149","1.3946","","1.30%"
"11/30/2022","1.3952","1.4025","1.4060","1.3944","","-0.50%"
"11/29/2022","1.4022","1.3957","1.4130","1.3891","","0.50%"
"11/28/2022","1.3952","1.3889","1.4090","1.3887","","0.34%"
"11/25/2022","1.3905","1.3883","1.3935","1.3851","","0.17%"
"11/24/2022","1.3881","1.3885","1.3934","1.3860","","0.02%"
"11/23/2022","1.3878","1.3784","1.3910","1.3771","","0.72%"
"11/22/2022","1.3779","1.3777","1.3793","1.3734","","0.06%"
"11/21/2022","1.3771","1.3821","1.3831","1.3735","","-0.34%"
"11/18/2022","1.3818","1.3811","1.3878","1.3794","","0.09%"
"11/17/2022","1.3806","1.3853","1.3866","1.3781","","-0.31%"
"11/16/2022","1.3849","1.3743","1.3875","1.3726","","0.81%"
"11/15/2022","1.3738","1.3746","1.3870","1.3687","","-0.04%"
"11/14/2022","1.3744","1.3726","1.3766","1.3658","","0.17%"
"11/11/2022","1.3721","1.3599","1.3740","1.3571","","0.93%"
"11/10/2022","1.3595","1.3544","1.3612","1.3402","","0.39%"
"11/09/2022","1.3542","1.3526","1.3556","1.3473","","0.14%"
"11/08/2022","1.3523","1.3527","1.3552","1.3478","","0.01%"
"11/07/2022","1.3522","1.3492","1.3542","1.3400","","0.73%"
"11/04/2022","1.3424","1.3402","1.3434","1.3269","","0.16%"
"11/03/2022","1.3403","1.3464","1.3473","1.3381","","-0.42%"
"11/02/2022","1.3459","1.3460","1.3520","1.3432","","0.02%"
"11/01/2022","1.3456","1.3463","1.3514","1.3443","","-0.05%"
"10/31/2022","1.3463","1.3530","1.3582","1.3453","","-0.64%"
"10/28/2022","1.3550","1.3517","1.3600","1.3504","","0.29%"
"10/27/2022","1.3511","1.3661","1.3689","1.3497","","-1.05%"
"10/26/2022","1.3655","1.3562","1.3700","1.3533","","0.72%"
"10/25/2022","1.3557","1.3532","1.3597","1.3510","","0.19%"
"10/24/2022","1.3531","1.3460","1.3585","1.3430","","0.62%"
"10/21/2022","1.3447","1.3469","1.3518","1.3428","","-0.13%"
"10/20/2022","1.3464","1.3453","1.3485","1.3404","","0.11%"
"10/19/2022","1.3449","1.3540","1.3556","1.3440","","-0.66%"
"10/18/2022","1.3539","1.3491","1.3590","1.3468","","0.34%"
"10/17/2022","1.3493","1.3490","1.3512","1.3430","","0.02%"
"10/14/2022","1.3490","1.3443","1.3542","1.3408","","0.36%"
"10/13/2022","1.3441","1.3405","1.3525","1.3386","","0.27%"
"10/12/2022","1.3405","1.3391","1.3426","1.3328","","0.14%"
"10/11/2022","1.3386","1.3367","1.3449","1.3362","","0.16%"
"10/10/2022","1.3365","1.3382","1.3392","1.3291","","-0.12%"
"10/07/2022","1.3381","1.3463","1.3476","1.3346","","-0.59%"
"10/06/2022","1.3460","1.3458","1.3529","1.3443","","0.05%"
"10/05/2022","1.3453","1.3494","1.3512","1.3447","","-0.26%"
"10/04/2022","1.3488","1.3389","1.3573","1.3368","","0.79%"
"10/03/2022","1.3382","1.3542","1.3548","1.3365","","-1.23%"
"09/30/2022","1.3548","1.3428","1.3567","1.3367","","0.92%"
"09/29/2022","1.3424","1.3247","1.3439","1.3213","","1.37%"
"09/28/2022","1.3243","1.3165","1.3270","1.3119","","0.62%"
"09/27/2022","1.3161","1.3199","1.3226","1.3151","","-0.23%"
"09/26/2022","1.3192","1.3173","1.3280","1.3007","","0.18%"
"09/23/2022","1.3168","1.3265","1.3274","1.3150","","-0.69%"
"09/22/2022","1.3260","1.3244","1.3317","1.3238","","0.14%"
"09/21/2022","1.3241","1.3330","1.3338","1.3181","","-0.63%"
"09/20/2022","1.3325","1.3283","1.3337","1.3242","","0.36%"
"09/19/2022","1.3277","1.3291","1.3321","1.3255","","-0.02%"
"09/16/2022","1.3280","1.3230","1.3326","1.3213","","0.42%"
"09/15/2022","1.3225","1.3144","1.3237","1.3116","","0.65%"
"09/14/2022","1.3140","1.3133","1.3199","1.3117","","0.11%"
"09/13/2022","1.3125","1.3148","1.3235","1.3094","","-0.14%"
"09/12/2022","1.3144","1.3077","1.3245","1.3076","","0.51%"
"09/09/2022","1.3077","1.3087","1.3149","1.3057","","-0.03%"
"09/08/2022","1.3081","1.3129","1.3174","1.3047","","-0.28%"
"09/07/2022","1.3118","1.3029","1.3143","1.3011","","0.74%"
"09/06/2022","1.3022","1.3049","1.3096","1.2976","","-0.18%"
"09/05/2022","1.3045","1.3068","1.3076","1.2998","","-0.18%"
"09/02/2022","1.3068","1.3083","1.3168","1.3066","","-0.08%"
"09/01/2022","1.3078","1.3203","1.3248","1.3072","","-0.94%"
"08/31/2022","1.3202","1.3112","1.3210","1.3073","","0.72%"
"08/30/2022","1.3108","1.3006","1.3142","1.2980","","0.80%"
"08/29/2022","1.3004","1.2981","1.3057","1.2954","","0.17%"
"08/26/2022","1.2982","1.2892","1.3045","1.2881","","0.72%"
"08/25/2022","1.2889","1.2923","1.2956","1.2875","","-0.24%"
"08/24/2022","1.2920","1.2916","1.2977","1.2887","","0.09%"
"08/23/2022","1.2909","1.2982","1.2988","1.2904","","-0.55%"
"08/22/2022","1.2980","1.3044","1.3053","1.2946","","-0.44%"
"08/19/2022","1.3037","1.3067","1.3095","1.3024","","-0.18%"
"08/18/2022","1.3061","1.3146","1.3168","1.3047","","-0.61%"
"08/17/2022","1.3141","1.3067","1.3168","1.3053","","0.60%"
"08/16/2022","1.3062","1.3114","1.3124","1.3051","","-0.37%"
"08/15/2022","1.3110","1.3102","1.3211","1.3097","","0.05%"
"08/12/2022","1.3103","1.3176","1.3184","1.3096","","-0.48%"
"08/11/2022","1.3166","1.3155","1.3217","1.3137","","0.11%"
"08/10/2022","1.3152","1.3165","1.3277","1.3138","","-0.06%"
"08/09/2022","1.3160","1.3109","1.3191","1.3097","","0.42%"
"08/08/2022","1.3105","1.3169","1.3176","1.3096","","-0.45%"
"08/05/2022","1.3164","1.3183","1.3202","1.3134","","-0.13%"
"08/04/2022","1.3181","1.3057","1.3186","1.3046","","1.02%"
"08/03/2022","1.3048","1.3095","1.3119","1.3024","","-0.36%"
"08/02/2022","1.3095","1.3183","1.3222","1.3068","","-0.62%"
"08/01/2022","1.3177","1.3073","1.3188","1.3066","","0.80%"
"07/29/2022","1.3072","1.3057","1.3144","1.3028","","0.14%"
"07/28/2022","1.3054","1.3079","1.3112","1.2965","","-0.20%"
"07/27/2022","1.3080","1.3037","1.3107","1.3009","","0.38%"
"07/26/2022","1.3031","1.3133","1.3156","1.3027","","-0.76%"
"07/25/2022","1.3131","1.3190","1.3220","1.3108","","-0.41%"
"07/22/2022","1.3185","1.3164","1.3199","1.3049","","0.19%"
"07/21/2022","1.3160","1.3115","1.3251","1.3105","","0.38%"
"07/20/2022","1.3110","1.3160","1.3216","1.3094","","-0.35%"
"07/19/2022","1.3156","1.3165","1.3294","1.3133","","-0.05%"
"07/18/2022","1.3162","1.3141","1.3194","1.3101","","0.14%"
"07/15/2022","1.3143","1.3143","1.3169","1.3105","","0.04%"
"07/14/2022","1.3138","1.3053","1.3196","1.3004","","0.68%"
"07/13/2022","1.3049","1.3073","1.3119","1.2980","","-0.15%"
"07/12/2022","1.3069","1.3060","1.3117","1.3036","","0.10%"
"07/11/2022","1.3056","1.3190","1.3190","1.3051","","-0.98%"
"07/08/2022","1.3185","1.3174","1.3224","1.3116","","0.11%"
"07/07/2022","1.3170","1.3275","1.3301","1.3170","","-0.75%"
"07/06/2022","1.3269","1.3388","1.3395","1.3245","","-0.85%"
"07/05/2022","1.3383","1.3400","1.3428","1.3294","","-0.13%"
"07/04/2022","1.3400","1.3442","1.3463","1.3397","","-0.25%"
"07/01/2022","1.3434","1.3492","1.3529","1.3409","","-0.43%"
"06/30/2022","1.3492","1.3463","1.3516","1.3404","","0.26%"
"06/29/2022","1.3457","1.3541","1.3564","1.3451","","-0.60%"
"06/28/2022","1.3538","1.3634","1.3638","1.3512","","-0.67%"
"06/27/2022","1.3629","1.3612","1.3670","1.3582","","0.16%"
"06/24/2022","1.3607","1.3681","1.3691","1.3600","","-0.50%"
"06/23/2022","1.3675","1.3682","1.3715","1.3592","","-0.01%"
"06/22/2022","1.3676","1.3603","1.3718","1.3597","","0.58%"
"06/21/2022","1.3597","1.3644","1.3684","1.3598","","-0.32%"
"06/20/2022","1.3640","1.3643","1.3706","1.3634","","-0.26%"
"06/17/2022","1.3675","1.3664","1.3702","1.3609","","0.14%"
"06/16/2022","1.3656","1.3464","1.3680","1.3418","","1.46%"
"06/15/2022","1.3460","1.3487","1.3609","1.3432","","-0.19%"
"06/14/2022","1.3485","1.3427","1.3532","1.3409","","0.49%"
"06/13/2022","1.3419","1.3439","1.3468","1.3400","","-0.15%"
"06/10/2022","1.3439","1.3482","1.3520","1.3419","","-0.27%"
"06/09/2022","1.3476","1.3465","1.3552","1.3426","","0.16%"
"06/08/2022","1.3454","1.3408","1.3472","1.3387","","0.37%"
"06/07/2022","1.3404","1.3455","1.3480","1.3405","","-0.33%"
"06/06/2022","1.3448","1.3497","1.3508","1.3420","","-0.37%"
"06/03/2022","1.3498","1.3510","1.3535","1.3466","","-0.06%"
"06/02/2022","1.3506","1.3481","1.3543","1.3475","","0.24%"
"06/01/2022","1.3474","1.3577","1.3592","1.3442","","-0.71%"
"05/31/2022","1.3571","1.3641","1.3649","1.3503","","-0.49%"
"05/30/2022","1.3638","1.3662","1.3679","1.3625","","-0.07%"
"05/27/2022","1.3648","1.3702","1.3731","1.3634","","-0.36%"
"05/26/2022","1.3697","1.3689","1.3752","1.3682","","0.08%"
"05/25/2022","1.3686","1.3761","1.3773","1.3668","","-0.52%"
"05/24/2022","1.3758","1.3648","1.3811","1.3643","","0.84%"
"05/23/2022","1.3643","1.3574","1.3677","1.3541","","0.65%"
"05/20/2022","1.3555","1.3582","1.3583","1.3505","","-0.16%"
"05/19/2022","1.3577","1.3496","1.3592","1.3449","","0.65%"
"05/18/2022","1.3489","1.3516","1.3529","1.3447","","-0.16%"
"05/17/2022","1.3510","1.3400","1.3549","1.3388","","0.84%"
"05/16/2022","1.3397","1.3433","1.3505","1.3391","","-0.31%"
"05/13/2022","1.3439","1.3541","1.3553","1.3417","","-0.73%"
"05/12/2022","1.3538","1.3661","1.3701","1.3497","","-0.87%"
"05/11/2022","1.3657","1.3715","1.3733","1.3635","","-0.38%"
"05/10/2022","1.3709","1.3735","1.3772","1.3672","","-0.15%"
"05/09/2022","1.3729","1.3621","1.3748","1.3582","","0.83%"
"05/06/2022","1.3616","1.3530","1.3652","1.3479","","0.67%"
"05/05/2022","1.3525","1.3526","1.3554","1.3456","","0.02%"
"05/04/2022","1.3522","1.3515","1.3552","1.3471","","0.10%"
"05/03/2022","1.3509","1.3531","1.3595","1.3497","","-0.11%"
"05/02/2022","1.3524","1.3566","1.3599","1.3519","","-0.21%"
"04/29/2022","1.3552","1.3444","1.3582","1.3388","","0.80%"
"04/28/2022","1.3444","1.3535","1.3544","1.3430","","-0.64%"
"04/27/2022","1.3530","1.3644","1.3650","1.3510","","-0.80%"
"04/26/2022","1.3639","1.3639","1.3690","1.3599","","0.01%"
"04/25/2022","1.3638","1.3716","1.3796","1.3622","","-0.59%"
"04/22/2022","1.3719","1.3634","1.3744","1.3621","","0.67%"
"04/21/2022","1.3628","1.3559","1.3647","1.3517","","0.53%"
"04/20/2022","1.3556","1.3609","1.3638","1.3529","","-0.38%"
"04/19/2022","1.3608","1.3605","1.3649","1.3541","","0.07%"
"04/18/2022","1.3599","1.3632","1.3657","1.3587","","-0.21%"
"04/15/2022","1.3627","1.3644","1.3659","1.3604","","-0.10%"
"04/14/2022","1.3641","1.3684","1.3716","1.3553","","-0.27%"
"04/13/2022","1.3678","1.3690","1.3724","1.3659","","-0.07%"
"04/12/2022","1.3687","1.3749","1.3768","1.3655","","-0.43%"
"04/11/2022","1.3746","1.3674","1.3767","1.3674","","0.56%"
"04/08/2022","1.3669","1.3698","1.3714","1.3657","","-0.18%"
"04/07/2022","1.3694","1.3663","1.3753","1.3649","","0.26%"
"04/06/2022","1.3659","1.3619","1.3675","1.3600","","0.35%"
"04/05/2022","1.3612","1.3703","1.3714","1.3587","","-0.62%"
"04/04/2022","1.3697","1.3841","1.3846","1.3691","","-1.00%"
"04/01/2022","1.3836","1.3832","1.3871","1.3782","","0.04%"
"03/31/2022","1.3830","1.3931","1.3983","1.3805","","-0.70%"
"03/30/2022","1.3927","1.3862","1.3961","1.3845","","0.50%"
"03/29/2022","1.3858","1.3746","1.3938","1.3728","","0.86%"
"03/28/2022","1.3740","1.3706","1.3822","1.3672","","0.31%"
"03/25/2022","1.3698","1.3775","1.3836","1.3691","","-0.52%"
"03/24/2022","1.3770","1.3822","1.3840","1.3754","","-0.36%"
"03/23/2022","1.3820","1.3863","1.3890","1.3782","","-0.30%"
"03/22/2022","1.3861","1.3876","1.3917","1.3811","","-0.06%"
"03/21/2022","1.3869","1.3937","1.3958","1.3857","","-0.40%"
"03/18/2022","1.3924","1.4005","1.4034","1.3893","","-0.54%"
"03/17/2022","1.4000","1.3987","1.4076","1.3967","","0.11%"
"03/16/2022","1.3984","1.3985","1.4032","1.3940","","0.05%"
"03/15/2022","1.3977","1.4030","1.4164","1.3969","","-0.35%"
"03/14/2022","1.4026","1.3905","1.4070","1.3894","","0.90%"
"03/11/2022","1.3901","1.4027","1.4097","1.3856","","-0.86%"
"03/10/2022","1.4022","1.4184","1.4235","1.4004","","-1.11%"
"03/09/2022","1.4180","1.4045","1.4230","1.4032","","1.01%"
"03/08/2022","1.4038","1.3916","1.4112","1.3898","","0.92%"
"03/07/2022","1.3910","1.3912","1.3957","1.3761","","0.01%"
"03/04/2022","1.3909","1.4034","1.4036","1.3893","","-0.86%"
"03/03/2022","1.4029","1.4042","1.4059","1.3964","","-0.11%"
"03/02/2022","1.4044","1.4179","1.4185","1.4030","","-0.90%"
"03/01/2022","1.4172","1.4227","1.4230","1.4095","","-0.34%"
"02/28/2022","1.4220","1.4383","1.4383","1.4198","","-0.66%"
"02/25/2022","1.4315","1.4345","1.4381","1.4303","","-0.15%"
"02/24/2022","1.4336","1.4405","1.4412","1.4287","","-0.42%"
"02/23/2022","1.4397","1.4465","1.4473","1.4375","","-0.44%"
"02/22/2022","1.4461","1.4425","1.4484","1.4403","","0.28%"
"02/21/2022","1.4421","1.4438","1.4501","1.4419","","-0.08%"
"02/18/2022","1.4433","1.4436","1.4457","1.4402","","0.03%"
"02/17/2022","1.4429","1.4426","1.4469","1.4404","","0.05%"
"02/16/2022","1.4422","1.4448","1.4461","1.4388","","-0.12%"
"02/15/2022","1.4439","1.4394","1.4505","1.4383","","0.35%"
"02/14/2022","1.4389","1.4467","1.4480","1.4370","","-0.45%"
"02/11/2022","1.4454","1.4535","1.4545","1.4416","","-0.55%"
"02/10/2022","1.4534","1.4483","1.4565","1.4459","","0.43%"
"02/09/2022","1.4472","1.4514","1.4529","1.4469","","-0.25%"
"02/08/2022","1.4508","1.4495","1.4525","1.4450","","0.10%"
"02/07/2022","1.4494","1.4612","1.4620","1.4474","","-0.79%"
"02/04/2022","1.4610","1.4503","1.4638","1.4488","","0.77%"
"02/03/2022","1.4499","1.4323","1.4514","1.4314","","1.28%"
"02/02/2022","1.4316","1.4301","1.4362","1.4288","","0.14%"
"02/01/2022","1.4296","1.4275","1.4332","1.4243","","0.17%"
"01/31/2022","1.4272","1.4225","1.4292","1.4203","","0.37%"
"01/28/2022","1.4220","1.4202","1.4267","1.4175","","0.17%"
"01/27/2022","1.4196","1.4239","1.4281","1.4116","","-0.27%"
"01/26/2022","1.4234","1.4274","1.4280","1.4162","","-0.22%"
"01/25/2022","1.4266","1.4311","1.4323","1.4224","","-0.27%"
"01/24/2022","1.4305","1.4272","1.4375","1.4221","","0.27%"
"01/21/2022","1.4267","1.4145","1.4283","1.4139","","0.90%"
"01/20/2022","1.4140","1.4194","1.4213","1.4097","","-0.36%"
"01/19/2022","1.4191","1.4167","1.4210","1.4127","","0.15%"
"01/18/2022","1.4170","1.4280","1.4288","1.4160","","-0.77%"
"01/17/2022","1.4280","1.4334","1.4334","1.4253","","-0.34%"
"01/14/2022","1.4328","1.4346","1.4362","1.4289","","-0.08%"
"01/13/2022","1.4339","1.4314","1.4346","1.4285","","0.20%"
"01/12/2022","1.4311","1.4291","1.4324","1.4232","","0.17%"
"01/11/2022","1.4287","1.4363","1.4368","1.4280","","-0.49%"
"01/10/2022","1.4357","1.4371","1.4390","1.4283","","-0.03%"
"01/07/2022","1.4362","1.4379","1.4405","1.4333","","-0.08%"
"01/06/2022","1.4373","1.4433","1.4484","1.4358","","-0.39%"
"01/05/2022","1.4429","1.4344","1.4441","1.4322","","0.63%"
"01/04/2022","1.4339","1.4398","1.4423","1.4327","","-0.35%"
"01/03/2022","1.4390","1.4365","1.4442","1.4354","","0.19%"
"12/31/2021","1.4362","1.4426","1.4442","1.4349","","-0.42%"
"12/30/2021","1.4423","1.4516","1.4525","1.4419","","-0.61%"
"12/29/2021","1.4512","1.4501","1.4558","1.4455","","0.08%"
"12/28/2021","1.4500","1.4484","1.4515","1.4454","","0.14%"
"12/27/2021","1.4480","1.4502","1.4539","1.4461","","-0.12%"
"12/24/2021","1.4497","1.4515","1.4554","1.4476","","-0.09%"
"12/23/2021","1.4510","1.4536","1.4577","1.4480","","-0.15%"
"12/22/2021","1.4532","1.4577","1.4617","1.4536","","-0.23%"
"12/21/2021","1.4566","1.4593","1.4632","1.4558","","-0.17%"
"12/20/2021","1.4591","1.4493","1.4649","1.4476","","0.71%"
"12/17/2021","1.4488","1.4472","1.4539","1.4443","","0.15%"
"12/16/2021","1.4466","1.4487","1.4522","1.4415","","-0.09%"
"12/15/2021","1.4479","1.4483","1.4551","1.4463","","0.01%"
"12/14/2021","1.4478","1.4450","1.4522","1.4421","","0.21%"
"12/13/2021","1.4447","1.4396","1.4474","1.4352","","0.41%"
"12/10/2021","1.4388","1.4358","1.4406","1.4305","","0.22%"
"12/09/2021","1.4356","1.4351","1.4371","1.4318","","0.05%"
"12/08/2021","1.4349","1.4242","1.4371","1.4221","","0.78%"
"12/07/2021","1.4238","1.4394","1.4408","1.4210","","-1.08%"
"12/06/2021","1.4393","1.4515","1.4529","1.4384","","-0.93%"
"12/03/2021","1.4528","1.4470","1.4539","1.4394","","0.39%"
"12/02/2021","1.4472","1.4509","1.4558","1.4452","","-0.25%"
"12/01/2021","1.4508","1.4489","1.4524","1.4416","","0.17%"
"11/30/2021","1.4483","1.4386","1.4552","1.4375","","0.71%"
"11/29/2021","1.4381","1.4480","1.4480","1.4332","","-0.62%"
"11/26/2021","1.4470","1.4179","1.4497","1.4172","","2.10%"
"11/25/2021","1.4173","1.4182","1.4232","1.4169","","-0.06%"
"11/24/2021","1.4181","1.4248","1.4273","1.4160","","-0.43%"
"11/23/2021","1.4242","1.4272","1.4357","1.4237","","-0.16%"
"11/22/2021","1.4265","1.4262","1.4293","1.4230","","-0.01%"
"11/19/2021","1.4266","1.4330","1.4339","1.4237","","-0.40%"
"11/18/2021","1.4323","1.4275","1.4361","1.4259","","0.39%"
"11/17/2021","1.4268","1.4218","1.4287","1.4173","","0.36%"
"11/16/2021","1.4217","1.4227","1.4258","1.4204","","-0.06%"
"11/15/2021","1.4225","1.4373","1.4380","1.4213","","-0.95%"
"11/12/2021","1.4361","1.4408","1.4432","1.4349","","-0.28%"
"11/11/2021","1.4401","1.4342","1.4450","1.4319","","0.46%"
"11/10/2021","1.4335","1.4419","1.4434","1.4300","","-0.55%"
"11/09/2021","1.4415","1.4419","1.4466","1.4389","","0.00%"
"11/08/2021","1.4415","1.4415","1.4440","1.4375","","0.08%"
"11/05/2021","1.4404","1.4391","1.4417","1.4331","","0.10%"
"11/04/2021","1.4389","1.4388","1.4411","1.4320","","0.03%"
"11/03/2021","1.4384","1.4371","1.4412","1.4362","","0.13%"
"11/02/2021","1.4366","1.4358","1.4402","1.4346","","0.10%"
"11/01/2021","1.4351","1.4331","1.4365","1.4293","","0.21%"
"10/29/2021","1.4321","1.4417","1.4445","1.4295","","-0.65%"
"10/28/2021","1.4414","1.4342","1.4438","1.4308","","0.56%"
"10/27/2021","1.4334","1.4366","1.4445","1.4293","","-0.19%"
"10/26/2021","1.4361","1.4371","1.4383","1.4335","","-0.06%"
"10/25/2021","1.4369","1.4408","1.4415","1.4335","","-0.24%"
"10/22/2021","1.4404","1.4373","1.4412","1.4329","","0.25%"
"10/21/2021","1.4368","1.4354","1.4404","1.4332","","0.13%"
"10/20/2021","1.4350","1.4382","1.4392","1.4338","","-0.19%"
"10/19/2021","1.4377","1.4370","1.4414","1.4349","","0.08%"
"10/18/2021","1.4365","1.4352","1.4390","1.4325","","0.15%"
"10/15/2021","1.4343","1.4344","1.4378","1.4316","","0.03%"
"10/14/2021","1.4338","1.4425","1.4434","1.4320","","-0.58%"
"10/13/2021","1.4422","1.4372","1.4433","1.4363","","0.38%"
"10/12/2021","1.4368","1.4424","1.4443","1.4344","","-0.35%"
"10/11/2021","1.4418","1.4433","1.4456","1.4390","","-0.03%"
"10/08/2021","1.4423","1.4497","1.4516","1.4409","","-0.47%"
"10/07/2021","1.4491","1.4549","1.4573","1.4485","","-0.38%"
"10/06/2021","1.4546","1.4593","1.4628","1.4535","","-0.29%"
"10/05/2021","1.4589","1.4632","1.4646","1.4547","","-0.25%"
"10/04/2021","1.4626","1.4670","1.4686","1.4601","","-0.25%"
"10/01/2021","1.4663","1.4686","1.4762","1.4643","","-0.13%"
"09/30/2021","1.4682","1.4792","1.4804","1.4643","","-0.72%"
"09/29/2021","1.4788","1.4822","1.4835","1.4771","","-0.20%"
"09/28/2021","1.4817","1.4769","1.4841","1.4732","","0.36%"
"09/27/2021","1.4764","1.4826","1.4842","1.4756","","-0.38%"
"09/24/2021","1.4821","1.4852","1.4912","1.4812","","-0.21%"
"09/23/2021","1.4852","1.4925","1.4959","1.4824","","-0.48%"
"09/22/2021","1.4923","1.5036","1.5053","1.4899","","-0.67%"
"09/21/2021","1.5023","1.5042","1.5061","1.4948","","-0.05%"
"09/20/2021","1.5031","1.4969","1.5101","1.4962","","0.42%"
"09/17/2021","1.4968","1.4918","1.4981","1.4882","","0.34%"
"09/16/2021","1.4918","1.4933","1.4941","1.4848","","-0.05%"
"09/15/2021","1.4926","1.4988","1.5017","1.4911","","-0.36%"
"09/14/2021","1.4980","1.4941","1.4995","1.4914","","0.28%"
"09/13/2021","1.4938","1.4993","1.4994","1.4910","","-0.35%"
"09/10/2021","1.4991","1.4977","1.4997","1.4880","","0.12%"
"09/09/2021","1.4973","1.4997","1.5051","1.4933","","-0.11%"
"09/08/2021","1.4990","1.4972","1.5065","1.4942","","0.16%"
"09/07/2021","1.4966","1.4882","1.4985","1.4870","","0.58%"
"09/06/2021","1.4879","1.4884","1.4904","1.4859","","-0.03%"
"09/03/2021","1.4883","1.4907","1.4924","1.4854","","-0.13%"
"09/02/2021","1.4902","1.4941","1.4968","1.4888","","-0.22%"
"09/01/2021","1.4935","1.4899","1.4962","1.4851","","0.28%"
"08/31/2021","1.4893","1.4871","1.4938","1.4863","","0.20%"
"08/30/2021","1.4863","1.4883","1.4912","1.4825","","-0.18%"
"08/27/2021","1.4890","1.4906","1.4933","1.4868","","-0.07%"
"08/26/2021","1.4901","1.4823","1.4921","1.4813","","0.57%"
"08/25/2021","1.4817","1.4798","1.4851","1.4788","","0.14%"
"08/24/2021","1.4796","1.4855","1.4873","1.4791","","-0.36%"
"08/23/2021","1.4849","1.4993","1.5024","1.4849","","-0.97%"
"08/20/2021","1.4995","1.4977","1.5117","1.4966","","0.15%"
"08/19/2021","1.4973","1.4823","1.4985","1.4805","","1.04%"
"08/18/2021","1.4819","1.4792","1.4829","1.4766","","0.21%"
"08/17/2021","1.4788","1.4807","1.4870","1.4773","","-0.12%"
"08/16/2021","1.4806","1.4767","1.4832","1.4753","","0.35%"
"08/13/2021","1.4754","1.4693","1.4772","1.4680","","0.43%"
"08/12/2021","1.4691","1.4681","1.4709","1.4657","","0.12%"
"08/11/2021","1.4674","1.4676","1.4699","1.4661","","0.03%"
"08/10/2021","1.4670","1.4760","1.4774","1.4668","","-0.60%"
"08/09/2021","1.4758","1.4764","1.4787","1.4737","","-0.02%"
"08/06/2021","1.4761","1.4803","1.4808","1.4747","","-0.25%"
"08/05/2021","1.4798","1.4839","1.4856","1.4762","","-0.28%"
"08/04/2021","1.4840","1.4875","1.4927","1.4835","","-0.19%"
"08/03/2021","1.4868","1.4851","1.4928","1.4827","","0.16%"
"08/02/2021","1.4844","1.4808","1.4859","1.4791","","0.28%"
"07/30/2021","1.4802","1.4797","1.4823","1.4758","","0.07%"
"07/29/2021","1.4791","1.4840","1.4852","1.4775","","-0.29%"
"07/28/2021","1.4834","1.4892","1.4900","1.4817","","-0.35%"
"07/27/2021","1.4886","1.4810","1.4900","1.4798","","0.61%"
"07/26/2021","1.4796","1.4791","1.4838","1.4783","","0.09%"
"07/23/2021","1.4783","1.4789","1.4829","1.4768","","-0.03%"
"07/22/2021","1.4788","1.4813","1.4884","1.4771","","-0.09%"
"07/21/2021","1.4801","1.4939","1.4978","1.4772","","-0.88%"
"07/20/2021","1.4932","1.5046","1.5063","1.4929","","-0.72%"
"07/19/2021","1.5040","1.4889","1.5101","1.4884","","1.04%"
"07/16/2021","1.4885","1.4877","1.4902","1.4838","","0.07%"
"07/15/2021","1.4874","1.4806","1.4896","1.4785","","0.51%"
"07/14/2021","1.4798","1.4739","1.4816","1.4695","","0.48%"
"07/13/2021","1.4728","1.4772","1.4819","1.4732","","-0.26%"
"07/12/2021","1.4766","1.4771","1.4836","1.4760","","-0.07%"
"07/09/2021","1.4777","1.4845","1.4867","1.4777","","-0.42%"
"07/08/2021","1.4840","1.4714","1.4917","1.4706","","0.88%"
"07/07/2021","1.4710","1.4736","1.4769","1.4673","","-0.14%"
"07/06/2021","1.4730","1.4639","1.4775","1.4614","","0.66%"
"07/05/2021","1.4634","1.4613","1.4674","1.4605","","0.14%"
"07/02/2021","1.4613","1.4739","1.4749","1.4610","","-0.82%"
"07/01/2021","1.4734","1.4701","1.4744","1.4678","","0.28%"
"06/30/2021","1.4693","1.4754","1.4775","1.4661","","-0.38%"
"06/29/2021","1.4749","1.4713","1.4760","1.4689","","0.28%"
"06/28/2021","1.4708","1.4675","1.4729","1.4663","","0.26%"
"06/25/2021","1.4670","1.4705","1.4718","1.4668","","-0.20%"
"06/24/2021","1.4700","1.4677","1.4722","1.4659","","0.18%"
"06/23/2021","1.4674","1.4696","1.4706","1.4651","","-0.11%"
"06/22/2021","1.4690","1.4730","1.4762","1.4686","","-0.24%"
"06/21/2021","1.4725","1.4786","1.4828","1.4714","","-0.37%"
"06/18/2021","1.4780","1.4718","1.4800","1.4693","","0.43%"
"06/17/2021","1.4717","1.4726","1.4737","1.4676","","-0.05%"
"06/16/2021","1.4724","1.4772","1.4787","1.4701","","-0.32%"
"06/15/2021","1.4771","1.4716","1.4796","1.4705","","0.40%"
"06/14/2021","1.4712","1.4718","1.4751","1.4695","","-0.02%"
"06/11/2021","1.4715","1.4718","1.4742","1.4673","","-0.01%"
"06/10/2021","1.4717","1.4752","1.4763","1.4705","","-0.20%"
"06/09/2021","1.4746","1.4744","1.4757","1.4719","","0.05%"
"06/08/2021","1.4739","1.4726","1.4760","1.4697","","0.11%"
"06/07/2021","1.4723","1.4689","1.4737","1.4674","","0.17%"
"06/04/2021","1.4698","1.4681","1.4728","1.4662","","0.18%"
"06/03/2021","1.4672","1.4695","1.4722","1.4672","","-0.12%"
"06/02/2021","1.4690","1.4745","1.4756","1.4687","","-0.33%"
"06/01/2021","1.4739","1.4751","1.4762","1.4694","","-0.05%"
"05/31/2021","1.4746","1.4718","1.4779","1.4696","","0.23%"
"05/28/2021","1.4712","1.4713","1.4753","1.4676","","0.01%"
"05/27/2021","1.4710","1.4777","1.4798","1.4702","","-0.41%"
"05/26/2021","1.4771","1.4788","1.4823","1.4750","","-0.03%"
"05/25/2021","1.4776","1.4707","1.4789","1.4707","","0.49%"
"05/24/2021","1.4704","1.4688","1.4762","1.4683","","0.04%"
"05/21/2021","1.4698","1.4748","1.4789","1.4666","","-0.30%"
"05/20/2021","1.4742","1.4767","1.4803","1.4724","","-0.16%"
"05/19/2021","1.4766","1.4747","1.4819","1.4719","","0.17%"
"05/18/2021","1.4741","1.4666","1.4755","1.4638","","0.55%"
"05/17/2021","1.4661","1.4687","1.4746","1.4656","","-0.21%"
"05/14/2021","1.4692","1.4688","1.4732","1.4666","","0.03%"
"05/13/2021","1.4687","1.4646","1.4723","1.4627","","0.30%"
"05/12/2021","1.4643","1.4702","1.4706","1.4577","","-0.35%"
"05/11/2021","1.4695","1.4674","1.4749","1.4670","","0.16%"
"05/10/2021","1.4672","1.4766","1.4784","1.4668","","-0.56%"
"05/07/2021","1.4754","1.4655","1.4791","1.4651","","0.68%"
"05/06/2021","1.4655","1.4726","1.4771","1.4649","","-0.46%"
"05/05/2021","1.4723","1.4791","1.4796","1.4701","","-0.43%"
"05/04/2021","1.4787","1.4810","1.4842","1.4776","","-0.13%"
"05/03/2021","1.4806","1.4772","1.4842","1.4761","","0.25%"
"04/30/2021","1.4769","1.4880","1.4898","1.4755","","-0.75%"
"04/29/2021","1.4880","1.4932","1.4946","1.4878","","-0.31%"
"04/28/2021","1.4926","1.4992","1.5003","1.4899","","-0.39%"
"04/27/2021","1.4984","1.4974","1.5002","1.4960","","0.09%"
"04/26/2021","1.4971","1.5103","1.5104","1.4955","","-0.81%"
"04/23/2021","1.5094","1.5026","1.5105","1.4992","","0.47%"
"04/22/2021","1.5024","1.5040","1.5090","1.4978","","-0.08%"
"04/21/2021","1.5036","1.5178","1.5195","1.4987","","-0.88%"
"04/20/2021","1.5170","1.5085","1.5189","1.5053","","0.59%"
"04/19/2021","1.5081","1.4973","1.5099","1.4947","","0.65%"
"04/16/2021","1.4984","1.5009","1.5024","1.4962","","-0.14%"
"04/15/2021","1.5005","1.5000","1.5022","1.4943","","0.06%"
"04/14/2021","1.4996","1.4977","1.5049","1.4968","","0.15%"
"04/13/2021","1.4973","1.4964","1.5032","1.4946","","0.09%"
"04/12/2021","1.4959","1.4894","1.4973","1.4894","","0.32%"
"04/09/2021","1.4912","1.4967","1.5002","1.4892","","-0.35%"
"04/08/2021","1.4964","1.4963","1.4999","1.4941","","-0.01%"
"04/07/2021","1.4965","1.4921","1.5037","1.4916","","0.31%"
"04/06/2021","1.4919","1.4795","1.4938","1.4786","","0.88%"
"04/05/2021","1.4789","1.4791","1.4816","1.4739","","-0.03%"
"04/02/2021","1.4793","1.4777","1.4807","1.4748","","0.14%"
"04/01/2021","1.4772","1.4736","1.4800","1.4722","","0.30%"
"03/31/2021","1.4728","1.4801","1.4807","1.4723","","-0.48%"
"03/30/2021","1.4799","1.4812","1.4833","1.4767","","-0.05%"
"03/29/2021","1.4806","1.4836","1.4873","1.4806","","-0.14%"
"03/26/2021","1.4827","1.4836","1.4863","1.4798","","-0.05%"
"03/25/2021","1.4834","1.4857","1.4900","1.4819","","-0.13%"
"03/24/2021","1.4854","1.4913","1.4930","1.4835","","-0.39%"
"03/23/2021","1.4912","1.4941","1.4977","1.4854","","-0.19%"
"03/22/2021","1.4940","1.4880","1.4959","1.4842","","0.44%"
"03/19/2021","1.4875","1.4880","1.4910","1.4837","","0.00%"
"03/18/2021","1.4875","1.4860","1.4919","1.4802","","0.15%"
"03/17/2021","1.4853","1.4812","1.4898","1.4800","","0.28%"
"03/16/2021","1.4812","1.4876","1.4907","1.4802","","-0.40%"
"03/15/2021","1.4872","1.4905","1.4920","1.4841","","-0.22%"
"03/12/2021","1.4905","1.5012","1.5025","1.4890","","-0.71%"
"03/11/2021","1.5011","1.5047","1.5070","1.5006","","-0.21%"
"03/10/2021","1.5042","1.5038","1.5074","1.5020","","0.07%"
"03/09/2021","1.5032","1.5000","1.5056","1.4981","","0.26%"
"03/08/2021","1.4993","1.5097","1.5099","1.4989","","-0.58%"
"03/05/2021","1.5081","1.5160","1.5182","1.5065","","-0.49%"
"03/04/2021","1.5155","1.5267","1.5274","1.5138","","-0.70%"
"03/03/2021","1.5262","1.5277","1.5285","1.5217","","-0.05%"
"03/02/2021","1.5270","1.5238","1.5286","1.5198","","0.24%"
"03/01/2021","1.5233","1.5385","1.5387","1.5223","","-0.96%"
"02/26/2021","1.5381","1.5347","1.5395","1.5288","","0.26%"
"02/25/2021","1.5341","1.5221","1.5358","1.5211","","0.83%"
"02/24/2021","1.5215","1.5291","1.5307","1.5207","","-0.50%"
"02/23/2021","1.5292","1.5332","1.5353","1.5278","","-0.25%"
"02/22/2021","1.5330","1.5286","1.5354","1.5259","","0.33%"
"02/19/2021","1.5280","1.5329","1.5383","1.5276","","-0.29%"
"02/18/2021","1.5324","1.5293","1.5370","1.5282","","0.23%"
"02/17/2021","1.5289","1.5362","1.5374","1.5281","","-0.45%"
"02/16/2021","1.5358","1.5331","1.5380","1.5311","","0.20%"
"02/15/2021","1.5327","1.5387","1.5392","1.5321","","-0.36%"
"02/12/2021","1.5383","1.5411","1.5445","1.5371","","-0.15%"
"02/11/2021","1.5406","1.5391","1.5417","1.5364","","0.13%"
"02/10/2021","1.5386","1.5379","1.5416","1.5371","","0.04%"
"02/09/2021","1.5380","1.5349","1.5442","1.5342","","0.22%"
"02/08/2021","1.5347","1.5357","1.5390","1.5341","","-0.05%"
"02/05/2021","1.5355","1.5348","1.5389","1.5310","","0.09%"
"02/04/2021","1.5341","1.5382","1.5400","1.5317","","-0.27%"
"02/03/2021","1.5382","1.5394","1.5404","1.5345","","-0.04%"
"02/02/2021","1.5388","1.5496","1.5517","1.5384","","-0.69%"
"02/01/2021","1.5495","1.5514","1.5542","1.5449","","-0.07%"
"01/29/2021","1.5506","1.5552","1.5585","1.5467","","-0.28%"
"01/28/2021","1.5549","1.5501","1.5597","1.5494","","0.33%"
"01/27/2021","1.5498","1.5437","1.5522","1.5415","","0.43%"
"01/26/2021","1.5431","1.5463","1.5500","1.5428","","-0.19%"
"01/25/2021","1.5460","1.5489","1.5502","1.5426","","-0.23%"
"01/22/2021","1.5495","1.5369","1.5508","1.5364","","0.85%"
"01/21/2021","1.5364","1.5292","1.5387","1.5282","","0.51%"
"01/20/2021","1.5286","1.5448","1.5461","1.5265","","-1.01%"
"01/19/2021","1.5442","1.5407","1.5481","1.5381","","0.26%"
"01/18/2021","1.5402","1.5396","1.5453","1.5372","","0.16%"
"01/15/2021","1.5378","1.5360","1.5435","1.5355","","0.12%"
"01/14/2021","1.5359","1.5435","1.5463","1.5332","","-0.47%"
"01/13/2021","1.5432","1.5515","1.5539","1.5414","","-0.50%"
"01/12/2021","1.5510","1.5531","1.5543","1.5481","","-0.13%"
"01/11/2021","1.5530","1.5497","1.5595","1.5494","","0.22%"
"01/08/2021","1.5496","1.5574","1.5584","1.5493","","-0.46%"
"01/07/2021","1.5567","1.5625","1.5644","1.5541","","-0.35%"
"01/06/2021","1.5621","1.5584","1.5662","1.5568","","0.30%"
"01/05/2021","1.5574","1.5652","1.5671","1.5563","","-0.48%"
"01/04/2021","1.5649","1.5564","1.5684","1.5549","","1.31%"
"01/01/2021","1.5447","1.5555","1.5559","1.5452","","-0.64%"
"12/31/2020","1.5547","1.5692","1.5705","1.5536","","-0.89%"
"12/30/2020","1.5686","1.5701","1.5743","1.5662","","-0.07%"
"12/29/2020","1.5697","1.5695","1.5720","1.5658","","0.04%"
"12/28/2020","1.5690","1.5695","1.5734","1.5650","","-0.10%"
"12/25/2020","1.5705","1.5691","1.5717","1.5656","","0.12%"
"12/24/2020","1.5686","1.5654","1.5697","1.5606","","0.22%"
"12/23/2020","1.5652","1.5700","1.5724","1.5641","","-0.28%"
"12/22/2020","1.5696","1.5741","1.5788","1.5681","","-0.25%"
"12/21/2020","1.5735","1.5667","1.5747","1.5620","","0.44%"
"12/18/2020","1.5666","1.5606","1.5677","1.5597","","0.42%"
"12/17/2020","1.5601","1.5547","1.5627","1.5524","","0.39%"
"12/16/2020","1.5541","1.5432","1.5570","1.5423","","0.73%"
"12/15/2020","1.5428","1.5498","1.5524","1.5419","","-0.43%"
"12/14/2020","1.5494","1.5472","1.5540","1.5458","","0.19%"
"12/11/2020","1.5465","1.5461","1.5500","1.5442","","0.05%"
"12/10/2020","1.5458","1.5485","1.5502","1.5398","","-0.14%"
"12/09/2020","1.5479","1.5512","1.5543","1.5438","","-0.17%"
"12/08/2020","1.5506","1.5497","1.5542","1.5478","","0.09%"
"12/07/2020","1.5492","1.5499","1.5570","1.5479","","0.02%"
"12/04/2020","1.5489","1.5622","1.5666","1.5476","","-0.81%"
"12/03/2020","1.5616","1.5651","1.5714","1.5598","","-0.19%"
"12/02/2020","1.5646","1.5611","1.5664","1.5572","","0.24%"
"12/01/2020","1.5609","1.5509","1.5626","1.5494","","0.66%"
"11/30/2020","1.5506","1.5536","1.5557","1.5470","","-0.21%"
"11/27/2020","1.5539","1.5503","1.5552","1.5478","","0.25%"
"11/26/2020","1.5501","1.5496","1.5522","1.5461","","0.09%"
"11/25/2020","1.5487","1.5453","1.5512","1.5449","","0.22%"
"11/24/2020","1.5453","1.5488","1.5525","1.5444","","-0.19%"
"11/23/2020","1.5483","1.5517","1.5549","1.5459","","-0.26%"
"11/20/2020","1.5523","1.5524","1.5540","1.5471","","0.03%"
"11/19/2020","1.5519","1.5508","1.5527","1.5474","","0.10%"
"11/18/2020","1.5504","1.5545","1.5561","1.5463","","-0.23%"
"11/17/2020","1.5540","1.5496","1.5587","1.5493","","0.30%"
"11/16/2020","1.5494","1.5538","1.5567","1.5461","","-0.28%"
"11/13/2020","1.5537","1.5513","1.5580","1.5503","","0.18%"
"11/12/2020","1.5509","1.5382","1.5522","1.5371","","0.82%"
"11/11/2020","1.5383","1.5398","1.5419","1.5328","","-0.06%"
"11/10/2020","1.5392","1.5364","1.5417","1.5333","","0.20%"
"11/09/2020","1.5361","1.5510","1.5541","1.5310","","-0.89%"
"11/06/2020","1.5499","1.5435","1.5531","1.5419","","0.47%"
"11/05/2020","1.5426","1.5410","1.5510","1.5382","","0.15%"
"11/04/2020","1.5403","1.5384","1.5492","1.5351","","0.17%"
"11/03/2020","1.5377","1.5387","1.5433","1.5358","","-0.03%"
"11/02/2020","1.5381","1.5530","1.5567","1.5378","","-0.83%"
"10/30/2020","1.5510","1.5555","1.5591","1.5497","","-0.28%"
"10/29/2020","1.5553","1.5645","1.5673","1.5535","","-0.58%"
"10/28/2020","1.5644","1.5553","1.5660","1.5519","","0.60%"
"10/27/2020","1.5551","1.5600","1.5608","1.5542","","-0.28%"
"10/26/2020","1.5594","1.5580","1.5633","1.5554","","0.22%"
"10/23/2020","1.5560","1.5524","1.5594","1.5498","","0.28%"
"10/22/2020","1.5517","1.5592","1.5608","1.5516","","-0.44%"
"10/21/2020","1.5586","1.5522","1.5599","1.5502","","0.44%"
"10/20/2020","1.5517","1.5528","1.5587","1.5501","","-0.03%"
"10/19/2020","1.5522","1.5460","1.5531","1.5424","","0.47%"
"10/16/2020","1.5450","1.5479","1.5513","1.5437","","-0.15%"
"10/15/2020","1.5473","1.5444","1.5510","1.5433","","0.21%"
"10/14/2020","1.5440","1.5433","1.5471","1.5386","","0.08%"
"10/13/2020","1.5428","1.5492","1.5507","1.5400","","-0.39%"
"10/12/2020","1.5488","1.5509","1.5527","1.5471","","-0.15%"
"10/09/2020","1.5511","1.5519","1.5556","1.5499","","-0.02%"
"10/08/2020","1.5514","1.5591","1.5616","1.5511","","-0.46%"
"10/07/2020","1.5586","1.5617","1.5663","1.5590","","-0.17%"
"10/06/2020","1.5612","1.5631","1.5660","1.5606","","-0.10%"
"10/05/2020","1.5627","1.5591","1.5653","1.5559","","0.24%"
"10/02/2020","1.5589","1.5612","1.5631","1.5570","","-0.12%"
"10/01/2020","1.5608","1.5612","1.5643","1.5576","","0.03%"
"09/30/2020","1.5604","1.5722","1.5744","1.5589","","-0.73%"
"09/29/2020","1.5719","1.5598","1.5742","1.5587","","0.78%"
"09/28/2020","1.5597","1.5571","1.5632","1.5551","","0.20%"
"09/25/2020","1.5566","1.5597","1.5604","1.5547","","-0.19%"
"09/24/2020","1.5596","1.5610","1.5640","1.5565","","-0.06%"
"09/23/2020","1.5606","1.5572","1.5620","1.5539","","0.25%"
"09/22/2020","1.5567","1.5665","1.5680","1.5568","","-0.59%"
"09/21/2020","1.5660","1.5631","1.5673","1.5577","","0.19%"
"09/18/2020","1.5630","1.5600","1.5660","1.5574","","0.22%"
"09/17/2020","1.5595","1.5571","1.5628","1.5531","","0.19%"
"09/16/2020","1.5566","1.5621","1.5647","1.5523","","-0.30%"
"09/15/2020","1.5613","1.5639","1.5653","1.5591","","-0.15%"
"09/14/2020","1.5636","1.5611","1.5661","1.5583","","0.20%"
"09/11/2020","1.5605","1.5585","1.5640","1.5568","","0.15%"
"09/10/2020","1.5581","1.5518","1.5664","1.5507","","0.46%"
"09/09/2020","1.5509","1.5588","1.5619","1.5512","","-0.47%"
"09/08/2020","1.5583","1.5478","1.5593","1.5459","","0.69%"
"09/07/2020","1.5476","1.5451","1.5526","1.5445","","0.12%"
"09/04/2020","1.5458","1.5554","1.5565","1.5454","","-0.60%"
"09/03/2020","1.5551","1.5460","1.5581","1.5425","","0.60%"
"09/02/2020","1.5459","1.5562","1.5583","1.5444","","-0.63%"
"09/01/2020","1.5557","1.5573","1.5653","1.5549","","-0.09%"
"08/31/2020","1.5571","1.5582","1.5611","1.5535","","-0.12%"
"08/28/2020","1.5589","1.5520","1.5610","1.5503","","0.49%"
"08/27/2020","1.5513","1.5547","1.5602","1.5467","","-0.19%"
"08/26/2020","1.5542","1.5586","1.5601","1.5520","","-0.28%"
"08/25/2020","1.5585","1.5582","1.5650","1.5572","","0.04%"
"08/24/2020","1.5578","1.5548","1.5621","1.5521","","0.24%"
"08/21/2020","1.5540","1.5636","1.5648","1.5520","","-0.59%"
"08/20/2020","1.5633","1.5644","1.5682","1.5610","","-0.04%"
"08/19/2020","1.5639","1.5712","1.5728","1.5618","","-0.43%"
"08/18/2020","1.5707","1.5687","1.5758","1.5650","","0.15%"
"08/17/2020","1.5684","1.5709","1.5725","1.5650","","-0.15%"
"08/14/2020","1.5708","1.5622","1.5716","1.5600","","0.60%"
"08/13/2020","1.5615","1.5612","1.5679","1.5583","","0.07%"
"08/12/2020","1.5604","1.5617","1.5659","1.5601","","-0.06%"
"08/11/2020","1.5613","1.5671","1.5690","1.5595","","-0.35%"
"08/10/2020","1.5668","1.5784","1.5794","1.5665","","-0.67%"
"08/07/2020","1.5773","1.5804","1.5827","1.5728","","-0.16%"
"08/06/2020","1.5799","1.5738","1.5816","1.5714","","0.43%"
"08/05/2020","1.5732","1.5719","1.5785","1.5680","","0.11%"
"08/04/2020","1.5715","1.5752","1.5787","1.5705","","-0.20%"
"08/03/2020","1.5747","1.5793","1.5813","1.5706","","-0.31%"
"07/31/2020","1.5796","1.5902","1.5982","1.5766","","-0.65%"
"07/30/2020","1.5900","1.5728","1.5936","1.5702","","1.09%"
"07/29/2020","1.5728","1.5675","1.5764","1.5659","","0.36%"
"07/28/2020","1.5671","1.5695","1.5723","1.5657","","-0.13%"
"07/27/2020","1.5692","1.5617","1.5777","1.5616","","0.40%"
"07/24/2020","1.5629","1.5553","1.5647","1.5534","","0.54%"
"07/23/2020","1.5545","1.5530","1.5558","1.5474","","0.17%"
"07/22/2020","1.5518","1.5515","1.5594","1.5494","","0.06%"
"07/21/2020","1.5509","1.5494","1.5521","1.5374","","0.14%"
"07/20/2020","1.5487","1.5508","1.5577","1.5462","","-0.16%"
"07/17/2020","1.5512","1.5450","1.5538","1.5435","","0.42%"
"07/16/2020","1.5447","1.5415","1.5482","1.5389","","0.22%"
"07/15/2020","1.5413","1.5518","1.5547","1.5400","","-0.64%"
"07/14/2020","1.5512","1.5437","1.5542","1.5422","","0.52%"
"07/13/2020","1.5432","1.5360","1.5449","1.5338","","0.50%"
"07/10/2020","1.5355","1.5331","1.5402","1.5315","","0.17%"
"07/09/2020","1.5329","1.5310","1.5355","1.5280","","0.16%"
"07/08/2020","1.5305","1.5336","1.5372","1.5292","","-0.16%"
"07/07/2020","1.5329","1.5309","1.5360","1.5284","","0.14%"
"07/06/2020","1.5307","1.5236","1.5365","1.5232","","0.47%"
"07/03/2020","1.5235","1.5246","1.5272","1.5225","","-0.04%"
"07/02/2020","1.5241","1.5288","1.5358","1.5242","","-0.27%"
"07/01/2020","1.5282","1.5250","1.5312","1.5195","","0.25%"
"06/30/2020","1.5244","1.5355","1.5373","1.5240","","-0.69%"
"06/29/2020","1.5350","1.5364","1.5431","1.5334","","-0.03%"
"06/26/2020","1.5354","1.5295","1.5375","1.5289","","0.39%"
"06/25/2020","1.5294","1.5345","1.5358","1.5264","","-0.31%"
"06/24/2020","1.5342","1.5320","1.5352","1.5278","","0.18%"
"06/23/2020","1.5314","1.5225","1.5332","1.5218","","0.61%"
"06/22/2020","1.5221","1.5213","1.5258","1.5195","","0.13%"
"06/19/2020","1.5201","1.5241","1.5260","1.5149","","-0.22%"
"06/18/2020","1.5235","1.5256","1.5286","1.5205","","-0.09%"
"06/17/2020","1.5249","1.5256","1.5282","1.5191","","-0.01%"
"06/16/2020","1.5251","1.5365","1.5398","1.5215","","-0.72%"
"06/15/2020","1.5362","1.5277","1.5398","1.5273","","0.50%"
"06/12/2020","1.5286","1.5397","1.5421","1.5270","","-0.68%"
"06/11/2020","1.5391","1.5256","1.5451","1.5237","","0.94%"
"06/10/2020","1.5247","1.5218","1.5275","1.5170","","0.25%"
"06/09/2020","1.5209","1.5120","1.5267","1.5099","","0.65%"
"06/08/2020","1.5111","1.5157","1.5176","1.5089","","-0.24%"
"06/05/2020","1.5148","1.5305","1.5349","1.5144","","-1.00%"
"06/04/2020","1.5301","1.5160","1.5339","1.5110","","0.96%"
"06/03/2020","1.5155","1.5101","1.5204","1.5091","","0.40%"
"06/02/2020","1.5095","1.5114","1.5141","1.5052","","-0.10%"
"06/01/2020","1.5110","1.5281","1.5336","1.5091","","-1.12%"
"05/29/2020","1.5281","1.5244","1.5387","1.5240","","0.26%"
"05/28/2020","1.5242","1.5131","1.5275","1.5120","","0.75%"
"05/27/2020","1.5129","1.5134","1.5208","1.5051","","0.01%"
"05/26/2020","1.5127","1.5244","1.5249","1.5112","","-0.75%"
"05/25/2020","1.5241","1.5261","1.5267","1.5213","","-0.09%"
"05/22/2020","1.5255","1.5280","1.5326","1.5237","","-0.14%"
"05/21/2020","1.5276","1.5263","1.5321","1.5239","","0.12%"
"05/20/2020","1.5258","1.5228","1.5286","1.5204","","0.22%"
"05/19/2020","1.5225","1.5209","1.5280","1.5162","","0.14%"
"05/18/2020","1.5204","1.5252","1.5270","1.5181","","-0.35%"
"05/15/2020","1.5258","1.5181","1.5279","1.5151","","0.53%"
"05/14/2020","1.5177","1.5255","1.5265","1.5152","","-0.47%"
"05/13/2020","1.5249","1.5271","1.5282","1.5204","","-0.12%"
"05/12/2020","1.5268","1.5141","1.5277","1.5132","","0.87%"
"05/11/2020","1.5137","1.5094","1.5190","1.5066","","0.28%"
"05/08/2020","1.5095","1.5137","1.5165","1.5082","","-0.25%"
"05/07/2020","1.5133","1.5271","1.5309","1.5075","","-0.87%"
"05/06/2020","1.5266","1.5227","1.5302","1.5162","","0.32%"
"05/05/2020","1.5218","1.5363","1.5372","1.5189","","-0.92%"
"05/04/2020","1.5359","1.5467","1.5497","1.5338","","-0.67%"
"05/01/2020","1.5463","1.5278","1.5536","1.5257","","1.25%"
"04/30/2020","1.5272","1.5093","1.5284","1.5050","","1.20%"
"04/29/2020","1.5091","1.5142","1.5167","1.5086","","-0.31%"
"04/28/2020","1.5138","1.5199","1.5232","1.5132","","-0.35%"
"04/27/2020","1.5191","1.5267","1.5276","1.5181","","-0.44%"
"04/24/2020","1.5258","1.5168","1.5272","1.5110","","0.63%"
"04/23/2020","1.5162","1.5327","1.5353","1.5138","","-1.05%"
"04/22/2020","1.5323","1.5428","1.5446","1.5295","","-0.65%"
"04/21/2020","1.5423","1.5370","1.5459","1.5321","","0.36%"
"04/20/2020","1.5368","1.5232","1.5375","1.5219","","0.98%"
"04/17/2020","1.5219","1.5261","1.5302","1.5217","","-0.24%"
"04/16/2020","1.5255","1.5397","1.5405","1.5260","","-0.88%"
"04/15/2020","1.5391","1.5245","1.5416","1.5239","","0.99%"
"04/14/2020","1.5240","1.5175","1.5291","1.5141","","0.46%"
"04/13/2020","1.5170","1.5254","1.5311","1.5120","","-0.56%"
"04/10/2020","1.5255","1.5275","1.5312","1.5246","","-0.09%"
"04/09/2020","1.5268","1.5217","1.5339","1.5201","","0.38%"
"04/08/2020","1.5210","1.5242","1.5305","1.5200","","-0.18%"
"04/07/2020","1.5237","1.5229","1.5297","1.5197","","0.08%"
"04/06/2020","1.5225","1.5339","1.5425","1.5213","","-0.80%"
"04/03/2020","1.5348","1.5351","1.5378","1.5212","","0.02%"
"04/02/2020","1.5345","1.5558","1.5572","1.5313","","-1.36%"
"04/01/2020","1.5556","1.5512","1.5622","1.5441","","0.32%"
"03/31/2020","1.5506","1.5650","1.5716","1.5442","","-0.91%"
"03/30/2020","1.5649","1.5581","1.5666","1.5534","","0.51%"
"03/27/2020","1.5570","1.5461","1.5608","1.5441","","0.74%"
"03/26/2020","1.5456","1.5442","1.5590","1.5406","","0.11%"
"03/25/2020","1.5439","1.5603","1.5632","1.5412","","-1.01%"
"03/24/2020","1.5597","1.5550","1.5797","1.5540","","0.36%"
"03/23/2020","1.5541","1.5343","1.5690","1.5337","","1.18%"
"03/20/2020","1.5359","1.5517","1.5526","1.5214","","-0.98%"
"03/19/2020","1.5511","1.5832","1.5997","1.5418","","-2.05%"
"03/18/2020","1.5836","1.5617","1.5885","1.5606","","1.43%"
"03/17/2020","1.5613","1.5674","1.5695","1.5446","","-0.37%"
"03/16/2020","1.5671","1.5361","1.5677","1.5307","","2.24%"
"03/13/2020","1.5328","1.5578","1.5636","1.5311","","-1.55%"
"03/12/2020","1.5569","1.5526","1.5661","1.5289","","0.31%"
"03/11/2020","1.5521","1.5482","1.5609","1.5442","","0.28%"
"03/10/2020","1.5477","1.5684","1.5705","1.5435","","-1.32%"
"03/09/2020","1.5684","1.5201","1.5810","1.5193","","3.54%"
"03/06/2020","1.5148","1.5074","1.5250","1.5012","","0.52%"
"03/05/2020","1.5070","1.4907","1.5078","1.4897","","1.13%"
"03/04/2020","1.4902","1.4955","1.4974","1.4792","","-0.33%"
"03/03/2020","1.4952","1.4833","1.4979","1.4810","","0.83%"
"03/02/2020","1.4829","1.4785","1.4927","1.4727","","0.41%"
"02/28/2020","1.4769","1.4728","1.4872","1.4710","","0.31%"
"02/27/2020","1.4724","1.4505","1.4740","1.4497","","1.53%"
"02/26/2020","1.4502","1.4450","1.4520","1.4404","","0.40%"
"02/25/2020","1.4444","1.4430","1.4477","1.4377","","0.14%"
"02/24/2020","1.4424","1.4364","1.4438","1.4324","","0.58%"
"02/21/2020","1.4341","1.4301","1.4379","1.4289","","0.31%"
"02/20/2020","1.4296","1.4287","1.4342","1.4264","","0.11%"
"02/19/2020","1.4281","1.4313","1.4321","1.4260","","-0.17%"
"02/18/2020","1.4305","1.4344","1.4373","1.4298","","-0.23%"
"02/17/2020","1.4338","1.4356","1.4374","1.4325","","-0.10%"
"02/14/2020","1.4352","1.4383","1.4396","1.4346","","-0.20%"
"02/13/2020","1.4381","1.4406","1.4438","1.4352","","-0.15%"
"02/12/2020","1.4403","1.4503","1.4518","1.4395","","-0.67%"
"02/11/2020","1.4500","1.4530","1.4537","1.4488","","-0.19%"
"02/10/2020","1.4528","1.4572","1.4587","1.4524","","-0.26%"
"02/07/2020","1.4566","1.4591","1.4615","1.4550","","-0.14%"
"02/06/2020","1.4586","1.4607","1.4629","1.4574","","-0.11%"
"02/05/2020","1.4602","1.4662","1.4689","1.4601","","-0.36%"
"02/04/2020","1.4655","1.4694","1.4715","1.4634","","-0.23%"
"02/03/2020","1.4689","1.4684","1.4722","1.4608","","0.05%"
"01/31/2020","1.4682","1.4572","1.4690","1.4552","","0.78%"
"01/30/2020","1.4568","1.4534","1.4598","1.4523","","0.28%"
"01/29/2020","1.4527","1.4500","1.4544","1.4478","","0.21%"
"01/28/2020","1.4497","1.4539","1.4555","1.4488","","-0.26%"
"01/27/2020","1.4535","1.4492","1.4555","1.4486","","0.34%"
"01/24/2020","1.4486","1.4509","1.4524","1.4476","","-0.11%"
"01/23/2020","1.4502","1.4571","1.4617","1.4505","","-0.45%"
"01/22/2020","1.4567","1.4486","1.4585","1.4454","","0.59%"
"01/21/2020","1.4481","1.4476","1.4527","1.4468","","0.06%"
"01/20/2020","1.4473","1.4494","1.4505","1.4455","","-0.08%"
"01/17/2020","1.4484","1.4524","1.4541","1.4474","","-0.25%"
"01/16/2020","1.4520","1.4540","1.4568","1.4509","","-0.13%"
"01/15/2020","1.4539","1.4537","1.4584","1.4525","","0.06%"
"01/14/2020","1.4531","1.4539","1.4569","1.4514","","-0.03%"
"01/13/2020","1.4535","1.4526","1.4550","1.4494","","0.16%"
"01/10/2020","1.4512","1.4500","1.4531","1.4457","","0.13%"
"01/09/2020","1.4493","1.4480","1.4549","1.4473","","0.10%"
"01/08/2020","1.4479","1.4503","1.4522","1.4459","","-0.14%"
"01/07/2020","1.4500","1.4514","1.4530","1.4485","","-0.10%"
"01/06/2020","1.4515","1.4509","1.4541","1.4477","","0.05%"
"01/03/2020","1.4508","1.4503","1.4525","1.4448","","0.05%"
"01/02/2020","1.4501","1.4560","1.4572","1.4495","","-0.38%"
"01/01/2020","1.4557","1.4562","1.4588","1.4546","","0.02%"
"12/31/2019","1.4554","1.4631","1.4647","1.4542","","-0.51%"
"12/30/2019","1.4628","1.4617","1.4657","1.4602","","0.11%"
"12/27/2019","1.4612","1.4566","1.4627","1.4544","","0.36%"
"12/26/2019","1.4559","1.4596","1.4605","1.4543","","-0.23%"
"12/25/2019","1.4593","1.4599","1.4620","1.4573","","-0.02%"
"12/24/2019","1.4596","1.4579","1.4603","1.4569","","0.18%"
"12/23/2019","1.4570","1.4569","1.4615","1.4555","","0.05%"
"12/20/2019","1.4563","1.4600","1.4619","1.4553","","-0.22%"
"12/19/2019","1.4595","1.4572","1.4621","1.4569","","0.17%"
"12/18/2019","1.4570","1.4674","1.4684","1.4564","","-0.68%"
"12/17/2019","1.4670","1.4659","1.4716","1.4650","","0.12%"
"12/16/2019","1.4652","1.4655","1.4676","1.4614","","0.10%"
"12/13/2019","1.4638","1.4673","1.4750","1.4636","","-0.21%"
"12/12/2019","1.4669","1.4663","1.4705","1.4634","","0.08%"
"12/11/2019","1.4657","1.4672","1.4688","1.4619","","-0.08%"
"12/10/2019","1.4669","1.4646","1.4688","1.4635","","0.18%"
"12/09/2019","1.4643","1.4653","1.4690","1.4625","","-0.09%"
"12/06/2019","1.4656","1.4626","1.4690","1.4606","","0.20%"
"12/05/2019","1.4627","1.4626","1.4642","1.4595","","0.05%"
"12/04/2019","1.4619","1.4736","1.4744","1.4604","","-0.76%"
"12/03/2019","1.4731","1.4742","1.4760","1.4717","","-0.04%"
"12/02/2019","1.4737","1.4623","1.4749","1.4623","","0.79%"
"11/29/2019","1.4622","1.4618","1.4652","1.4598","","0.05%"
"11/28/2019","1.4614","1.4608","1.4650","1.4604","","0.05%"
"11/27/2019","1.4606","1.4626","1.4635","1.4585","","-0.10%"
"11/26/2019","1.4621","1.4648","1.4676","1.4621","","-0.16%"
"11/25/2019","1.4644","1.4663","1.4673","1.4636","","-0.11%"
"11/22/2019","1.4660","1.4693","1.4714","1.4642","","-0.20%"
"11/21/2019","1.4689","1.4730","1.4775","1.4677","","-0.27%"
"11/20/2019","1.4729","1.4699","1.4755","1.4682","","0.22%"
"11/19/2019","1.4696","1.4622","1.4710","1.4510","","0.53%"
"11/18/2019","1.4619","1.4605","1.4657","1.4603","","0.07%"
"11/15/2019","1.4609","1.4604","1.4638","1.4571","","0.08%"
"11/14/2019","1.4598","1.4585","1.4624","1.4570","","0.11%"
"11/13/2019","1.4582","1.4567","1.4621","1.4556","","0.13%"
"11/12/2019","1.4563","1.4600","1.4628","1.4546","","-0.21%"
"11/11/2019","1.4593","1.4572","1.4615","1.4560","","0.12%"
"11/08/2019","1.4575","1.4557","1.4602","1.4539","","0.16%"
"11/07/2019","1.4552","1.4589","1.4604","1.4539","","-0.23%"
"11/06/2019","1.4585","1.4570","1.4616","1.4547","","0.12%"
"11/05/2019","1.4567","1.4635","1.4648","1.4539","","-0.43%"
"11/04/2019","1.4630","1.4659","1.4696","1.4620","","-0.23%"
"11/01/2019","1.4664","1.4680","1.4710","1.4661","","-0.05%"
"10/31/2019","1.4672","1.4673","1.4724","1.4638","","0.04%"
"10/30/2019","1.4666","1.4542","1.4688","1.4524","","0.89%"
"10/29/2019","1.4537","1.4491","1.4558","1.4452","","0.37%"
"10/28/2019","1.4483","1.4474","1.4510","1.4462","","0.15%"
"10/25/2019","1.4462","1.4515","1.4533","1.4462","","-0.36%"
"10/24/2019","1.4514","1.4548","1.4596","1.4504","","-0.19%"
"10/23/2019","1.4542","1.4566","1.4581","1.4537","","-0.14%"
"10/22/2019","1.4562","1.4592","1.4610","1.4558","","-0.16%"
"10/21/2019","1.4586","1.4626","1.4672","1.4579","","-0.49%"
"10/18/2019","1.4658","1.4614","1.4669","1.4602","","0.32%"
"10/17/2019","1.4611","1.4619","1.4664","1.4593","","-0.02%"
"10/16/2019","1.4614","1.4563","1.4626","1.4550","","0.38%"
"10/15/2019","1.4558","1.4595","1.4614","1.4529","","-0.23%"
"10/14/2019","1.4591","1.4576","1.4602","1.4550","","0.16%"
"10/11/2019","1.4568","1.4629","1.4687","1.4546","","-0.38%"
"10/10/2019","1.4624","1.4628","1.4693","1.4611","","0.01%"
"10/09/2019","1.4623","1.4600","1.4644","1.4583","","0.19%"
"10/08/2019","1.4595","1.4601","1.4650","1.4575","","-0.02%"
"10/07/2019","1.4598","1.4614","1.4641","1.4592","","-0.12%"
"10/04/2019","1.4615","1.4623","1.4647","1.4575","","-0.03%"
"10/03/2019","1.4620","1.4604","1.4677","1.4570","","0.16%"
"10/02/2019","1.4597","1.4452","1.4609","1.4432","","1.03%"
"10/01/2019","1.4448","1.4433","1.4495","1.4413","","0.14%"
"09/30/2019","1.4428","1.4490","1.4497","1.4417","","-0.40%"
"09/27/2019","1.4486","1.4490","1.4526","1.4469","","-0.03%"
"09/26/2019","1.4490","1.4518","1.4537","1.4470","","-0.17%"
"09/25/2019","1.4514","1.4593","1.4600","1.4497","","-0.51%"
"09/24/2019","1.4588","1.4581","1.4607","1.4560","","0.09%"
"09/23/2019","1.4575","1.4609","1.4638","1.4561","","-0.22%"
"09/20/2019","1.4607","1.4642","1.4687","1.4586","","-0.22%"
"09/19/2019","1.4639","1.4657","1.4713","1.4621","","-0.08%"
"09/18/2019","1.4651","1.4664","1.4709","1.4635","","-0.06%"
"09/17/2019","1.4660","1.4564","1.4685","1.4557","","0.69%"
"09/16/2019","1.4559","1.4649","1.4696","1.4554","","-1.01%"
"09/13/2019","1.4708","1.4616","1.4719","1.4602","","0.67%"
"09/12/2019","1.4610","1.4527","1.4636","1.4431","","0.61%"
"09/11/2019","1.4522","1.4523","1.4539","1.4455","","0.01%"
"09/10/2019","1.4520","1.4548","1.4571","1.4496","","-0.16%"
"09/09/2019","1.4543","1.4528","1.4563","1.4500","","0.14%"
"09/06/2019","1.4523","1.4597","1.4607","1.4511","","-0.49%"
"09/05/2019","1.4594","1.4592","1.4642","1.4552","","0.03%"
"09/04/2019","1.4589","1.4633","1.4696","1.4579","","-0.27%"
"09/03/2019","1.4628","1.4617","1.4656","1.4577","","0.11%"
"09/02/2019","1.4612","1.4637","1.4659","1.4598","","-0.10%"
"08/30/2019","1.4626","1.4690","1.4705","1.4590","","-0.40%"
"08/29/2019","1.4685","1.4741","1.4764","1.4685","","-0.36%"
"08/28/2019","1.4738","1.4729","1.4769","1.4716","","0.07%"
"08/27/2019","1.4728","1.4715","1.4752","1.4681","","0.12%"
"08/26/2019","1.4711","1.4801","1.4863","1.4699","","-0.60%"
"08/23/2019","1.4800","1.4738","1.4853","1.4716","","0.43%"
"08/22/2019","1.4736","1.4733","1.4771","1.4705","","0.05%"
"08/21/2019","1.4728","1.4781","1.4798","1.4708","","-0.33%"
"08/20/2019","1.4777","1.4762","1.4798","1.4745","","0.14%"
"08/19/2019","1.4757","1.4722","1.4783","1.4705","","0.29%"
"08/16/2019","1.4715","1.4783","1.4803","1.4709","","-0.43%"
"08/15/2019","1.4779","1.4838","1.4874","1.4774","","-0.36%"
"08/14/2019","1.4832","1.4772","1.4890","1.4760","","0.44%"
"08/13/2019","1.4767","1.4846","1.4918","1.4739","","-0.50%"
"08/12/2019","1.4841","1.4818","1.4871","1.4771","","0.23%"
"08/09/2019","1.4807","1.4786","1.4872","1.4781","","0.18%"
"08/08/2019","1.4781","1.4896","1.4927","1.4782","","-0.75%"
"08/07/2019","1.4892","1.4872","1.4998","1.4854","","0.15%"
"08/06/2019","1.4869","1.4805","1.4889","1.4756","","0.46%"
"08/05/2019","1.4801","1.4673","1.4820","1.4659","","0.92%"
"08/02/2019","1.4666","1.4646","1.4717","1.4631","","0.16%"
"08/01/2019","1.4642","1.4610","1.4680","1.4577","","0.25%"
"07/31/2019","1.4605","1.4667","1.4679","1.4590","","-0.39%"
"07/30/2019","1.4662","1.4670","1.4706","1.4655","","-0.03%"
"07/29/2019","1.4667","1.4651","1.4678","1.4623","","0.14%"
"07/26/2019","1.4647","1.4671","1.4697","1.4644","","-0.15%"
"07/25/2019","1.4669","1.4640","1.4711","1.4573","","0.21%"
"07/24/2019","1.4638","1.4647","1.4659","1.4614","","-0.03%"
"07/23/2019","1.4643","1.4708","1.4718","1.4635","","-0.41%"
"07/22/2019","1.4703","1.4657","1.4718","1.4627","","0.34%"
"07/19/2019","1.4653","1.4691","1.4714","1.4638","","-0.22%"
"07/18/2019","1.4686","1.4647","1.4712","1.4628","","0.29%"
"07/17/2019","1.4643","1.4673","1.4680","1.4632","","-0.17%"
"07/16/2019","1.4668","1.4691","1.4705","1.4602","","-0.13%"
"07/15/2019","1.4687","1.4687","1.4703","1.4666","","0.03%"
"07/12/2019","1.4682","1.4715","1.4723","1.4650","","-0.20%"
"07/11/2019","1.4711","1.4720","1.4743","1.4692","","-0.02%"
"07/10/2019","1.4714","1.4713","1.4777","1.4693","","0.04%"
"07/09/2019","1.4708","1.4684","1.4733","1.4676","","0.18%"
"07/08/2019","1.4682","1.4669","1.4692","1.4634","","0.01%"
"07/05/2019","1.4681","1.4729","1.4753","1.4667","","-0.31%"
"07/04/2019","1.4726","1.4724","1.4766","1.4704","","0.03%"
"07/03/2019","1.4722","1.4792","1.4807","1.4722","","-0.43%"
"07/02/2019","1.4785","1.4823","1.4856","1.4785","","-0.25%"
"07/01/2019","1.4822","1.4882","1.4890","1.4815","","-0.40%"
"06/28/2019","1.4881","1.4888","1.4922","1.4859","","-0.05%"
"06/27/2019","1.4888","1.4925","1.4947","1.4884","","-0.22%"
"06/26/2019","1.4921","1.4967","1.4987","1.4905","","-0.27%"
"06/25/2019","1.4961","1.5023","1.5053","1.4960","","-0.40%"
"06/24/2019","1.5021","1.5023","1.5055","1.5002","","-0.04%"
"06/21/2019","1.5027","1.4897","1.5040","1.4876","","0.93%"
"06/20/2019","1.4889","1.4908","1.4935","1.4859","","-0.09%"
"06/19/2019","1.4903","1.4973","1.5002","1.4905","","-0.44%"
"06/18/2019","1.4969","1.5046","1.5087","1.4968","","-0.48%"
"06/17/2019","1.5041","1.5031","1.5080","1.5018","","0.07%"
"06/14/2019","1.5030","1.5035","1.5061","1.4983","","0.05%"
"06/13/2019","1.5023","1.5060","1.5070","1.5007","","-0.23%"
"06/12/2019","1.5058","1.5042","1.5086","1.5019","","0.09%"
"06/11/2019","1.5044","1.5014","1.5065","1.4981","","0.26%"
"06/10/2019","1.5005","1.5015","1.5032","1.4962","","-0.17%"
"06/07/2019","1.5031","1.5064","1.5085","1.5000","","-0.21%"
"06/06/2019","1.5062","1.5051","1.5152","1.5043","","0.10%"
"06/05/2019","1.5047","1.5067","1.5130","1.5049","","-0.12%"
"06/04/2019","1.5065","1.5103","1.5143","1.5064","","-0.23%"
"06/03/2019","1.5099","1.5091","1.5147","1.5073","","-0.05%"
"05/31/2019","1.5107","1.5032","1.5129","1.5017","","0.56%"
"05/30/2019","1.5023","1.5051","1.5065","1.4992","","-0.15%"
"05/29/2019","1.5045","1.5058","1.5092","1.5030","","-0.07%"
"05/28/2019","1.5055","1.5054","1.5086","1.5019","","0.04%"
"05/27/2019","1.5049","1.5042","1.5078","1.5029","","-0.01%"
"05/24/2019","1.5051","1.5066","1.5098","1.5035","","-0.07%"
"05/23/2019","1.5062","1.4977","1.5086","1.4976","","0.57%"
"05/22/2019","1.4976","1.4973","1.4995","1.4920","","0.13%"
"05/21/2019","1.4957","1.5000","1.5012","1.4941","","-0.23%"
"05/20/2019","1.4992","1.5020","1.5034","1.4972","","-0.15%"
"05/17/2019","1.5014","1.5040","1.5103","1.4995","","-0.13%"
"05/16/2019","1.5034","1.5052","1.5075","1.4991","","-0.10%"
"05/15/2019","1.5049","1.5094","1.5119","1.5042","","-0.26%"
"05/14/2019","1.5088","1.5126","1.5151","1.5079","","-0.23%"
"05/13/2019","1.5123","1.5085","1.5151","1.5069","","0.38%"
"05/10/2019","1.5066","1.5116","1.5145","1.5040","","-0.30%"
"05/09/2019","1.5111","1.5086","1.5185","1.5069","","0.19%"
"05/08/2019","1.5082","1.5079","1.5107","1.5057","","0.05%"
"05/07/2019","1.5075","1.5060","1.5094","1.5024","","0.13%"
"05/06/2019","1.5055","1.5048","1.5105","1.5019","","0.17%"
"05/03/2019","1.5030","1.5065","1.5068","1.4982","","-0.17%"
"05/02/2019","1.5056","1.5059","1.5085","1.5029","","0.07%"
"05/01/2019","1.5046","1.5012","1.5105","1.5002","","0.25%"
"04/30/2019","1.5008","1.5055","1.5115","1.5011","","-0.27%"
"04/29/2019","1.5049","1.5008","1.5061","1.4992","","0.35%"
"04/26/2019","1.4997","1.5011","1.5045","1.4979","","-0.08%"
"04/25/2019","1.5009","1.5057","1.5065","1.5003","","-0.23%"
"04/24/2019","1.5043","1.5071","1.5137","1.5019","","-0.17%"
"04/23/2019","1.5068","1.5030","1.5086","1.5011","","0.32%"
"04/22/2019","1.5020","1.5055","1.5067","1.5011","","-0.25%"
"04/19/2019","1.5058","1.5036","1.5071","1.5015","","0.27%"
"04/18/2019","1.5018","1.5071","1.5101","1.5017","","-0.31%"
"04/17/2019","1.5064","1.5061","1.5099","1.5001","","0.04%"
"04/16/2019","1.5058","1.5117","1.5158","1.5055","","-0.33%"
"04/15/2019","1.5108","1.5054","1.5145","1.5037","","0.37%"
"04/12/2019","1.5052","1.5065","1.5106","1.5048","","-0.03%"
"04/11/2019","1.5057","1.5014","1.5094","1.5005","","0.27%"
"04/10/2019","1.5016","1.5010","1.5054","1.4987","","0.06%"
"04/09/2019","1.5007","1.4991","1.5039","1.4967","","0.12%"
"04/08/2019","1.4989","1.5022","1.5059","1.4979","","-0.12%"
"04/05/2019","1.5007","1.4995","1.5065","1.4983","","0.13%"
"04/04/2019","1.4988","1.4998","1.5025","1.4966","","-0.01%"
"04/03/2019","1.4990","1.4943","1.5009","1.4919","","0.34%"
"04/02/2019","1.4939","1.4918","1.4980","1.4903","","0.13%"
"04/01/2019","1.4919","1.4970","1.5030","1.4903","","-0.33%"
"03/29/2019","1.4968","1.5080","1.5104","1.4969","","-0.79%"
"03/28/2019","1.5087","1.5083","1.5122","1.5046","","0.09%"
"03/27/2019","1.5073","1.5081","1.5141","1.5059","","0.01%"
"03/26/2019","1.5072","1.5164","1.5191","1.5069","","-0.57%"
"03/25/2019","1.5158","1.5204","1.5219","1.5146","","-0.20%"
"03/22/2019","1.5189","1.5196","1.5230","1.5101","","-0.01%"
"03/21/2019","1.5191","1.5185","1.5226","1.5156","","0.07%"
"03/20/2019","1.5181","1.5117","1.5208","1.5109","","0.43%"
"03/19/2019","1.5116","1.5118","1.5144","1.5036","","0.01%"
"03/18/2019","1.5115","1.5116","1.5153","1.5084","","0.11%"
"03/15/2019","1.5098","1.5075","1.5154","1.5042","","0.19%"
"03/14/2019","1.5069","1.5073","1.5095","1.5043","","0.01%"
"03/13/2019","1.5067","1.5072","1.5108","1.5045","","-0.01%"
"03/12/2019","1.5069","1.5066","1.5131","1.5056","","0.04%"
"03/11/2019","1.5063","1.5086","1.5118","1.5054","","-0.07%"
"03/08/2019","1.5074","1.5061","1.5112","1.5025","","0.11%"
"03/07/2019","1.5057","1.5199","1.5217","1.5036","","-0.90%"
"03/06/2019","1.5194","1.5093","1.5229","1.5086","","0.70%"
"03/05/2019","1.5088","1.5085","1.5132","1.5067","","0.05%"
"03/04/2019","1.5080","1.5117","1.5153","1.5056","","-0.28%"
"03/01/2019","1.5122","1.4978","1.5139","1.4915","","1.02%"
"02/28/2019","1.4970","1.4958","1.5056","1.4946","","0.09%"
"02/27/2019","1.4957","1.5001","1.5019","1.4935","","-0.31%"
"02/26/2019","1.5003","1.4993","1.5053","1.4967","","0.16%"
"02/25/2019","1.4979","1.4899","1.5001","1.4875","","0.54%"
"02/22/2019","1.4898","1.5000","1.5020","1.4878","","-0.65%"
"02/21/2019","1.4995","1.4938","1.5013","1.4915","","0.42%"
"02/20/2019","1.4933","1.4982","1.5013","1.4925","","-0.29%"
"02/19/2019","1.4976","1.4975","1.5042","1.4944","","0.03%"
"02/18/2019","1.4971","1.4945","1.5088","1.4939","","0.12%"
"02/15/2019","1.4953","1.5018","1.5039","1.4922","","-0.43%"
"02/14/2019","1.5017","1.4926","1.5067","1.4911","","0.64%"
"02/13/2019","1.4922","1.4992","1.5017","1.4917","","-0.43%"
"02/12/2019","1.4987","1.5008","1.5023","1.4951","","-0.09%"
"02/11/2019","1.5000","1.5061","1.5063","1.4974","","-0.26%"
"02/08/2019","1.5039","1.5100","1.5117","1.5011","","-0.35%"
"02/07/2019","1.5092","1.5014","1.5130","1.4998","","0.55%"
"02/06/2019","1.5009","1.4979","1.5044","1.4962","","0.21%"
"02/05/2019","1.4977","1.4998","1.5025","1.4954","","-0.11%"
"02/04/2019","1.4994","1.5038","1.5039","1.4971","","-0.05%"
"02/01/2019","1.5002","1.5024","1.5088","1.4976","","-0.09%"
"01/31/2019","1.5016","1.5095","1.5124","1.5016","","-0.48%"
"01/30/2019","1.5089","1.5167","1.5195","1.5051","","-0.49%"
"01/29/2019","1.5163","1.5155","1.5198","1.5124","","0.11%"
"01/28/2019","1.5146","1.5077","1.5190","1.5058","","0.48%"
"01/25/2019","1.5073","1.5090","1.5135","1.5064","","-0.11%"
"01/24/2019","1.5089","1.5182","1.5214","1.5076","","-0.59%"
"01/23/2019","1.5179","1.5170","1.5230","1.5110","","0.09%"
"01/22/2019","1.5165","1.5109","1.5187","1.5104","","0.41%"
"01/21/2019","1.5103","1.5063","1.5133","1.5056","","0.28%"
"01/18/2019","1.5061","1.5129","1.5150","1.5038","","-0.42%"
"01/17/2019","1.5124","1.5103","1.5188","1.5088","","0.13%"
"01/16/2019","1.5104","1.5143","1.5151","1.5082","","-0.21%"
"01/15/2019","1.5136","1.5241","1.5256","1.5104","","-0.70%"
"01/14/2019","1.5242","1.5211","1.5256","1.5167","","0.21%"
"01/11/2019","1.5210","1.5220","1.5269","1.5180","","-0.04%"
"01/10/2019","1.5216","1.5246","1.5309","1.5200","","-0.18%"
"01/09/2019","1.5243","1.5189","1.5274","1.5145","","0.40%"
"01/08/2019","1.5183","1.5260","1.5269","1.5177","","-0.48%"
"01/07/2019","1.5256","1.5240","1.5325","1.5230","","0.16%"
"01/04/2019","1.5231","1.5368","1.5398","1.5236","","-0.87%"
"01/03/2019","1.5364","1.5401","1.5517","1.5343","","-0.23%"
"01/02/2019","1.5399","1.5637","1.5642","1.5379","","-1.48%"
"01/01/2019","1.5631","1.5637","1.5753","1.5519","","-0.06%"
"12/31/2018","1.5640","1.5598","1.5650","1.5549","","0.24%"
"12/28/2018","1.5602","1.5566","1.5650","1.5553","","0.26%"
"12/27/2018","1.5562","1.5408","1.5638","1.5402","","1.03%"
"12/26/2018","1.5403","1.5444","1.5543","1.5397","","-0.22%"
"12/25/2018","1.5437","1.5510","1.5562","1.5422","","-0.45%"
"12/24/2018","1.5507","1.5465","1.5555","1.5436","","0.28%"
"12/21/2018","1.5464","1.5463","1.5496","1.5390","","0.05%"
"12/20/2018","1.5457","1.5342","1.5535","1.5331","","0.78%"
"12/19/2018","1.5337","1.5296","1.5381","1.5294","","0.27%"
"12/18/2018","1.5295","1.5212","1.5338","1.5187","","0.58%"
"12/17/2018","1.5207","1.5131","1.5232","1.5120","","0.49%"
"12/14/2018","1.5133","1.5175","1.5206","1.5080","","-0.22%"
"12/13/2018","1.5167","1.5178","1.5227","1.5143","","-0.05%"
"12/12/2018","1.5175","1.5152","1.5206","1.5132","","0.17%"
"12/11/2018","1.5150","1.5212","1.5277","1.5148","","-0.38%"
"12/10/2018","1.5208","1.5158","1.5265","1.5158","","0.37%"
"12/07/2018","1.5152","1.5222","1.5258","1.5096","","-0.42%"
"12/06/2018","1.5216","1.5150","1.5313","1.5145","","0.45%"
"12/05/2018","1.5148","1.5046","1.5200","1.5028","","0.69%"
"12/04/2018","1.5044","1.4984","1.5051","1.4962","","0.43%"
"12/03/2018","1.4979","1.5004","1.5079","1.4912","","-0.41%"
"11/30/2018","1.5041","1.5135","1.5153","1.5023","","-0.58%"
"11/29/2018","1.5128","1.5086","1.5143","1.5075","","0.30%"
"11/28/2018","1.5083","1.5009","1.5107","1.5004","","0.52%"
"11/27/2018","1.5005","1.5016","1.5042","1.4978","","-0.01%"
"11/26/2018","1.5007","1.5009","1.5033","1.4973","","0.00%"
"11/23/2018","1.5007","1.5048","1.5082","1.4947","","-0.22%"
"11/22/2018","1.5040","1.5064","1.5124","1.5028","","-0.13%"
"11/21/2018","1.5059","1.5128","1.5173","1.5054","","-0.45%"
"11/20/2018","1.5127","1.5085","1.5140","1.5040","","0.31%"
"11/19/2018","1.5081","1.5013","1.5118","1.4993","","0.49%"
"11/16/2018","1.5007","1.4930","1.5048","1.4902","","0.57%"
"11/15/2018","1.4922","1.4972","1.5010","1.4903","","-0.31%"
"11/14/2018","1.4968","1.4949","1.5021","1.4903","","0.19%"
"11/13/2018","1.4940","1.4861","1.4953","1.4849","","0.57%"
"11/12/2018","1.4856","1.4956","1.4968","1.4843","","-0.77%"
"11/09/2018","1.4971","1.4948","1.4998","1.4931","","0.17%"
"11/08/2018","1.4946","1.4979","1.5008","1.4911","","-0.21%"
"11/07/2018","1.4977","1.4998","1.5053","1.4974","","-0.10%"
"11/06/2018","1.4992","1.4955","1.5017","1.4940","","0.27%"
"11/05/2018","1.4951","1.4931","1.4978","1.4875","","0.19%"
"11/02/2018","1.4922","1.4926","1.4986","1.4904","","-0.01%"
"11/01/2018","1.4923","1.4880","1.4957","1.4874","","0.32%"
"10/31/2018","1.4875","1.4869","1.4915","1.4842","","0.06%"
"10/30/2018","1.4866","1.4938","1.4949","1.4868","","-0.46%"
"10/29/2018","1.4935","1.4953","1.4979","1.4886","","-0.07%"
"10/26/2018","1.4946","1.4870","1.4959","1.4859","","0.54%"
"10/25/2018","1.4865","1.4875","1.4947","1.4844","","-0.02%"
"10/24/2018","1.4868","1.5009","1.5018","1.4772","","-0.93%"
"10/23/2018","1.5007","1.5021","1.5055","1.4991","","-0.05%"
"10/22/2018","1.5015","1.5071","1.5119","1.5008","","-0.42%"
"10/19/2018","1.5079","1.4985","1.5136","1.4926","","0.63%"
"10/18/2018","1.4985","1.4972","1.5030","1.4959","","0.11%"
"10/17/2018","1.4968","1.4971","1.5001","1.4944","","0.01%"
"10/16/2018","1.4966","1.5042","1.5061","1.4951","","-0.49%"
"10/15/2018","1.5039","1.5063","1.5126","1.5008","","-0.11%"
"10/12/2018","1.5055","1.5111","1.5134","1.5023","","-0.31%"
"10/11/2018","1.5102","1.5054","1.5139","1.5030","","0.35%"
"10/10/2018","1.5049","1.4876","1.5059","1.4861","","1.18%"
"10/09/2018","1.4873","1.4899","1.4905","1.4852","","-0.14%"
"10/08/2018","1.4894","1.4911","1.4949","1.4870","","-0.07%"
"10/05/2018","1.4905","1.4879","1.4927","1.4847","","0.18%"
"10/04/2018","1.4878","1.4771","1.4895","1.4758","","0.76%"
"10/03/2018","1.4766","1.4808","1.4863","1.4758","","-0.25%"
"10/02/2018","1.4803","1.4838","1.4844","1.4766","","-0.20%"
"10/01/2018","1.4832","1.4976","1.4982","1.4791","","-0.98%"
"09/28/2018","1.4979","1.5182","1.5192","1.4972","","-1.32%"
"09/27/2018","1.5179","1.5284","1.5330","1.5176","","-0.67%"
"09/26/2018","1.5281","1.5248","1.5313","1.5194","","0.23%"
"09/25/2018","1.5246","1.5221","1.5288","1.5204","","0.19%"
"09/24/2018","1.5217","1.5176","1.5266","1.5165","","0.30%"
"09/21/2018","1.5171","1.5196","1.5229","1.5148","","-0.13%"
"09/20/2018","1.5191","1.5074","1.5215","1.5071","","0.80%"
"09/19/2018","1.5071","1.5136","1.5175","1.5057","","-0.40%"
"09/18/2018","1.5131","1.5241","1.5264","1.5130","","-0.70%"
"09/17/2018","1.5237","1.5161","1.5244","1.5146","","0.56%"
"09/14/2018","1.5152","1.5195","1.5229","1.5139","","-0.25%"
"09/13/2018","1.5190","1.5109","1.5224","1.5092","","0.56%"
"09/12/2018","1.5105","1.5162","1.5173","1.5087","","-0.38%"
"09/11/2018","1.5162","1.5262","1.5297","1.5129","","-0.62%"
"09/10/2018","1.5257","1.5225","1.5296","1.5202","","0.41%"
"09/07/2018","1.5194","1.5272","1.5307","1.5199","","-0.48%"
"09/06/2018","1.5268","1.5322","1.5374","1.5261","","-0.35%"
"09/05/2018","1.5322","1.5274","1.5349","1.5238","","0.33%"
"09/04/2018","1.5271","1.5219","1.5281","1.5170","","0.37%"
"09/03/2018","1.5215","1.5120","1.5229","1.5116","","0.61%"
"08/31/2018","1.5123","1.5149","1.5217","1.5112","","-0.14%"
"08/30/2018","1.5144","1.5108","1.5169","1.5094","","0.27%"
"08/29/2018","1.5103","1.5123","1.5157","1.5075","","-0.09%"
"08/28/2018","1.5117","1.5141","1.5166","1.5101","","-0.15%"
"08/27/2018","1.5140","1.5145","1.5194","1.5104","","0.03%"
"08/24/2018","1.5135","1.5095","1.5172","1.5085","","0.28%"
"08/23/2018","1.5092","1.5071","1.5139","1.5053","","0.15%"
"08/22/2018","1.5069","1.5082","1.5147","1.5052","","-0.07%"
"08/21/2018","1.5079","1.4981","1.5109","1.4962","","0.69%"
"08/20/2018","1.4976","1.4941","1.4985","1.4896","","0.29%"
"08/17/2018","1.4933","1.4964","1.5002","1.4889","","-0.17%"
"08/16/2018","1.4959","1.4907","1.4993","1.4894","","0.36%"
"08/15/2018","1.4905","1.4811","1.4929","1.4793","","0.67%"
"08/14/2018","1.4806","1.4986","1.4989","1.4805","","-1.16%"
"08/13/2018","1.4980","1.4976","1.5018","1.4952","","-0.10%"
"08/10/2018","1.4995","1.5044","1.5054","1.4931","","-0.29%"
"08/09/2018","1.5039","1.5119","1.5126","1.5027","","-0.52%"
"08/08/2018","1.5117","1.5139","1.5192","1.5094","","-0.11%"
"08/07/2018","1.5134","1.5024","1.5159","1.5004","","0.75%"
"08/06/2018","1.5021","1.5039","1.5063","1.5008","","-0.01%"
"08/03/2018","1.5023","1.5087","1.5105","1.5014","","-0.38%"
"08/02/2018","1.5081","1.5163","1.5172","1.5076","","-0.51%"
"08/01/2018","1.5158","1.5205","1.5239","1.5141","","-0.30%"
"07/31/2018","1.5204","1.5261","1.5328","1.5189","","-0.33%"
"07/30/2018","1.5254","1.5220","1.5272","1.5212","","0.26%"
"07/27/2018","1.5214","1.5221","1.5243","1.5172","","-0.02%"
"07/26/2018","1.5217","1.5302","1.5316","1.5209","","-0.53%"
"07/25/2018","1.5298","1.5372","1.5389","1.5254","","-0.45%"
"07/24/2018","1.5367","1.5401","1.5419","1.5361","","-0.19%"
"07/23/2018","1.5396","1.5414","1.5434","1.5368","","-0.06%"
"07/20/2018","1.5406","1.5455","1.5472","1.5356","","-0.25%"
"07/19/2018","1.5445","1.5330","1.5456","1.5317","","0.80%"
"07/18/2018","1.5323","1.5381","1.5431","1.5320","","-0.34%"
"07/17/2018","1.5376","1.5382","1.5429","1.5364","","-0.01%"
"07/16/2018","1.5377","1.5363","1.5419","1.5352","","0.00%"
"07/13/2018","1.5377","1.5354","1.5387","1.5318","","0.18%"
"07/12/2018","1.5350","1.5417","1.5437","1.5343","","-0.40%"
"07/11/2018","1.5412","1.5399","1.5445","1.5335","","0.12%"
"07/10/2018","1.5393","1.5405","1.5432","1.5359","","-0.04%"
"07/09/2018","1.5399","1.5379","1.5419","1.5363","","0.24%"
"07/06/2018","1.5362","1.5356","1.5446","1.5337","","0.08%"
"07/05/2018","1.5349","1.5320","1.5387","1.5308","","0.23%"
"07/04/2018","1.5314","1.5313","1.5352","1.5282","","0.02%"
"07/03/2018","1.5311","1.5348","1.5368","1.5295","","-0.22%"
"07/02/2018","1.5345","1.5310","1.5387","1.5290","","0.03%"
"06/29/2018","1.5340","1.5328","1.5462","1.5311","","0.14%"
"06/28/2018","1.5319","1.5415","1.5432","1.5321","","-0.57%"
"06/27/2018","1.5407","1.5502","1.5538","1.5357","","-0.58%"
"06/26/2018","1.5497","1.5561","1.5583","1.5482","","-0.37%"
"06/25/2018","1.5554","1.5468","1.5589","1.5456","","0.58%"
"06/22/2018","1.5465","1.5449","1.5587","1.5430","","0.14%"
"06/21/2018","1.5443","1.5404","1.5477","1.5333","","0.28%"
"06/20/2018","1.5400","1.5396","1.5435","1.5349","","0.06%"
"06/19/2018","1.5391","1.5342","1.5402","1.5263","","0.34%"
"06/18/2018","1.5339","1.5320","1.5366","1.5244","","0.12%"
"06/15/2018","1.5320","1.5158","1.5343","1.5148","","1.10%"
"06/14/2018","1.5154","1.5312","1.5362","1.5115","","-1.00%"
"06/13/2018","1.5307","1.5286","1.5334","1.5263","","0.17%"
"06/12/2018","1.5281","1.5293","1.5348","1.5256","","-0.05%"
"06/11/2018","1.5288","1.5262","1.5360","1.5258","","0.54%"
"06/08/2018","1.5206","1.5307","1.5342","1.5203","","-0.62%"
"06/07/2018","1.5301","1.5240","1.5366","1.5235","","0.43%"
"06/06/2018","1.5235","1.5197","1.5260","1.5127","","0.26%"
"06/05/2018","1.5195","1.5126","1.5242","1.5103","","0.48%"
"06/04/2018","1.5122","1.5095","1.5168","1.5091","","0.18%"
"06/01/2018","1.5095","1.5149","1.5187","1.5081","","-0.34%"
"05/31/2018","1.5146","1.5017","1.5171","1.4970","","0.90%"
"05/30/2018","1.5011","1.5022","1.5124","1.4912","","-0.05%"
"05/29/2018","1.5018","1.5103","1.5120","1.4983","","-0.52%"
"05/28/2018","1.5096","1.5114","1.5227","1.5073","","-0.09%"
"05/25/2018","1.5110","1.5097","1.5155","1.5084","","0.09%"
"05/24/2018","1.5096","1.5010","1.5156","1.5003","","0.61%"
"05/23/2018","1.5005","1.5099","1.5143","1.4996","","-0.60%"
"05/22/2018","1.5096","1.5078","1.5110","1.5018","","0.15%"
"05/21/2018","1.5074","1.5147","1.5175","1.5065","","-0.61%"
"05/18/2018","1.5166","1.5105","1.5206","1.5063","","0.45%"
"05/17/2018","1.5098","1.5099","1.5128","1.5048","","0.03%"
"05/16/2018","1.5094","1.5243","1.5250","1.5072","","-0.94%"
"05/15/2018","1.5237","1.5282","1.5303","1.5220","","-0.26%"
"05/14/2018","1.5276","1.5280","1.5318","1.5261","","0.01%"
"05/11/2018","1.5275","1.5213","1.5292","1.5174","","0.45%"
"05/10/2018","1.5207","1.5233","1.5257","1.5146","","-0.16%"
"05/09/2018","1.5231","1.5364","1.5378","1.5204","","-0.84%"
"05/08/2018","1.5360","1.5357","1.5446","1.5352","","0.05%"
"05/07/2018","1.5353","1.5356","1.5396","1.5314","","-0.04%"
"05/04/2018","1.5359","1.5402","1.5429","1.5331","","-0.24%"
"05/03/2018","1.5396","1.5398","1.5435","1.5362","","0.03%"
"05/02/2018","1.5392","1.5409","1.5441","1.5352","","-0.09%"
"05/01/2018","1.5406","1.5509","1.5521","1.5399","","-0.66%"
"04/30/2018","1.5509","1.5548","1.5596","1.5465","","-0.30%"
"04/27/2018","1.5555","1.5573","1.5598","1.5531","","-0.08%"
"04/26/2018","1.5568","1.5618","1.5665","1.5570","","-0.29%"
"04/25/2018","1.5613","1.5698","1.5717","1.5614","","-0.53%"
"04/24/2018","1.5696","1.5687","1.5711","1.5634","","0.09%"
"04/23/2018","1.5682","1.5674","1.5707","1.5627","","0.06%"
"04/20/2018","1.5673","1.5644","1.5692","1.5545","","0.22%"
"04/19/2018","1.5639","1.5627","1.5650","1.5576","","0.12%"
"04/18/2018","1.5621","1.5522","1.5684","1.5517","","0.66%"
"04/17/2018","1.5519","1.5559","1.5594","1.5472","","-0.20%"
"04/16/2018","1.5550","1.5542","1.5606","1.5523","","0.02%"
"04/13/2018","1.5547","1.5512","1.5572","1.5459","","0.26%"
"04/12/2018","1.5507","1.5558","1.5597","1.5489","","-0.30%"
"04/11/2018","1.5553","1.5573","1.5638","1.5530","","-0.09%"
"04/10/2018","1.5567","1.5644","1.5682","1.5543","","-0.47%"
"04/09/2018","1.5641","1.5683","1.5755","1.5628","","-0.36%"
"04/06/2018","1.5698","1.5602","1.5714","1.5584","","0.63%"
"04/05/2018","1.5600","1.5679","1.5700","1.5597","","-0.48%"
"04/04/2018","1.5675","1.5715","1.5800","1.5664","","-0.24%"
"04/03/2018","1.5712","1.5886","1.5898","1.5669","","-1.05%"
"04/02/2018","1.5879","1.5901","1.5929","1.5863","","-0.03%"
"03/30/2018","1.5883","1.5848","1.5907","1.5842","","0.24%"
"03/29/2018","1.5845","1.5907","1.5934","1.5831","","-0.35%"
"03/28/2018","1.5901","1.5979","1.6014","1.5878","","-0.46%"
"03/27/2018","1.5974","1.5979","1.6018","1.5905","","0.00%"
"03/26/2018","1.5974","1.5919","1.6081","1.5887","","0.33%"
"03/23/2018","1.5922","1.5925","1.5965","1.5813","","0.05%"
"03/22/2018","1.5914","1.5920","1.5960","1.5836","","0.02%"
"03/21/2018","1.5911","1.5999","1.6031","1.5866","","-0.55%"
"03/20/2018","1.5999","1.6130","1.6156","1.5990","","-0.78%"
"03/19/2018","1.6125","1.6092","1.6156","1.6052","","0.21%"
"03/16/2018","1.6091","1.6061","1.6144","1.6043","","0.20%"
"03/15/2018","1.6059","1.6020","1.6106","1.5993","","0.27%"
"03/14/2018","1.6016","1.6064","1.6073","1.5979","","-0.27%"
"03/13/2018","1.6059","1.5842","1.6090","1.5825","","1.41%"
"03/12/2018","1.5836","1.5790","1.5850","1.5760","","0.46%"
"03/09/2018","1.5763","1.5877","1.5894","1.5755","","-0.69%"
"03/08/2018","1.5873","1.6029","1.6071","1.5861","","-0.92%"
"03/07/2018","1.6020","1.5972","1.6127","1.5968","","0.33%"
"03/06/2018","1.5968","1.5993","1.6050","1.5962","","-0.14%"
"03/05/2018","1.5990","1.5867","1.6035","1.5835","","0.81%"
"03/02/2018","1.5862","1.5749","1.5922","1.5726","","0.74%"
"03/01/2018","1.5746","1.5648","1.5752","1.5617","","0.66%"
"02/28/2018","1.5642","1.5629","1.5670","1.5576","","0.12%"
"02/27/2018","1.5624","1.5619","1.5662","1.5583","","0.06%"
"02/26/2018","1.5615","1.5558","1.5635","1.5523","","0.59%"
"02/23/2018","1.5524","1.5667","1.5680","1.5521","","-0.88%"
"02/22/2018","1.5662","1.5603","1.5692","1.5566","","0.40%"
"02/21/2018","1.5599","1.5606","1.5632","1.5578","","-0.01%"
"02/20/2018","1.5601","1.5585","1.5608","1.5533","","0.13%"
"02/19/2018","1.5581","1.5573","1.5604","1.5547","","0.05%"
"02/16/2018","1.5573","1.5605","1.5651","1.5563","","-0.18%"
"02/15/2018","1.5601","1.5550","1.5648","1.5549","","0.36%"
"02/14/2018","1.5545","1.5554","1.5606","1.5507","","-0.03%"
"02/13/2018","1.5550","1.5458","1.5604","1.5455","","0.63%"
"02/12/2018","1.5453","1.5411","1.5498","1.5402","","0.45%"
"02/09/2018","1.5384","1.5433","1.5558","1.5388","","-0.30%"
"02/08/2018","1.5431","1.5413","1.5454","1.5370","","0.13%"
"02/07/2018","1.5411","1.5460","1.5511","1.5394","","-0.31%"
"02/06/2018","1.5459","1.5507","1.5572","1.5421","","-0.30%"
"02/05/2018","1.5505","1.5484","1.5535","1.5448","","0.16%"
"02/02/2018","1.5480","1.5347","1.5494","1.5329","","0.91%"
"02/01/2018","1.5340","1.5297","1.5362","1.5258","","0.31%"
"01/31/2018","1.5293","1.5297","1.5329","1.5249","","0.01%"
"01/30/2018","1.5292","1.5282","1.5353","1.5260","","0.12%"
"01/29/2018","1.5273","1.5305","1.5348","1.5217","","-0.09%"
"01/26/2018","1.5287","1.5345","1.5387","1.5288","","-0.37%"
"01/25/2018","1.5344","1.5323","1.5419","1.5265","","0.17%"
"01/24/2018","1.5318","1.5270","1.5337","1.5198","","0.35%"
"01/23/2018","1.5265","1.5259","1.5330","1.5250","","0.07%"
"01/22/2018","1.5254","1.5319","1.5360","1.5234","","-0.03%"
"01/19/2018","1.5259","1.5196","1.5295","1.5177","","0.43%"
"01/18/2018","1.5193","1.5156","1.5286","1.5145","","0.26%"
"01/17/2018","1.5154","1.5247","1.5324","1.5127","","-0.58%"
"01/16/2018","1.5242","1.5242","1.5271","1.5139","","0.03%"
"01/15/2018","1.5238","1.5197","1.5282","1.5175","","0.41%"
"01/12/2018","1.5176","1.5063","1.5223","1.5058","","0.78%"
"01/11/2018","1.5059","1.4986","1.5133","1.4976","","0.49%"
"01/10/2018","1.4985","1.4878","1.5048","1.4856","","0.75%"
"01/09/2018","1.4873","1.4866","1.4886","1.4814","","0.09%"
"01/08/2018","1.4859","1.4933","1.4941","1.4841","","-0.43%"
"01/05/2018","1.4923","1.5068","1.5089","1.4877","","-0.95%"
"01/04/2018","1.5066","1.5058","1.5143","1.5049","","0.09%"
"01/03/2018","1.5053","1.5089","1.5099","1.5030","","-0.20%"
"01/02/2018","1.5083","1.5063","1.5148","1.5053","","0.15%"
"01/01/2018","1.5060","1.5098","1.5103","1.5054","","-0.18%"
"12/29/2017","1.5087","1.5011","1.5101","1.4991","","0.54%"
"12/28/2017","1.5006","1.5044","1.5072","1.5004","","-0.22%"
"12/27/2017","1.5039","1.5049","1.5076","1.5016","","-0.04%"
"12/26/2017","1.5045","1.5106","1.5120","1.5042","","-0.39%"
"12/25/2017","1.5104","1.5089","1.5127","1.5066","","0.06%"
"12/22/2017","1.5095","1.5128","1.5171","1.5044","","-0.19%"
"12/21/2017","1.5124","1.5238","1.5259","1.5069","","-0.71%"
"12/20/2017","1.5232","1.5244","1.5305","1.5183","","-0.07%"
"12/19/2017","1.5243","1.5153","1.5273","1.5148","","0.60%"
"12/18/2017","1.5152","1.5117","1.5218","1.5107","","0.26%"
"12/15/2017","1.5113","1.5075","1.5156","1.5014","","0.31%"
"12/14/2017","1.5067","1.5160","1.5231","1.4995","","-0.55%"
"12/13/2017","1.5151","1.5103","1.5176","1.5076","","0.35%"
"12/12/2017","1.5098","1.5128","1.5147","1.5081","","-0.17%"
"12/11/2017","1.5123","1.5122","1.5185","1.5118","","0.09%"
"12/08/2017","1.5109","1.5130","1.5151","1.5045","","-0.11%"
"12/07/2017","1.5125","1.5087","1.5185","1.5078","","0.29%"
"12/06/2017","1.5082","1.5005","1.5101","1.4918","","0.55%"
"12/05/2017","1.5000","1.5034","1.5059","1.4949","","-0.19%"
"12/04/2017","1.5029","1.5072","1.5105","1.4997","","-0.31%"
"12/01/2017","1.5076","1.5352","1.5360","1.5080","","-1.76%"
"11/30/2017","1.5346","1.5241","1.5376","1.5220","","0.70%"
"11/29/2017","1.5239","1.5175","1.5259","1.5155","","0.45%"
"11/28/2017","1.5171","1.5193","1.5236","1.5158","","-0.11%"
"11/27/2017","1.5188","1.5175","1.5201","1.5131","","0.14%"
"11/24/2017","1.5167","1.5068","1.5177","1.5053","","0.69%"
"11/23/2017","1.5063","1.5009","1.5080","1.5001","","0.41%"
"11/22/2017","1.5001","1.4999","1.5033","1.4958","","0.04%"
"11/21/2017","1.4995","1.5041","1.5086","1.4957","","-0.29%"
"11/20/2017","1.5038","1.5050","1.5080","1.4987","","-0.07%"
"11/17/2017","1.5049","1.5016","1.5126","1.5002","","0.25%"
"11/16/2017","1.5011","1.5050","1.5070","1.4977","","-0.23%"
"11/15/2017","1.5045","1.5019","1.5128","1.5006","","0.20%"
"11/14/2017","1.5015","1.4856","1.5030","1.4851","","1.10%"
"11/13/2017","1.4851","1.4792","1.4863","1.4769","","0.42%"
"11/10/2017","1.4789","1.4765","1.4814","1.4735","","0.18%"
"11/09/2017","1.4763","1.4758","1.4797","1.4741","","0.07%"
"11/08/2017","1.4753","1.4800","1.4815","1.4734","","-0.29%"
"11/07/2017","1.4796","1.4750","1.4840","1.4737","","0.34%"
"11/06/2017","1.4746","1.4817","1.4838","1.4743","","-0.45%"
"11/03/2017","1.4812","1.4932","1.5001","1.4800","","-0.78%"
"11/02/2017","1.4928","1.4951","1.4995","1.4920","","-0.11%"
"11/01/2017","1.4945","1.5011","1.5030","1.4934","","-0.38%"
"10/31/2017","1.5002","1.4948","1.5044","1.4920","","0.39%"
"10/30/2017","1.4943","1.4858","1.4957","1.4858","","0.53%"
"10/27/2017","1.4864","1.4966","1.5000","1.4863","","-0.67%"
"10/26/2017","1.4964","1.5116","1.5149","1.4962","","-0.98%"
"10/25/2017","1.5112","1.4907","1.5136","1.4891","","1.41%"
"10/24/2017","1.4902","1.4866","1.4948","1.4841","","0.28%"
"10/23/2017","1.4860","1.4861","1.4887","1.4817","","-0.11%"
"10/20/2017","1.4877","1.4798","1.4882","1.4739","","0.56%"
"10/19/2017","1.4794","1.4696","1.4803","1.4685","","0.69%"
"10/18/2017","1.4692","1.4734","1.4742","1.4681","","-0.25%"
"10/17/2017","1.4729","1.4764","1.4792","1.4723","","-0.23%"
"10/16/2017","1.4763","1.4756","1.4819","1.4698","","0.18%"
"10/13/2017","1.4737","1.4758","1.4823","1.4720","","-0.12%"
"10/12/2017","1.4754","1.4778","1.4804","1.4739","","-0.12%"
"10/11/2017","1.4771","1.4778","1.4842","1.4761","","-0.01%"
"10/10/2017","1.4773","1.4733","1.4793","1.4722","","0.30%"
"10/09/2017","1.4729","1.4699","1.4751","1.4683","","0.16%"
"10/06/2017","1.4706","1.4715","1.4739","1.4661","","-0.03%"
"10/05/2017","1.4711","1.4671","1.4732","1.4633","","0.30%"
"10/04/2017","1.4667","1.4664","1.4695","1.4648","","0.05%"
"10/03/2017","1.4659","1.4676","1.4723","1.4657","","-0.09%"
"10/02/2017","1.4672","1.4746","1.4747","1.4659","","-0.37%"
"09/29/2017","1.4726","1.4646","1.4801","1.4638","","0.59%"
"09/28/2017","1.4640","1.4650","1.4714","1.4630","","-0.05%"
"09/27/2017","1.4647","1.4560","1.4671","1.4486","","0.63%"
"09/26/2017","1.4556","1.4657","1.4686","1.4548","","-0.66%"
"09/25/2017","1.4652","1.4745","1.4755","1.4613","","-0.58%"
"09/22/2017","1.4737","1.4720","1.4760","1.4657","","0.14%"
"09/21/2017","1.4716","1.4654","1.4741","1.4642","","0.46%"
"09/20/2017","1.4649","1.4741","1.4762","1.4635","","-0.59%"
"09/19/2017","1.4736","1.4693","1.4771","1.4676","","0.33%"
"09/18/2017","1.4687","1.4569","1.4727","1.4513","","0.89%"
"09/15/2017","1.4558","1.4498","1.4609","1.4480","","0.43%"
"09/14/2017","1.4495","1.4467","1.4537","1.4438","","0.21%"
"09/13/2017","1.4465","1.4581","1.4593","1.4464","","-0.76%"
"09/12/2017","1.4576","1.4474","1.4586","1.4463","","0.73%"
"09/11/2017","1.4470","1.4640","1.4640","1.4469","","-1.05%"
"09/08/2017","1.4623","1.4564","1.4637","1.4547","","0.42%"
"09/07/2017","1.4562","1.4568","1.4663","1.4523","","-0.01%"
"09/06/2017","1.4564","1.4740","1.4815","1.4484","","-1.16%"
"09/05/2017","1.4735","1.4773","1.4777","1.4692","","-0.22%"
"09/04/2017","1.4768","1.4707","1.4804","1.4698","","0.49%"
"09/01/2017","1.4696","1.4866","1.4894","1.4678","","-1.11%"
"08/31/2017","1.4861","1.4997","1.5055","1.4849","","-0.89%"
"08/30/2017","1.4994","1.4981","1.5045","1.4943","","0.11%"
"08/29/2017","1.4978","1.4980","1.5079","1.4960","","0.00%"
"08/28/2017","1.4978","1.4880","1.4992","1.4848","","0.69%"
"08/25/2017","1.4876","1.4770","1.4906","1.4729","","0.75%"
"08/24/2017","1.4765","1.4824","1.4835","1.4762","","-0.38%"
"08/23/2017","1.4821","1.4777","1.4870","1.4771","","0.36%"
"08/22/2017","1.4768","1.4838","1.4845","1.4724","","-0.45%"
"08/21/2017","1.4835","1.4784","1.4878","1.4772","","0.24%"
"08/18/2017","1.4799","1.4869","1.4884","1.4747","","-0.42%"
"08/17/2017","1.4861","1.4845","1.4878","1.4726","","0.11%"
"08/16/2017","1.4844","1.4970","1.4989","1.4838","","-0.80%"
"08/15/2017","1.4964","1.4987","1.5008","1.4917","","-0.10%"
"08/14/2017","1.4979","1.4960","1.5015","1.4938","","0.00%"
"08/11/2017","1.4979","1.5002","1.5022","1.4945","","-0.11%"
"08/10/2017","1.4996","1.4934","1.5011","1.4868","","0.45%"
"08/09/2017","1.4929","1.4884","1.4941","1.4857","","0.31%"
"08/08/2017","1.4883","1.4958","1.4998","1.4836","","-0.46%"
"08/07/2017","1.4952","1.4884","1.4986","1.4882","","0.44%"
"08/04/2017","1.4887","1.4940","1.4959","1.4832","","-0.32%"
"08/03/2017","1.4935","1.4903","1.4962","1.4890","","0.27%"
"08/02/2017","1.4895","1.4797","1.4939","1.4792","","0.68%"
"08/01/2017","1.4794","1.4777","1.4827","1.4708","","0.15%"
"07/31/2017","1.4772","1.4589","1.4787","1.4588","","1.12%"
"07/28/2017","1.4608","1.4660","1.4717","1.4579","","-0.31%"
"07/27/2017","1.4653","1.4603","1.4686","1.4555","","0.37%"
"07/26/2017","1.4599","1.4576","1.4638","1.4531","","0.23%"
"07/25/2017","1.4566","1.4564","1.4639","1.4545","","0.07%"
"07/24/2017","1.4556","1.4620","1.4650","1.4531","","-0.43%"
"07/21/2017","1.4619","1.4644","1.4687","1.4592","","-0.12%"
"07/20/2017","1.4636","1.4516","1.4679","1.4478","","0.85%"
"07/19/2017","1.4512","1.4591","1.4598","1.4484","","-0.51%"
"07/18/2017","1.4586","1.4575","1.4675","1.4535","","0.10%"
"07/17/2017","1.4571","1.4499","1.4581","1.4482","","0.53%"
"07/14/2017","1.4494","1.4501","1.4593","1.4484","","0.00%"
"07/13/2017","1.4494","1.4550","1.4598","1.4484","","-0.34%"
"07/12/2017","1.4544","1.4808","1.4830","1.4483","","-1.76%"
"07/11/2017","1.4805","1.4697","1.4834","1.4671","","0.78%"
"07/10/2017","1.4690","1.4675","1.4733","1.4655","","0.10%"
"07/07/2017","1.4676","1.4825","1.4840","1.4650","","-0.97%"
"07/06/2017","1.4820","1.4711","1.4831","1.4673","","0.79%"
"07/05/2017","1.4704","1.4676","1.4748","1.4656","","0.22%"
"07/04/2017","1.4671","1.4783","1.4794","1.4652","","-0.71%"
"07/03/2017","1.4776","1.4805","1.4834","1.4736","","-0.20%"
"06/30/2017","1.4806","1.4877","1.4891","1.4779","","-0.46%"
"06/29/2017","1.4874","1.4836","1.4899","1.4823","","0.29%"
"06/28/2017","1.4831","1.4965","1.4983","1.4784","","-0.87%"
"06/27/2017","1.4961","1.4809","1.4977","1.4800","","1.08%"
"06/26/2017","1.4801","1.4859","1.4866","1.4786","","-0.30%"
"06/23/2017","1.4846","1.4760","1.4884","1.4740","","0.62%"
"06/22/2017","1.4754","1.4892","1.4899","1.4736","","-0.89%"
"06/21/2017","1.4887","1.4771","1.4895","1.4764","","0.81%"
"06/20/2017","1.4767","1.4737","1.4826","1.4726","","0.23%"
"06/19/2017","1.4733","1.4802","1.4837","1.4725","","-0.39%"
"06/16/2017","1.4791","1.4790","1.4851","1.4761","","0.05%"
"06/15/2017","1.4783","1.4859","1.4870","1.4781","","-0.49%"
"06/14/2017","1.4856","1.4846","1.4924","1.4775","","0.10%"
"06/13/2017","1.4841","1.4928","1.4938","1.4792","","-0.54%"
"06/12/2017","1.4921","1.5071","1.5109","1.4918","","-1.01%"
"06/09/2017","1.5073","1.5148","1.5212","1.5012","","-0.46%"
"06/08/2017","1.5142","1.5207","1.5225","1.5120","","-0.39%"
"06/07/2017","1.5202","1.5173","1.5237","1.5063","","0.22%"
"06/06/2017","1.5169","1.5164","1.5203","1.5123","","0.07%"
"06/05/2017","1.5159","1.5218","1.5231","1.5138","","-0.30%"
"06/02/2017","1.5205","1.5154","1.5261","1.5147","","0.37%"
"06/01/2017","1.5149","1.5180","1.5194","1.5109","","-0.16%"
"05/31/2017","1.5174","1.5056","1.5204","1.5016","","0.82%"
"05/30/2017","1.5051","1.5021","1.5109","1.4968","","0.24%"
"05/29/2017","1.5015","1.5034","1.5061","1.5006","","-0.12%"
"05/26/2017","1.5033","1.5116","1.5131","1.5011","","-0.52%"
"05/25/2017","1.5112","1.5042","1.5126","1.5028","","0.49%"
"05/24/2017","1.5039","1.5113","1.5145","1.5015","","-0.47%"
"05/23/2017","1.5110","1.5174","1.5204","1.5092","","-0.40%"
"05/22/2017","1.5171","1.5137","1.5212","1.5084","","0.21%"
"05/19/2017","1.5139","1.5103","1.5209","1.5088","","0.27%"
"05/18/2017","1.5098","1.5180","1.5211","1.5091","","-0.51%"
"05/17/2017","1.5176","1.5079","1.5217","1.5073","","0.66%"
"05/16/2017","1.5076","1.4962","1.5103","1.4957","","0.80%"
"05/15/2017","1.4956","1.4980","1.5009","1.4899","","-0.16%"
"05/12/2017","1.4980","1.4878","1.5002","1.4869","","0.71%"
"05/11/2017","1.4874","1.4842","1.4949","1.4837","","0.26%"
"05/10/2017","1.4835","1.4919","1.4960","1.4825","","-0.54%"
"05/09/2017","1.4915","1.4955","1.4985","1.4885","","-0.23%"
"05/08/2017","1.4950","1.5019","1.5078","1.4949","","-0.39%"
"05/05/2017","1.5008","1.5103","1.5155","1.4995","","-0.60%"
"05/04/2017","1.5099","1.4945","1.5124","1.4929","","1.08%"
"05/03/2017","1.4938","1.4983","1.5013","1.4924","","-0.27%"
"05/02/2017","1.4979","1.4911","1.5005","1.4895","","0.48%"
"05/01/2017","1.4908","1.4898","1.4940","1.4868","","0.24%"
"04/28/2017","1.4872","1.4825","1.4945","1.4800","","0.35%"
"04/27/2017","1.4820","1.4845","1.4897","1.4756","","-0.15%"
"04/26/2017","1.4842","1.4829","1.4859","1.4732","","0.12%"
"04/25/2017","1.4824","1.4672","1.4912","1.4668","","1.06%"
"04/24/2017","1.4669","1.4703","1.4725","1.4558","","1.33%"
"04/21/2017","1.4477","1.4436","1.4487","1.4396","","0.30%"
"04/20/2017","1.4434","1.4445","1.4537","1.4430","","-0.03%"
"04/19/2017","1.4439","1.4358","1.4464","1.4348","","0.61%"
"04/18/2017","1.4351","1.4173","1.4385","1.4165","","1.30%"
"04/17/2017","1.4167","1.4142","1.4183","1.4114","","0.22%"
"04/14/2017","1.4136","1.4147","1.4164","1.4129","","-0.06%"
"04/13/2017","1.4144","1.4134","1.4164","1.4051","","0.09%"
"04/12/2017","1.4131","1.4131","1.4160","1.4065","","0.04%"
"04/11/2017","1.4126","1.4121","1.4196","1.4088","","0.08%"
"04/10/2017","1.4115","1.4198","1.4217","1.4112","","-0.54%"
"04/07/2017","1.4192","1.4278","1.4309","1.4179","","-0.57%"
"04/06/2017","1.4273","1.4326","1.4360","1.4267","","-0.36%"
"04/05/2017","1.4325","1.4306","1.4343","1.4263","","0.16%"
"04/04/2017","1.4302","1.4278","1.4341","1.4264","","0.22%"
"04/03/2017","1.4270","1.4202","1.4302","1.4177","","0.63%"
"03/31/2017","1.4180","1.4243","1.4280","1.4175","","-0.41%"
"03/30/2017","1.4239","1.4347","1.4363","1.4208","","-0.75%"
"03/29/2017","1.4346","1.4471","1.4495","1.4329","","-0.85%"
"03/28/2017","1.4469","1.4532","1.4565","1.4439","","-0.41%"
"03/27/2017","1.4529","1.4442","1.4602","1.4440","","0.60%"
"03/24/2017","1.4442","1.4396","1.4473","1.4376","","0.35%"
"03/23/2017","1.4392","1.4392","1.4411","1.4356","","0.03%"
"03/22/2017","1.4388","1.4435","1.4497","1.4381","","-0.28%"
"03/21/2017","1.4429","1.4335","1.4449","1.4306","","0.68%"
"03/20/2017","1.4331","1.4330","1.4381","1.4315","","0.01%"
"03/17/2017","1.4330","1.4339","1.4373","1.4285","","-0.03%"
"03/16/2017","1.4334","1.4282","1.4383","1.4240","","0.41%"
"03/15/2017","1.4276","1.4294","1.4328","1.4243","","-0.09%"
"03/14/2017","1.4289","1.4325","1.4357","1.4289","","-0.23%"
"03/13/2017","1.4322","1.4371","1.4421","1.4317","","-0.33%"
"03/10/2017","1.4370","1.4290","1.4404","1.4271","","0.60%"
"03/09/2017","1.4285","1.4222","1.4342","1.4202","","0.47%"
"03/08/2017","1.4218","1.4174","1.4240","1.4158","","0.35%"
"03/07/2017","1.4169","1.4192","1.4208","1.4154","","-0.11%"
"03/06/2017","1.4184","1.4205","1.4244","1.4170","","-0.14%"
"03/03/2017","1.4204","1.4069","1.4215","1.4061","","0.98%"
"03/02/2017","1.4066","1.4056","1.4091","1.4036","","0.11%"
"03/01/2017","1.4050","1.4067","1.4109","1.4005","","-0.10%"
"02/28/2017","1.4064","1.3950","1.4106","1.3936","","0.81%"
"02/27/2017","1.3951","1.3842","1.3958","1.3829","","0.93%"
"02/24/2017","1.3823","1.3868","1.3922","1.3823","","-0.29%"
"02/23/2017","1.3863","1.3899","1.3905","1.3845","","-0.21%"
"02/22/2017","1.3892","1.3849","1.3938","1.3803","","0.35%"
"02/21/2017","1.3844","1.3910","1.3921","1.3834","","-0.41%"
"02/20/2017","1.3901","1.3909","1.3933","1.3879","","0.03%"
"02/17/2017","1.3897","1.3951","1.3963","1.3893","","-0.35%"
"02/16/2017","1.3946","1.3865","1.3965","1.3843","","0.63%"
"02/15/2017","1.3859","1.3833","1.3880","1.3782","","0.22%"
"02/14/2017","1.3829","1.3854","1.3874","1.3803","","-0.14%"
"02/13/2017","1.3848","1.3909","1.3949","1.3841","","-0.46%"
"02/10/2017","1.3912","1.4007","1.4018","1.3883","","-0.65%"
"02/09/2017","1.4003","1.4063","1.4074","1.3972","","-0.39%"
"02/08/2017","1.4058","1.4081","1.4099","1.3996","","-0.15%"
"02/07/2017","1.4079","1.4064","1.4101","1.4017","","0.14%"
"02/06/2017","1.4060","1.4045","1.4103","1.3966","","0.15%"
"02/03/2017","1.4039","1.4013","1.4060","1.3989","","0.19%"
"02/02/2017","1.4012","1.4051","1.4093","1.4003","","-0.23%"
"02/01/2017","1.4045","1.4069","1.4135","1.4024","","-0.14%"
"01/31/2017","1.4065","1.4032","1.4101","1.3990","","0.29%"
"01/30/2017","1.4024","1.4057","1.4104","1.3960","","-0.28%"
"01/27/2017","1.4063","1.3984","1.4075","1.3971","","0.61%"
"01/26/2017","1.3978","1.4045","1.4080","1.3965","","-0.45%"
"01/25/2017","1.4041","1.4120","1.4132","1.4015","","-0.54%"
"01/24/2017","1.4117","1.4250","1.4290","1.4095","","-0.89%"
"01/23/2017","1.4244","1.4257","1.4311","1.4226","","-0.04%"
"01/20/2017","1.4250","1.4205","1.4276","1.4187","","0.35%"
"01/19/2017","1.4201","1.4106","1.4213","1.4070","","0.68%"
"01/18/2017","1.4105","1.3973","1.4146","1.3953","","0.97%"
"01/17/2017","1.3970","1.3970","1.3998","1.3914","","0.05%"
"01/16/2017","1.3963","1.3923","1.3989","1.3902","","0.09%"
"01/13/2017","1.3951","1.3952","1.4015","1.3935","","0.04%"
"01/12/2017","1.3946","1.3946","1.4023","1.3859","","0.01%"
"01/11/2017","1.3944","1.3966","1.3994","1.3853","","-0.11%"
"01/10/2017","1.3960","1.3975","1.4038","1.3939","","-0.06%"
"01/09/2017","1.3968","1.3950","1.3996","1.3930","","0.23%"
"01/06/2017","1.3936","1.4028","1.4079","1.3914","","-0.60%"
"01/05/2017","1.4020","1.3954","1.4044","1.3942","","0.52%"
"01/04/2017","1.3948","1.3975","1.4008","1.3876","","-0.15%"
"01/03/2017","1.3969","1.4048","1.4090","1.3896","","-0.58%"
"01/02/2017","1.4051","1.4155","1.4160","1.4032","","-0.48%"
"12/30/2016","1.4119","1.4167","1.4369","1.4122","","-0.30%"
"12/29/2016","1.4162","1.4123","1.4185","1.4106","","0.33%"
"12/28/2016","1.4115","1.4196","1.4224","1.4078","","-0.54%"
"12/27/2016","1.4191","1.4126","1.4205","1.4114","","0.51%"
"12/26/2016","1.4119","1.4143","1.4175","1.4074","","-0.20%"
"12/23/2016","1.4148","1.4074","1.4169","1.4061","","0.57%"
"12/22/2016","1.4068","1.3981","1.4172","1.3977","","0.64%"
"12/21/2016","1.3978","1.3888","1.4002","1.3879","","0.71%"
"12/20/2016","1.3879","1.3950","1.3968","1.3874","","-0.48%"
"12/19/2016","1.3946","1.3933","1.4013","1.3905","","0.14%"
"12/16/2016","1.3927","1.3892","1.3985","1.3879","","0.32%"
"12/15/2016","1.3883","1.3994","1.4012","1.3874","","-0.76%"
"12/14/2016","1.3989","1.3952","1.4035","1.3921","","0.30%"
"12/13/2016","1.3947","1.3964","1.3990","1.3910","","-0.10%"
"12/12/2016","1.3961","1.3879","1.3990","1.3819","","0.36%"
"12/09/2016","1.3911","1.4004","1.4027","1.3859","","-0.64%"
"12/08/2016","1.4000","1.4228","1.4360","1.3986","","-1.55%"
"12/07/2016","1.4221","1.4232","1.4293","1.4205","","-0.01%"
"12/06/2016","1.4223","1.4285","1.4308","1.4204","","-0.38%"
"12/05/2016","1.4277","1.4195","1.4301","1.4021","","0.66%"
"12/02/2016","1.4183","1.4196","1.4234","1.4125","","-0.07%"
"12/01/2016","1.4193","1.4225","1.4274","1.4124","","-0.19%"
"11/30/2016","1.4220","1.4305","1.4331","1.4186","","-0.56%"
"11/29/2016","1.4300","1.4237","1.4321","1.4209","","0.50%"
"11/28/2016","1.4229","1.4329","1.4394","1.4162","","-0.62%"
"11/25/2016","1.4318","1.4239","1.4360","1.4226","","0.62%"
"11/24/2016","1.4230","1.4232","1.4296","1.4215","","-0.02%"
"11/23/2016","1.4233","1.4284","1.4310","1.4182","","-0.31%"
"11/22/2016","1.4277","1.4263","1.4312","1.4196","","0.13%"
"11/21/2016","1.4258","1.4295","1.4337","1.4217","","-0.22%"
"11/18/2016","1.4289","1.4369","1.4391","1.4278","","-0.53%"
"11/17/2016","1.4365","1.4376","1.4414","1.4299","","-0.05%"
"11/16/2016","1.4372","1.4420","1.4455","1.4314","","-0.30%"
"11/15/2016","1.4415","1.4554","1.4624","1.4409","","-0.92%"
"11/14/2016","1.4549","1.4661","1.4664","1.4522","","-0.97%"
"11/11/2016","1.4691","1.4674","1.4758","1.4628","","0.18%"
"11/10/2016","1.4665","1.4641","1.4710","1.4612","","0.18%"
"11/09/2016","1.4639","1.4651","1.5287","1.4585","","-0.03%"
"11/08/2016","1.4644","1.4751","1.4791","1.4629","","-0.69%"
"11/07/2016","1.4746","1.4931","1.4932","1.4722","","-1.22%"
"11/04/2016","1.4928","1.4877","1.4962","1.4847","","0.38%"
"11/03/2016","1.4872","1.4860","1.4900","1.4799","","0.12%"
"11/02/2016","1.4854","1.4803","1.4914","1.4789","","0.38%"
"11/01/2016","1.4798","1.4722","1.4825","1.4691","","0.52%"
"10/31/2016","1.4721","1.4721","1.4764","1.4642","","0.05%"
"10/28/2016","1.4714","1.4588","1.4753","1.4575","","0.91%"
"10/27/2016","1.4582","1.4598","1.4638","1.4568","","-0.07%"
"10/26/2016","1.4592","1.4537","1.4628","1.4517","","0.41%"
"10/25/2016","1.4532","1.4457","1.4549","1.4438","","0.56%"
"10/24/2016","1.4451","1.4509","1.4581","1.4449","","-0.41%"
"10/21/2016","1.4511","1.4460","1.4530","1.4393","","0.38%"
"10/20/2016","1.4456","1.4391","1.4581","1.4384","","0.47%"
"10/19/2016","1.4389","1.4390","1.4425","1.4261","","0.00%"
"10/18/2016","1.4389","1.4442","1.4453","1.4359","","-0.29%"
"10/17/2016","1.4431","1.4420","1.4483","1.4379","","0.14%"
"10/14/2016","1.4411","1.4585","1.4596","1.4404","","-1.15%"
"10/13/2016","1.4579","1.4613","1.4668","1.4569","","-0.21%"
"10/12/2016","1.4609","1.4663","1.4670","1.4567","","-0.32%"
"10/11/2016","1.4656","1.4675","1.4711","1.4606","","-0.10%"
"10/10/2016","1.4671","1.4883","1.4886","1.4649","","-1.47%"
"10/07/2016","1.4890","1.4738","1.4903","1.4691","","1.07%"
"10/06/2016","1.4732","1.4765","1.4802","1.4718","","-0.18%"
"10/05/2016","1.4759","1.4782","1.4838","1.4741","","-0.13%"
"10/04/2016","1.4778","1.4706","1.4807","1.4659","","0.50%"
"10/03/2016","1.4704","1.4745","1.4761","1.4681","","-0.33%"
"09/30/2016","1.4752","1.4750","1.4783","1.4628","","0.04%"
"09/29/2016","1.4746","1.4672","1.4777","1.4633","","0.55%"
"09/28/2016","1.4666","1.4798","1.4864","1.4663","","-0.86%"
"09/27/2016","1.4793","1.4882","1.4925","1.4789","","-0.58%"
"09/26/2016","1.4879","1.4786","1.4911","1.4770","","0.70%"
"09/23/2016","1.4776","1.4617","1.4812","1.4611","","1.11%"
"09/22/2016","1.4614","1.4666","1.4674","1.4609","","-0.25%"
"09/21/2016","1.4651","1.4712","1.4756","1.4644","","-0.38%"
"09/20/2016","1.4707","1.4756","1.4809","1.4697","","-0.30%"
"09/19/2016","1.4751","1.4747","1.4770","1.4650","","0.13%"
"09/16/2016","1.4732","1.4798","1.4842","1.4719","","-0.44%"
"09/15/2016","1.4797","1.4845","1.4876","1.4762","","-0.30%"
"09/14/2016","1.4841","1.4784","1.4874","1.4741","","0.44%"
"09/13/2016","1.4776","1.4651","1.4821","1.4640","","0.88%"
"09/12/2016","1.4647","1.4653","1.4748","1.4640","","-0.01%"
"09/09/2016","1.4649","1.4570","1.4666","1.4551","","0.61%"
"09/08/2016","1.4560","1.4481","1.4615","1.4469","","0.56%"
"09/07/2016","1.4479","1.4456","1.4523","1.4417","","0.20%"
"09/06/2016","1.4450","1.4412","1.4464","1.4377","","0.31%"
"09/05/2016","1.4405","1.4491","1.4504","1.4392","","-0.61%"
"09/02/2016","1.4494","1.4672","1.4690","1.4477","","-1.16%"
"09/01/2016","1.4664","1.4625","1.4687","1.4596","","0.31%"
"08/31/2016","1.4619","1.4596","1.4657","1.4575","","0.21%"
"08/30/2016","1.4589","1.4555","1.4602","1.4539","","0.26%"
"08/29/2016","1.4551","1.4549","1.4581","1.4506","","-0.03%"
"08/26/2016","1.4555","1.4580","1.4591","1.4497","","-0.12%"
"08/25/2016","1.4572","1.4562","1.4611","1.4543","","0.12%"
"08/24/2016","1.4554","1.4600","1.4626","1.4525","","-0.26%"
"08/23/2016","1.4592","1.4653","1.4668","1.4556","","-0.37%"
"08/22/2016","1.4646","1.4551","1.4676","1.4550","","0.49%"
"08/19/2016","1.4575","1.4512","1.4594","1.4489","","0.46%"
"08/18/2016","1.4508","1.4499","1.4537","1.4461","","0.09%"
"08/17/2016","1.4495","1.4504","1.4551","1.4487","","-0.03%"
"08/16/2016","1.4499","1.4454","1.4527","1.4441","","0.36%"
"08/15/2016","1.4447","1.4461","1.4483","1.4428","","0.01%"
"08/12/2016","1.4445","1.4470","1.4527","1.4436","","-0.12%"
"08/11/2016","1.4463","1.4594","1.4615","1.4429","","-0.86%"
"08/10/2016","1.4589","1.4582","1.4612","1.4532","","0.06%"
"08/09/2016","1.4580","1.4587","1.4619","1.4560","","-0.04%"
"08/08/2016","1.4586","1.4609","1.4628","1.4545","","-0.06%"
"08/05/2016","1.4595","1.4488","1.4630","1.4473","","0.78%"
"08/04/2016","1.4482","1.4570","1.4588","1.4468","","-0.56%"
"08/03/2016","1.4564","1.4716","1.4737","1.4562","","-1.03%"
"08/02/2016","1.4715","1.4648","1.4725","1.4581","","0.50%"
"08/01/2016","1.4642","1.4561","1.4657","1.4552","","0.54%"
"07/29/2016","1.4563","1.4571","1.4669","1.4546","","-0.03%"
"07/28/2016","1.4567","1.4587","1.4632","1.4525","","-0.08%"
"07/27/2016","1.4578","1.4487","1.4595","1.4457","","0.64%"
"07/26/2016","1.4486","1.4533","1.4571","1.4468","","-0.24%"
"07/25/2016","1.4521","1.4396","1.4543","1.4391","","0.83%"
"07/22/2016","1.4402","1.4430","1.4509","1.4378","","-0.14%"
"07/21/2016","1.4422","1.4384","1.4441","1.4321","","0.30%"
"07/20/2016","1.4379","1.4351","1.4413","1.4326","","0.22%"
"07/19/2016","1.4347","1.4335","1.4414","1.4325","","0.13%"
"07/18/2016","1.4329","1.4320","1.4412","1.4287","","0.14%"
"07/15/2016","1.4309","1.4333","1.4386","1.4278","","-0.15%"
"07/14/2016","1.4331","1.4393","1.4446","1.4295","","-0.40%"
"07/13/2016","1.4388","1.4427","1.4507","1.4364","","-0.21%"
"07/12/2016","1.4419","1.4506","1.4532","1.4384","","-0.53%"
"07/11/2016","1.4496","1.4419","1.4539","1.4391","","0.57%"
"07/08/2016","1.4414","1.4384","1.4463","1.4337","","0.25%"
"07/07/2016","1.4378","1.4384","1.4407","1.4284","","-0.04%"
"07/06/2016","1.4384","1.4377","1.4459","1.4338","","0.08%"
"07/05/2016","1.4373","1.4328","1.4468","1.4311","","0.35%"
"07/04/2016","1.4323","1.4383","1.4391","1.4290","","-0.40%"
"07/01/2016","1.4381","1.4354","1.4423","1.4327","","0.22%"
"06/30/2016","1.4349","1.4386","1.4449","1.4321","","-0.22%"
"06/29/2016","1.4381","1.4410","1.4478","1.4362","","-0.19%"
"06/28/2016","1.4408","1.4411","1.4490","1.4341","","0.01%"
"06/27/2016","1.4406","1.4385","1.4455","1.4280","","-0.31%"
"06/24/2016","1.4451","1.4532","1.4592","1.4246","","-0.49%"
"06/23/2016","1.4522","1.4510","1.4574","1.4454","","0.12%"
"06/22/2016","1.4505","1.4416","1.4526","1.4380","","0.70%"
"06/21/2016","1.4404","1.4488","1.4520","1.4395","","-0.52%"
"06/20/2016","1.4480","1.4543","1.4610","1.4463","","-0.37%"
"06/17/2016","1.4534","1.4557","1.4564","1.4459","","-0.12%"
"06/16/2016","1.4552","1.4539","1.4640","1.4495","","0.12%"
"06/15/2016","1.4534","1.4428","1.4563","1.4392","","0.78%"
"06/14/2016","1.4422","1.4493","1.4504","1.4366","","-0.46%"
"06/13/2016","1.4488","1.4380","1.4506","1.4358","","0.75%"
"06/10/2016","1.4380","1.4395","1.4426","1.4316","","-0.10%"
"06/09/2016","1.4394","1.4463","1.4487","1.4380","","-0.46%"
"06/08/2016","1.4460","1.4464","1.4513","1.4404","","-0.01%"
"06/07/2016","1.4461","1.4556","1.4581","1.4457","","-0.58%"
"06/06/2016","1.4546","1.4704","1.4733","1.4545","","-1.03%"
"06/03/2016","1.4697","1.4604","1.4729","1.4576","","0.66%"
"06/02/2016","1.4600","1.4631","1.4709","1.4582","","-0.18%"
"06/01/2016","1.4627","1.4575","1.4662","1.4511","","0.39%"
"05/31/2016","1.4570","1.4533","1.4632","1.4497","","0.21%"
"05/30/2016","1.4540","1.4467","1.4572","1.4466","","0.50%"
"05/27/2016","1.4467","1.4529","1.4586","1.4463","","-0.39%"
"05/26/2016","1.4523","1.4525","1.4557","1.4433","","0.02%"
"05/25/2016","1.4520","1.4619","1.4644","1.4510","","-0.67%"
"05/24/2016","1.4618","1.4748","1.4783","1.4598","","-0.82%"
"05/23/2016","1.4739","1.4710","1.4760","1.4694","","0.18%"
"05/20/2016","1.4713","1.4670","1.4758","1.4643","","0.32%"
"05/19/2016","1.4666","1.4620","1.4737","1.4593","","0.35%"
"05/18/2016","1.4615","1.4603","1.4655","1.4548","","0.12%"
"05/17/2016","1.4597","1.4598","1.4695","1.4537","","0.05%"
"05/16/2016","1.4590","1.4625","1.4669","1.4586","","-0.27%"
"05/13/2016","1.4629","1.4616","1.4647","1.4569","","0.12%"
"05/12/2016","1.4611","1.4680","1.4699","1.4562","","-0.44%"
"05/11/2016","1.4676","1.4678","1.4768","1.4659","","0.02%"
"05/10/2016","1.4673","1.4755","1.4781","1.4674","","-0.50%"
"05/09/2016","1.4746","1.4720","1.4828","1.4695","","0.20%"
"05/06/2016","1.4717","1.4658","1.4794","1.4649","","0.42%"
"05/05/2016","1.4656","1.4784","1.4792","1.4617","","-0.83%"
"05/04/2016","1.4778","1.4625","1.4823","1.4596","","1.08%"
"05/03/2016","1.4620","1.4451","1.4659","1.4418","","1.20%"
"05/02/2016","1.4446","1.4370","1.4468","1.4358","","0.49%"
"04/29/2016","1.4376","1.4253","1.4404","1.4226","","0.91%"
"04/28/2016","1.4246","1.4264","1.4313","1.4179","","-0.09%"
"04/27/2016","1.4259","1.4241","1.4335","1.4218","","0.15%"
"04/26/2016","1.4238","1.4285","1.4336","1.4225","","-0.31%"
"04/25/2016","1.4282","1.4232","1.4311","1.4197","","0.39%"
"04/22/2016","1.4226","1.4375","1.4386","1.4194","","-1.02%"
"04/21/2016","1.4372","1.4297","1.4433","1.4257","","0.56%"
"04/20/2016","1.4292","1.4389","1.4463","1.4259","","-0.65%"
"04/19/2016","1.4386","1.4465","1.4487","1.4366","","-0.51%"
"04/18/2016","1.4460","1.4613","1.4682","1.4454","","0.00%"
"04/15/2016","1.4460","1.4474","1.4598","1.4404","","-0.06%"
"04/14/2016","1.4469","1.4450","1.4514","1.4424","","0.19%"
"04/13/2016","1.4441","1.4530","1.4552","1.4379","","-0.58%"
"04/12/2016","1.4525","1.4716","1.4756","1.4516","","-1.26%"
"04/11/2016","1.4710","1.4803","1.4859","1.4690","","-0.63%"
"04/08/2016","1.4803","1.4957","1.4970","1.4760","","-0.98%"
"04/07/2016","1.4950","1.4920","1.5021","1.4852","","0.23%"
"04/06/2016","1.4915","1.4955","1.5011","1.4905","","-0.23%"
"04/05/2016","1.4950","1.4907","1.5032","1.4876","","0.32%"
"04/04/2016","1.4902","1.4826","1.4913","1.4816","","0.60%"
"04/01/2016","1.4813","1.4801","1.4981","1.4753","","0.11%"
"03/31/2016","1.4796","1.4701","1.4812","1.4651","","0.69%"
"03/30/2016","1.4695","1.4762","1.4782","1.4654","","-0.42%"
"03/29/2016","1.4757","1.4761","1.4800","1.4697","","-0.01%"
"03/28/2016","1.4758","1.4816","1.4838","1.4749","","-0.40%"
"03/25/2016","1.4817","1.4804","1.4842","1.4764","","0.12%"
"03/24/2016","1.4799","1.4764","1.4840","1.4753","","0.23%"
"03/23/2016","1.4765","1.4634","1.4786","1.4602","","0.93%"
"03/22/2016","1.4629","1.4732","1.4735","1.4613","","-0.64%"
"03/21/2016","1.4723","1.4661","1.4756","1.4625","","0.53%"
"03/18/2016","1.4646","1.4684","1.4717","1.4584","","-0.23%"
"03/17/2016","1.4680","1.4699","1.4775","1.4613","","-0.10%"
"03/16/2016","1.4695","1.4836","1.4863","1.4692","","-0.93%"
"03/15/2016","1.4833","1.4727","1.4882","1.4714","","0.75%"
"03/14/2016","1.4723","1.4733","1.4798","1.4690","","-0.18%"
"03/11/2016","1.4750","1.4915","1.4942","1.4668","","-1.08%"
"03/10/2016","1.4911","1.4582","1.5019","1.4385","","2.28%"
"03/09/2016","1.4579","1.4766","1.4783","1.4566","","-1.22%"
"03/08/2016","1.4759","1.4626","1.4830","1.4620","","0.94%"
"03/07/2016","1.4621","1.4657","1.4680","1.4591","","-0.17%"
"03/04/2016","1.4646","1.4684","1.4817","1.4627","","-0.22%"
"03/03/2016","1.4679","1.4588","1.4703","1.4551","","0.70%"
"03/02/2016","1.4577","1.4571","1.4644","1.4542","","0.09%"
"03/01/2016","1.4564","1.4721","1.4753","1.4527","","-1.04%"
"02/29/2016","1.4717","1.4770","1.4847","1.4676","","-0.35%"
"02/26/2016","1.4768","1.4910","1.4992","1.4750","","-0.95%"
"02/25/2016","1.4910","1.5092","1.5153","1.4901","","-1.16%"
"02/24/2016","1.5085","1.5200","1.5270","1.5053","","-0.72%"
"02/23/2016","1.5195","1.5118","1.5252","1.5078","","0.54%"
"02/22/2016","1.5113","1.5320","1.5343","1.5057","","-1.37%"
"02/19/2016","1.5323","1.5247","1.5392","1.5224","","0.56%"
"02/18/2016","1.5238","1.5215","1.5275","1.5138","","0.20%"
"02/17/2016","1.5207","1.5446","1.5536","1.5202","","-1.51%"
"02/16/2016","1.5440","1.5432","1.5516","1.5305","","0.08%"
"02/15/2016","1.5428","1.5591","1.5595","1.5389","","-1.02%"
"02/12/2016","1.5587","1.5786","1.5791","1.5513","","-1.19%"
"02/11/2016","1.5774","1.5722","1.5916","1.5675","","0.36%"
"02/10/2016","1.5718","1.5661","1.5745","1.5448","","0.40%"
"02/09/2016","1.5655","1.5593","1.5722","1.5496","","0.44%"
"02/08/2016","1.5586","1.5522","1.5636","1.5427","","0.42%"
"02/05/2016","1.5521","1.5414","1.5539","1.5330","","0.69%"
"02/04/2016","1.5415","1.5300","1.5432","1.5218","","0.78%"
"02/03/2016","1.5295","1.5345","1.5419","1.5175","","-0.29%"
"02/02/2016","1.5339","1.5187","1.5406","1.5175","","1.04%"
"02/01/2016","1.5181","1.5137","1.5341","1.5111","","0.30%"
"01/29/2016","1.5136","1.5347","1.5391","1.5124","","-1.34%"
"01/28/2016","1.5341","1.5352","1.5442","1.5215","","-0.06%"
"01/27/2016","1.5350","1.5349","1.5446","1.5247","","0.06%"
"01/26/2016","1.5341","1.5505","1.5569","1.5223","","-1.02%"
"01/25/2016","1.5499","1.5250","1.5512","1.5244","","1.73%"
"01/22/2016","1.5236","1.5510","1.5532","1.5242","","-1.73%"
"01/21/2016","1.5505","1.5794","1.5879","1.5412","","-1.80%"
"01/20/2016","1.5790","1.5905","1.6108","1.5744","","-0.66%"
"01/19/2016","1.5895","1.5860","1.5937","1.5678","","0.24%"
"01/18/2016","1.5857","1.5871","1.5989","1.5762","","-0.06%"
"01/15/2016","1.5867","1.5609","1.5962","1.5566","","1.68%"
"01/14/2016","1.5605","1.5597","1.5749","1.5548","","0.10%"
"01/13/2016","1.5589","1.5486","1.5650","1.5330","","0.68%"
"01/12/2016","1.5483","1.5438","1.5555","1.5360","","0.31%"
"01/11/2016","1.5435","1.5489","1.5557","1.5296","","-0.32%"
"01/08/2016","1.5484","1.5435","1.5500","1.5208","","0.34%"
"01/07/2016","1.5431","1.5172","1.5439","1.5153","","1.75%"
"01/06/2016","1.5166","1.5044","1.5227","1.5017","","0.84%"
"01/05/2016","1.5039","1.5113","1.5124","1.4950","","-0.46%"
"01/04/2016","1.5108","1.5039","1.5254","1.4998","","0.48%"
"01/01/2016","1.5036","1.5032","1.5061","1.5026","","0.05%"
"12/31/2015","1.5029","1.5176","1.5194","1.5006","","-0.90%"
"12/30/2015","1.5166","1.5115","1.5221","1.5105","","0.38%"
"12/29/2015","1.5109","1.5250","1.5300","1.5086","","-0.90%"
"12/28/2015","1.5246","1.5167","1.5282","1.5132","","0.53%"
"12/25/2015","1.5165","1.5162","1.5183","1.5105","","0.07%"
"12/24/2015","1.5155","1.5106","1.5205","1.5093","","0.34%"
"12/23/2015","1.5104","1.5253","1.5260","1.5041","","-0.93%"
"12/22/2015","1.5246","1.5238","1.5325","1.5191","","0.11%"
"12/21/2015","1.5230","1.5162","1.5307","1.5102","","0.46%"
"12/18/2015","1.5160","1.5088","1.5178","1.5021","","0.50%"
"12/17/2015","1.5085","1.5034","1.5156","1.4954","","0.35%"
"12/16/2015","1.5033","1.5008","1.5161","1.4998","","0.21%"
"12/15/2015","1.5002","1.5097","1.5164","1.4941","","-0.60%"
"12/14/2015","1.5093","1.5111","1.5205","1.5004","","-0.13%"
"12/11/2015","1.5112","1.4910","1.5134","1.4899","","1.42%"
"12/10/2015","1.4901","1.4969","1.4979","1.4804","","-0.47%"
"12/09/2015","1.4971","1.4800","1.5002","1.4774","","1.18%"
"12/08/2015","1.4796","1.4626","1.4845","1.4616","","1.20%"
"12/07/2015","1.4620","1.4518","1.4681","1.4509","","0.54%"
"12/04/2015","1.4542","1.4614","1.4672","1.4480","","-0.44%"
"12/03/2015","1.4606","1.4165","1.4653","1.4041","","3.17%"
"12/02/2015","1.4157","1.4202","1.4223","1.4071","","-0.27%"
"12/01/2015","1.4196","1.4122","1.4230","1.4095","","0.58%"
"11/30/2015","1.4114","1.4160","1.4180","1.4055","","-0.32%"
"11/27/2015","1.4159","1.4105","1.4185","1.4089","","0.45%"
"11/26/2015","1.4096","1.4124","1.4141","1.4088","","-0.14%"
"11/25/2015","1.4116","1.4160","1.4212","1.4071","","-0.25%"
"11/24/2015","1.4152","1.4212","1.4253","1.4135","","-0.41%"
"11/23/2015","1.4210","1.4205","1.4284","1.4154","","0.08%"
"11/20/2015","1.4199","1.4257","1.4282","1.4172","","-0.38%"
"11/19/2015","1.4253","1.4179","1.4285","1.4140","","0.57%"
"11/18/2015","1.4172","1.4178","1.4238","1.4159","","0.01%"
"11/17/2015","1.4171","1.4243","1.4260","1.4154","","-0.48%"
"11/16/2015","1.4240","1.4323","1.4363","1.4225","","-0.80%"
"11/13/2015","1.4355","1.4377","1.4380","1.4277","","-0.15%"
"11/12/2015","1.4376","1.4248","1.4389","1.4179","","0.93%"
"11/11/2015","1.4244","1.4236","1.4270","1.4197","","0.08%"
"11/10/2015","1.4232","1.4281","1.4293","1.4160","","-0.32%"
"11/09/2015","1.4278","1.4281","1.4322","1.4231","","-0.07%"
"11/06/2015","1.4288","1.4331","1.4382","1.4202","","-0.27%"
"11/05/2015","1.4326","1.4290","1.4353","1.4268","","0.33%"
"11/04/2015","1.4279","1.4324","1.4339","1.4249","","-0.29%"
"11/03/2015","1.4321","1.4424","1.4442","1.4274","","-0.69%"
"11/02/2015","1.4420","1.4422","1.4492","1.4403","","0.21%"
"10/30/2015","1.4390","1.4460","1.4560","1.4357","","-0.45%"
"10/29/2015","1.4455","1.4412","1.4508","1.4384","","0.36%"
"10/28/2015","1.4403","1.4657","1.4674","1.4375","","-1.71%"
"10/27/2015","1.4654","1.4543","1.4667","1.4533","","0.79%"
"10/26/2015","1.4539","1.4494","1.4562","1.4463","","0.30%"
"10/23/2015","1.4496","1.4540","1.4587","1.4443","","-0.26%"
"10/22/2015","1.4534","1.4899","1.4910","1.4534","","-2.40%"
"10/21/2015","1.4892","1.4728","1.4910","1.4719","","1.13%"
"10/20/2015","1.4725","1.4743","1.4817","1.4661","","-0.08%"
"10/19/2015","1.4737","1.4659","1.4758","1.4607","","0.63%"
"10/16/2015","1.4645","1.4644","1.4726","1.4602","","0.03%"
"10/15/2015","1.4640","1.4842","1.4855","1.4600","","-1.35%"
"10/14/2015","1.4841","1.4836","1.4895","1.4800","","0.03%"
"10/13/2015","1.4836","1.4758","1.4903","1.4739","","0.55%"
"10/12/2015","1.4755","1.4696","1.4795","1.4675","","0.42%"
"10/09/2015","1.4693","1.4682","1.4754","1.4614","","0.10%"
"10/08/2015","1.4678","1.4674","1.4763","1.4649","","0.08%"
"10/07/2015","1.4667","1.4694","1.4713","1.4546","","-0.12%"
"10/06/2015","1.4684","1.4636","1.4745","1.4604","","0.35%"
"10/05/2015","1.4633","1.4762","1.4788","1.4614","","-0.70%"
"10/02/2015","1.4736","1.4853","1.4985","1.4737","","-0.75%"
"10/01/2015","1.4848","1.4882","1.4904","1.4760","","-0.19%"
"09/30/2015","1.4877","1.5098","1.5124","1.4869","","-1.41%"
"09/29/2015","1.5090","1.5066","1.5164","1.4993","","0.18%"
"09/28/2015","1.5063","1.4922","1.5069","1.4870","","0.91%"
"09/25/2015","1.4927","1.4937","1.4962","1.4812","","-0.04%"
"09/24/2015","1.4933","1.4900","1.5117","1.4859","","0.26%"
"09/23/2015","1.4895","1.4756","1.4956","1.4723","","0.98%"
"09/22/2015","1.4750","1.4830","1.4852","1.4744","","-0.51%"
"09/21/2015","1.4826","1.4928","1.4975","1.4797","","-0.82%"
"09/18/2015","1.4949","1.5077","1.5079","1.4855","","-0.82%"
"09/17/2015","1.5072","1.4870","1.5082","1.4861","","1.39%"
"09/16/2015","1.4865","1.4928","1.4957","1.4842","","-0.39%"
"09/15/2015","1.4923","1.5005","1.5025","1.4910","","-0.57%"
"09/14/2015","1.5009","1.5039","1.5061","1.4947","","-0.18%"
"09/11/2015","1.5036","1.4951","1.5061","1.4903","","0.62%"
"09/10/2015","1.4944","1.4857","1.4957","1.4755","","0.63%"
"09/09/2015","1.4851","1.4796","1.4863","1.4659","","0.43%"
"09/08/2015","1.4787","1.4865","1.4926","1.4736","","-0.48%"
"09/07/2015","1.4859","1.4817","1.4874","1.4748","","0.38%"
"09/04/2015","1.4803","1.4659","1.4814","1.4621","","1.04%"
"09/03/2015","1.4651","1.4899","1.4926","1.4595","","-1.62%"
"09/02/2015","1.4892","1.5000","1.5011","1.4823","","-0.70%"
"09/01/2015","1.4997","1.4733","1.5010","1.4715","","1.83%"
"08/31/2015","1.4728","1.4756","1.4979","1.4701","","-0.19%"
"08/28/2015","1.4756","1.4842","1.4990","1.4743","","-0.57%"
"08/27/2015","1.4840","1.5040","1.5102","1.4769","","-1.30%"
"08/26/2015","1.5035","1.5360","1.5432","1.5035","","-2.08%"
"08/25/2015","1.5354","1.5442","1.5444","1.5091","","-0.56%"
"08/24/2015","1.5440","1.4981","1.5561","1.4981","","2.84%"
"08/21/2015","1.5013","1.4715","1.5027","1.4685","","2.05%"
"08/20/2015","1.4711","1.4598","1.4720","1.4577","","0.80%"
"08/19/2015","1.4594","1.4394","1.4604","1.4388","","1.45%"
"08/18/2015","1.4386","1.4490","1.4549","1.4382","","-0.67%"
"08/17/2015","1.4483","1.4537","1.4602","1.4465","","-0.35%"
"08/14/2015","1.4534","1.4560","1.4617","1.4505","","-0.14%"
"08/13/2015","1.4554","1.4478","1.4582","1.4430","","0.55%"
"08/12/2015","1.4475","1.4478","1.4583","1.4444","","0.01%"
"08/11/2015","1.4473","1.4327","1.4542","1.4314","","1.03%"
"08/10/2015","1.4325","1.4402","1.4462","1.4316","","-0.49%"
"08/07/2015","1.4395","1.4322","1.4416","1.4241","","0.56%"
"08/06/2015","1.4315","1.4378","1.4398","1.4314","","-0.38%"
"08/05/2015","1.4369","1.4356","1.4398","1.4280","","0.14%"
"08/04/2015","1.4349","1.4407","1.4434","1.4342","","-0.35%"
"08/03/2015","1.4399","1.4366","1.4450","1.4355","","0.15%"
"07/31/2015","1.4378","1.4209","1.4455","1.4205","","1.22%"
"07/30/2015","1.4205","1.4223","1.4249","1.4170","","-0.08%"
"07/29/2015","1.4217","1.4290","1.4343","1.4198","","-0.48%"
"07/28/2015","1.4286","1.4462","1.4469","1.4270","","-1.18%"
"07/27/2015","1.4456","1.4311","1.4497","1.4302","","0.89%"
"07/24/2015","1.4329","1.4316","1.4384","1.4237","","0.12%"
"07/23/2015","1.4312","1.4251","1.4352","1.4227","","0.46%"
"07/22/2015","1.4246","1.4161","1.4253","1.4148","","0.64%"
"07/21/2015","1.4156","1.4068","1.4194","1.4053","","0.65%"
"07/20/2015","1.4064","1.4053","1.4126","1.4047","","0.15%"
"07/17/2015","1.4043","1.4089","1.4150","1.4043","","-0.29%"
"07/16/2015","1.4084","1.4135","1.4161","1.4034","","-0.37%"
"07/15/2015","1.4137","1.4010","1.4195","1.3992","","0.94%"
"07/14/2015","1.4006","1.4020","1.4135","1.3985","","-0.06%"
"07/13/2015","1.4015","1.4049","1.4215","1.4005","","-0.79%"
"07/10/2015","1.4126","1.4026","1.4259","1.4010","","0.77%"
"07/09/2015","1.4018","1.4116","1.4126","1.3971","","-0.69%"
"07/08/2015","1.4116","1.3992","1.4127","1.3966","","0.94%"
"07/07/2015","1.3985","1.3989","1.4023","1.3904","","0.01%"
"07/06/2015","1.3983","1.3834","1.4019","1.3809","","0.09%"
"07/03/2015","1.3971","1.3898","1.3989","1.3895","","0.55%"
"07/02/2015","1.3894","1.3917","1.4000","1.3888","","-0.12%"
"07/01/2015","1.3910","1.3918","1.3952","1.3866","","0.01%"
"06/30/2015","1.3909","1.3937","1.3968","1.3808","","-0.16%"
"06/29/2015","1.3931","1.3602","1.3968","1.3519","","1.32%"
"06/26/2015","1.3750","1.3813","1.3870","1.3740","","-0.44%"
"06/25/2015","1.3811","1.3877","1.3913","1.3791","","-0.41%"
"06/24/2015","1.3868","1.3770","1.3900","1.3748","","0.73%"
"06/23/2015","1.3767","1.3959","1.3979","1.3754","","-1.35%"
"06/22/2015","1.3956","1.3936","1.4025","1.3866","","0.24%"
"06/19/2015","1.3922","1.3883","1.3950","1.3811","","0.31%"
"06/18/2015","1.3879","1.3862","1.3959","1.3819","","0.12%"
"06/17/2015","1.3862","1.3829","1.3928","1.3807","","0.27%"
"06/16/2015","1.3824","1.3912","1.3956","1.3812","","-0.58%"
"06/15/2015","1.3905","1.3832","1.3916","1.3800","","0.16%"
"06/12/2015","1.3883","1.3838","1.3901","1.3744","","0.35%"
"06/11/2015","1.3835","1.3879","1.3906","1.3791","","-0.29%"
"06/10/2015","1.3875","1.3923","1.3959","1.3798","","-0.32%"
"06/09/2015","1.3919","1.4013","1.4049","1.3841","","-0.64%"
"06/08/2015","1.4009","1.3818","1.4019","1.3770","","1.37%"
"06/05/2015","1.3819","1.4051","1.4126","1.3811","","-1.63%"
"06/04/2015","1.4048","1.4039","1.4164","1.4008","","0.12%"
"06/03/2015","1.4031","1.3832","1.4049","1.3800","","1.48%"
"06/02/2015","1.3827","1.3684","1.3919","1.3660","","1.09%"
"06/01/2015","1.3678","1.3683","1.3717","1.3600","","0.04%"
"05/29/2015","1.3673","1.3615","1.3754","1.3589","","0.44%"
"05/28/2015","1.3613","1.3578","1.3675","1.3564","","0.29%"
"05/27/2015","1.3574","1.3519","1.3609","1.3483","","0.42%"
"05/26/2015","1.3517","1.3514","1.3571","1.3428","","0.06%"
"05/25/2015","1.3509","1.3506","1.3531","1.3476","","-0.10%"
"05/22/2015","1.3523","1.3556","1.3672","1.3514","","-0.22%"
"05/21/2015","1.3553","1.3543","1.3634","1.3514","","0.11%"
"05/20/2015","1.3538","1.3640","1.3647","1.3521","","-0.70%"
"05/19/2015","1.3634","1.3761","1.3770","1.3580","","-0.89%"
"05/18/2015","1.3756","1.3760","1.3808","1.3695","","0.02%"
"05/15/2015","1.3753","1.3673","1.3780","1.3624","","0.63%"
"05/14/2015","1.3667","1.3581","1.3695","1.3552","","0.69%"
"05/13/2015","1.3574","1.3476","1.3609","1.3426","","0.77%"
"05/12/2015","1.3470","1.3499","1.3604","1.3450","","-0.19%"
"05/11/2015","1.3496","1.3516","1.3575","1.3455","","-0.18%"
"05/08/2015","1.3520","1.3665","1.3678","1.3515","","-1.02%"
"05/07/2015","1.3659","1.3679","1.3769","1.3611","","-0.09%"
"05/06/2015","1.3671","1.3497","1.3691","1.3468","","1.33%"
"05/05/2015","1.3492","1.3482","1.3524","1.3401","","0.12%"
"05/04/2015","1.3476","1.3617","1.3641","1.3466","","-1.02%"
"05/01/2015","1.3615","1.3554","1.3707","1.3525","","0.47%"
"04/30/2015","1.3551","1.3381","1.3621","1.3324","","1.33%"
"04/29/2015","1.3373","1.3216","1.3397","1.3186","","1.22%"
"04/28/2015","1.3212","1.3161","1.3234","1.3141","","0.43%"
"04/27/2015","1.3156","1.3247","1.3258","1.3129","","-0.63%"
"04/24/2015","1.3240","1.3144","1.3258","1.3106","","0.75%"
"04/23/2015","1.3141","1.3125","1.3188","1.3073","","0.14%"
"04/22/2015","1.3123","1.3184","1.3203","1.3110","","-0.42%"
"04/21/2015","1.3179","1.3127","1.3229","1.3056","","0.42%"
"04/20/2015","1.3124","1.3256","1.3259","1.3098","","-0.82%"
"04/17/2015","1.3233","1.3115","1.3242","1.3022","","0.93%"
"04/16/2015","1.3111","1.3134","1.3226","1.3072","","-0.11%"
"04/15/2015","1.3126","1.3302","1.3374","1.3108","","-1.29%"
"04/14/2015","1.3298","1.3310","1.3376","1.3253","","-0.06%"
"04/13/2015","1.3306","1.3328","1.3381","1.3295","","-0.12%"
"04/10/2015","1.3322","1.3407","1.3447","1.3317","","-0.62%"
"04/09/2015","1.3405","1.3522","1.3548","1.3395","","-0.84%"
"04/08/2015","1.3518","1.3525","1.3553","1.3461","","-0.02%"
"04/07/2015","1.3521","1.3628","1.3660","1.3513","","-0.77%"
"04/06/2015","1.3626","1.3719","1.3754","1.3628","","-0.54%"
"04/03/2015","1.3700","1.3668","1.3760","1.3642","","0.29%"
"04/02/2015","1.3661","1.3586","1.3729","1.3557","","0.59%"
"04/01/2015","1.3581","1.3621","1.3662","1.3556","","-0.23%"
"03/31/2015","1.3612","1.3731","1.3766","1.3585","","-0.84%"
"03/30/2015","1.3727","1.3731","1.3756","1.3677","","0.01%"
"03/27/2015","1.3726","1.3590","1.3768","1.3524","","1.05%"
"03/26/2015","1.3583","1.3730","1.3744","1.3554","","-1.05%"
"03/25/2015","1.3727","1.3649","1.3766","1.3634","","0.60%"
"03/24/2015","1.3645","1.3708","1.3743","1.3628","","-0.44%"
"03/23/2015","1.3705","1.3605","1.3714","1.3567","","0.94%"
"03/20/2015","1.3577","1.3559","1.3681","1.3511","","0.17%"
"03/19/2015","1.3554","1.3653","1.3678","1.3472","","-0.70%"
"03/18/2015","1.3650","1.3552","1.3783","1.3534","","0.73%"
"03/17/2015","1.3551","1.3500","1.3604","1.3487","","0.42%"
"03/16/2015","1.3494","1.3417","1.3571","1.3379","","0.61%"
"03/13/2015","1.3412","1.3491","1.3524","1.3386","","-0.58%"
"03/12/2015","1.3490","1.3447","1.3506","1.3394","","0.33%"
"03/11/2015","1.3445","1.3575","1.3583","1.3406","","-0.94%"
"03/10/2015","1.3572","1.3677","1.3693","1.3510","","-0.74%"
"03/09/2015","1.3673","1.3670","1.3739","1.3651","","-0.07%"
"03/06/2015","1.3683","1.3772","1.3783","1.3621","","-0.62%"
"03/05/2015","1.3768","1.3768","1.3832","1.3693","","0.04%"
"03/04/2015","1.3763","1.3966","1.3980","1.3737","","-1.42%"
"03/03/2015","1.3961","1.4019","1.4034","1.3890","","-0.41%"
"03/02/2015","1.4018","1.4004","1.4092","1.3950","","0.14%"
"02/27/2015","1.3998","1.4015","1.4037","1.3949","","-0.09%"
"02/26/2015","1.4010","1.4129","1.4149","1.3979","","-0.82%"
"02/25/2015","1.4126","1.4161","1.4177","1.4067","","-0.18%"
"02/24/2015","1.4152","1.4249","1.4333","1.4147","","-0.60%"
"02/23/2015","1.4238","1.4264","1.4304","1.4221","","-0.10%"
"02/20/2015","1.4252","1.4203","1.4318","1.4054","","0.35%"
"02/19/2015","1.4202","1.4196","1.4294","1.4182","","0.08%"
"02/18/2015","1.4191","1.4141","1.4199","1.4084","","0.40%"
"02/17/2015","1.4135","1.4154","1.4177","1.4091","","-0.11%"
"02/16/2015","1.4150","1.4175","1.4242","1.4123","","-0.13%"
"02/13/2015","1.4168","1.4264","1.4320","1.4170","","-0.62%"
"02/12/2015","1.4256","1.4316","1.4335","1.4156","","-0.38%"
"02/11/2015","1.4311","1.4250","1.4343","1.4223","","0.44%"
"02/10/2015","1.4248","1.4118","1.4297","1.4070","","0.94%"
"02/09/2015","1.4115","1.4176","1.4215","1.4074","","-0.37%"
"02/06/2015","1.4167","1.4271","1.4292","1.4112","","-0.71%"
"02/05/2015","1.4268","1.4267","1.4341","1.4182","","0.04%"
"02/04/2015","1.4263","1.4254","1.4388","1.4217","","0.09%"
"02/03/2015","1.4250","1.4253","1.4350","1.4212","","0.04%"
"02/02/2015","1.4245","1.4369","1.4478","1.4228","","-0.85%"
"01/30/2015","1.4367","1.4283","1.4493","1.4274","","0.61%"
"01/29/2015","1.4280","1.4151","1.4326","1.4109","","0.95%"
"01/28/2015","1.4146","1.4112","1.4190","1.4065","","0.28%"
"01/27/2015","1.4107","1.4020","1.4150","1.4007","","0.64%"
"01/26/2015","1.4017","1.3895","1.4046","1.3828","","0.72%"
"01/23/2015","1.3917","1.4072","1.4098","1.3801","","-1.08%"
"01/22/2015","1.4069","1.4328","1.4383","1.4043","","-1.77%"
"01/21/2015","1.4323","1.3994","1.4361","1.3954","","2.40%"
"01/20/2015","1.3987","1.3856","1.4027","1.3834","","0.97%"
"01/19/2015","1.3852","1.3856","1.3944","1.3809","","-0.06%"
"01/16/2015","1.3861","1.3912","1.3966","1.3752","","-0.32%"
"01/15/2015","1.3905","1.4089","1.4108","1.3784","","-1.31%"
"01/14/2015","1.4089","1.4078","1.4165","1.4053","","0.11%"
"01/13/2015","1.4073","1.4170","1.4192","1.4035","","-0.65%"
"01/12/2015","1.4165","1.4048","1.4173","1.4002","","0.83%"
"01/09/2015","1.4048","1.3950","1.4066","1.3933","","0.71%"
"01/08/2015","1.3949","1.3987","1.4001","1.3879","","-0.26%"
"01/07/2015","1.3985","1.4072","1.4095","1.3973","","-0.60%"
"01/06/2015","1.4069","1.4038","1.4116","1.3994","","0.26%"
"01/05/2015","1.4033","1.4145","1.4148","1.3994","","-0.76%"
"01/02/2015","1.4140","1.4062","1.4147","1.4020","","0.60%"
"01/01/2015","1.4056","1.4059","1.4072","1.4046","","0.01%"