"Date","Price","Open","High","Low","Vol.","Change %"
"11/21/2025","117.412","115.977","117.519","115.836","","1.24%"
"11/20/2025","115.977","115.566","116.356","115.423","","0.36%"
"11/19/2025","115.566","116.411","116.510","115.401","","-0.73%"
"11/18/2025","116.411","116.614","116.796","116.298","","-0.17%"
"11/17/2025","116.605","116.578","116.900","116.408","","-0.19%"
"11/14/2025","116.826","117.163","117.270","116.322","","-0.29%"
"11/13/2025","117.163","116.288","117.342","116.180","","0.70%"
"11/12/2025","116.345","116.338","116.602","115.921","","0.01%"
"11/11/2025","116.338","116.871","116.925","116.169","","-0.45%"
"11/10/2025","116.863","116.661","117.004","116.462","","0.15%"
"11/07/2025","116.692","116.489","116.857","116.080","","0.17%"
"11/06/2025","116.489","115.545","116.541","115.518","","0.80%"
"11/05/2025","115.567","115.547","115.755","115.328","","0.02%"
"11/04/2025","115.547","116.613","116.658","115.432","","-0.88%"
"11/03/2025","116.578","116.642","116.779","116.328","","-0.17%"
"10/31/2025","116.775","116.583","116.793","116.232","","0.16%"
"10/30/2025","116.583","116.649","117.147","116.355","","-0.05%"
"10/29/2025","116.645","117.100","117.193","116.200","","-0.39%"
"10/28/2025","117.100","117.661","118.084","116.953","","-0.48%"
"10/27/2025","117.661","116.936","117.840","116.874","","0.62%"
"10/24/2025","116.936","116.983","117.338","116.703","","-0.04%"
"10/23/2025","116.983","117.182","117.503","116.854","","-0.18%"
"10/22/2025","117.190","117.693","117.795","116.768","","-0.43%"
"10/21/2025","117.693","117.801","117.980","117.563","","-0.09%"
"10/20/2025","117.797","118.153","118.278","117.721","","-0.30%"
"10/17/2025","118.148","118.237","118.476","117.846","","-0.05%"
"10/16/2025","118.202","117.692","118.394","117.590","","0.44%"
"10/15/2025","117.688","118.298","118.551","117.388","","-0.47%"
"10/14/2025","118.249","118.213","118.567","117.644","","0.03%"
"10/13/2025","118.213","118.575","118.713","117.995","","-0.31%"
"10/10/2025","118.575","118.236","118.600","117.607","","0.29%"
"10/09/2025","118.236","118.978","119.149","118.009","","-0.63%"
"10/08/2025","118.987","119.133","119.296","118.713","","-0.12%"
"10/07/2025","119.133","119.645","119.686","118.863","","-0.42%"
"10/06/2025","119.641","119.185","119.702","119.096","","0.03%"
"10/03/2025","119.610","119.165","119.727","119.111","","0.31%"
"10/02/2025","119.235","119.523","119.926","118.942","","-0.24%"
"10/01/2025","119.523","119.505","119.964","119.262","","0.06%"
"09/30/2025","119.451","119.103","119.654","119.032","","0.29%"
"09/29/2025","119.103","118.814","119.391","118.770","","0.20%"
"09/26/2025","118.867","118.460","118.951","118.314","","0.35%"
"09/25/2025","118.456","119.383","119.536","118.282","","-0.77%"
"09/24/2025","119.379","120.122","120.206","119.173","","-0.62%"
"09/23/2025","120.122","119.324","120.148","119.229","","0.67%"
"09/22/2025","119.324","118.768","119.414","118.548","","0.55%"
"09/19/2025","118.671","119.563","119.691","118.611","","-0.75%"
"09/18/2025","119.563","119.566","120.381","119.335","","0.00%"
"09/17/2025","119.561","119.934","120.419","119.491","","-0.31%"
"09/16/2025","119.934","119.873","120.330","119.753","","0.08%"
"09/15/2025","119.838","119.678","120.123","119.562","","0.13%"
"09/12/2025","119.686","119.814","119.902","119.439","","-0.11%"
"09/11/2025","119.814","119.141","119.979","119.071","","0.56%"
"09/10/2025","119.141","119.378","119.512","119.068","","-0.20%"
"09/09/2025","119.382","119.174","119.815","119.152","","0.17%"
"09/08/2025","119.174","119.060","119.283","118.828","","0.03%"
"09/05/2025","119.136","118.470","119.429","118.413","","0.56%"
"09/04/2025","118.474","118.414","118.633","118.164","","0.05%"
"09/03/2025","118.414","117.873","118.558","117.551","","0.46%"
"09/02/2025","117.873","119.176","119.279","117.593","","-1.11%"
"09/01/2025","119.202","119.071","119.544","118.994","","0.11%"
"08/29/2025","119.075","118.362","119.213","118.180","","0.60%"
"08/28/2025","118.362","118.321","118.516","118.089","","0.03%"
"08/27/2025","118.321","118.154","118.361","117.842","","0.16%"
"08/26/2025","118.136","117.881","118.267","117.794","","0.22%"
"08/25/2025","117.878","118.116","118.386","117.764","","-0.21%"
"08/22/2025","118.128","117.074","118.224","117.024","","0.89%"
"08/21/2025","117.083","117.148","117.658","116.884","","-0.02%"
"08/20/2025","117.105","117.419","117.689","117.032","","-0.31%"
"08/19/2025","117.466","117.896","118.051","117.329","","-0.37%"
"08/18/2025","117.905","118.593","118.755","117.857","","-0.59%"
"08/15/2025","118.602","118.677","118.786","118.495","","-0.06%"
"08/14/2025","118.677","118.718","119.031","118.503","","-0.03%"
"08/13/2025","118.718","118.264","118.829","118.158","","0.38%"
"08/12/2025","118.264","117.736","118.489","117.610","","0.44%"
"08/11/2025","117.749","117.550","118.084","117.452","","0.06%"
"08/08/2025","117.677","117.553","117.980","117.484","","0.11%"
"08/07/2025","117.549","117.153","117.614","116.865","","0.32%"
"08/06/2025","117.174","116.818","117.288","116.412","","0.30%"
"08/05/2025","116.818","116.540","116.971","116.426","","0.29%"
"08/04/2025","116.483","115.700","116.806","115.613","","0.54%"
"08/01/2025","115.857","115.596","116.089","114.985","","0.23%"
"07/31/2025","115.592","116.054","116.343","115.474","","-0.43%"
"07/30/2025","116.086","116.308","117.294","115.985","","-0.19%"
"07/29/2025","116.303","115.840","116.425","115.595","","0.43%"
"07/28/2025","115.801","116.208","116.519","115.740","","-0.38%"
"07/25/2025","116.247","116.704","116.860","116.043","","-0.39%"
"07/24/2025","116.700","117.274","117.382","116.626","","-0.53%"
"07/23/2025","117.317","116.815","117.347","116.648","","0.43%"
"07/22/2025","116.819","116.264","116.841","116.120","","0.45%"
"07/21/2025","116.295","115.476","116.507","115.416","","0.68%"
"07/18/2025","115.515","115.369","116.041","115.334","","0.08%"
"07/17/2025","115.425","115.254","115.486","114.866","","0.13%"
"07/16/2025","115.279","115.086","115.848","114.825","","0.17%"
"07/15/2025","115.086","115.503","115.640","115.006","","-0.36%"
"07/14/2025","115.503","115.868","116.055","115.460","","-0.32%"
"07/11/2025","115.868","116.348","116.509","115.718","","-0.47%"
"07/10/2025","116.417","116.426","116.700","116.006","","-0.01%"
"07/09/2025","116.426","116.570","116.751","116.348","","-0.12%"
"07/08/2025","116.570","116.629","117.051","115.993","","-0.05%"
"07/07/2025","116.629","116.554","117.114","116.481","","-0.09%"
"07/04/2025","116.733","116.680","116.892","116.474","","0.06%"
"07/03/2025","116.663","116.771","117.041","116.015","","-0.09%"
"07/02/2025","116.771","117.699","117.827","116.203","","-0.80%"
"07/01/2025","117.712","117.709","117.920","117.280","","0.00%"
"06/30/2025","117.709","117.056","117.736","117.048","","0.43%"
"06/27/2025","117.206","117.606","117.690","116.943","","-0.32%"
"06/26/2025","117.580","117.574","118.002","117.418","","0.01%"
"06/25/2025","117.570","117.008","117.683","116.800","","0.47%"
"06/24/2025","117.017","117.095","117.394","116.658","","-0.07%"
"06/23/2025","117.095","116.273","117.164","115.983","","0.55%"
"06/20/2025","116.451","116.940","117.166","116.364","","-0.43%"
"06/19/2025","116.953","116.054","116.992","115.703","","0.82%"
"06/18/2025","116.002","115.937","116.559","115.776","","0.08%"
"06/17/2025","115.908","116.579","117.120","115.786","","-0.55%"
"06/16/2025","116.553","116.806","117.054","116.499","","-0.22%"
"06/13/2025","116.811","116.505","117.151","115.958","","0.26%"
"06/12/2025","116.505","115.838","116.539","115.728","","0.63%"
"06/11/2025","115.774","115.539","115.971","115.098","","0.20%"
"06/10/2025","115.539","116.139","116.217","115.243","","-0.47%"
"06/09/2025","116.083","116.051","116.394","115.853","","0.05%"
"06/06/2025","116.025","116.542","116.752","115.838","","-0.39%"
"06/05/2025","116.483","116.425","116.778","116.137","","0.08%"
"06/04/2025","116.394","115.852","116.580","115.791","","0.46%"
"06/03/2025","115.856","115.539","115.989","115.459","","0.22%"
"06/02/2025","115.603","115.095","115.807","115.048","","0.42%"
"05/30/2025","115.120","115.225","115.501","114.814","","-0.10%"
"05/29/2025","115.230","115.082","115.384","114.561","","0.17%"
"05/28/2025","115.035","115.285","115.628","114.886","","-0.19%"
"05/27/2025","115.255","115.426","115.838","115.186","","-0.13%"
"05/26/2025","115.409","115.164","115.821","115.058","","0.06%"
"05/23/2025","115.339","115.397","115.706","114.848","","-0.05%"
"05/22/2025","115.396","114.871","115.584","114.730","","0.45%"
"05/21/2025","114.875","114.568","115.265","114.448","","0.27%"
"05/20/2025","114.568","114.094","114.587","113.961","","0.42%"
"05/19/2025","114.094","113.446","114.525","113.416","","0.53%"
"05/16/2025","113.497","113.784","114.217","113.279","","-0.25%"
"05/15/2025","113.784","113.259","113.928","113.209","","0.46%"
"05/14/2025","113.259","113.483","113.988","113.091","","-0.19%"
"05/13/2025","113.479","111.844","113.560","111.602","","1.46%"
"05/12/2025","111.844","113.427","113.568","111.533","","-1.58%"
"05/09/2025","113.641","113.309","113.799","113.061","","0.29%"
"05/08/2025","113.313","112.646","114.037","112.545","","0.63%"
"05/07/2025","112.608","112.708","113.304","112.396","","-0.09%"
"05/06/2025","112.708","112.057","113.011","111.766","","0.58%"
"05/05/2025","112.057","112.188","112.432","111.781","","-0.12%"
"05/02/2025","112.188","112.352","112.666","111.477","","-0.15%"
"05/01/2025","112.352","112.774","112.937","112.158","","-0.37%"
"04/30/2025","112.774","114.158","114.300","112.595","","-1.22%"
"04/29/2025","114.171","114.403","114.588","113.922","","-0.26%"
"04/28/2025","114.463","113.503","114.505","113.181","","0.68%"
"04/25/2025","113.695","113.850","113.897","113.014","","-0.14%"
"04/24/2025","113.850","113.144","113.918","113.101","","0.65%"
"04/23/2025","113.119","113.584","114.027","112.715","","-0.38%"
"04/22/2025","113.554","113.933","114.259","113.507","","-0.35%"
"04/21/2025","113.950","113.457","114.246","113.422","","0.28%"
"04/18/2025","113.627","113.278","113.666","113.164","","0.31%"
"04/17/2025","113.279","113.410","113.554","112.874","","-0.08%"
"04/16/2025","113.367","113.392","113.868","113.106","","-0.03%"
"04/15/2025","113.397","113.498","113.687","112.959","","-0.09%"
"04/14/2025","113.498","112.776","113.593","112.553","","0.65%"
"04/11/2025","112.763","111.798","113.189","111.750","","0.86%"
"04/10/2025","111.798","111.151","112.034","110.637","","0.67%"
"04/09/2025","111.059","110.107","111.452","110.051","","0.86%"
"04/08/2025","110.107","109.237","110.529","109.237","","0.80%"
"04/07/2025","109.237","109.914","110.961","109.130","","-0.93%"
"04/04/2025","110.261","111.714","111.839","109.923","","-1.30%"
"04/03/2025","111.714","111.160","112.724","110.861","","0.50%"
"04/02/2025","111.160","110.565","111.331","110.321","","0.51%"
"04/01/2025","110.591","110.402","110.718","110.259","","0.17%"
"03/31/2025","110.402","110.572","110.970","110.118","","-0.27%"
"03/28/2025","110.705","110.908","111.031","110.451","","-0.18%"
"03/27/2025","110.908","110.385","111.303","110.231","","0.47%"
"03/26/2025","110.394","110.810","111.145","110.249","","-0.38%"
"03/25/2025","110.814","110.590","111.092","110.471","","0.21%"
"03/24/2025","110.582","111.007","111.267","110.346","","-0.44%"
"03/21/2025","111.076","111.945","112.014","110.864","","-0.78%"
"03/20/2025","111.945","112.169","112.443","111.709","","-0.27%"
"03/19/2025","112.246","112.485","112.661","111.813","","-0.21%"
"03/18/2025","112.485","112.637","112.679","112.130","","-0.13%"
"03/17/2025","112.637","112.443","112.721","112.182","","0.16%"
"03/14/2025","112.452","112.563","112.670","112.227","","-0.10%"
"03/13/2025","112.563","112.989","113.121","112.437","","-0.38%"
"03/12/2025","112.989","112.933","113.246","112.636","","0.05%"
"03/11/2025","112.933","112.429","113.077","112.360","","0.45%"
"03/10/2025","112.429","112.433","113.066","112.268","","-0.12%"
"03/07/2025","112.559","112.132","112.673","112.062","","0.38%"
"03/06/2025","112.136","112.045","112.527","111.962","","0.09%"
"03/05/2025","112.040","111.673","112.111","111.313","","0.33%"
"03/04/2025","111.673","110.816","111.731","110.715","","0.76%"
"03/03/2025","110.833","110.100","111.056","109.921","","0.73%"
"02/28/2025","110.026","110.048","110.343","109.782","","-0.02%"
"02/27/2025","110.053","110.455","110.726","110.018","","-0.35%"
"02/26/2025","110.438","110.358","110.816","110.022","","0.06%"
"02/25/2025","110.375","109.421","110.535","109.347","","0.87%"
"02/24/2025","109.421","109.540","109.943","109.312","","0.03%"
"02/21/2025","109.388","109.695","109.915","109.323","","-0.28%"
"02/20/2025","109.699","109.377","109.729","109.035","","0.30%"
"02/19/2025","109.373","109.596","109.843","109.163","","-0.20%"
"02/18/2025","109.596","109.627","109.805","109.403","","-0.03%"
"02/17/2025","109.627","109.036","109.727","108.950","","0.54%"
"02/14/2025","109.036","108.952","109.406","108.848","","0.08%"
"02/13/2025","108.952","108.199","108.986","108.077","","0.74%"
"02/12/2025","108.147","108.027","108.507","107.495","","0.11%"
"02/11/2025","108.024","108.201","108.244","106.983","","-0.16%"
"02/10/2025","108.201","108.679","109.032","108.125","","-0.54%"
"02/07/2025","108.784","108.917","109.300","108.468","","-0.12%"
"02/06/2025","108.917","109.238","109.441","108.265","","-0.29%"
"02/05/2025","109.233","108.672","109.713","108.596","","0.52%"
"02/04/2025","108.672","108.282","108.814","107.830","","0.36%"
"02/03/2025","108.282","107.275","108.330","106.158","","0.94%"
"01/31/2025","107.275","107.515","107.968","107.202","","-0.22%"
"01/30/2025","107.515","107.837","108.027","107.402","","-0.34%"
"01/29/2025","107.880","107.704","107.950","107.285","","0.14%"
"01/28/2025","107.734","107.929","107.959","107.398","","-0.18%"
"01/27/2025","107.924","107.569","108.101","107.292","","0.29%"
"01/24/2025","107.608","106.801","107.789","106.726","","0.78%"
"01/23/2025","106.775","106.508","106.990","106.297","","0.27%"
"01/22/2025","106.491","106.816","106.897","106.392","","-0.31%"
"01/21/2025","106.822","106.212","106.927","105.595","","0.53%"
"01/20/2025","106.263","105.402","106.447","105.268","","0.88%"
"01/17/2025","105.337","106.020","106.045","105.302","","-0.61%"
"01/16/2025","105.983","105.776","106.186","105.418","","0.20%"
"01/15/2025","105.776","105.692","106.317","105.248","","0.07%"
"01/14/2025","105.705","105.732","106.165","105.067","","-0.03%"
"01/13/2025","105.732","105.119","105.826","104.690","","0.48%"
"01/10/2025","105.232","105.730","105.985","104.993","","-0.46%"
"01/09/2025","105.717","106.221","106.290","105.156","","-0.47%"
"01/08/2025","106.221","107.058","107.264","105.829","","-0.79%"
"01/07/2025","107.063","107.314","107.809","106.988","","-0.24%"
"01/06/2025","107.318","106.539","107.550","106.470","","0.74%"
"01/03/2025","106.534","106.188","106.673","106.128","","0.33%"
"01/02/2025","106.188","107.195","107.564","105.929","","-0.96%"
"01/01/2025","107.213","107.144","107.354","107.138","","0.11%"
"12/31/2024","107.093","107.317","107.628","107.012","","-0.21%"
"12/30/2024","107.322","107.348","107.828","106.920","","-0.10%"
"12/27/2024","107.429","106.800","107.605","106.721","","0.59%"
"12/26/2024","106.800","106.947","107.029","106.574","","-0.17%"
"12/25/2024","106.977","106.847","107.018","106.698","","0.10%"
"12/24/2024","106.873","106.677","107.106","106.553","","0.18%"
"12/23/2024","106.678","106.768","107.119","106.438","","-0.10%"
"12/20/2024","106.789","106.416","107.177","106.143","","0.35%"
"12/19/2024","106.416","106.768","107.780","106.344","","-0.31%"
"12/18/2024","106.742","107.917","108.074","106.641","","-1.09%"
"12/17/2024","107.917","107.714","108.119","107.559","","0.21%"
"12/16/2024","107.688","106.975","107.845","106.958","","0.62%"
"12/13/2024","107.026","107.511","107.626","106.929","","-0.45%"
"12/12/2024","107.514","108.162","108.545","107.475","","-0.59%"
"12/11/2024","108.153","108.411","108.530","107.864","","-0.23%"
"12/10/2024","108.399","108.196","108.456","107.983","","0.19%"
"12/09/2024","108.192","107.831","108.623","107.735","","0.27%"
"12/06/2024","107.903","108.088","108.443","107.730","","-0.17%"
"12/05/2024","108.084","107.621","108.149","107.531","","0.43%"
"12/04/2024","107.617","107.321","107.790","106.983","","0.28%"
"12/03/2024","107.316","107.260","107.587","107.054","","0.05%"
"12/02/2024","107.260","107.790","107.791","106.896","","-0.43%"
"11/29/2024","107.722","107.188","107.827","107.131","","0.50%"
"11/28/2024","107.183","107.041","107.222","106.831","","0.13%"
"11/27/2024","107.045","105.983","107.180","105.963","","0.99%"
"11/26/2024","105.991","105.936","106.363","105.479","","0.06%"
"11/25/2024","105.928","105.885","106.417","105.672","","0.12%"
"11/22/2024","105.805","106.377","106.446","105.465","","-0.54%"
"11/21/2024","106.377","106.726","106.926","106.271","","-0.33%"
"11/20/2024","106.734","107.002","107.298","106.550","","-0.27%"
"11/19/2024","107.028","106.993","107.116","106.457","","0.01%"
"11/18/2024","107.015","106.503","107.100","106.429","","0.44%"
"11/15/2024","106.550","106.989","107.206","106.349","","-0.41%"
"11/14/2024","106.985","107.274","107.430","106.681","","-0.27%"
"11/13/2024","107.274","107.576","107.769","107.072","","-0.28%"
"11/12/2024","107.576","108.640","108.691","107.328","","-0.97%"
"11/11/2024","108.627","109.020","109.095","108.491","","-0.41%"
"11/08/2024","109.070","109.499","109.519","108.688","","-0.37%"
"11/07/2024","109.474","108.621","109.666","108.540","","0.81%"
"11/06/2024","108.596","109.702","109.765","108.189","","-1.01%"
"11/05/2024","109.702","109.024","109.723","108.923","","0.62%"
"11/04/2024","109.025","109.075","109.326","108.816","","0.30%"
"11/01/2024","108.701","108.466","109.116","108.327","","0.22%"
"10/31/2024","108.466","109.002","109.334","108.006","","-0.49%"
"10/30/2024","108.998","109.415","109.687","108.780","","-0.38%"
"10/29/2024","109.415","109.060","109.440","108.935","","0.32%"
"10/28/2024","109.064","109.023","109.307","108.777","","0.05%"
"10/25/2024","109.011","109.083","109.312","108.905","","-0.05%"
"10/24/2024","109.062","108.644","109.206","108.511","","0.38%"
"10/23/2024","108.644","109.165","109.275","108.518","","-0.48%"
"10/22/2024","109.165","109.174","109.448","108.832","","-0.01%"
"10/21/2024","109.178","109.649","109.791","109.102","","-0.50%"
"10/18/2024","109.724","109.374","109.907","109.308","","0.33%"
"10/17/2024","109.361","109.172","109.467","108.992","","0.17%"
"10/16/2024","109.172","109.887","109.947","109.046","","-0.64%"
"10/15/2024","109.879","109.795","110.131","109.580","","0.08%"
"10/14/2024","109.795","109.876","109.920","109.511","","-0.10%"
"10/11/2024","109.905","109.631","110.054","109.524","","0.25%"
"10/10/2024","109.631","109.748","109.962","109.311","","-0.10%"
"10/09/2024","109.740","110.042","110.063","109.589","","-0.27%"
"10/08/2024","110.042","109.889","110.118","109.643","","0.14%"
"10/07/2024","109.893","110.123","110.323","109.680","","-0.32%"
"10/04/2024","110.241","110.246","110.660","109.813","","0.00%"
"10/03/2024","110.246","111.358","111.434","109.947","","-1.00%"
"10/02/2024","111.358","111.479","111.749","111.216","","-0.11%"
"10/01/2024","111.479","112.055","112.238","111.105","","-0.51%"
"09/30/2024","112.055","111.921","112.498","111.842","","0.08%"
"09/27/2024","111.971","112.191","112.355","111.777","","-0.20%"
"09/26/2024","112.192","111.398","112.364","111.313","","0.71%"
"09/25/2024","111.402","112.142","112.244","111.293","","-0.66%"
"09/24/2024","112.142","111.497","112.184","111.429","","0.57%"
"09/23/2024","111.501","111.209","111.635","110.669","","0.25%"
"09/20/2024","111.225","111.099","111.463","110.787","","0.11%"
"09/19/2024","111.099","110.544","111.396","110.131","","0.51%"
"09/18/2024","110.540","110.256","111.259","110.138","","0.26%"
"09/17/2024","110.256","110.817","110.850","110.122","","-0.51%"
"09/16/2024","110.821","110.091","110.850","110.057","","0.67%"
"09/13/2024","110.087","110.159","110.408","110.029","","-0.06%"
"09/12/2024","110.150","109.535","110.192","109.428","","0.57%"
"09/11/2024","109.523","109.842","110.099","109.203","","-0.29%"
"09/10/2024","109.842","109.760","110.100","109.569","","0.07%"
"09/09/2024","109.760","110.169","110.370","109.702","","-0.44%"
"09/06/2024","110.246","110.684","111.151","110.039","","-0.39%"
"09/05/2024","110.680","110.392","110.756","110.302","","0.27%"
"09/04/2024","110.383","110.096","110.648","109.970","","0.25%"
"09/03/2024","110.105","110.343","110.395","109.868","","-0.22%"
"09/02/2024","110.343","110.057","110.389","110.054","","0.20%"
"08/30/2024","110.124","110.446","110.712","109.914","","-0.31%"
"08/29/2024","110.471","110.697","110.983","110.248","","-0.20%"
"08/28/2024","110.697","111.270","111.373","110.491","","-0.51%"
"08/27/2024","111.270","110.602","111.345","110.532","","0.63%"
"08/26/2024","110.577","110.756","110.854","110.514","","-0.15%"
"08/23/2024","110.739","109.878","110.901","109.827","","0.78%"
"08/22/2024","109.886","109.825","110.241","109.746","","0.05%"
"08/21/2024","109.828","109.169","110.059","109.116","","0.60%"
"08/20/2024","109.169","108.943","109.316","108.699","","0.20%"
"08/19/2024","108.951","108.516","109.005","108.487","","0.33%"
"08/16/2024","108.596","107.910","108.613","107.882","","0.64%"
"08/15/2024","107.905","107.709","108.089","107.481","","0.18%"
"08/14/2024","107.709","107.946","108.009","107.566","","-0.20%"
"08/13/2024","107.926","107.154","108.042","107.107","","0.72%"
"08/12/2024","107.154","107.095","107.415","107.003","","0.01%"
"08/09/2024","107.145","107.088","107.258","106.841","","0.05%"
"08/08/2024","107.092","106.494","107.134","106.327","","0.56%"
"08/07/2024","106.498","106.529","106.939","106.405","","-0.04%"
"08/06/2024","106.537","107.372","107.536","106.336","","-0.79%"
"08/05/2024","107.389","107.326","107.673","106.534","","0.12%"
"08/02/2024","107.259","106.676","107.599","106.394","","0.56%"
"08/01/2024","106.659","107.620","107.711","106.543","","-0.89%"
"07/31/2024","107.620","107.471","107.708","107.291","","0.14%"
"07/30/2024","107.471","107.728","107.782","107.317","","-0.23%"
"07/29/2024","107.720","107.795","107.910","107.207","","-0.02%"
"07/26/2024","107.745","107.613","107.845","107.571","","0.12%"
"07/25/2024","107.613","108.054","108.151","107.587","","-0.41%"
"07/24/2024","108.058","108.012","108.302","107.772","","0.04%"
"07/23/2024","108.012","108.206","108.232","107.869","","-0.17%"
"07/22/2024","108.193","108.111","108.354","107.959","","0.01%"
"07/19/2024","108.186","108.199","108.359","107.917","","-0.02%"
"07/18/2024","108.203","108.751","108.798","108.157","","-0.50%"
"07/17/2024","108.747","108.368","108.992","108.310","","0.40%"
"07/16/2024","108.318","108.356","108.495","108.127","","-0.04%"
"07/15/2024","108.360","108.523","108.632","108.227","","-0.15%"
"07/12/2024","108.523","107.857","108.557","107.749","","0.62%"
"07/11/2024","107.852","107.315","108.137","107.270","","0.50%"
"07/10/2024","107.311","106.758","107.328","106.708","","0.52%"
"07/09/2024","106.758","106.977","107.098","106.679","","-0.18%"
"07/08/2024","106.951","106.805","107.243","106.793","","-0.06%"
"07/05/2024","107.014","106.541","107.052","106.479","","0.44%"
"07/04/2024","106.550","106.434","106.641","106.387","","0.11%"
"07/03/2024","106.438","105.866","106.656","105.833","","0.47%"
"07/02/2024","105.937","105.576","105.966","105.332","","0.33%"
"07/01/2024","105.584","105.405","106.044","105.384","","0.17%"
"06/28/2024","105.400","105.468","105.591","105.171","","-0.07%"
"06/27/2024","105.477","105.478","105.722","105.395","","0.00%"
"06/26/2024","105.477","105.840","106.017","105.416","","-0.34%"
"06/25/2024","105.832","105.855","106.022","105.679","","-0.08%"
"06/24/2024","105.917","105.678","105.976","105.515","","0.23%"
"06/21/2024","105.678","105.855","105.993","105.469","","-0.16%"
"06/20/2024","105.851","106.166","106.331","105.817","","-0.30%"
"06/19/2024","106.174","105.919","106.337","105.828","","0.24%"
"06/18/2024","105.923","106.075","106.204","105.661","","-0.16%"
"06/17/2024","106.095","105.994","106.214","105.744","","0.10%"
"06/14/2024","105.994","106.619","106.658","105.726","","-0.59%"
"06/13/2024","106.619","106.791","106.969","106.408","","-0.16%"
"06/12/2024","106.787","106.555","107.372","106.403","","0.22%"
"06/11/2024","106.555","106.323","106.644","106.159","","0.22%"
"06/10/2024","106.323","106.266","106.403","105.959","","0.05%"
"06/07/2024","106.266","106.768","106.863","106.151","","-0.47%"
"06/06/2024","106.764","106.617","106.867","106.538","","0.14%"
"06/05/2024","106.617","106.654","106.820","106.363","","-0.03%"
"06/04/2024","106.654","106.436","106.950","106.336","","0.21%"
"06/03/2024","106.431","106.254","106.462","105.512","","0.09%"
"05/31/2024","106.338","106.068","106.499","105.866","","0.26%"
"05/30/2024","106.064","105.878","106.198","105.739","","0.17%"
"05/29/2024","105.882","106.146","106.464","105.857","","-0.26%"
"05/28/2024","106.154","106.148","106.489","106.080","","0.01%"
"05/27/2024","106.148","105.746","106.231","105.742","","0.33%"
"05/24/2024","105.804","105.661","105.919","105.400","","0.08%"
"05/23/2024","105.720","105.850","106.114","105.595","","-0.12%"
"05/22/2024","105.850","105.822","106.242","105.762","","0.03%"
"05/21/2024","105.822","105.848","106.039","105.690","","-0.02%"
"05/20/2024","105.848","105.809","106.023","105.657","","0.04%"
"05/17/2024","105.809","105.746","105.909","105.386","","0.06%"
"05/16/2024","105.742","105.786","105.967","105.548","","-0.08%"
"05/15/2024","105.823","105.131","105.847","105.048","","0.66%"
"05/14/2024","105.132","104.830","105.163","104.458","","0.29%"
"05/13/2024","104.830","104.625","104.970","104.527","","0.20%"
"05/10/2024","104.625","104.512","104.764","104.411","","0.11%"
"05/09/2024","104.512","104.256","104.539","103.914","","0.18%"
"05/08/2024","104.323","104.384","104.518","104.094","","-0.08%"
"05/07/2024","104.405","104.879","104.970","104.342","","-0.46%"
"05/06/2024","104.891","104.614","105.186","104.535","","0.26%"
"05/03/2024","104.614","104.616","105.323","104.473","","0.00%"
"05/02/2024","104.612","104.510","104.699","104.102","","0.05%"
"05/01/2024","104.560","104.258","104.765","104.077","","0.29%"
"04/30/2024","104.254","104.790","104.875","104.233","","-0.53%"
"04/29/2024","104.807","104.181","104.930","104.081","","0.60%"
"04/26/2024","104.179","104.310","104.595","103.803","","-0.08%"
"04/25/2024","104.261","103.857","104.421","103.732","","0.39%"
"04/24/2024","103.852","103.704","103.915","103.459","","0.14%"
"04/23/2024","103.704","102.958","103.795","102.790","","0.72%"
"04/22/2024","102.958","103.173","103.395","102.530","","-0.21%"
"04/19/2024","103.173","103.895","104.045","103.110","","-0.69%"
"04/18/2024","103.891","104.188","104.288","103.866","","-0.29%"
"04/17/2024","104.191","103.966","104.422","103.911","","0.22%"
"04/16/2024","103.962","103.939","104.309","103.594","","0.02%"
"04/15/2024","103.943","104.051","104.312","103.847","","-0.10%"
"04/12/2024","104.047","104.613","104.715","103.861","","-0.54%"
"04/11/2024","104.613","104.579","104.832","104.261","","0.03%"
"04/10/2024","104.579","105.476","105.747","104.374","","-0.85%"
"04/09/2024","105.471","105.398","105.745","105.226","","0.07%"
"04/08/2024","105.398","105.301","105.455","105.053","","0.09%"
"04/05/2024","105.301","105.399","105.538","104.821","","-0.08%"
"04/04/2024","105.390","105.662","105.787","105.324","","-0.26%"
"04/03/2024","105.666","104.837","105.700","104.741","","0.79%"
"04/02/2024","104.833","104.664","104.913","104.508","","0.16%"
"04/01/2024","104.668","105.299","105.407","104.551","","-0.54%"
"03/29/2024","105.240","105.250","105.437","105.117","","-0.02%"
"03/28/2024","105.259","105.319","105.507","104.944","","-0.06%"
"03/27/2024","105.319","105.229","105.402","105.025","","0.09%"
"03/26/2024","105.221","105.420","105.548","105.139","","-0.18%"
"03/25/2024","105.407","105.316","105.557","105.129","","0.06%"
"03/22/2024","105.345","105.312","105.507","104.871","","0.03%"
"03/21/2024","105.313","106.380","106.435","105.242","","-1.00%"
"03/20/2024","106.380","105.633","106.405","105.484","","0.70%"
"03/19/2024","105.637","105.564","105.737","105.170","","0.08%"
"03/18/2024","105.556","105.542","105.706","105.427","","-0.05%"
"03/15/2024","105.608","105.777","105.853","105.466","","-0.16%"
"03/14/2024","105.777","106.021","106.221","105.561","","-0.21%"
"03/13/2024","106.004","105.908","106.142","105.819","","0.09%"
"03/12/2024","105.904","106.012","106.151","105.516","","-0.10%"
"03/11/2024","106.012","106.446","106.473","105.845","","-0.38%"
"03/08/2024","106.415","105.914","106.621","105.832","","0.47%"
"03/07/2024","105.922","105.511","105.961","105.320","","0.48%"
"03/06/2024","105.419","105.324","105.690","105.188","","0.09%"
"03/05/2024","105.319","105.237","105.574","105.039","","0.08%"
"03/04/2024","105.232","104.850","105.349","104.796","","0.40%"
"03/01/2024","104.817","104.673","104.946","104.407","","0.14%"
"02/29/2024","104.674","105.000","105.135","104.539","","-0.32%"
"02/28/2024","105.008","105.157","105.227","104.642","","-0.15%"
"02/27/2024","105.169","105.117","105.269","104.923","","0.04%"
"02/26/2024","105.129","104.984","105.262","104.876","","0.09%"
"02/23/2024","105.034","104.874","105.315","104.794","","0.14%"
"02/22/2024","104.886","104.813","105.364","104.511","","0.07%"
"02/21/2024","104.814","104.635","104.846","104.509","","0.17%"
"02/20/2024","104.635","104.544","105.045","104.351","","0.06%"
"02/19/2024","104.574","104.631","104.846","104.490","","-0.03%"
"02/16/2024","104.603","104.573","104.827","104.185","","0.03%"
"02/15/2024","104.576","104.339","104.624","104.120","","0.22%"
"02/14/2024","104.343","104.648","104.791","104.066","","-0.29%"
"02/13/2024","104.642","104.789","105.291","104.455","","-0.15%"
"02/12/2024","104.794","104.794","105.040","104.620","","-0.02%"
"02/09/2024","104.819","104.741","104.980","104.589","","0.11%"
"02/08/2024","104.708","104.773","104.893","104.325","","-0.07%"
"02/07/2024","104.781","104.648","104.927","104.519","","0.13%"
"02/06/2024","104.643","104.096","104.674","104.046","","0.55%"
"02/05/2024","104.075","104.859","104.946","103.977","","-0.74%"
"02/02/2024","104.851","105.710","105.903","104.714","","-0.82%"
"02/01/2024","105.714","105.429","105.837","104.747","","0.29%"
"01/31/2024","105.408","105.560","105.877","105.147","","-0.14%"
"01/30/2024","105.561","105.670","105.790","105.055","","-0.09%"
"01/29/2024","105.661","105.542","105.773","105.255","","0.07%"
"01/26/2024","105.588","105.712","106.061","105.380","","-0.11%"
"01/25/2024","105.699","105.794","105.913","105.384","","-0.09%"
"01/24/2024","105.798","105.511","106.192","105.411","","0.35%"
"01/23/2024","105.432","105.618","105.940","105.173","","-0.18%"
"01/22/2024","105.623","105.470","105.838","105.453","","0.07%"
"01/19/2024","105.553","105.676","105.747","105.223","","-0.12%"
"01/18/2024","105.676","105.452","105.719","105.180","","0.22%"
"01/17/2024","105.447","104.966","105.565","104.697","","0.43%"
"01/16/2024","104.996","105.420","105.511","104.831","","-0.40%"
"01/15/2024","105.420","105.641","105.768","105.316","","-0.24%"
"01/12/2024","105.674","105.987","106.218","105.443","","-0.31%"
"01/11/2024","106.007","105.795","106.083","105.410","","0.20%"
"01/10/2024","105.795","105.638","105.846","105.452","","0.16%"
"01/09/2024","105.630","105.852","106.038","105.455","","-0.21%"
"01/08/2024","105.856","105.753","106.030","105.363","","0.12%"
"01/05/2024","105.728","105.575","106.153","104.948","","0.15%"
"01/04/2024","105.567","105.488","105.983","105.404","","0.08%"
"01/03/2024","105.480","105.060","105.604","105.021","","0.38%"
"01/02/2024","105.081","105.964","106.357","105.014","","-0.82%"
"01/01/2024","105.947","105.973","106.147","105.822","","0.00%"
"12/29/2023","105.945","105.897","106.257","105.658","","0.05%"
"12/28/2023","105.897","106.573","106.787","105.726","","-0.63%"
"12/27/2023","106.570","105.775","106.643","105.746","","0.68%"
"12/26/2023","105.850","105.550","105.878","105.492","","0.28%"
"12/25/2023","105.550","105.728","105.882","105.423","","-0.11%"
"12/22/2023","105.666","105.580","105.992","105.443","","0.06%"
"12/21/2023","105.605","105.114","105.691","105.000","","0.47%"
"12/20/2023","105.114","105.809","105.860","104.989","","-0.66%"
"12/19/2023","105.817","105.142","106.060","105.097","","0.63%"
"12/18/2023","105.155","105.264","105.521","104.986","","-0.10%"
"12/15/2023","105.264","106.344","106.443","105.172","","-1.03%"
"12/14/2023","106.361","105.173","106.559","105.100","","1.12%"
"12/13/2023","105.182","104.774","105.327","104.185","","0.39%"
"12/12/2023","104.777","104.657","105.166","104.378","","0.12%"
"12/11/2023","104.656","104.651","104.999","104.488","","-0.03%"
"12/08/2023","104.688","104.910","105.053","104.304","","-0.27%"
"12/07/2023","104.969","104.672","105.131","104.553","","0.28%"
"12/06/2023","104.672","104.964","105.168","104.579","","-0.26%"
"12/05/2023","104.940","105.399","105.463","104.827","","-0.41%"
"12/04/2023","105.373","105.863","105.967","105.133","","-0.44%"
"12/01/2023","105.834","105.262","105.896","105.096","","0.54%"
"11/30/2023","105.262","105.838","105.991","105.101","","-0.53%"
"11/29/2023","105.822","105.832","106.090","105.519","","0.02%"
"11/28/2023","105.806","105.236","105.995","105.064","","0.55%"
"11/27/2023","105.227","104.977","105.416","104.903","","0.16%"
"11/24/2023","105.056","104.434","105.182","104.358","","0.57%"
"11/23/2023","104.459","104.068","104.717","104.039","","0.35%"
"11/22/2023","104.093","104.499","104.590","103.714","","-0.39%"
"11/21/2023","104.499","104.211","104.623","104.143","","0.29%"
"11/20/2023","104.195","103.695","104.337","103.606","","0.43%"
"11/17/2023","103.753","103.244","103.792","103.024","","0.55%"
"11/16/2023","103.185","103.326","103.664","102.983","","-0.11%"
"11/15/2023","103.301","103.719","103.874","103.154","","-0.40%"
"11/14/2023","103.714","102.168","103.750","102.043","","1.51%"
"11/13/2023","102.173","101.802","102.233","101.743","","0.32%"
"11/10/2023","101.843","101.850","102.158","101.479","","0.00%"
"11/09/2023","101.842","102.238","102.530","101.708","","-0.37%"
"11/08/2023","102.225","102.375","102.429","101.912","","-0.15%"
"11/07/2023","102.375","102.731","102.802","102.048","","-0.35%"
"11/06/2023","102.735","102.861","103.444","102.683","","-0.18%"
"11/03/2023","102.919","101.571","103.040","101.420","","1.29%"
"11/02/2023","101.604","101.175","101.772","101.058","","0.42%"
"11/01/2023","101.175","101.227","101.307","100.711","","-0.04%"
"10/31/2023","101.219","101.326","101.572","100.898","","-0.09%"
"10/30/2023","101.313","100.905","101.372","100.629","","0.35%"
"10/27/2023","100.955","100.965","101.264","100.753","","-0.01%"
"10/26/2023","100.965","100.697","101.069","100.437","","0.26%"
"10/25/2023","100.706","100.996","101.227","100.655","","-0.24%"
"10/24/2023","100.947","101.779","102.012","100.884","","-0.83%"
"10/23/2023","101.792","101.123","101.875","100.963","","0.63%"
"10/20/2023","101.152","100.922","101.233","100.467","","0.24%"
"10/19/2023","100.913","101.135","101.324","100.674","","-0.22%"
"10/18/2023","101.135","101.424","101.698","101.062","","-0.26%"
"10/17/2023","101.399","101.631","101.687","100.995","","-0.25%"
"10/16/2023","101.652","101.089","101.679","101.051","","0.50%"
"10/13/2023","101.143","101.479","101.790","100.951","","-0.26%"
"10/12/2023","101.411","102.402","102.593","101.346","","-0.97%"
"10/11/2023","102.401","102.211","102.559","102.026","","0.19%"
"10/10/2023","102.211","101.923","102.265","101.646","","0.30%"
"10/09/2023","101.910","101.633","101.977","101.238","","0.16%"
"10/06/2023","101.745","101.450","101.959","100.826","","0.29%"
"10/05/2023","101.450","101.043","101.491","100.826","","0.46%"
"10/04/2023","100.988","100.482","101.378","100.198","","0.48%"
"10/03/2023","100.507","100.590","100.653","100.245","","-0.04%"
"10/02/2023","100.548","101.311","101.649","100.540","","-0.74%"
"09/29/2023","101.295","101.462","101.928","101.179","","-0.16%"
"09/28/2023","101.453","100.974","101.680","100.819","","0.47%"
"09/27/2023","100.982","101.222","101.313","100.762","","-0.25%"
"09/26/2023","101.238","101.500","101.590","101.167","","-0.28%"
"09/25/2023","101.521","101.612","101.816","101.393","","-0.04%"
"09/22/2023","101.562","102.255","102.255","101.374","","-0.64%"
"09/21/2023","102.221","102.404","102.561","101.607","","-0.14%"
"09/20/2023","102.367","103.244","103.298","102.259","","-0.85%"
"09/19/2023","103.244","103.152","103.395","102.975","","0.09%"
"09/18/2023","103.156","102.902","103.405","102.869","","0.25%"
"09/15/2023","102.901","103.041","103.437","102.880","","-0.13%"
"09/14/2023","103.036","103.560","103.759","102.932","","-0.54%"
"09/13/2023","103.594","103.500","103.777","103.187","","0.10%"
"09/12/2023","103.493","103.717","103.991","103.275","","-0.21%"
"09/11/2023","103.712","103.644","104.127","103.549","","0.19%"
"09/08/2023","103.516","103.736","104.037","103.379","","-0.20%"
"09/07/2023","103.719","104.089","104.123","103.561","","-0.37%"
"09/06/2023","104.102","104.338","104.622","103.829","","-0.23%"
"09/05/2023","104.342","104.407","104.624","103.943","","-0.08%"
"09/04/2023","104.423","104.099","104.590","104.060","","0.29%"
"09/01/2023","104.116","104.827","105.082","104.004","","-0.69%"
"08/31/2023","104.835","105.091","105.254","104.569","","-0.24%"
"08/30/2023","105.087","104.407","105.285","104.280","","0.62%"
"08/29/2023","104.440","104.144","104.539","103.965","","0.28%"
"08/28/2023","104.152","103.972","104.211","103.812","","0.17%"
"08/25/2023","103.980","104.072","104.511","103.744","","-0.08%"
"08/24/2023","104.068","105.063","105.091","103.985","","-0.92%"
"08/23/2023","105.034","105.741","105.886","104.278","","-0.66%"
"08/22/2023","105.733","106.005","106.315","105.556","","-0.25%"
"08/21/2023","105.996","105.898","106.121","105.618","","0.06%"
"08/18/2023","105.931","105.962","106.103","105.422","","-0.05%"
"08/17/2023","105.979","105.959","106.195","105.529","","0.02%"
"08/16/2023","105.959","105.773","106.286","105.602","","0.20%"
"08/15/2023","105.752","105.510","106.161","105.433","","0.23%"
"08/14/2023","105.506","105.180","105.705","104.999","","0.25%"
"08/11/2023","105.247","104.776","105.476","104.672","","0.47%"
"08/10/2023","104.759","105.396","105.982","104.701","","-0.62%"
"08/09/2023","105.413","105.656","105.871","105.341","","-0.23%"
"08/08/2023","105.656","105.831","105.856","105.149","","-0.17%"
"08/07/2023","105.840","105.462","105.877","105.169","","0.38%"
"08/04/2023","105.437","105.215","105.797","105.102","","0.20%"
"08/03/2023","105.223","105.165","105.328","104.423","","0.05%"
"08/02/2023","105.169","105.213","105.708","104.959","","-0.05%"
"08/01/2023","105.217","105.594","105.674","104.908","","-0.34%"
"07/31/2023","105.578","105.687","105.891","105.518","","-0.12%"
"07/28/2023","105.708","105.117","105.974","105.040","","0.55%"
"07/27/2023","105.125","106.042","106.507","105.007","","-0.88%"
"07/26/2023","106.058","105.610","106.291","105.389","","0.42%"
"07/25/2023","105.610","104.935","105.638","104.796","","0.60%"
"07/24/2023","104.976","105.431","105.588","104.714","","-0.42%"
"07/21/2023","105.415","105.612","105.862","105.026","","-0.19%"
"07/20/2023","105.613","106.171","106.382","105.349","","-0.53%"
"07/19/2023","106.171","107.029","107.062","105.584","","-0.76%"
"07/18/2023","106.980","107.305","107.696","106.877","","-0.26%"
"07/17/2023","107.264","107.419","107.631","107.069","","-0.16%"
"07/14/2023","107.439","107.749","107.943","107.414","","-0.31%"
"07/13/2023","107.773","106.449","107.822","106.429","","1.21%"
"07/12/2023","106.482","106.558","106.862","106.170","","-0.08%"
"07/11/2023","106.562","106.135","106.599","105.993","","0.41%"
"07/10/2023","106.127","106.036","106.206","105.338","","0.06%"
"07/07/2023","106.061","105.419","106.177","105.194","","0.58%"
"07/06/2023","105.448","104.636","105.477","104.514","","0.72%"
"07/05/2023","104.690","104.213","104.756","104.138","","0.45%"
"07/04/2023","104.221","104.021","104.468","103.861","","0.21%"
"07/03/2023","104.005","104.155","104.315","103.674","","-0.29%"
"06/30/2023","104.311","103.608","104.425","103.355","","0.73%"
"06/29/2023","103.555","103.657","103.900","103.367","","-0.10%"
"06/28/2023","103.661","104.588","104.596","103.449","","-0.85%"
"06/27/2023","104.547","104.239","104.654","104.152","","0.31%"
"06/26/2023","104.223","104.215","104.578","104.120","","0.00%"
"06/23/2023","104.224","104.442","104.548","104.070","","-0.25%"
"06/22/2023","104.483","104.646","105.241","104.267","","-0.15%"
"06/21/2023","104.637","104.672","105.083","104.063","","-0.04%"
"06/20/2023","104.675","104.782","105.151","104.286","","-0.11%"
"06/19/2023","104.786","105.007","105.163","104.613","","-0.21%"
"06/16/2023","105.007","104.683","105.258","104.625","","0.29%"
"06/15/2023","104.699","103.811","104.775","103.726","","0.88%"
"06/14/2023","103.786","103.725","104.152","103.565","","0.06%"
"06/13/2023","103.721","103.060","103.836","103.015","","0.58%"
"06/12/2023","103.122","103.650","103.895","102.956","","-0.50%"
"06/09/2023","103.638","103.619","103.813","103.350","","0.04%"
"06/08/2023","103.598","102.614","103.660","102.585","","0.95%"
"06/07/2023","102.622","102.512","103.142","102.301","","0.10%"
"06/06/2023","102.517","102.587","102.904","102.316","","-0.13%"
"06/05/2023","102.649","102.666","102.732","102.219","","0.06%"
"06/02/2023","102.592","103.060","103.279","102.496","","-0.49%"
"06/01/2023","103.097","102.866","103.239","102.286","","0.22%"
"05/31/2023","102.867","102.663","102.908","102.099","","0.21%"
"05/30/2023","102.655","102.057","102.880","101.974","","0.59%"
"05/29/2023","102.053","101.931","102.173","101.866","","0.12%"
"05/26/2023","101.935","101.963","102.423","101.763","","-0.01%"
"05/25/2023","101.946","102.220","102.499","101.834","","-0.28%"
"05/24/2023","102.236","102.815","103.187","102.156","","-0.58%"
"05/23/2023","102.832","103.039","103.096","102.483","","-0.19%"
"05/22/2023","103.026","103.204","103.411","102.820","","-0.15%"
"05/19/2023","103.184","102.654","103.475","102.509","","0.51%"
"05/18/2023","102.661","102.912","103.013","102.550","","-0.24%"
"05/17/2023","102.908","102.774","103.118","102.354","","0.15%"
"05/16/2023","102.758","103.023","103.171","102.548","","-0.30%"
"05/15/2023","103.068","102.385","103.096","102.286","","0.64%"
"05/12/2023","102.414","102.715","103.075","102.291","","-0.29%"
"05/11/2023","102.715","103.430","103.591","102.642","","-0.70%"
"05/10/2023","103.439","103.650","103.858","103.303","","-0.20%"
"05/09/2023","103.650","103.190","103.700","103.099","","0.44%"
"05/08/2023","103.198","103.310","103.633","103.145","","-0.04%"
"05/05/2023","103.239","102.737","103.372","102.630","","0.48%"
"05/04/2023","102.749","102.683","103.026","102.598","","-0.02%"
"05/03/2023","102.765","101.910","102.884","101.910","","0.81%"
"05/02/2023","101.935","102.213","102.397","101.750","","-0.27%"
"05/01/2023","102.213","102.725","102.814","102.064","","-0.47%"
"04/28/2023","102.692","102.054","102.947","101.819","","0.56%"
"04/27/2023","102.123","101.922","102.195","101.718","","0.17%"
"04/26/2023","101.947","101.734","102.335","101.685","","0.20%"
"04/25/2023","101.742","102.286","102.516","101.562","","-0.58%"
"04/24/2023","102.331","102.069","102.348","101.750","","0.31%"
"04/21/2023","102.011","102.141","102.244","101.514","","-0.20%"
"04/20/2023","102.211","102.381","102.413","101.931","","-0.14%"
"04/19/2023","102.356","102.041","102.491","101.852","","0.33%"
"04/18/2023","102.016","101.465","102.144","101.389","","0.52%"
"04/17/2023","101.489","101.603","102.030","101.288","","-0.12%"
"04/14/2023","101.607","102.274","102.506","101.519","","-0.66%"
"04/13/2023","102.282","102.327","102.568","102.106","","-0.03%"
"04/12/2023","102.311","101.976","102.442","101.785","","0.33%"
"04/11/2023","101.972","101.518","102.284","101.489","","0.44%"
"04/10/2023","101.522","101.726","102.011","101.215","","-0.14%"
"04/07/2023","101.661","101.817","101.971","101.415","","-0.15%"
"04/06/2023","101.809","102.096","102.278","101.692","","-0.30%"
"04/05/2023","102.112","102.654","102.798","101.875","","-0.52%"
"04/04/2023","102.646","102.058","102.873","101.900","","0.59%"
"04/03/2023","102.041","101.330","102.151","100.935","","0.66%"
"03/31/2023","101.375","101.681","101.991","101.268","","-0.31%"
"03/30/2023","101.694","101.220","101.755","101.105","","0.47%"
"03/29/2023","101.215","101.455","101.790","101.150","","-0.22%"
"03/28/2023","101.435","100.974","101.521","100.946","","0.44%"
"03/27/2023","100.991","100.697","101.182","100.612","","0.28%"
"03/24/2023","100.713","101.104","101.137","100.502","","-0.36%"
"03/23/2023","101.079","101.242","101.540","100.666","","-0.14%"
"03/22/2023","101.225","101.024","101.976","100.920","","0.19%"
"03/21/2023","101.032","101.318","101.392","100.722","","-0.27%"
"03/20/2023","101.306","100.761","101.419","100.381","","0.79%"
"03/17/2023","100.509","100.054","100.691","99.967","","0.46%"
"03/16/2023","100.051","100.048","100.220","99.606","","0.01%"
"03/15/2023","100.045","100.028","100.392","99.521","","0.03%"
"03/14/2023","100.016","100.229","100.591","99.844","","-0.20%"
"03/13/2023","100.220","98.682","100.368","98.682","","1.64%"
"03/10/2023","98.604","97.823","99.217","97.737","","0.81%"
"03/09/2023","97.815","97.072","97.959","96.927","","0.77%"
"03/08/2023","97.068","97.032","97.258","96.660","","0.00%"
"03/07/2023","97.068","98.379","98.712","96.962","","-1.32%"
"03/06/2023","98.362","98.358","98.641","98.169","","-0.03%"
"03/03/2023","98.391","98.357","98.655","97.867","","0.03%"
"03/02/2023","98.357","99.170","99.213","98.240","","-0.81%"
"03/01/2023","99.157","99.352","99.792","98.683","","-0.20%"
"02/28/2023","99.356","99.720","100.306","99.319","","-0.36%"
"02/27/2023","99.712","99.158","99.816","98.862","","0.68%"
"02/24/2023","99.042","99.241","99.690","98.825","","-0.22%"
"02/23/2023","99.265","99.857","99.947","99.071","","-0.52%"
"02/22/2023","99.783","100.346","100.562","99.673","","-0.56%"
"02/21/2023","100.345","99.596","100.649","99.252","","0.76%"
"02/20/2023","99.592","99.736","99.744","99.391","","-0.03%"
"02/17/2023","99.625","99.242","99.753","98.664","","0.40%"
"02/16/2023","99.229","99.550","99.818","99.081","","-0.33%"
"02/15/2023","99.558","100.924","101.012","99.304","","-1.35%"
"02/14/2023","100.920","100.248","101.592","100.182","","0.66%"
"02/13/2023","100.256","99.606","100.425","99.350","","0.78%"
"02/10/2023","99.477","100.072","100.111","99.379","","-0.58%"
"02/09/2023","100.059","99.782","100.600","99.654","","0.28%"
"02/08/2023","99.781","99.809","100.011","99.518","","-0.06%"
"02/07/2023","99.842","99.499","100.244","98.973","","0.39%"
"02/06/2023","99.457","99.026","99.867","98.927","","0.34%"
"02/03/2023","99.124","100.298","100.566","99.066","","-1.17%"
"02/02/2023","100.298","101.200","101.848","100.280","","-0.89%"
"02/01/2023","101.200","100.731","101.343","100.333","","0.45%"
"01/31/2023","100.743","100.691","101.140","100.485","","0.04%"
"01/30/2023","100.704","101.071","101.331","100.574","","-0.36%"
"01/27/2023","101.071","101.053","101.178","100.682","","0.02%"
"01/26/2023","101.049","101.096","101.265","100.602","","-0.05%"
"01/25/2023","101.096","100.612","101.160","100.267","105.04K","0.45%"
"01/24/2023","100.645","100.848","101.232","100.108","104.25K","-0.20%"
"01/23/2023","100.851","100.449","101.161","100.323","107.93K","0.45%"
"01/20/2023","100.396","100.667","100.744","100.075","152.60K","-0.27%"
"01/19/2023","100.663","100.593","100.736","100.149","177.73K","0.09%"
"01/18/2023","100.569","100.330","101.004","100.032","171.75K","0.24%"
"01/17/2023","100.330","99.628","100.369","99.440","170.49K","0.77%"
"01/16/2023","99.563","99.298","99.908","99.274","123.07K","0.15%"
"01/13/2023","99.416","99.036","99.679","98.871","171.80K","0.39%"
"01/12/2023","99.028","99.163","99.683","98.426","139.11K","-0.12%"
"01/11/2023","99.146","99.225","99.553","98.861","141.65K","-0.09%"
"01/10/2023","99.237","100.178","100.252","99.042","180.99K","-0.90%"
"01/09/2023","100.137","99.504","100.350","99.446","149.12K","0.64%"
"01/06/2023","99.504","98.405","99.802","97.939","171.66K","1.17%"
"01/05/2023","98.355","99.651","99.854","98.042","142.16K","-1.30%"
"01/04/2023","99.655","99.058","100.101","98.954","187.89K","0.61%"
"01/03/2023","99.046","99.708","100.010","98.631","165.42K","-0.67%"
"01/02/2023","99.712","100.100","100.121","99.594","20.94K","-0.40%"
"12/30/2022","100.113","99.875","100.146","99.310","144.89K","0.31%"
"12/29/2022","99.800","99.445","100.095","99.436","122.51K","0.34%"
"12/28/2022","99.465","99.625","100.397","99.368","112.68K","-0.13%"
"12/27/2022","99.593","99.719","100.287","99.493","122.21K","-0.14%"
"12/26/2022","99.731","99.713","100.019","99.611","9.96K","-0.11%"
"12/23/2022","99.845","99.948","100.125","99.556","146.89K","-0.10%"
"12/22/2022","99.948","100.108","100.507","99.410","150.14K","-0.21%"
"12/21/2022","100.163","100.640","100.827","99.933","143.99K","-0.48%"
"12/20/2022","100.643","100.502","101.056","100.047","173.87K","0.19%"
"12/19/2022","100.448","100.522","101.243","100.190","146.32K","-0.01%"
"12/16/2022","100.459","100.913","101.303","100.387","134.31K","-0.45%"
"12/15/2022","100.909","102.509","102.563","100.722","150.70K","-1.54%"
"12/14/2022","102.484","101.842","102.863","101.693","173.67K","0.66%"
"12/13/2022","101.817","101.440","102.735","101.284","146.13K","0.39%"
"12/12/2022","101.424","100.952","101.642","100.655","131.89K","0.40%"
"12/09/2022","101.022","100.678","101.662","100.504","148.52K","0.34%"
"12/08/2022","100.682","100.321","100.800","100.121","178.73K","0.37%"
"12/07/2022","100.313","100.114","100.698","99.864","186.43K","0.18%"
"12/06/2022","100.131","99.796","101.148","99.746","161.15K","0.29%"
"12/05/2022","99.837","99.895","100.754","99.482","169.49K","-0.26%"
"12/02/2022","100.099","99.425","100.176","98.631","154.07K","0.78%"
"12/01/2022","99.328","98.105","99.887","97.896","177.37K","1.23%"
"11/30/2022","98.117","97.552","98.373","96.869","192.96K","0.55%"
"11/29/2022","97.584","97.650","98.550","97.494","137.81K","-0.04%"
"11/28/2022","97.621","98.693","98.958","97.500","132.11K","-1.23%"
"11/25/2022","98.832","98.885","98.983","98.477","116.14K","-0.05%"
"11/24/2022","98.885","98.397","99.218","98.344","152.55K","0.49%"
"11/23/2022","98.401","97.127","98.766","97.042","134.74K","1.32%"
"11/22/2022","97.123","96.643","97.207","96.578","143.04K","0.51%"
"11/21/2022","96.631","97.072","97.182","96.185","152.67K","-0.44%"
"11/18/2022","97.059","96.735","97.641","96.660","166.12K","0.33%"
"11/17/2022","96.739","97.097","97.451","96.180","160.73K","-0.33%"
"11/16/2022","97.060","96.219","97.191","95.961","170.40K","0.92%"
"11/15/2022","96.174","95.198","97.099","95.081","181.74K","1.03%"
"11/14/2022","95.198","95.036","96.021","94.730","161.88K","-0.10%"
"11/11/2022","95.294","94.478","95.446","93.918","178.33K","0.87%"
"11/10/2022","94.470","92.403","94.615","92.346","174.78K","2.23%"
"11/09/2022","92.407","93.933","94.220","92.143","163.49K","-1.59%"
"11/08/2022","93.896","94.214","94.417","93.197","157.16K","-0.35%"
"11/07/2022","94.222","92.673","94.510","92.660","158.44K","1.02%"
"11/04/2022","93.275","92.386","93.320","91.733","164.61K","0.95%"
"11/03/2022","92.394","94.290","94.659","92.258","148.02K","-1.98%"
"11/02/2022","94.257","94.935","95.697","94.216","136.58K","-0.71%"
"11/01/2022","94.935","94.953","95.551","94.502","136.17K","-0.02%"
"10/31/2022","94.953","95.502","95.798","94.840","140.68K","-0.61%"
"10/28/2022","95.539","95.271","95.633","94.854","148.38K","0.25%"
"10/27/2022","95.296","95.185","95.757","95.111","177.92K","0.03%"
"10/26/2022","95.271","94.703","95.806","94.306","158.46K","0.64%"
"10/25/2022","94.666","93.363","94.890","93.249","148.99K","1.43%"
"10/24/2022","93.330","93.751","94.180","93.181","167.14K","0.03%"
"10/21/2022","93.305","93.054","93.440","91.861","156.39K","0.20%"
"10/20/2022","93.120","93.174","93.622","92.465","187.29K","-0.02%"
"10/19/2022","93.137","93.162","93.671","92.637","168.37K","-0.03%"
"10/18/2022","93.162","93.342","93.716","92.722","186.66K","-0.23%"
"10/17/2022","93.379","92.062","93.969","92.057","164.25K","1.48%"
"10/14/2022","92.017","93.128","93.447","91.774","196.30K","-1.17%"
"10/13/2022","93.111","91.257","93.661","91.098","166.13K","2.10%"
"10/12/2022","91.196","90.233","91.500","89.935","184.36K","1.07%"
"10/11/2022","90.229","91.089","91.938","90.075","176.77K","-0.94%"
"10/10/2022","91.085","91.808","92.048","90.785","185.59K","-0.81%"
"10/07/2022","91.828","91.630","92.422","91.329","161.26K","0.22%"
"10/06/2022","91.627","92.492","92.953","91.236","179.78K","-0.94%"
"10/05/2022","92.492","93.505","93.615","91.655","177.29K","-1.07%"
"10/04/2022","93.497","92.301","93.600","92.012","167.08K","1.31%"
"10/03/2022","92.292","90.982","92.411","90.566","175.63K","1.43%"
"09/30/2022","90.995","90.575","91.662","89.804","175.59K","0.45%"
"09/29/2022","90.591","88.646","90.623","87.876","177.55K","2.16%"
"09/28/2022","88.679","87.702","89.096","86.327","193.85K","1.10%"
"09/27/2022","87.714","87.225","88.409","86.955","193.24K","0.55%"
"09/26/2022","87.233","88.227","89.093","84.376","186.93K","-1.13%"
"09/23/2022","88.227","91.268","91.398","87.991","163.68K","-3.30%"
"09/22/2022","91.235","90.072","91.956","89.681","176.93K","1.28%"
"09/21/2022","90.084","90.785","90.941","89.925","139.69K","-0.77%"
"09/20/2022","90.785","91.128","91.367","90.586","129.68K","-0.39%"
"09/19/2022","91.140","90.992","91.203","90.548","103.33K","0.19%"
"09/16/2022","90.968","91.555","91.683","90.549","137.77K","-0.64%"
"09/15/2022","91.554","91.672","91.951","91.456","128.86K","-0.12%"
"09/14/2022","91.664","91.487","92.058","91.348","148.97K","0.19%"
"09/13/2022","91.487","92.719","92.960","91.453","135.85K","-1.31%"
"09/12/2022","92.703","92.372","93.078","92.364","103.86K","0.42%"
"09/09/2022","92.312","91.679","92.618","91.615","143.47K","0.69%"
"09/08/2022","91.675","91.813","92.119","91.387","147.04K","-0.18%"
"09/07/2022","91.836","92.039","92.079","91.042","144.26K","-0.19%"
"09/06/2022","92.015","91.899","92.752","91.760","169.54K","0.15%"
"09/05/2022","91.879","91.828","91.954","91.342","125.33K","0.14%"
"09/02/2022","91.752","92.007","92.512","91.643","129.37K","-0.29%"
"09/01/2022","92.023","92.416","92.452","91.636","151.40K","-0.43%"
"08/31/2022","92.420","92.822","93.077","92.237","134.92K","-0.49%"
"08/30/2022","92.878","93.643","93.779","92.563","152.20K","-0.82%"
"08/29/2022","93.643","93.958","93.998","93.164","105.22K","-0.34%"
"08/26/2022","93.958","94.526","94.939","93.816","103.28K","-0.59%"
"08/25/2022","94.518","94.177","94.758","94.025","139.14K","0.36%"
"08/24/2022","94.177","94.559","94.566","93.809","118.00K","-0.34%"
"08/23/2022","94.495","94.045","94.775","93.595","132.29K","0.56%"
"08/22/2022","93.965","94.503","94.623","93.796","140.64K","-0.61%"
"08/19/2022","94.543","95.150","95.250","94.236","144.51K","-0.66%"
"08/18/2022","95.170","95.617","96.258","95.048","143.45K","-0.47%"
"08/17/2022","95.617","95.860","96.324","95.523","128.47K","-0.25%"
"08/16/2022","95.860","95.900","96.114","95.292","126.19K","-0.04%"
"08/15/2022","95.900","96.615","96.747","95.839","103.37K","-0.76%"
"08/12/2022","96.633","97.165","97.342","96.399","148.91K","-0.59%"
"08/11/2022","97.205","96.717","97.433","96.419","145.68K","0.52%"
"08/10/2022","96.706","96.104","97.178","95.911","172.60K","0.59%"
"08/09/2022","96.140","96.151","96.510","95.986","145.03K","-0.01%"
"08/08/2022","96.151","95.813","96.543","95.603","117.16K","0.35%"
"08/05/2022","95.813","96.265","96.402","95.352","138.39K","-0.50%"
"08/04/2022","96.296","96.081","97.202","95.755","142.87K","0.21%"
"08/03/2022","96.093","95.689","96.654","95.418","136.34K","0.43%"
"08/02/2022","95.677","96.709","96.969","95.559","156.97K","-1.10%"
"08/01/2022","96.740","96.530","97.068","96.360","139.10K","0.20%"
"07/29/2022","96.550","96.927","97.216","95.761","137.23K","-0.45%"
"07/28/2022","96.987","97.010","97.334","96.413","155.26K","-0.09%"
"07/27/2022","97.074","96.074","97.330","96.002","122.26K","1.07%"
"07/26/2022","96.050","96.005","96.398","95.477","129.95K","0.04%"
"07/25/2022","96.013","95.846","96.421","95.487","133.68K","0.17%"
"07/22/2022","95.846","95.806","96.322","95.213","121.81K","0.04%"
"07/21/2022","95.806","95.742","96.063","94.967","145.64K","0.03%"
"07/20/2022","95.774","95.814","96.260","95.636","140.28K","-0.02%"
"07/19/2022","95.794","95.658","96.231","95.375","128.13K","0.16%"
"07/18/2022","95.638","94.761","96.246","94.637","122.88K","1.12%"
"07/15/2022","94.578","94.480","94.724","94.249","137.01K","0.09%"
"07/14/2022","94.492","94.748","94.891","94.128","150.68K","-0.26%"
"07/13/2022","94.739","94.460","95.322","94.350","143.15K","0.30%"
"07/12/2022","94.460","94.417","94.715","94.000","140.96K","0.00%"
"07/11/2022","94.457","95.378","95.473","94.361","129.53K","-0.97%"
"07/08/2022","95.378","95.204","95.576","94.515","155.18K","0.20%"
"07/07/2022","95.192","94.324","95.256","94.130","155.25K","0.99%"
"07/06/2022","94.257","94.829","95.098","93.917","165.19K","-0.60%"
"07/05/2022","94.829","95.579","95.896","94.344","153.91K","-0.76%"
"07/04/2022","95.560","95.577","96.016","95.442","119.45K","0.06%"
"07/01/2022","95.506","96.160","96.206","94.567","119.73K","-0.68%"
"06/30/2022","96.156","95.737","96.376","95.532","133.59K","0.44%"
"06/29/2022","95.737","96.240","96.495","95.606","145.63K","-0.53%"
"06/28/2022","96.244","96.207","96.820","96.167","155.25K","0.03%"
"06/27/2022","96.211","95.972","96.596","95.947","129.31K","0.25%"
"06/24/2022","95.972","95.806","96.434","95.686","117.00K","0.16%"
"06/23/2022","95.822","95.915","96.127","95.313","160.56K","-0.09%"
"06/22/2022","95.911","95.912","96.357","95.156","121.58K","-0.02%"
"06/21/2022","95.928","95.515","96.238","95.390","112.86K","0.47%"
"06/20/2022","95.476","95.296","95.738","95.085","111.35K","0.19%"
"06/17/2022","95.296","96.336","96.462","95.048","165.37K","-1.07%"
"06/16/2022","96.329","95.209","96.729","94.023","180.03K","1.17%"
"06/15/2022","95.212","93.587","95.416","93.509","144.71K","1.71%"
"06/14/2022","93.611","94.787","95.227","93.108","141.14K","-1.19%"
"06/13/2022","94.740","96.324","96.332","94.556","118.84K","-1.56%"
"06/10/2022","96.242","97.234","97.451","96.044","115.48K","-1.00%"
"06/09/2022","97.214","97.455","97.739","97.160","107.63K","-0.25%"
"06/08/2022","97.455","97.803","97.849","97.254","107.92K","-0.33%"
"06/07/2022","97.779","97.516","97.867","96.579","113.50K","0.26%"
"06/06/2022","97.524","96.980","97.694","96.863","103.45K","0.60%"
"06/03/2022","96.941","97.364","97.687","96.891","74.71K","-0.42%"
"06/02/2022","97.352","96.865","97.515","96.741","86.90K","0.49%"
"06/01/2022","96.880","97.804","97.913","96.645","104.28K","-0.93%"
"05/31/2022","97.789","98.137","98.160","97.564","118.02K","-0.34%"
"05/30/2022","98.121","97.938","98.202","97.798","89.16K","0.18%"
"05/27/2022","97.946","97.814","98.311","97.638","111.85K","0.16%"
"05/26/2022","97.791","97.425","97.996","97.387","124.07K","0.38%"
"05/25/2022","97.425","97.088","97.627","96.791","139.20K","0.35%"
"05/24/2022","97.088","97.633","97.808","96.753","128.85K","-0.55%"
"05/23/2022","97.621","97.168","97.731","97.145","112.43K","0.39%"
"05/20/2022","97.238","96.475","97.320","96.320","124.18K","0.79%"
"05/19/2022","96.475","96.018","97.051","95.864","141.39K","0.47%"
"05/18/2022","96.025","96.795","96.896","95.880","128.21K","-0.78%"
"05/17/2022","96.784","95.867","96.890","95.742","132.50K","0.94%"
"05/16/2022","95.883","94.805","95.976","94.792","120.63K","0.91%"
"05/13/2022","95.014","94.475","95.045","94.265","124.69K","0.57%"
"05/12/2022","94.479","94.931","94.935","94.233","159.41K","-0.40%"
"05/11/2022","94.857","95.176","95.770","94.662","137.05K","-0.33%"
"05/10/2022","95.172","95.407","95.745","94.996","142.78K","-0.25%"
"05/09/2022","95.414","94.958","95.992","94.605","111.02K","0.45%"
"05/06/2022","94.984","94.607","95.196","94.320","143.23K","0.39%"
"05/05/2022","94.618","96.292","96.399","94.314","140.36K","-1.74%"
"05/04/2022","96.292","95.595","96.422","94.980","113.93K","0.74%"
"05/03/2022","95.584","95.557","96.210","95.459","103.57K","0.03%"
"05/02/2022","95.553","96.334","96.427","95.392","75.20K","-0.70%"
"04/29/2022","96.227","95.512","96.557","95.447","125.46K","0.75%"
"04/28/2022","95.512","96.212","96.235","95.168","110.44K","-0.69%"
"04/27/2022","96.174","96.425","96.671","95.816","106.56K","-0.27%"
"04/26/2022","96.433","97.792","97.938","96.387","123.86K","-1.39%"
"04/25/2022","97.788","98.358","98.366","97.439","134.05K","-0.41%"
"04/22/2022","98.187","99.374","99.454","98.072","116.08K","-1.18%"
"04/21/2022","99.355","99.672","99.726","99.238","146.29K","-0.31%"
"04/20/2022","99.668","99.367","99.787","99.238","124.53K","0.30%"
"04/19/2022","99.371","99.299","99.782","99.072","106.04K","0.11%"
"04/18/2022","99.261","99.690","99.735","99.160","77.26K","-0.43%"
"04/15/2022","99.690","99.687","99.820","99.557","129.90K","0.00%"
"04/14/2022","99.687","99.842","100.139","99.335","115.85K","-0.16%"
"04/13/2022","99.849","98.891","99.864","98.868","116.29K","0.95%"
"04/12/2022","98.910","98.822","99.387","98.610","97.16K","0.11%"
"04/11/2022","98.799","99.075","99.215","98.623","82.40K","-0.20%"
"04/08/2022","98.995","99.272","99.362","98.623","93.94K","-0.26%"
"04/07/2022","99.252","99.256","99.508","99.087","92.75K","-0.01%"
"04/06/2022","99.263","98.731","99.515","98.472","104.32K","0.63%"
"04/05/2022","98.644","98.954","99.193","98.556","89.77K","-0.31%"
"04/04/2022","98.954","99.660","99.706","98.794","102.32K","-0.71%"
"04/01/2022","99.660","99.750","99.908","99.384","145.17K","-0.08%"
"03/31/2022","99.738","99.575","99.995","99.225","103.33K","0.16%"
"03/30/2022","99.578","99.017","99.945","98.994","108.86K","0.52%"
"03/29/2022","99.063","99.568","99.794","98.733","122.68K","-0.51%"
"03/28/2022","99.568","100.616","100.628","99.373","96.86K","-0.98%"
"03/25/2022","100.555","100.685","100.839","100.238","97.30K","-0.07%"
"03/24/2022","100.624","101.062","101.135","100.356","93.94K","-0.43%"
"03/23/2022","101.058","101.006","101.251","100.695","96.50K","0.05%"
"03/22/2022","101.005","100.468","101.029","100.078","109.78K","0.54%"
"03/21/2022","100.460","100.269","100.712","99.983","84.55K","0.22%"
"03/18/2022","100.238","99.850","100.395","99.796","90.49K","0.40%"
"03/17/2022","99.842","100.203","100.378","99.238","120.91K","-0.36%"
"03/16/2022","100.200","99.667","100.314","99.371","129.68K","0.55%"
"03/15/2022","99.652","99.401","100.032","99.389","128.85K","0.25%"
"03/14/2022","99.401","99.755","100.152","99.385","104.27K","-0.35%"
"03/11/2022","99.755","99.867","100.399","99.663","132.11K","-0.10%"
"03/10/2022","99.856","100.642","100.744","99.814","132.28K","-0.82%"
"03/09/2022","100.679","100.773","101.016","100.435","136.50K","-0.10%"
"03/08/2022","100.784","100.868","101.400","100.595","140.84K","-0.09%"
"03/07/2022","100.872","101.087","101.802","100.713","143.15K","-0.21%"
"03/04/2022","101.087","101.390","101.656","100.912","131.38K","-0.33%"
"03/03/2022","101.421","101.405","101.794","101.163","121.58K","0.02%"
"03/02/2022","101.405","100.964","101.424","100.515","113.11K","0.41%"
"03/01/2022","100.987","101.356","101.610","100.835","124.02K","-0.36%"
"02/28/2022","101.356","100.653","101.471","99.936","125.24K","0.70%"
"02/25/2022","100.653","101.158","101.229","100.438","110.83K","-0.49%"
"02/24/2022","101.150","101.093","101.714","100.454","147.32K","0.06%"
"02/23/2022","101.093","101.378","101.643","101.022","100.14K","-0.30%"
"02/22/2022","101.396","101.379","101.861","101.094","111.65K","0.04%"
"02/21/2022","101.352","101.537","101.756","101.288","80.47K","-0.16%"
"02/18/2022","101.515","102.248","102.297","101.278","103.75K","-0.75%"
"02/17/2022","102.278","101.966","102.359","101.783","116.04K","0.31%"
"02/16/2022","101.959","101.759","102.113","101.620","108.71K","0.19%"
"02/15/2022","101.767","102.365","102.563","101.524","101.81K","-0.61%"
"02/14/2022","102.387","102.187","102.521","101.950","104.77K","0.20%"
"02/11/2022","102.187","101.792","102.590","101.628","119.58K","0.37%"
"02/10/2022","101.812","101.246","102.476","101.177","109.58K","0.56%"
"02/09/2022","101.246","101.184","101.666","101.134","89.20K","0.06%"
"02/08/2022","101.188","101.065","101.362","100.833","114.96K","0.13%"
"02/07/2022","101.054","100.998","101.196","100.780","104.90K","0.06%"
"02/04/2022","100.998","101.509","101.788","100.929","116.65K","-0.50%"
"02/03/2022","101.501","101.587","102.087","101.285","111.56K","-0.11%"
"02/02/2022","101.610","101.034","101.649","100.930","80.14K","0.53%"
"02/01/2022","101.075","100.255","101.160","100.077","85.82K","0.81%"
"01/31/2022","100.267","100.558","100.719","100.029","87.25K","-0.33%"
"01/28/2022","100.604","100.638","100.841","100.174","103.91K","-0.08%"
"01/27/2022","100.683","100.860","101.140","100.451","104.95K","-0.16%"
"01/26/2022","100.842","100.948","101.345","100.696","97.64K","-0.15%"
"01/25/2022","100.993","100.670","101.099","100.463","125.86K","0.32%"
"01/24/2022","100.670","100.869","101.178","100.362","123.41K","-0.20%"
"01/21/2022","100.869","101.277","101.415","100.661","97.34K","-0.39%"
"01/20/2022","101.269","101.349","101.622","101.088","101.20K","-0.05%"
"01/19/2022","101.319","101.375","101.673","101.207","122.91K","-0.06%"
"01/18/2022","101.375","101.336","101.721","101.201","137.03K","0.04%"
"01/17/2022","101.336","101.409","101.762","101.291","96.62K","-0.07%"
"01/14/2022","101.409","101.391","101.956","101.148","99.05K","0.02%"
"01/13/2022","101.391","101.099","101.660","101.095","92.83K","0.26%"
"01/12/2022","101.125","100.628","101.227","100.588","78.66K","0.47%"
"01/11/2022","100.651","100.500","100.702","100.205","77.35K","0.14%"
"01/10/2022","100.515","100.932","101.006","100.303","75.30K","-0.41%"
"01/07/2022","100.932","100.654","101.003","100.508","66.99K","0.28%"
"01/06/2022","100.654","100.705","100.968","100.363","97.79K","-0.05%"
"01/05/2022","100.701","100.869","101.028","100.558","63.91K","-0.14%"
"01/04/2022","100.839","100.242","101.060","100.170","67.00K","0.60%"
"01/03/2022","100.239","100.787","100.877","99.821","48.28K","-0.54%"
"12/31/2021","100.787","100.431","100.965","100.114","69.46K","0.35%"
"12/30/2021","100.431","100.591","100.718","100.075","58.13K","-0.16%"
"12/29/2021","100.588","100.387","100.677","100.187","63.02K","0.20%"
"12/28/2021","100.387","100.766","100.807","100.191","61.86K","-0.40%"
"12/27/2021","100.792","100.407","100.841","100.386","44.83K","0.38%"
"12/24/2021","100.407","100.585","100.830","100.385","95.09K","-0.21%"
"12/23/2021","100.619","100.769","101.060","100.479","78.49K","-0.13%"
"12/22/2021","100.747","100.400","100.857","100.012","74.91K","0.30%"
"12/21/2021","100.450","100.017","100.476","99.636","96.83K","0.43%"
"12/20/2021","100.020","100.691","100.769","99.959","96.17K","-0.61%"
"12/17/2021","100.638","101.497","101.671","100.562","102.48K","-0.83%"
"12/16/2021","101.485","101.239","101.940","100.907","95.19K","0.20%"
"12/15/2021","101.281","100.687","101.357","100.562","105.61K","0.59%"
"12/14/2021","100.684","100.157","100.687","100.015","103.70K","0.53%"
"12/13/2021","100.157","100.227","100.534","100.066","102.25K","-0.33%"
"12/10/2021","100.493","99.942","100.526","99.822","105.70K","0.54%"
"12/09/2021","99.950","99.545","99.965","99.454","121.53K","0.36%"
"12/08/2021","99.590","99.867","100.161","99.413","147.97K","-0.28%"
"12/07/2021","99.871","100.012","100.252","99.647","140.70K","-0.14%"
"12/06/2021","100.015","99.653","100.242","99.450","130.83K","0.45%"
"12/03/2021","99.566","99.799","100.022","99.439","100.13K","-0.23%"
"12/02/2021","99.799","99.613","100.063","99.496","108.15K","0.17%"
"12/01/2021","99.629","99.875","99.996","99.330","135.30K","-0.24%"
"11/30/2021","99.872","99.926","100.507","99.203","155.94K","-0.05%"
"11/29/2021","99.922","100.152","100.380","99.739","101.03K","-0.20%"
"11/26/2021","100.125","99.237","100.351","99.077","144.30K","0.88%"
"11/25/2021","99.252","99.457","99.591","99.079","116.86K","-0.20%"
"11/24/2021","99.453","99.596","99.702","99.283","108.84K","-0.14%"
"11/23/2021","99.596","99.719","99.933","99.312","136.65K","-0.14%"
"11/22/2021","99.734","100.042","100.104","99.588","154.74K","-0.30%"
"11/19/2021","100.030","100.048","100.303","99.551","89.05K","-0.05%"
"11/18/2021","100.082","100.125","100.345","99.957","121.52K","-0.03%"
"11/17/2021","100.111","100.004","100.322","99.663","127.58K","0.12%"
"11/16/2021","99.989","99.874","100.255","99.780","116.16K","0.14%"
"11/15/2021","99.851","99.796","100.063","99.663","102.50K","0.11%"
"11/12/2021","99.737","99.379","99.905","99.219","87.12K","0.36%"
"11/11/2021","99.379","99.757","100.044","99.253","95.64K","-0.37%"
"11/10/2021","99.746","100.566","100.737","99.699","106.27K","-0.80%"
"11/09/2021","100.552","100.237","100.751","100.145","95.07K","0.31%"
"11/08/2021","100.245","100.140","100.465","99.636","92.52K","0.11%"
"11/05/2021","100.136","100.636","100.647","99.754","139.17K","-0.50%"
"11/04/2021","100.636","101.895","101.969","100.411","193.42K","-1.24%"
"11/03/2021","101.895","101.712","102.039","101.352","190.33K","0.19%"
"11/02/2021","101.705","102.332","102.399","101.453","175.63K","-0.55%"
"11/01/2021","102.265","102.530","102.665","102.175","138.44K","-0.33%"
"10/29/2021","102.608","103.133","103.429","102.489","176.16K","-0.50%"
"10/28/2021","103.125","103.212","103.309","102.770","186.60K","-0.08%"
"10/27/2021","103.212","103.180","103.390","102.826","161.10K","0.03%"
"10/26/2021","103.180","103.294","103.645","103.019","147.35K","-0.12%"
"10/25/2021","103.302","103.161","103.540","103.109","142.37K","0.15%"
"10/22/2021","103.146","103.287","103.440","102.875","99.44K","-0.14%"
"10/21/2021","103.294","103.417","103.577","103.076","80.74K","-0.12%"
"10/20/2021","103.421","103.613","103.837","102.905","78.75K","-0.20%"
"10/19/2021","103.632","103.248","103.869","103.162","71.58K","0.38%"
"10/18/2021","103.241","103.192","103.535","103.010","76.32K","0.06%"
"10/15/2021","103.182","102.545","103.266","102.496","79.59K","0.61%"
"10/14/2021","102.556","102.846","103.336","102.499","70.43K","-0.31%"
"10/13/2021","102.872","102.573","102.920","102.414","108.26K","0.29%"
"10/12/2021","102.572","102.540","103.023","102.233","83.67K","0.05%"
"10/11/2021","102.521","102.277","102.976","102.254","79.08K","0.24%"
"10/08/2021","102.277","101.893","102.377","101.844","74.50K","0.37%"
"10/07/2021","101.905","101.533","102.105","101.403","89.74K","0.34%"
"10/06/2021","101.559","101.647","101.913","101.322","103.01K","-0.08%"
"10/05/2021","101.640","101.522","101.706","101.221","112.48K","0.11%"
"10/04/2021","101.525","100.455","101.561","100.351","79.19K","1.07%"
"10/01/2021","100.451","99.922","100.714","99.715","89.70K","0.51%"
"09/30/2021","99.937","99.738","100.267","99.671","107.66K","0.18%"
"09/29/2021","99.756","100.434","100.547","99.645","98.03K","-0.68%"
"09/28/2021","100.437","101.114","101.453","100.293","108.14K","-0.68%"
"09/27/2021","101.126","100.990","101.410","100.576","77.40K","0.18%"
"09/24/2021","100.946","101.271","101.434","100.828","71.96K","-0.30%"
"09/23/2021","101.253","100.605","101.426","100.500","90.36K","0.65%"
"09/22/2021","100.602","100.721","101.073","100.474","97.45K","-0.14%"
"09/21/2021","100.743","100.602","100.864","100.518","85.00K","0.14%"
"09/20/2021","100.606","101.302","101.364","100.462","78.03K","-0.60%"
"09/17/2021","101.218","101.475","101.577","101.093","68.64K","-0.23%"
"09/16/2021","101.456","101.641","101.764","101.280","86.17K","-0.17%"
"09/15/2021","101.630","101.695","101.968","101.465","77.33K","-0.08%"
"09/14/2021","101.713","101.774","102.355","101.651","85.89K","-0.09%"
"09/13/2021","101.800","101.780","102.062","101.566","71.45K","0.03%"
"09/10/2021","101.765","101.772","101.986","101.655","88.50K","0.00%"
"09/09/2021","101.765","101.617","101.964","101.390","83.82K","0.13%"
"09/08/2021","101.628","101.233","101.809","101.093","96.22K","0.36%"
"09/07/2021","101.262","101.112","101.559","101.075","95.12K","0.15%"
"09/06/2021","101.112","101.196","101.265","100.987","57.74K","-0.11%"
"09/03/2021","101.221","100.989","101.411","100.891","80.09K","0.23%"
"09/02/2021","100.989","100.559","101.044","100.483","74.24K","0.47%"
"09/01/2021","100.515","100.330","100.765","100.160","83.12K","0.16%"
"08/31/2021","100.351","100.866","101.119","100.249","73.03K","-0.50%"
"08/30/2021","100.858","101.087","101.315","100.665","49.98K","-0.23%"
"08/27/2021","101.095","101.578","101.718","100.766","104.00K","-0.50%"
"08/26/2021","101.600","101.997","102.175","101.493","70.68K","-0.39%"
"08/25/2021","101.997","101.782","102.182","101.651","57.51K","0.21%"
"08/24/2021","101.782","101.691","101.927","101.541","47.47K","0.07%"
"08/23/2021","101.706","101.364","101.814","101.212","59.51K","0.41%"
"08/20/2021","101.286","101.473","101.525","101.172","82.11K","-0.17%"
"08/19/2021","101.455","102.201","102.209","101.395","84.15K","-0.73%"
"08/18/2021","102.201","102.199","102.397","102.003","68.27K","0.01%"
"08/17/2021","102.191","102.726","102.759","102.083","65.16K","-0.54%"
"08/16/2021","102.741","102.744","103.011","102.611","68.66K","-0.19%"
"08/13/2021","102.937","102.600","103.019","102.422","61.05K","0.32%"
"08/12/2021","102.607","103.028","103.137","102.510","71.48K","-0.41%"
"08/11/2021","103.032","103.055","103.140","102.725","67.28K","-0.02%"
"08/10/2021","103.055","103.136","103.311","102.906","109.47K","-0.08%"
"08/09/2021","103.136","103.048","103.237","102.851","63.48K","0.14%"
"08/06/2021","102.996","103.222","103.349","102.838","63.64K","-0.22%"
"08/05/2021","103.222","103.023","103.412","102.947","74.68K","0.18%"
"08/04/2021","103.038","103.328","103.506","102.993","73.14K","-0.28%"
"08/03/2021","103.328","103.229","103.498","103.089","72.67K","0.10%"
"08/02/2021","103.229","103.345","103.613","103.169","65.02K","-0.13%"
"07/30/2021","103.360","103.661","104.082","103.245","79.29K","-0.30%"
"07/29/2021","103.673","103.555","103.848","103.372","86.48K","0.11%"
"07/28/2021","103.555","103.419","103.641","103.066","89.63K","0.15%"
"07/27/2021","103.397","102.723","103.524","102.561","79.32K","0.66%"
"07/26/2021","102.723","102.367","102.874","102.257","65.93K","0.42%"
"07/23/2021","102.293","102.502","102.628","102.113","75.42K","-0.21%"
"07/22/2021","102.506","102.162","102.611","101.928","90.19K","0.35%"
"07/21/2021","102.147","101.584","102.236","101.363","81.09K","0.56%"
"07/20/2021","101.577","102.390","102.593","101.380","110.50K","-0.77%"
"07/19/2021","102.364","102.864","102.980","102.214","111.64K","-0.35%"
"07/16/2021","102.723","103.102","103.375","102.660","96.12K","-0.37%"
"07/15/2021","103.102","103.201","103.536","102.913","92.12K","-0.11%"
"07/14/2021","103.215","103.053","103.548","102.981","81.68K","0.16%"
"07/13/2021","103.053","103.506","103.624","102.934","77.17K","-0.42%"
"07/12/2021","103.483","103.556","103.738","103.214","108.22K","-0.06%"
"07/09/2021","103.545","103.055","103.647","102.686","99.47K","0.49%"
"07/08/2021","103.040","103.232","103.280","102.804","100.65K","-0.19%"
"07/07/2021","103.239","102.935","103.378","102.821","93.63K","0.28%"
"07/06/2021","102.951","102.885","103.381","102.731","123.60K","0.04%"
"07/05/2021","102.908","102.999","103.141","102.792","67.46K","-0.09%"
"07/02/2021","103.003","102.669","103.173","102.529","73.93K","0.33%"
"07/01/2021","102.661","102.840","102.982","102.545","77.35K","-0.17%"
"06/30/2021","102.840","102.824","103.124","102.569","81.85K","0.03%"
"06/29/2021","102.809","103.131","103.157","102.640","78.37K","-0.31%"
"06/28/2021","103.131","103.047","103.459","102.965","64.60K","0.12%"
"06/25/2021","103.006","103.295","103.375","102.852","80.41K","-0.28%"
"06/24/2021","103.298","103.536","103.829","102.993","91.99K","-0.23%"
"06/23/2021","103.536","103.690","103.831","103.410","78.31K","-0.16%"
"06/22/2021","103.697","103.289","103.812","102.870","87.68K","0.38%"
"06/21/2021","103.303","102.368","103.375","102.227","102.10K","0.91%"
"06/18/2021","102.368","103.272","103.462","102.223","123.43K","-0.88%"
"06/17/2021","103.275","102.497","103.583","102.369","97.10K","0.76%"
"06/16/2021","102.501","103.324","103.616","102.449","78.42K","-0.80%"
"06/15/2021","103.328","103.290","103.482","102.896","78.87K","0.05%"
"06/14/2021","103.272","103.415","103.437","103.068","81.97K","-0.06%"
"06/11/2021","103.330","103.606","103.624","103.232","69.93K","-0.26%"
"06/10/2021","103.602","103.058","103.624","102.819","77.92K","0.53%"
"06/09/2021","103.054","103.294","103.544","102.970","74.98K","-0.22%"
"06/08/2021","103.283","103.269","103.344","102.905","86.93K","0.03%"
"06/07/2021","103.247","103.264","103.330","102.748","79.31K","0.09%"
"06/04/2021","103.155","103.034","103.540","102.790","82.47K","0.11%"
"06/03/2021","103.038","103.392","103.676","102.851","84.85K","-0.34%"
"06/02/2021","103.385","103.126","103.744","103.057","111.53K","0.28%"
"06/01/2021","103.101","103.071","103.699","103.006","100.08K","0.04%"
"05/31/2021","103.064","102.678","103.111","102.623","94.90K","0.31%"
"05/28/2021","102.746","103.299","103.336","102.483","98.30K","-0.53%"
"05/27/2021","103.292","102.699","103.314","102.374","136.35K","0.59%"
"05/26/2021","102.688","103.027","103.104","102.626","122.08K","-0.33%"
"05/25/2021","103.030","103.113","103.446","102.738","119.66K","-0.08%"
"05/24/2021","103.113","103.233","103.294","102.889","98.35K","0.07%"
"05/21/2021","103.044","103.612","103.706","102.975","111.42K","-0.55%"
"05/20/2021","103.616","103.314","103.677","103.125","106.90K","0.26%"
"05/19/2021","103.350","103.658","103.849","103.145","121.45K","-0.29%"
"05/18/2021","103.651","103.630","103.975","103.486","119.39K","-0.02%"
"05/17/2021","103.667","103.280","103.751","103.067","81.55K","0.32%"
"05/14/2021","103.339","103.254","103.390","102.929","85.23K","0.08%"
"05/13/2021","103.254","103.355","103.697","102.986","99.82K","-0.09%"
"05/12/2021","103.351","103.760","103.935","103.318","94.62K","-0.40%"
"05/11/2021","103.771","103.707","104.009","103.488","119.46K","0.02%"
"05/10/2021","103.755","102.410","103.937","102.395","115.72K","1.36%"
"05/07/2021","102.366","102.215","102.726","102.031","91.24K","0.14%"
"05/06/2021","102.223","102.618","102.926","102.169","103.79K","-0.40%"
"05/05/2021","102.633","102.445","102.917","102.423","110.14K","0.19%"
"05/04/2021","102.441","102.691","102.737","102.193","102.09K","-0.24%"
"05/03/2021","102.691","102.452","102.950","102.310","74.30K","0.37%"
"04/30/2021","102.315","103.310","103.500","102.161","104.77K","-0.96%"
"04/29/2021","103.310","103.832","104.123","103.149","86.13K","-0.47%"
"04/28/2021","103.799","103.800","103.929","103.092","92.41K","0.01%"
"04/27/2021","103.785","103.893","103.979","103.441","109.06K","-0.12%"
"04/26/2021","103.911","103.951","104.213","103.717","106.95K","-0.06%"
"04/23/2021","103.973","103.951","104.308","103.730","87.29K","0.02%"
"04/22/2021","103.951","105.094","105.229","103.835","101.51K","-1.07%"
"04/21/2021","105.078","105.082","105.373","104.825","95.25K","0.00%"
"04/20/2021","105.082","104.703","105.294","104.321","96.70K","0.36%"
"04/19/2021","104.703","103.066","104.822","102.933","87.40K","1.55%"
"04/16/2021","103.100","103.008","103.193","102.088","105.10K","0.06%"
"04/15/2021","103.034","103.433","103.750","102.959","109.31K","-0.40%"
"04/14/2021","103.447","103.496","103.790","103.279","97.40K","-0.04%"
"04/13/2021","103.489","103.036","103.849","102.954","95.37K","0.42%"
"04/12/2021","103.052","102.461","103.399","102.241","97.01K","0.58%"
"04/09/2021","102.454","102.423","102.783","102.296","91.27K","0.03%"
"04/08/2021","102.427","102.152","102.850","102.096","101.74K","0.27%"
"04/07/2021","102.152","101.601","103.084","101.510","123.94K","0.54%"
"04/06/2021","101.601","101.928","102.092","101.417","98.21K","-0.30%"
"04/05/2021","101.906","101.470","102.020","101.358","73.46K","0.39%"
"04/02/2021","101.514","101.440","101.577","101.328","78.90K","0.07%"
"04/01/2021","101.440","100.810","101.473","100.748","129.61K","0.62%"
"03/31/2021","100.817","100.914","101.113","100.594","128.71K","-0.10%"
"03/30/2021","100.921","100.129","101.285","100.088","104.76K","0.79%"
"03/29/2021","100.129","100.158","100.652","99.825","117.36K","0.01%"
"03/26/2021","100.114","99.777","100.332","99.525","100.66K","0.32%"
"03/25/2021","99.798","99.364","99.902","99.304","113.68K","0.44%"
"03/24/2021","99.364","99.778","99.851","99.299","124.90K","-0.41%"
"03/23/2021","99.778","100.340","100.380","99.666","120.09K","-0.57%"
"03/22/2021","100.348","100.408","100.463","99.997","92.42K","-0.10%"
"03/19/2021","100.451","101.227","101.319","100.268","126.39K","-0.76%"
"03/18/2021","101.217","101.366","101.479","100.890","132.68K","-0.13%"
"03/17/2021","101.344","100.727","101.391","100.513","119.34K","0.60%"
"03/16/2021","100.738","100.816","100.878","100.215","105.71K","-0.05%"
"03/15/2021","100.788","101.185","101.406","100.578","122.94K","-0.42%"
"03/12/2021","101.217","101.704","101.820","100.795","140.57K","-0.50%"
"03/11/2021","101.721","101.328","101.747","101.209","128.76K","0.39%"
"03/10/2021","101.321","101.104","101.514","100.923","143.68K","0.20%"
"03/09/2021","101.119","101.431","101.550","101.039","163.01K","-0.30%"
"03/08/2021","101.428","101.273","101.618","100.857","162.60K","0.11%"
"03/05/2021","101.316","101.078","101.682","100.718","152.58K","0.23%"
"03/04/2021","101.082","101.785","101.962","100.958","169.49K","-0.69%"
"03/03/2021","101.788","102.220","102.341","101.465","155.27K","-0.44%"
"03/02/2021","102.235","102.209","102.450","101.706","154.08K","0.03%"
"03/01/2021","102.202","103.061","103.512","102.059","164.31K","-0.80%"
"02/26/2021","103.024","101.952","103.455","101.476","179.64K","1.05%"
"02/25/2021","101.952","102.327","102.959","101.840","191.75K","-0.41%"
"02/24/2021","102.367","102.131","103.051","101.925","139.19K","0.22%"
"02/23/2021","102.146","101.894","102.268","101.721","148.39K","0.25%"
"02/22/2021","101.893","101.707","102.099","101.244","122.99K","0.19%"
"02/19/2021","101.701","101.441","101.794","101.242","141.46K","0.26%"
"02/18/2021","101.441","100.913","101.583","100.669","156.09K","0.55%"
"02/17/2021","100.884","101.333","101.377","100.726","187.33K","-0.41%"
"02/16/2021","101.304","100.969","101.498","100.954","173.12K","0.32%"
"02/15/2021","100.983","100.515","101.092","100.515","127.22K","0.49%"
"02/12/2021","100.494","100.464","100.628","100.041","139.61K","0.04%"
"02/11/2021","100.456","100.691","100.884","100.344","163.13K","-0.24%"
"02/10/2021","100.694","100.658","100.976","100.547","193.61K","0.04%"
"02/09/2021","100.658","100.217","100.714","100.180","160.78K","0.44%"
"02/08/2021","100.213","99.968","100.242","99.804","141.02K","0.20%"
"02/05/2021","100.012","99.748","100.141","99.657","156.79K","0.27%"
"02/04/2021","99.745","99.367","99.861","98.934","149.16K","0.38%"
"02/03/2021","99.364","99.635","99.862","99.258","139.40K","-0.29%"
"02/02/2021","99.657","99.911","100.164","99.329","153.96K","-0.25%"
"02/01/2021","99.904","99.977","100.529","99.831","157.90K","0.02%"
"01/29/2021","99.889","100.083","100.213","99.595","191.97K","-0.20%"
"01/28/2021","100.087","100.018","100.277","99.594","200.02K","0.08%"
"01/27/2021","100.004","100.152","100.316","99.788","178.71K","-0.17%"
"01/26/2021","100.178","99.779","100.212","99.496","129.74K","0.39%"
"01/25/2021","99.791","99.844","100.118","99.609","145.83K","-0.10%"
"01/22/2021","99.888","100.210","100.247","99.581","178.78K","-0.33%"
"01/21/2021","100.214","99.562","100.321","99.533","182.15K","0.65%"
"01/20/2021","99.566","99.757","100.165","99.350","166.26K","-0.19%"
"01/19/2021","99.757","99.437","99.805","99.331","158.36K","0.32%"
"01/18/2021","99.437","99.413","99.486","99.081","139.96K","0.07%"
"01/15/2021","99.369","100.032","100.112","99.278","160.61K","-0.67%"
"01/14/2021","100.040","99.804","100.202","99.568","166.76K","0.24%"
"01/13/2021","99.797","100.062","100.285","99.475","163.75K","-0.28%"
"01/12/2021","100.077","99.304","100.110","99.187","162.77K","0.76%"
"01/11/2021","99.318","99.500","99.508","98.879","160.62K","-0.17%"
"01/08/2021","99.486","99.612","99.894","99.293","146.51K","-0.13%"
"01/07/2021","99.612","99.524","99.865","99.265","163.54K","0.08%"
"01/06/2021","99.532","99.651","99.909","99.080","156.66K","-0.10%"
"01/05/2021","99.636","99.184","99.813","99.108","162.09K","0.46%"
"01/04/2021","99.181","99.926","100.137","98.978","137.71K","-0.80%"
"01/01/2021","99.983","99.884","100.057","99.862","1.93K","0.08%"
"12/31/2020","99.905","99.652","99.976","99.494","156.37K","0.25%"
"12/30/2020","99.655","99.108","99.766","99.045","151.22K","0.55%"
"12/29/2020","99.108","98.922","99.276","98.803","134.99K","0.18%"
"12/28/2020","98.930","99.708","99.928","98.723","106.57K","-0.74%"
"12/25/2020","99.672","99.678","99.973","99.664","1.69K","0.00%"
"12/24/2020","99.674","99.570","100.155","99.463","159.47K","0.12%"
"12/23/2020","99.559","98.687","100.117","98.610","174.69K","0.89%"
"12/22/2020","98.684","99.679","99.720","98.276","172.10K","-1.02%"
"12/21/2020","99.697","99.422","99.923","97.413","170.78K","0.21%"
"12/18/2020","99.489","99.895","99.946","99.024","161.01K","-0.39%"
"12/17/2020","99.877","99.481","100.229","99.369","158.72K","0.39%"
"12/16/2020","99.488","99.006","99.827","98.744","147.63K","0.46%"
"12/15/2020","99.028","98.111","99.087","97.816","124.31K","0.93%"
"12/14/2020","98.118","97.932","98.896","97.880","111.19K","0.61%"
"12/11/2020","97.519","98.048","98.179","96.900","140.97K","-0.53%"
"12/10/2020","98.041","98.820","98.902","97.631","141.03K","-0.75%"
"12/09/2020","98.784","98.459","99.310","98.308","122.48K","0.33%"
"12/08/2020","98.459","98.793","98.797","97.833","142.41K","-0.34%"
"12/07/2020","98.797","99.194","99.261","97.774","138.99K","-0.36%"
"12/04/2020","99.151","99.322","99.854","98.909","154.89K","-0.17%"
"12/03/2020","99.322","98.564","99.719","98.505","170.86K","0.74%"
"12/02/2020","98.594","98.659","99.104","98.040","149.81K","-0.02%"
"12/01/2020","98.612","98.601","98.886","98.069","143.17K","0.02%"
"11/30/2020","98.590","98.423","99.071","98.382","137.55K","0.14%"
"11/27/2020","98.452","98.620","98.971","98.252","153.20K","-0.19%"
"11/26/2020","98.635","98.700","98.934","98.316","135.82K","-0.13%"
"11/25/2020","98.759","98.985","99.034","98.312","155.02K","-0.23%"
"11/24/2020","98.985","98.952","99.041","98.494","146.32K","0.04%"
"11/23/2020","98.944","98.384","99.260","98.384","149.02K","0.49%"
"11/20/2020","98.461","98.281","98.566","98.144","152.32K","0.17%"
"11/19/2020","98.289","98.394","98.456","97.940","168.18K","-0.09%"
"11/18/2020","98.373","98.641","98.839","98.316","156.41K","-0.28%"
"11/17/2020","98.649","98.144","98.882","98.046","162.72K","0.51%"
"11/16/2020","98.148","98.355","98.689","97.977","141.25K","-0.21%"
"11/13/2020","98.359","97.971","98.471","97.849","161.14K","0.41%"
"11/12/2020","97.957","98.453","98.576","97.834","180.67K","-0.51%"
"11/11/2020","98.461","98.583","98.929","98.235","169.63K","-0.14%"
"11/10/2020","98.598","97.456","98.700","97.397","180.56K","1.17%"
"11/09/2020","97.456","97.375","97.723","97.048","167.92K","0.13%"
"11/06/2020","97.334","97.175","97.600","96.927","190.86K","0.16%"
"11/05/2020","97.178","96.601","97.252","96.147","190.13K","0.61%"
"11/04/2020","96.586","97.461","98.061","96.426","182.64K","-0.90%"
"11/03/2020","97.461","96.256","97.534","95.917","147.11K","1.26%"
"11/02/2020","96.252","96.535","96.595","95.714","139.85K","-0.27%"
"10/30/2020","96.512","96.166","96.879","95.893","175.80K","0.37%"
"10/29/2020","96.155","96.318","96.893","95.851","172.62K","-0.21%"
"10/28/2020","96.358","96.050","96.584","95.674","167.80K","0.33%"
"10/27/2020","96.038","96.302","96.489","95.846","137.42K","-0.31%"
"10/26/2020","96.339","96.246","96.742","95.911","137.94K","0.04%"
"10/23/2020","96.304","96.387","96.664","95.980","156.81K","-0.09%"
"10/22/2020","96.387","96.788","96.909","96.282","161.03K","-0.41%"
"10/21/2020","96.788","95.133","97.063","95.023","153.12K","1.80%"
"10/20/2020","95.081","95.016","95.371","94.752","147.64K","0.09%"
"10/19/2020","94.994","94.912","95.519","94.662","129.35K","0.15%"
"10/16/2020","94.856","94.845","95.062","94.315","133.30K","0.01%"
"10/15/2020","94.845","95.305","95.511","94.669","144.87K","-0.51%"
"10/14/2020","95.327","94.956","95.712","94.363","142.86K","0.39%"
"10/13/2020","94.960","95.869","95.935","94.857","154.33K","-0.92%"
"10/12/2020","95.840","95.274","95.990","95.062","127.88K","0.59%"
"10/09/2020","95.277","94.814","95.298","94.431","163.25K","0.49%"
"10/08/2020","94.814","94.742","95.022","94.393","170.39K","0.07%"
"10/07/2020","94.749","94.584","94.909","94.113","167.61K","0.17%"
"10/06/2020","94.584","94.892","95.589","94.489","151.41K","-0.34%"
"10/05/2020","94.903","94.796","95.041","94.496","123.78K","0.07%"
"10/02/2020","94.833","94.399","95.149","94.017","168.74K","0.47%"
"10/01/2020","94.385","95.038","95.248","93.800","183.76K","-0.71%"
"09/30/2020","95.056","94.881","95.186","94.402","162.04K","0.19%"
"09/29/2020","94.878","94.645","95.164","94.600","150.24K","0.21%"
"09/28/2020","94.677","93.930","95.231","93.867","152.52K","0.80%"
"09/25/2020","93.930","94.265","94.339","93.481","167.06K","-0.33%"
"09/24/2020","94.243","93.623","94.513","93.517","180.28K","0.66%"
"09/23/2020","93.624","93.628","93.984","93.243","164.86K","0.01%"
"09/22/2020","93.613","94.271","94.497","93.435","148.72K","-0.73%"
"09/21/2020","94.301","95.033","95.327","93.995","135.59K","-0.72%"
"09/18/2020","94.987","95.498","95.653","94.838","173.80K","-0.54%"
"09/17/2020","95.498","95.358","95.670","94.718","181.66K","0.14%"
"09/16/2020","95.366","94.876","95.663","94.708","138.95K","0.52%"
"09/15/2020","94.869","94.274","95.142","94.035","116.79K","0.63%"
"09/14/2020","94.278","94.021","94.818","93.874","95.63K","0.33%"
"09/11/2020","93.970","94.004","94.621","93.820","142.96K","-0.07%"
"09/10/2020","94.040","95.322","95.779","93.804","145.02K","-1.34%"
"09/09/2020","95.318","95.746","95.838","94.804","128.71K","-0.44%"
"09/08/2020","95.743","96.730","96.840","95.731","127.23K","-1.01%"
"09/07/2020","96.715","97.330","97.367","96.511","97.48K","-0.65%"
"09/04/2020","97.348","97.477","97.611","96.566","134.87K","-0.13%"
"09/03/2020","97.474","97.840","97.874","97.184","139.35K","-0.35%"
"09/02/2020","97.818","97.701","97.877","97.320","121.13K","0.12%"
"09/01/2020","97.701","97.918","98.402","97.512","126.04K","-0.26%"
"08/31/2020","97.955","97.620","98.261","97.481","110.59K","0.34%"
"08/28/2020","97.624","97.561","97.882","97.120","145.65K","0.06%"
"08/27/2020","97.565","98.025","98.269","97.247","135.23K","-0.49%"
"08/26/2020","98.044","97.618","98.163","97.469","114.37K","0.44%"
"08/25/2020","97.618","96.925","97.786","96.821","115.69K","0.75%"
"08/24/2020","96.895","98.021","98.167","96.803","104.97K","-1.20%"
"08/21/2020","98.069","99.138","99.307","97.840","138.59K","-1.06%"
"08/20/2020","99.123","98.020","99.209","97.953","143.92K","1.09%"
"08/19/2020","98.050","98.715","99.320","98.002","126.04K","-0.69%"
"08/18/2020","98.730","97.908","98.870","97.875","114.76K","0.81%"
"08/17/2020","97.941","98.022","98.254","97.786","105.65K","-0.08%"
"08/14/2020","98.018","97.705","98.438","97.611","115.10K","0.29%"
"08/13/2020","97.735","97.492","98.205","97.454","117.33K","0.25%"
"08/12/2020","97.488","97.402","97.798","97.152","102.90K","0.12%"
"08/11/2020","97.372","97.922","98.068","97.316","110.06K","-0.51%"
"08/10/2020","97.873","97.837","98.131","97.554","99.21K","-0.06%"
"08/07/2020","97.930","98.512","98.531","97.627","124.18K","-0.56%"
"08/06/2020","98.486","98.090","98.846","98.067","128.12K","0.40%"
"08/05/2020","98.094","98.113","98.498","97.814","109.65K","-0.02%"
"08/04/2020","98.109","98.301","98.414","97.560","114.67K","-0.20%"
"08/03/2020","98.301","98.098","98.371","97.809","120.85K","0.28%"
"07/31/2020","98.031","98.073","98.673","97.914","150.97K","-0.02%"
"07/30/2020","98.051","97.414","98.114","96.855","148.63K","0.67%"
"07/29/2020","97.403","96.872","97.534","96.542","131.55K","0.55%"
"07/28/2020","96.872","96.361","97.033","96.027","136.74K","0.53%"
"07/27/2020","96.361","95.589","96.448","95.547","134.76K","0.75%"
"07/24/2020","95.641","95.322","95.752","95.145","151.32K","0.33%"
"07/23/2020","95.326","95.009","95.471","94.864","148.78K","0.33%"
"07/22/2020","95.009","94.908","95.108","94.413","133.13K","0.12%"
"07/21/2020","94.897","94.649","95.169","94.548","132.54K","0.26%"
"07/20/2020","94.649","94.110","94.708","93.754","122.21K","0.55%"
"07/17/2020","94.128","94.366","94.597","93.767","124.08K","-0.24%"
"07/16/2020","94.355","94.538","94.866","94.209","135.82K","-0.18%"
"07/15/2020","94.523","94.654","95.009","94.477","136.97K","-0.13%"
"07/14/2020","94.647","94.422","94.759","94.184","131.64K","0.22%"
"07/13/2020","94.440","94.836","95.208","94.354","116.55K","-0.50%"
"07/10/2020","94.911","94.740","95.241","94.547","120.93K","0.18%"
"07/09/2020","94.737","94.513","95.122","94.409","132.43K","0.23%"
"07/08/2020","94.521","93.827","94.614","93.771","121.10K","0.74%"
"07/07/2020","93.827","93.219","94.208","93.185","124.95K","0.64%"
"07/06/2020","93.234","93.183","93.571","92.993","116.53K","0.05%"
"07/03/2020","93.183","93.195","93.587","92.898","121.42K","-0.01%"
"07/02/2020","93.195","94.178","94.427","93.113","141.28K","-1.03%"
"07/01/2020","94.167","93.684","94.299","93.355","127.71K","0.52%"
"06/30/2020","93.684","92.863","93.695","92.586","135.98K","0.88%"
"06/29/2020","92.866","93.278","93.636","92.515","133.77K","-0.44%"
"06/26/2020","93.278","93.887","93.951","93.139","138.87K","-0.62%"
"06/25/2020","93.860","93.976","94.256","93.659","151.85K","-0.12%"
"06/24/2020","93.973","94.522","94.890","93.931","159.90K","-0.59%"
"06/23/2020","94.533","94.488","94.794","93.969","157.29K","0.08%"
"06/22/2020","94.457","94.227","94.554","94.063","150.95K","0.23%"
"06/19/2020","94.243","94.935","94.992","94.089","152.96K","-0.72%"
"06/18/2020","94.927","95.790","95.881","94.689","159.72K","-0.91%"
"06/17/2020","95.794","95.869","95.999","95.359","168.42K","-0.11%"
"06/16/2020","95.900","95.775","96.449","95.680","165.17K","0.14%"
"06/15/2020","95.768","95.298","95.790","94.772","153.48K","0.41%"
"06/12/2020","95.378","95.727","95.959","94.861","179.36K","-0.38%"
"06/11/2020","95.743","96.400","96.534","95.614","172.23K","-0.69%"
"06/10/2020","96.411","96.125","96.968","95.933","160.53K","0.32%"
"06/09/2020","96.103","95.931","96.402","95.391","150.67K","0.18%"
"06/08/2020","95.931","95.803","96.192","95.355","135.90K","0.24%"
"06/05/2020","95.697","95.131","96.322","94.818","144.87K","0.69%"
"06/04/2020","95.045","94.718","95.330","94.251","143.38K","0.34%"
"06/03/2020","94.721","94.251","95.117","94.209","153.61K","0.50%"
"06/02/2020","94.254","94.389","94.891","93.999","150.35K","-0.09%"
"06/01/2020","94.336","93.289","94.507","93.151","132.29K","1.06%"
"05/29/2020","93.342","93.217","93.698","92.810","146.82K","0.14%"
"05/28/2020","93.214","93.086","93.417","92.727","150.97K","0.21%"
"05/27/2020","93.018","93.056","93.432","92.689","145.52K","-0.05%"
"05/26/2020","93.064","92.506","93.338","92.385","133.97K","0.61%"
"05/25/2020","92.503","92.481","92.665","92.363","87.28K","0.05%"
"05/22/2020","92.458","92.450","92.795","92.271","133.52K","0.02%"
"05/21/2020","92.438","92.480","92.618","92.092","118.52K","-0.05%"
"05/20/2020","92.483","92.597","92.929","92.346","130.47K","-0.22%"
"05/19/2020","92.688","92.324","93.017","92.131","129.82K","0.41%"
"05/18/2020","92.309","91.664","92.625","91.565","108.41K","0.55%"
"05/15/2020","91.800","92.270","92.599","91.730","133.07K","-0.56%"
"05/14/2020","92.316","92.179","92.480","91.883","147.54K","0.15%"
"05/13/2020","92.176","92.026","92.906","91.954","135.52K","0.16%"
"05/12/2020","92.033","93.647","93.723","91.985","141.51K","-1.70%"
"05/11/2020","93.620","93.739","94.136","93.161","126.34K","-0.12%"
"05/08/2020","93.732","93.708","94.249","93.201","135.12K","0.03%"
"05/07/2020","93.704","93.963","94.384","93.022","132.04K","-0.25%"
"05/06/2020","93.936","94.153","94.381","93.622","111.52K","-0.22%"
"05/05/2020","94.145","94.119","94.495","94.018","103.05K","0.02%"
"05/04/2020","94.127","94.680","94.718","93.794","95.41K","-0.63%"
"05/01/2020","94.725","94.593","95.262","94.394","124.32K","0.18%"
"04/30/2020","94.556","94.085","94.882","93.438","145.66K","0.53%"
"04/29/2020","94.055","94.511","94.867","93.719","130.51K","-0.48%"
"04/28/2020","94.511","94.768","95.243","94.352","125.52K","-0.25%"
"04/27/2020","94.749","94.338","94.933","94.262","115.79K","0.43%"
"04/24/2020","94.339","93.689","94.459","93.655","132.68K","0.60%"
"04/23/2020","93.776","94.241","94.364","93.533","135.98K","-0.50%"
"04/22/2020","94.244","94.637","94.741","94.029","123.83K","-0.42%"
"04/21/2020","94.637","95.237","95.572","94.236","126.12K","-0.63%"
"04/20/2020","95.237","95.588","95.726","95.064","115.92K","-0.48%"
"04/17/2020","95.695","95.676","96.168","94.819","122.86K","0.02%"
"04/16/2020","95.676","95.808","96.213","95.230","126.26K","-0.16%"
"04/15/2020","95.827","95.901","96.271","95.171","127.69K","-0.14%"
"04/14/2020","95.965","95.418","96.159","95.338","116.57K","0.59%"
"04/13/2020","95.399","94.576","95.715","94.474","89.47K","0.95%"
"04/10/2020","94.503","95.054","95.238","94.480","59.35K","-0.57%"
"04/09/2020","95.047","94.054","95.257","94.020","140.78K","1.04%"
"04/08/2020","94.073","93.338","94.381","93.110","139.42K","0.85%"
"04/07/2020","93.282","92.933","93.724","92.416","161.88K","0.39%"
"04/06/2020","92.921","93.501","93.939","92.800","136.74K","-0.60%"
"04/03/2020","93.486","94.706","94.828","93.059","160.69K","-1.27%"
"04/02/2020","94.691","94.554","95.322","94.349","163.32K","0.13%"
"04/01/2020","94.572","93.644","95.044","92.885","140.53K","1.07%"
"03/31/2020","93.573","93.614","94.042","92.385","147.12K","-0.08%"
"03/30/2020","93.644","93.850","94.155","92.839","140.66K","-0.40%"
"03/27/2020","94.019","91.384","94.238","90.849","168.01K","2.87%"
"03/26/2020","91.396","90.787","91.601","88.873","156.81K","0.72%"
"03/25/2020","90.741","89.822","91.475","88.893","144.24K","1.04%"
"03/24/2020","89.810","88.155","90.131","87.846","148.35K","1.86%"
"03/23/2020","88.167","87.919","89.007","86.957","127.00K","0.44%"
"03/20/2020","87.783","85.904","89.744","85.324","153.71K","2.18%"
"03/19/2020","85.907","86.589","88.255","85.539","163.85K","-0.78%"
"03/18/2020","86.578","89.260","89.899","85.441","147.58K","-3.00%"
"03/17/2020","89.260","90.802","90.983","88.989","149.02K","-1.68%"
"03/16/2020","90.787","90.716","91.964","90.291","143.81K","0.13%"
"03/13/2020","90.668","93.772","93.970","90.583","161.74K","-3.30%"
"03/12/2020","93.764","94.446","95.377","92.751","150.38K","-0.76%"
"03/11/2020","94.479","95.683","95.772","94.343","129.37K","-1.29%"
"03/10/2020","95.712","97.419","97.445","95.512","129.72K","-1.77%"
"03/09/2020","97.441","96.553","97.818","96.435","133.24K","0.90%"
"03/06/2020","96.572","95.221","96.635","95.140","132.03K","1.33%"
"03/05/2020","95.309","94.661","95.334","94.071","121.00K","0.69%"
"03/04/2020","94.657","93.592","94.672","93.402","117.70K","1.14%"
"03/03/2020","93.592","92.939","94.077","92.545","132.56K","0.69%"
"03/02/2020","92.947","92.850","93.475","92.032","131.93K","-0.06%"
"02/28/2020","93.003","92.328","93.296","92.303","139.16K","0.73%"
"02/27/2020","92.331","92.424","92.763","92.044","142.37K","-0.05%"
"02/26/2020","92.374","93.406","93.494","92.306","132.66K","-1.11%"
"02/25/2020","93.409","93.055","93.474","92.830","125.45K","0.42%"
"02/24/2020","93.019","93.160","93.247","92.641","120.45K","-0.23%"
"02/21/2020","93.236","92.352","93.340","92.303","107.11K","0.98%"
"02/20/2020","92.331","92.522","92.694","92.011","115.40K","-0.20%"
"02/19/2020","92.515","93.046","93.124","92.350","102.53K","-0.58%"
"02/18/2020","93.057","92.792","93.419","92.679","105.79K","0.27%"
"02/17/2020","92.803","93.241","93.381","92.720","92.84K","-0.57%"
"02/14/2020","93.331","93.089","93.363","92.891","116.49K","0.29%"
"02/13/2020","93.061","92.417","93.174","92.349","123.89K","0.69%"
"02/12/2020","92.421","92.325","92.699","92.274","107.47K","0.09%"
"02/11/2020","92.336","92.071","92.446","91.851","110.24K","0.29%"
"02/10/2020","92.068","92.237","92.426","91.839","121.90K","-0.14%"
"02/07/2020","92.201","92.093","92.652","92.054","112.77K","0.12%"
"02/06/2020","92.093","92.540","92.651","91.983","120.41K","-0.51%"
"02/05/2020","92.561","92.667","93.102","92.187","105.40K","-0.12%"
"02/04/2020","92.670","92.689","92.951","92.047","111.62K","-0.02%"
"02/03/2020","92.685","94.538","94.538","92.593","113.60K","-1.88%"
"01/31/2020","94.460","93.727","94.524","93.466","119.15K","0.81%"
"01/30/2020","93.698","92.846","93.924","92.778","113.53K","0.91%"
"01/29/2020","92.853","92.760","92.944","92.584","104.21K","0.10%"
"01/28/2020","92.760","93.300","93.360","92.430","111.85K","-0.56%"
"01/27/2020","93.282","93.264","93.679","93.104","111.02K","0.00%"
"01/24/2020","93.282","93.691","93.965","93.125","113.51K","-0.45%"
"01/23/2020","93.699","93.414","93.745","93.339","86.08K","0.31%"
"01/22/2020","93.414","92.880","93.553","92.765","111.54K","0.57%"
"01/21/2020","92.881","92.445","93.123","92.316","103.05K","0.49%"
"01/20/2020","92.427","92.417","92.498","92.130","104.86K","-0.05%"
"01/17/2020","92.474","92.839","93.207","92.442","113.62K","-0.39%"
"01/16/2020","92.832","92.209","92.855","92.197","121.20K","0.68%"
"01/15/2020","92.205","92.247","92.492","91.983","107.36K","-0.03%"
"01/14/2020","92.233","91.852","92.350","91.764","110.05K","0.43%"
"01/13/2020","91.835","92.638","92.702","91.738","115.52K","-0.91%"
"01/10/2020","92.681","93.047","93.181","92.489","116.66K","-0.40%"
"01/09/2020","93.050","93.671","93.789","92.674","116.31K","-0.67%"
"01/08/2020","93.679","94.297","94.719","93.565","124.93K","-0.66%"
"01/07/2020","94.297","94.638","94.866","94.126","112.41K","-0.36%"
"01/06/2020","94.638","93.840","94.841","93.771","102.31K","0.75%"
"01/03/2020","93.929","93.736","94.150","93.633","114.41K","0.15%"
"01/02/2020","93.793","94.412","94.501","93.576","93.97K","-0.66%"
"01/01/2020","94.412","94.624","94.678","94.284","11.06K","-0.28%"
"12/31/2019","94.681","93.547","94.815","93.411","112.10K","1.23%"
"12/30/2019","93.533","93.318","93.852","93.318","102.88K","0.09%"
"12/27/2019","93.446","92.633","93.709","92.455","90.20K","0.87%"
"12/26/2019","92.640","92.386","92.801","92.319","103.02K","0.27%"
"12/25/2019","92.386","92.279","92.596","92.097","34.43K","0.12%"
"12/24/2019","92.276","92.127","92.423","91.972","112.87K","0.16%"
"12/23/2019","92.127","92.332","92.781","91.945","103.54K","-0.30%"
"12/20/2019","92.407","92.602","93.025","92.221","113.81K","-0.21%"
"12/19/2019","92.598","92.858","93.338","92.369","112.52K","-0.28%"
"12/18/2019","92.854","93.262","93.324","92.674","108.97K","-0.44%"
"12/17/2019","93.269","94.530","94.597","93.069","104.01K","-1.34%"
"12/16/2019","94.537","94.416","95.254","94.392","113.22K","0.20%"
"12/13/2019","94.349","92.923","95.425","92.870","143.55K","1.56%"
"12/12/2019","92.902","93.355","93.547","92.114","128.58K","-0.43%"
"12/11/2019","93.302","93.165","93.466","92.807","108.65K","0.15%"
"12/10/2019","93.158","93.333","93.636","93.086","82.86K","-0.14%"
"12/09/2019","93.290","93.655","93.797","93.244","93.30K","-0.38%"
"12/06/2019","93.644","93.746","93.944","93.357","100.00K","-0.11%"
"12/05/2019","93.746","93.663","94.082","93.457","100.46K","0.09%"
"12/04/2019","93.660","93.212","93.823","93.119","101.27K","0.47%"
"12/03/2019","93.219","92.677","93.372","92.563","89.71K","0.58%"
"12/02/2019","92.677","92.682","92.800","92.347","95.48K","-0.13%"
"11/29/2019","92.800","92.324","92.905","92.270","99.87K","0.51%"
"11/28/2019","92.331","92.075","92.727","92.061","110.84K","0.27%"
"11/27/2019","92.082","91.973","92.096","91.556","101.55K","0.13%"
"11/26/2019","91.966","92.472","92.551","91.797","103.21K","-0.55%"
"11/25/2019","92.476","92.241","92.652","92.011","104.86K","0.39%"
"11/22/2019","92.120","92.665","92.906","91.989","108.26K","-0.58%"
"11/21/2019","92.662","92.721","93.060","92.503","110.75K","-0.07%"
"11/20/2019","92.725","92.833","92.901","92.493","102.45K","-0.13%"
"11/19/2019","92.848","93.198","93.299","92.647","99.38K","-0.38%"
"11/18/2019","93.198","92.468","93.309","92.429","97.59K","0.83%"
"11/15/2019","92.435","92.703","92.746","92.327","104.14K","-0.29%"
"11/14/2019","92.703","92.720","92.807","92.251","108.43K","-0.02%"
"11/13/2019","92.720","92.236","92.756","92.010","87.39K","0.55%"
"11/12/2019","92.214","92.000","92.386","91.742","89.98K","0.23%"
"11/11/2019","92.003","91.177","92.277","91.177","91.22K","0.94%"
"11/08/2019","91.145","91.029","91.453","91.001","106.13K","0.11%"
"11/07/2019","91.044","91.262","91.368","90.729","127.12K","-0.27%"
"11/06/2019","91.291","91.190","91.556","91.077","94.35K","0.11%"
"11/05/2019","91.194","91.205","91.360","90.970","108.62K","-0.01%"
"11/04/2019","91.205","91.592","91.620","91.145","101.27K","-0.36%"
"11/01/2019","91.532","91.848","92.155","91.468","113.46K","-0.36%"
"10/31/2019","91.863","91.557","92.056","91.417","123.30K","0.34%"
"10/30/2019","91.550","91.228","91.589","91.125","105.33K","0.37%"
"10/29/2019","91.214","91.010","91.458","90.727","107.17K","0.22%"
"10/28/2019","91.010","90.827","91.066","90.696","92.93K","0.22%"
"10/25/2019","90.813","91.201","91.315","90.690","110.24K","-0.43%"
"10/24/2019","91.205","91.321","91.878","90.718","128.06K","-0.17%"
"10/23/2019","91.363","91.146","91.437","90.923","125.52K","0.23%"
"10/22/2019","91.157","91.912","92.163","91.072","120.81K","-0.83%"
"10/21/2019","91.919","91.888","92.211","91.525","116.36K","-0.33%"
"10/18/2019","92.221","91.687","92.321","91.338","132.60K","0.58%"
"10/17/2019","91.687","91.574","92.436","90.801","145.37K","0.12%"
"10/16/2019","91.574","91.427","91.929","90.538","132.39K","0.15%"
"10/15/2019","91.434","89.822","91.517","89.773","129.27K","1.80%"
"10/14/2019","89.815","89.545","90.054","89.082","119.76K","0.12%"
"10/11/2019","89.709","88.319","90.190","88.064","136.15K","1.56%"
"10/10/2019","88.330","86.810","88.525","86.721","126.33K","1.75%"
"10/09/2019","86.810","87.020","87.414","86.617","96.12K","-0.25%"
"10/08/2019","87.024","87.243","87.328","86.690","98.66K","-0.25%"
"10/07/2019","87.243","87.299","87.654","87.026","76.56K","-0.12%"
"10/04/2019","87.349","87.602","87.779","87.039","109.12K","-0.26%"
"10/03/2019","87.576","87.554","88.205","87.066","114.54K","0.06%"
"10/02/2019","87.525","87.487","87.739","86.935","104.54K","0.01%"
"10/01/2019","87.519","86.819","87.778","86.735","116.57K","0.79%"
"09/30/2019","86.837","86.648","87.357","86.453","100.98K","0.22%"
"09/27/2019","86.648","87.442","87.561","86.574","118.75K","-0.92%"
"09/26/2019","87.449","87.717","87.917","87.266","125.08K","-0.26%"
"09/25/2019","87.678","88.643","88.717","87.649","112.02K","-1.09%"
"09/24/2019","88.643","87.996","88.720","87.890","116.42K","0.72%"
"09/23/2019","88.011","88.620","88.770","87.911","96.12K","-0.77%"
"09/20/2019","88.695","89.433","89.601","88.440","131.96K","-0.78%"
"09/19/2019","89.391","88.739","89.619","88.625","125.31K","0.74%"
"09/18/2019","88.732","89.377","89.449","88.551","120.05K","-0.71%"
"09/17/2019","89.370","89.024","89.563","88.835","122.56K","0.45%"
"09/16/2019","88.974","88.799","89.413","88.585","124.62K","0.26%"
"09/13/2019","88.742","87.537","88.785","87.427","129.64K","1.38%"
"09/12/2019","87.530","88.219","88.326","87.392","138.55K","-0.80%"
"09/11/2019","88.240","88.755","88.863","88.072","117.51K","-0.58%"
"09/10/2019","88.752","88.624","89.076","88.289","111.86K","0.14%"
"09/09/2019","88.624","88.149","88.813","87.529","121.74K","0.72%"
"09/06/2019","87.994","88.695","88.792","87.965","138.87K","-0.81%"
"09/05/2019","88.713","88.203","88.785","87.724","151.80K","0.58%"
"09/04/2019","88.203","87.167","88.251","87.156","138.72K","1.12%"
"09/03/2019","87.225","86.845","87.446","86.430","135.44K","0.43%"
"09/02/2019","86.852","86.812","87.567","86.590","99.71K","-0.02%"
"08/30/2019","86.873","87.319","87.521","86.733","129.66K","-0.59%"
"08/29/2019","87.391","87.711","88.027","87.251","132.61K","-0.36%"
"08/28/2019","87.711","87.926","88.144","87.315","126.20K","-0.24%"
"08/27/2019","87.919","87.997","88.083","87.487","116.27K","-0.09%"
"08/26/2019","88.001","87.646","88.773","87.632","117.89K","0.22%"
"08/23/2019","87.807","88.122","88.237","87.336","141.06K","-0.37%"
"08/22/2019","88.129","86.642","88.280","86.599","128.41K","1.72%"
"08/21/2019","86.642","87.075","87.134","86.492","123.02K","-0.50%"
"08/20/2019","87.075","86.649","87.293","86.475","126.31K","0.49%"
"08/19/2019","86.649","86.439","86.888","86.334","111.59K","0.22%"
"08/16/2019","86.457","86.790","86.851","86.159","110.13K","-0.38%"
"08/15/2019","86.786","85.972","87.145","85.883","114.79K","0.96%"
"08/14/2019","85.965","86.131","86.311","85.413","124.26K","-0.19%"
"08/13/2019","86.127","86.078","86.489","85.676","123.95K","0.06%"
"08/12/2019","86.074","85.595","86.348","85.357","111.63K","0.87%"
"08/09/2019","85.330","85.392","85.774","85.276","113.98K","-0.13%"
"08/08/2019","85.437","86.381","86.666","85.423","123.76K","-1.10%"
"08/07/2019","86.385","86.456","86.624","85.909","132.00K","-0.07%"
"08/06/2019","86.442","85.998","86.516","85.593","130.19K","0.52%"
"08/05/2019","85.991","84.641","86.226","84.567","130.79K","1.50%"
"08/02/2019","84.724","83.757","84.828","83.449","129.97K","1.18%"
"08/01/2019","83.739","83.715","84.031","83.350","135.93K","-0.01%"
"07/31/2019","83.745","83.695","84.336","83.577","126.37K","0.09%"
"07/30/2019","83.673","84.015","84.077","83.309","131.67K","-0.40%"
"07/29/2019","84.012","85.318","85.336","83.958","114.98K","-1.50%"
"07/26/2019","85.291","86.029","86.159","85.250","113.92K","-0.89%"
"07/25/2019","86.054","86.111","86.354","85.860","124.62K","-0.07%"
"07/24/2019","86.114","85.870","86.423","85.743","117.41K","0.29%"
"07/23/2019","85.863","85.977","86.054","85.594","122.48K","-0.16%"
"07/22/2019","86.001","86.134","86.376","85.845","106.67K","-0.10%"
"07/19/2019","86.086","86.386","86.461","85.867","116.08K","-0.38%"
"07/18/2019","86.417","85.593","86.479","85.473","127.81K","0.96%"
"07/17/2019","85.593","85.174","85.765","85.088","116.56K","0.49%"
"07/16/2019","85.174","85.798","85.886","85.112","116.31K","-0.72%"
"07/15/2019","85.791","86.204","86.256","85.705","108.23K","-0.49%"
"07/12/2019","86.214","85.636","86.264","85.629","135.53K","0.65%"
"07/11/2019","85.653","85.517","86.056","85.474","138.50K","0.15%"
"07/10/2019","85.528","85.487","85.839","85.261","125.65K","0.06%"
"07/09/2019","85.480","85.801","86.138","85.267","118.34K","-0.37%"
"07/08/2019","85.794","85.679","86.203","85.625","106.26K","0.08%"
"07/05/2019","85.724","86.214","86.564","85.467","127.88K","-0.55%"
"07/04/2019","86.200","86.503","86.714","86.107","114.58K","-0.35%"
"07/03/2019","86.506","86.747","86.822","86.401","116.60K","-0.29%"
"07/02/2019","86.754","87.077","87.306","86.723","122.99K","-0.36%"
"07/01/2019","87.071","87.533","87.628","86.996","122.26K","-0.53%"
"06/28/2019","87.533","87.586","87.807","87.249","130.57K","-0.06%"
"06/27/2019","87.583","87.872","87.984","87.387","128.29K","-0.33%"
"06/26/2019","87.869","88.047","88.215","87.575","127.70K","-0.14%"
"06/25/2019","87.992","88.226","88.693","87.829","115.47K","-0.31%"
"06/24/2019","88.268","88.565","88.812","88.184","115.10K","-0.49%"
"06/21/2019","88.704","88.298","88.756","87.935","143.41K","0.46%"
"06/20/2019","88.294","88.048","88.571","87.920","151.88K","0.28%"
"06/19/2019","88.045","87.417","88.279","87.295","120.30K","0.72%"
"06/18/2019","87.413","87.550","87.644","87.083","122.32K","-0.16%"
"06/17/2019","87.550","87.987","88.150","87.533","117.26K","-0.44%"
"06/14/2019","87.934","88.137","88.350","87.847","147.45K","-0.22%"
"06/13/2019","88.127","88.027","88.392","87.913","151.72K","0.12%"
"06/12/2019","88.020","88.286","88.496","87.951","150.54K","-0.30%"
"06/11/2019","88.286","88.209","88.401","87.943","147.58K","0.09%"
"06/10/2019","88.209","88.129","88.487","88.065","123.65K","-0.14%"
"06/07/2019","88.331","87.843","88.712","87.713","118.99K","0.56%"
"06/06/2019","87.843","88.008","88.209","87.718","150.82K","-0.20%"
"06/05/2019","88.022","87.979","88.354","87.918","146.26K","0.04%"
"06/04/2019","87.986","87.602","88.107","87.382","159.62K","0.44%"
"06/03/2019","87.602","87.858","88.082","87.254","128.32K","-0.36%"
"05/31/2019","87.918","88.039","88.239","87.509","170.10K","-0.13%"
"05/30/2019","88.036","88.190","88.361","87.868","145.58K","-0.18%"
"05/29/2019","88.197","88.084","88.571","88.040","157.09K","0.13%"
"05/28/2019","88.081","88.121","88.445","88.033","149.84K","-0.05%"
"05/27/2019","88.125","88.288","88.557","88.035","135.02K","-0.09%"
"05/24/2019","88.206","88.172","88.537","87.883","158.81K","0.04%"
"05/23/2019","88.168","88.194","88.599","87.729","156.48K","-0.03%"
"05/22/2019","88.191","88.491","88.748","88.030","143.73K","-0.34%"
"05/21/2019","88.495","88.609","89.243","88.406","151.53K","-0.11%"
"05/20/2019","88.592","89.403","89.628","88.292","112.25K","-0.91%"
"05/17/2019","89.407","89.746","89.948","89.347","128.74K","-0.38%"
"05/16/2019","89.746","90.221","90.374","89.631","129.93K","-0.58%"
"05/15/2019","90.274","90.784","90.950","90.137","142.89K","-0.55%"
"05/14/2019","90.774","91.441","91.601","90.699","136.72K","-0.73%"
"05/13/2019","91.441","91.010","92.017","90.950","128.38K","0.46%"
"05/10/2019","91.020","91.309","91.499","90.676","150.03K","-0.34%"
"05/09/2019","91.330","90.682","91.520","90.622","149.29K","0.70%"
"05/08/2019","90.696","91.078","91.110","90.464","148.88K","-0.40%"
"05/07/2019","91.064","90.867","91.114","90.581","155.97K","0.22%"
"05/06/2019","90.867","90.612","91.172","90.546","132.31K","-0.17%"
"05/03/2019","91.023","90.465","91.058","89.957","138.66K","0.60%"
"05/02/2019","90.480","90.757","91.036","90.309","132.07K","-0.30%"
"05/01/2019","90.753","90.771","91.125","90.583","125.76K","-0.02%"
"04/30/2019","90.774","90.327","90.956","90.210","148.13K","0.51%"
"04/29/2019","90.316","90.288","90.451","90.093","120.70K","0.08%"
"04/26/2019","90.243","90.512","90.645","90.161","189.06K","-0.30%"
"04/25/2019","90.512","90.259","90.754","90.199","181.54K","0.27%"
"04/24/2019","90.266","90.262","90.719","90.165","184.36K","0.00%"
"04/23/2019","90.269","90.502","90.887","90.211","166.57K","-0.26%"
"04/22/2019","90.502","90.195","90.835","90.091","130.40K","0.32%"
"04/19/2019","90.212","90.203","90.324","90.086","165.83K","0.01%"
"04/18/2019","90.203","90.553","90.697","90.064","176.77K","-0.41%"
"04/17/2019","90.577","90.733","90.875","90.405","156.34K","-0.17%"
"04/16/2019","90.730","90.922","91.230","90.668","168.27K","-0.19%"
"04/15/2019","90.904","90.473","91.089","90.389","138.93K","0.42%"
"04/12/2019","90.525","90.151","90.862","90.068","165.90K","0.46%"
"04/11/2019","90.113","90.535","90.658","89.965","178.77K","-0.46%"
"04/10/2019","90.528","90.431","90.736","90.198","165.87K","0.03%"
"04/09/2019","90.497","90.874","91.274","90.286","162.11K","-0.41%"
"04/08/2019","90.870","90.170","91.041","90.066","135.72K","0.76%"
"04/05/2019","90.181","90.215","90.849","89.774","191.94K","-0.03%"
"04/04/2019","90.212","90.084","91.127","90.005","194.12K","0.14%"
"04/03/2019","90.090","90.510","90.707","89.788","206.73K","-0.48%"
"04/02/2019","90.523","90.673","90.690","89.465","201.68K","-0.16%"
"04/01/2019","90.666","90.200","90.998","89.999","154.64K","0.55%"
"03/29/2019","90.169","90.252","90.959","89.769","201.99K","-0.12%"
"03/28/2019","90.276","91.136","91.330","90.207","206.43K","-0.95%"
"03/27/2019","91.143","91.130","91.700","90.717","187.38K","0.01%"
"03/26/2019","91.137","90.893","91.371","90.590","178.92K","0.19%"
"03/25/2019","90.965","91.353","91.540","90.670","143.55K","-0.46%"
"03/22/2019","91.384","90.203","91.412","90.021","198.62K","1.31%"
"03/21/2019","90.200","90.776","91.006","89.375","192.54K","-0.64%"
"03/20/2019","90.783","91.576","91.707","90.414","192.30K","-0.87%"
"03/19/2019","91.576","90.973","91.840","90.758","177.67K","0.66%"
"03/18/2019","90.980","91.635","91.732","90.504","138.92K","-0.78%"
"03/15/2019","91.693","91.854","92.034","91.244","202.09K","-0.17%"
"03/14/2019","91.850","92.755","92.775","91.578","221.33K","-0.96%"
"03/13/2019","92.744","91.035","93.061","90.923","193.84K","1.89%"
"03/12/2019","91.028","91.860","92.764","90.659","216.47K","-0.92%"
"03/11/2019","91.870","91.141","92.006","90.604","176.18K","0.80%"
"03/08/2019","91.137","91.747","91.988","90.941","173.15K","-0.66%"
"03/07/2019","91.747","92.296","92.475","91.626","171.58K","-0.59%"
"03/06/2019","92.296","92.902","92.905","91.970","188.67K","-0.64%"
"03/05/2019","92.892","93.438","93.580","92.429","178.88K","-0.67%"
"03/04/2019","93.520","93.986","94.249","93.366","161.14K","-0.24%"
"03/01/2019","93.749","93.948","94.183","93.399","199.40K","-0.22%"
"02/28/2019","93.956","94.768","94.884","93.881","200.00K","-0.85%"
"02/27/2019","94.761","94.108","95.064","93.923","196.57K","0.69%"
"02/26/2019","94.115","92.716","94.402","92.716","182.36K","1.45%"
"02/25/2019","92.772","92.871","93.067","92.439","154.34K","0.05%"
"02/22/2019","92.726","92.835","92.961","92.253","165.20K","-0.17%"
"02/21/2019","92.881","92.675","93.223","92.536","190.95K","0.23%"
"02/20/2019","92.672","93.132","93.274","92.535","183.88K","-0.51%"
"02/19/2019","93.147","92.249","93.221","91.996","154.15K","0.96%"
"02/18/2019","92.260","91.955","92.376","91.955","139.70K","0.34%"
"02/15/2019","91.945","90.917","92.022","90.853","173.80K","1.05%"
"02/14/2019","90.988","91.046","91.392","90.806","163.33K","-0.06%"
"02/13/2019","91.046","90.941","91.781","90.845","167.15K","0.12%"
"02/12/2019","90.934","91.483","91.718","90.723","177.49K","-0.53%"
"02/11/2019","91.422","92.165","92.221","91.376","136.59K","-0.80%"
"02/08/2019","92.158","92.373","92.519","91.772","161.63K","-0.23%"
"02/07/2019","92.366","92.540","92.828","91.894","172.62K","-0.19%"
"02/06/2019","92.543","92.628","92.958","92.497","190.13K","-0.05%"
"02/05/2019","92.589","93.482","93.681","92.486","176.58K","-0.97%"
"02/04/2019","93.492","93.473","93.957","93.316","138.08K","0.06%"
"02/01/2019","93.437","93.025","93.603","92.798","169.81K","0.44%"
"01/31/2019","93.025","93.432","93.575","92.888","179.80K","-0.44%"
"01/30/2019","93.436","93.352","93.650","93.005","188.18K","0.15%"
"01/29/2019","93.296","93.557","94.079","93.211","185.63K","-0.26%"
"01/28/2019","93.536","93.546","93.915","93.414","158.86K","-0.05%"
"01/25/2019","93.584","92.762","93.715","92.691","191.94K","0.88%"
"01/24/2019","92.769","93.031","93.245","92.437","179.91K","-0.29%"
"01/23/2019","93.042","92.343","93.165","92.141","183.75K","0.77%"
"01/22/2019","92.332","91.765","92.471","91.700","182.85K","0.60%"
"01/21/2019","91.779","91.740","92.012","91.373","170.40K","0.10%"
"01/18/2019","91.683","92.262","92.458","91.548","177.45K","-0.64%"
"01/17/2019","92.269","91.462","92.399","91.353","191.80K","0.90%"
"01/16/2019","91.444","91.442","91.822","91.115","","0.01%"
"01/15/2019","91.435","91.016","91.712","90.084","","0.44%"
"01/14/2019","91.033","90.448","91.467","90.377","","0.63%"
"01/11/2019","90.466","89.839","90.589","89.608","","0.77%"
"01/10/2019","89.779","90.246","90.335","89.596","","-0.51%"
"01/09/2019","90.239","89.197","90.356","89.155","","1.15%"
"01/08/2019","89.215","89.213","89.679","89.041","10.74K","0.00%"
"01/07/2019","89.213","88.538","89.244","88.271","10.31K","0.78%"
"01/04/2019","88.524","88.574","88.774","88.078","0.00K","-0.04%"
"01/03/2019","88.560","88.235","88.707","87.070","11.72K","0.33%"
"01/02/2019","88.267","88.497","89.278","88.087","9.81K","-0.34%"
"01/01/2019","88.566","88.782","89.016","88.379","6.79K","-0.23%"
"12/31/2018","88.768","88.692","89.424","88.476","","-0.11%"
"12/28/2018","88.867","88.968","89.080","88.428","","-0.11%"
"12/27/2018","88.964","88.516","89.178","88.492","","0.49%"
"12/26/2018","88.527","88.785","89.068","88.502","","-0.38%"
"12/25/2018","88.869","89.205","89.503","88.715","","-0.37%"
"12/24/2018","89.202","88.773","89.338","88.520","","0.68%"
"12/21/2018","88.597","88.584","89.205","88.227","","0.02%"
"12/20/2018","88.577","88.625","89.333","88.287","","-0.05%"
"12/19/2018","88.621","89.310","89.489","88.507","","-0.76%"
"12/18/2018","89.296","90.401","90.483","89.123","","-1.25%"
"12/17/2018","90.422","90.554","90.698","90.141","","-0.09%"
"12/14/2018","90.504","90.528","90.697","90.164","","-0.04%"
"12/13/2018","90.540","90.745","90.955","90.172","","-0.21%"
"12/12/2018","90.727","90.262","91.043","89.874","","0.50%"
"12/11/2018","90.276","91.092","91.205","90.133","","-0.89%"
"12/10/2018","91.085","90.198","91.741","89.989","","0.99%"
"12/07/2018","90.195","90.582","90.777","89.974","","-0.42%"
"12/06/2018","90.578","89.844","90.780","89.735","","0.81%"
"12/05/2018","89.848","89.743","90.208","89.364","","0.15%"
"12/04/2018","89.714","89.632","90.622","89.284","","0.10%"
"12/03/2018","89.628","88.933","90.102","88.679","","0.87%"
"11/30/2018","88.856","89.263","89.439","88.658","","-0.47%"
"11/29/2018","89.280","90.596","90.685","89.064","","-1.46%"
"11/28/2018","90.600","90.223","90.762","89.979","","0.39%"
"11/27/2018","90.247","90.894","91.022","90.096","","-0.71%"
"11/26/2018","90.894","90.816","91.177","90.068","","0.39%"
"11/23/2018","90.538","91.035","91.077","90.428","","-0.55%"
"11/22/2018","91.035","91.103","91.702","90.473","","-0.08%"
"11/21/2018","91.110","91.345","91.484","91.007","","-0.26%"
"11/20/2018","91.345","92.033","92.202","91.292","","-0.74%"
"11/19/2018","92.026","92.340","92.545","91.670","","-0.42%"
"11/16/2018","92.415","91.854","92.674","91.708","","0.58%"
"11/15/2018","91.879","93.938","94.065","91.511","","-2.23%"
"11/14/2018","93.977","94.207","94.668","93.168","","-0.22%"
"11/13/2018","94.182","93.618","94.748","93.372","","0.60%"
"11/12/2018","93.618","93.934","94.317","93.550","","-0.46%"
"11/09/2018","94.054","94.539","95.037","93.916","","-0.51%"
"11/08/2018","94.539","95.109","95.243","94.416","","-0.59%"
"11/07/2018","95.098","95.561","95.922","95.084","","-0.49%"
"11/06/2018","95.564","95.311","95.634","95.102","","0.28%"
"11/05/2018","95.296","94.372","95.421","94.060","","1.41%"
"11/02/2018","93.973","95.569","95.631","93.810","","-1.68%"
"11/01/2018","95.583","94.417","95.760","94.373","","1.23%"
"10/31/2018","94.421","93.622","94.906","93.559","","0.85%"
"10/30/2018","93.622","93.901","94.321","93.465","","-0.30%"
"10/29/2018","93.901","94.231","94.482","93.886","","-0.40%"
"10/26/2018","94.275","93.858","94.341","93.757","","0.44%"
"10/25/2018","93.858","94.346","94.703","93.713","","-0.50%"
"10/24/2018","94.328","95.490","95.575","94.170","","-1.22%"
"10/23/2018","95.490","95.374","95.972","95.319","","0.14%"
"10/22/2018","95.352","95.883","95.975","95.297","","-0.58%"
"10/19/2018","95.913","95.721","96.158","95.420","","0.20%"
"10/18/2018","95.721","96.516","96.583","95.703","","-0.83%"
"10/17/2018","96.527","96.842","96.929","96.406","","-0.36%"
"10/16/2018","96.875","97.026","97.429","96.761","","-0.16%"
"10/15/2018","97.026","96.724","97.404","96.275","","0.19%"
"10/12/2018","96.838","98.009","98.079","96.735","","-1.19%"
"10/11/2018","98.002","97.973","98.549","97.607","","0.03%"
"10/10/2018","97.977","97.709","98.154","97.481","","0.27%"
"10/09/2018","97.713","96.951","97.769","96.717","","0.79%"
"10/08/2018","96.951","96.697","97.011","96.447","","0.14%"
"10/05/2018","96.812","95.870","96.831","95.537","","0.98%"
"10/04/2018","95.874","94.920","96.028","94.769","","1.02%"
"10/03/2018","94.909","94.649","95.525","94.588","","0.27%"
"10/02/2018","94.649","95.120","95.222","94.365","","-0.49%"
"10/01/2018","95.116","94.492","95.606","94.463","","0.67%"
"09/28/2018","94.484","94.936","95.054","94.250","","-0.46%"
"09/27/2018","94.925","95.614","95.745","94.882","","-0.69%"
"09/26/2018","95.589","95.875","95.970","95.310","","-0.24%"
"09/25/2018","95.821","95.354","95.908","95.201","","0.49%"
"09/24/2018","95.354","94.407","95.727","94.310","","0.93%"
"09/21/2018","94.472","95.553","95.838","94.271","","-1.12%"
"09/20/2018","95.542","95.113","95.773","95.041","","0.45%"
"09/19/2018","95.110","95.603","96.082","94.814","","-0.52%"
"09/18/2018","95.603","95.456","96.141","95.144","","0.16%"
"09/17/2018","95.452","93.926","95.503","93.926","","1.63%"
"09/14/2018","93.922","94.423","94.535","93.836","","-0.53%"
"09/13/2018","94.420","94.151","94.542","93.887","","0.28%"
"09/12/2018","94.155","94.676","94.899","93.664","","-0.57%"
"09/11/2018","94.690","94.384","94.834","94.231","","0.32%"
"09/10/2018","94.384","92.860","94.576","92.721","","1.74%"
"09/07/2018","92.771","93.049","93.407","92.667","","-0.30%"
"09/06/2018","93.049","92.593","93.265","92.511","","0.47%"
"09/05/2018","92.611","92.023","93.167","91.755","","0.63%"
"09/04/2018","92.034","91.626","92.148","91.407","","0.40%"
"09/03/2018","91.668","92.104","92.104","91.271","","-0.41%"
"08/31/2018","92.048","92.040","92.443","91.916","","-0.01%"
"08/30/2018","92.054","91.890","92.301","91.847","","0.19%"
"08/29/2018","91.883","90.265","91.936","90.110","","1.78%"
"08/28/2018","90.272","90.467","90.687","90.165","","-0.21%"
"08/27/2018","90.464","89.842","90.530","89.633","","0.59%"
"08/24/2018","89.933","89.857","90.135","89.724","","0.08%"
"08/23/2018","89.857","90.220","90.526","89.756","","-0.39%"
"08/22/2018","90.209","90.158","90.430","89.893","","0.09%"
"08/21/2018","90.130","89.356","90.305","89.223","","0.87%"
"08/20/2018","89.352","89.311","89.493","88.641","","-0.05%"
"08/17/2018","89.395","89.127","89.441","89.010","","0.27%"
"08/16/2018","89.151","88.774","89.545","88.694","","0.41%"
"08/15/2018","88.785","89.042","89.143","88.529","","-0.27%"
"08/14/2018","89.024","89.419","89.652","88.874","","-0.42%"
"08/13/2018","89.402","87.956","89.577","87.780","","1.63%"
"08/10/2018","87.965","88.178","88.402","87.646","","-0.24%"
"08/09/2018","88.178","88.444","88.617","88.139","","-0.30%"
"08/08/2018","88.444","88.797","88.977","88.201","","-0.41%"
"08/07/2018","88.804","89.094","89.216","88.694","","-0.32%"
"08/06/2018","89.090","89.184","89.308","88.932","","-0.08%"
"08/03/2018","89.160","89.346","89.572","89.074","","-0.20%"
"08/02/2018","89.339","89.716","90.140","89.305","","-0.42%"
"08/01/2018","89.716","89.871","90.050","89.599","","-0.16%"
"07/31/2018","89.864","90.109","90.343","89.702","","-0.26%"
"07/30/2018","90.102","89.832","90.249","89.825","","0.17%"
"07/27/2018","89.952","90.007","90.117","89.827","","-0.06%"
"07/26/2018","90.007","90.658","90.823","89.976","","-0.71%"
"07/25/2018","90.648","90.628","90.738","90.270","","0.02%"
"07/24/2018","90.632","90.187","90.742","90.153","","0.47%"
"07/23/2018","90.204","89.428","90.531","89.428","","-0.09%"
"07/20/2018","90.283","89.823","90.340","89.514","","0.51%"
"07/19/2018","89.823","89.686","90.075","89.489","","0.13%"
"07/18/2018","89.707","89.739","89.826","89.220","","-0.04%"
"07/17/2018","89.746","90.726","90.833","89.445","","-1.08%"
"07/16/2018","90.730","90.616","91.219","90.574","","0.08%"
"07/13/2018","90.657","90.488","90.701","89.785","","0.19%"
"07/12/2018","90.488","90.758","90.810","90.359","","-0.30%"
"07/11/2018","90.762","91.297","91.438","90.717","","-0.57%"
"07/10/2018","91.280","91.036","91.534","90.957","","0.27%"
"07/09/2018","91.036","91.539","91.762","90.576","","-0.41%"
"07/06/2018","91.411","91.111","91.463","90.939","","0.33%"
"07/05/2018","91.108","90.894","91.535","90.795","","0.24%"
"07/04/2018","90.887","90.455","91.021","90.355","","0.50%"
"07/03/2018","90.438","90.319","90.630","90.119","","0.13%"
"07/02/2018","90.319","90.241","90.528","90.048","","-0.12%"
"06/29/2018","90.426","90.029","90.495","89.617","","0.44%"
"06/28/2018","90.029","90.015","90.608","89.839","","0.03%"
"06/27/2018","90.004","90.440","90.703","89.960","","-0.47%"
"06/26/2018","90.430","90.488","90.678","90.022","","-0.01%"
"06/25/2018","90.436","90.091","90.525","89.904","","0.42%"
"06/22/2018","90.061","90.041","90.292","89.862","","0.02%"
"06/21/2018","90.041","89.679","90.170","89.210","","0.43%"
"06/20/2018","89.656","89.992","90.087","89.502","","-0.42%"
"06/19/2018","90.033","90.112","90.375","89.857","","-0.09%"
"06/18/2018","90.112","90.261","90.469","89.934","","-0.34%"
"06/15/2018","90.421","89.771","90.513","89.659","","0.72%"
"06/14/2018","89.774","90.475","90.953","89.737","","-0.78%"
"06/13/2018","90.482","90.238","90.546","90.040","","0.27%"
"06/12/2018","90.234","90.285","90.595","90.032","","-0.01%"
"06/11/2018","90.241","90.514","90.666","89.969","","-0.36%"
"06/08/2018","90.568","90.491","90.937","90.143","","0.08%"
"06/07/2018","90.495","89.653","90.619","89.626","","0.94%"
"06/06/2018","89.653","89.891","90.136","89.602","","-0.26%"
"06/05/2018","89.891","89.294","90.012","89.224","","0.68%"
"06/04/2018","89.287","89.355","89.897","89.143","","-0.15%"
"06/01/2018","89.425","89.685","89.702","89.042","","-0.29%"
"05/31/2018","89.685","89.625","90.129","89.500","","0.05%"
"05/30/2018","89.638","89.885","89.997","89.395","","-0.30%"
"05/29/2018","89.912","89.713","90.316","89.615","","0.20%"
"05/28/2018","89.733","90.142","90.267","89.612","","-0.45%"
"05/25/2018","90.142","91.439","91.528","90.037","","-1.43%"
"05/24/2018","91.446","91.264","91.743","91.177","","0.22%"
"05/23/2018","91.247","91.396","91.584","91.036","","-0.16%"
"05/22/2018","91.389","91.489","91.800","91.150","","-0.10%"
"05/21/2018","91.482","91.593","91.681","91.135","","-0.14%"
"05/18/2018","91.607","91.598","91.935","91.510","","0.02%"
"05/17/2018","91.591","91.425","91.974","91.255","","0.19%"
"05/16/2018","91.415","91.942","92.014","91.218","","-0.59%"
"05/15/2018","91.953","91.591","92.189","91.395","","0.40%"
"05/14/2018","91.588","91.361","91.936","91.181","","0.39%"
"05/11/2018","91.229","90.896","91.559","90.774","","0.35%"
"05/10/2018","90.915","91.232","91.605","90.505","","-0.35%"
"05/09/2018","91.236","90.934","91.534","90.878","","0.32%"
"05/08/2018","90.941","91.022","91.174","90.508","","-0.09%"
"05/07/2018","91.022","90.445","91.146","90.378","","0.66%"
"05/04/2018","90.424","90.511","90.830","90.144","","-0.10%"
"05/03/2018","90.511","90.552","90.773","90.278","","-0.06%"
"05/02/2018","90.569","90.942","91.149","90.405","","-0.41%"
"05/01/2018","90.941","91.456","91.546","90.387","","-0.64%"
"04/30/2018","91.526","91.849","91.893","91.006","","-0.30%"
"04/27/2018","91.802","92.983","93.111","91.645","","-1.29%"
"04/26/2018","93.003","93.236","93.471","92.839","","-0.24%"
"04/25/2018","93.227","92.828","93.430","92.788","","0.44%"
"04/24/2018","92.822","92.743","92.902","92.416","","0.08%"
"04/23/2018","92.750","92.823","93.006","92.552","","0.03%"
"04/20/2018","92.724","92.791","93.042","92.632","","-0.10%"
"04/19/2018","92.821","93.342","93.736","92.669","","-0.56%"
"04/18/2018","93.342","93.844","94.086","93.057","","-0.53%"
"04/17/2018","93.844","93.864","94.361","93.770","","-0.03%"
"04/16/2018","93.871","93.002","93.920","92.832","","1.01%"
"04/13/2018","92.930","92.888","93.283","92.742","","0.04%"
"04/12/2018","92.892","92.513","93.022","92.444","","0.41%"
"04/11/2018","92.516","92.070","92.810","92.028","","0.49%"
"04/10/2018","92.066","91.788","92.218","91.654","","0.30%"
"04/09/2018","91.788","91.542","92.012","91.402","","0.31%"
"04/06/2018","91.503","90.869","91.613","90.837","","0.70%"
"04/05/2018","90.869","91.574","91.704","90.672","","-0.79%"
"04/04/2018","91.593","91.380","91.736","91.266","","0.23%"
"04/03/2018","91.381","91.472","91.598","91.176","","-0.11%"
"04/02/2018","91.479","91.373","91.672","91.282","","0.22%"
"03/30/2018","91.275","91.265","91.565","91.223","","0.00%"
"03/29/2018","91.275","91.729","91.859","91.247","","-0.49%"
"03/28/2018","91.729","91.943","92.425","91.680","","-0.23%"
"03/27/2018","91.943","92.243","92.308","91.398","","-0.32%"
"03/26/2018","92.237","91.896","92.368","91.835","","0.42%"
"03/23/2018","91.854","91.772","92.111","91.546","","0.09%"
"03/22/2018","91.772","92.175","92.570","91.636","","-0.43%"
"03/21/2018","92.171","91.274","92.253","91.265","","0.98%"
"03/20/2018","91.281","91.465","91.695","91.156","","-0.20%"
"03/19/2018","91.465","90.544","91.846","90.453","","0.96%"
"03/16/2018","90.596","90.574","90.794","90.182","","0.02%"
"03/15/2018","90.580","90.530","90.887","90.309","","0.06%"
"03/14/2018","90.523","90.548","90.986","90.307","","-0.03%"
"03/13/2018","90.548","90.368","90.775","90.071","","0.20%"
"03/12/2018","90.365","90.212","90.471","90.012","","0.19%"
"03/09/2018","90.192","89.920","90.500","89.764","","0.30%"
"03/08/2018","89.923","90.193","90.524","89.791","","-0.30%"
"03/07/2018","90.190","90.137","90.382","89.882","","0.06%"
"03/06/2018","90.137","90.054","90.454","89.790","","0.09%"
"03/05/2018","90.054","89.883","90.311","89.532","","0.02%"
"03/02/2018","90.036","89.861","90.125","89.719","","0.19%"
"03/01/2018","89.861","89.732","89.923","89.385","","0.14%"
"02/28/2018","89.733","90.304","90.827","89.707","","-0.62%"
"02/27/2018","90.297","90.464","90.845","89.897","","-0.19%"
"02/26/2018","90.471","90.433","91.105","90.230","","0.10%"
"02/23/2018","90.384","90.676","90.754","89.983","","-0.36%"
"02/22/2018","90.715","90.202","90.911","90.057","","0.58%"
"02/21/2018","90.196","90.785","90.869","90.055","","-0.64%"
"02/20/2018","90.775","89.979","90.935","89.754","","0.88%"
"02/19/2018","89.982","90.169","90.275","89.680","","-0.21%"
"02/16/2018","90.174","90.093","90.537","89.879","","0.09%"
"02/15/2018","90.089","89.756","90.133","89.508","","0.40%"
"02/14/2018","89.727","89.293","89.856","88.469","","0.50%"
"02/13/2018","89.277","88.948","89.510","88.909","","0.37%"
"02/12/2018","88.951","88.980","89.248","88.734","","-0.14%"
"02/09/2018","89.079","89.464","89.973","88.606","","-0.43%"
"02/08/2018","89.464","89.233","90.387","88.974","","0.26%"
"02/07/2018","89.230","89.592","89.720","89.000","","-0.40%"
"02/06/2018","89.592","89.537","89.931","88.928","","0.07%"
"02/05/2018","89.530","90.619","90.735","89.505","","-1.15%"
"02/02/2018","90.568","91.261","91.579","90.413","","-0.77%"
"02/01/2018","91.268","90.193","91.357","90.106","","1.20%"
"01/31/2018","90.190","90.109","90.500","89.881","","0.10%"
"01/30/2018","90.099","89.511","90.230","89.141","","0.65%"
"01/29/2018","89.514","90.054","90.054","89.171","","-0.66%"
"01/26/2018","90.110","89.851","90.731","89.613","","0.32%"
"01/25/2018","89.823","90.677","91.190","89.448","","-0.94%"
"01/24/2018","90.671","89.264","90.795","89.236","","1.57%"
"01/23/2018","89.271","89.366","89.475","88.747","","-0.11%"
"01/22/2018","89.370","88.548","89.395","88.446","","1.08%"
"01/19/2018","88.414","88.751","88.863","88.355","","-0.36%"
"01/18/2018","88.735","88.360","88.880","88.155","","0.46%"
"01/17/2018","88.333","88.293","89.078","87.910","","0.04%"
"01/16/2018","88.300","87.596","88.351","87.542","","0.80%"
"01/15/2018","87.600","87.337","87.772","87.027","","0.30%"
"01/12/2018","87.334","86.217","87.437","86.006","","1.29%"
"01/11/2018","86.224","85.939","86.335","85.667","","0.32%"
"01/10/2018","85.945","86.215","86.319","85.854","","-0.31%"
"01/09/2018","86.209","86.142","86.286","85.930","","0.10%"
"01/08/2018","86.123","85.959","86.258","85.723","","0.19%"
"01/05/2018","85.956","85.917","86.077","85.713","","0.03%"
"01/04/2018","85.926","85.827","85.987","85.650","","0.11%"
"01/03/2018","85.830","86.236","86.443","85.706","","-0.46%"
"01/02/2018","86.230","86.016","86.331","85.941","","0.28%"
"01/01/2018","85.991","86.277","86.277","85.863","","-0.33%"
"12/29/2017","86.277","86.156","86.471","85.994","","0.15%"
"12/28/2017","86.146","85.905","86.323","85.873","","0.28%"
"12/27/2017","85.902","85.661","86.164","85.619","","0.28%"
"12/26/2017","85.661","85.592","85.766","85.535","","0.08%"
"12/25/2017","85.589","85.521","85.768","85.509","","0.05%"
"12/22/2017","85.547","85.697","85.828","85.457","","-0.17%"
"12/21/2017","85.694","85.754","85.810","85.351","","-0.07%"
"12/20/2017","85.757","85.745","86.052","85.679","","0.01%"
"12/19/2017","85.748","85.932","85.971","85.351","","-0.21%"
"12/18/2017","85.932","85.457","86.324","85.281","","0.67%"
"12/15/2017","85.364","86.419","86.528","85.213","","-1.22%"
"12/14/2017","86.418","86.499","86.696","86.201","","-0.10%"
"12/13/2017","86.506","85.775","86.515","85.743","","0.85%"
"12/12/2017","85.775","85.844","86.244","85.675","","-0.08%"
"12/11/2017","85.844","86.355","86.465","85.789","","-0.58%"
"12/08/2017","86.349","87.015","87.186","86.057","","-0.75%"
"12/07/2017","87.002","86.425","87.093","86.011","","0.67%"
"12/06/2017","86.419","86.516","86.584","86.161","","-0.12%"
"12/05/2017","86.519","86.785","86.810","86.116","","-0.30%"
"12/04/2017","86.781","86.973","87.196","86.355","","-0.17%"
"12/01/2017","86.925","87.223","87.391","86.733","","-0.35%"
"11/30/2017","87.233","86.298","87.354","86.285","","1.08%"
"11/29/2017","86.300","85.910","86.545","85.910","","0.44%"
"11/28/2017","85.920","85.833","86.229","85.157","","0.06%"
"11/27/2017","85.872","86.267","86.352","85.845","","-0.46%"
"11/24/2017","86.267","85.940","86.419","85.816","","0.39%"
"11/23/2017","85.933","86.453","86.502","85.837","","-0.61%"
"11/22/2017","86.463","85.898","86.488","85.753","","0.66%"
"11/21/2017","85.898","86.160","86.275","85.737","","-0.31%"
"11/20/2017","86.163","85.937","86.411","85.723","","0.30%"
"11/17/2017","85.908","86.150","86.487","85.509","","-0.29%"
"11/16/2017","86.157","85.977","86.285","85.731","","0.22%"
"11/15/2017","85.971","86.109","86.209","85.649","","-0.16%"
"11/14/2017","86.113","85.831","86.266","85.560","","0.33%"
"11/13/2017","85.831","85.917","86.012","85.415","","-0.18%"
"11/10/2017","85.989","85.413","86.250","85.284","","0.67%"
"11/09/2017","85.413","85.146","85.546","84.954","","0.31%"
"11/08/2017","85.146","85.658","85.827","84.961","","-0.61%"
"11/07/2017","85.665","85.112","85.707","85.063","","0.63%"
"11/06/2017","85.125","84.477","85.150","84.302","","0.84%"
"11/03/2017","84.419","84.328","84.774","84.232","","0.11%"
"11/02/2017","84.328","85.517","85.873","84.226","","-1.40%"
"11/01/2017","85.523","86.001","86.085","85.481","","-0.56%"
"10/31/2017","86.008","85.654","86.057","85.438","","0.39%"
"10/30/2017","85.671","85.333","85.716","85.227","","0.33%"
"10/27/2017","85.391","85.340","85.465","85.011","","0.07%"
"10/26/2017","85.330","86.117","86.224","85.242","","-0.91%"
"10/25/2017","86.117","85.476","86.169","85.375","","0.72%"
"10/24/2017","85.502","85.820","86.006","85.366","","-0.36%"
"10/23/2017","85.814","85.772","85.982","85.514","","0.04%"
"10/20/2017","85.781","85.534","85.866","85.059","","0.30%"
"10/19/2017","85.527","85.909","86.065","85.443","","-0.44%"
"10/18/2017","85.905","85.774","85.944","85.553","","0.15%"
"10/17/2017","85.778","85.727","86.296","85.541","","0.06%"
"10/16/2017","85.727","86.110","86.208","85.563","","-0.28%"
"10/13/2017","85.964","86.283","86.583","85.928","","-0.37%"
"10/12/2017","86.283","86.168","86.468","85.366","","0.14%"
"10/11/2017","86.161","86.153","86.297","85.845","","0.01%"
"10/10/2017","86.156","85.883","86.303","85.796","","0.31%"
"10/09/2017","85.890","85.475","86.174","85.390","","0.52%"
"10/06/2017","85.449","85.461","85.678","85.190","","-0.02%"
"10/05/2017","85.464","86.125","86.302","85.386","","-0.79%"
"10/04/2017","86.146","86.676","86.929","86.125","","-0.64%"
"10/03/2017","86.699","86.712","87.113","86.405","","-0.02%"
"10/02/2017","86.715","87.444","87.542","86.569","","-0.89%"
"09/29/2017","87.496","88.008","88.031","87.185","","-0.58%"
"09/28/2017","88.008","87.973","88.197","87.556","","0.05%"
"09/27/2017","87.966","88.099","88.242","87.793","","-0.15%"
"09/26/2017","88.099","87.707","88.364","87.655","","0.45%"
"09/25/2017","87.707","87.428","88.087","87.220","","0.32%"
"09/22/2017","87.428","88.022","88.468","87.149","","-0.67%"
"09/21/2017","88.019","86.750","88.064","86.616","","1.45%"
"09/20/2017","86.757","86.869","87.809","86.487","","-0.12%"
"09/19/2017","86.863","86.582","87.107","86.434","","0.33%"
"09/18/2017","86.575","87.039","87.220","86.386","","-0.65%"
"09/15/2017","87.145","85.911","87.254","85.802","","1.44%"
"09/14/2017","85.905","84.564","85.969","84.345","","1.59%"
"09/13/2017","84.564","85.052","85.281","84.394","","-0.58%"
"09/12/2017","85.059","84.158","85.158","84.139","","1.07%"
"09/11/2017","84.161","84.221","84.532","84.024","","-0.03%"
"09/08/2017","84.187","83.866","84.359","83.784","","0.38%"
"09/07/2017","83.866","83.554","83.969","83.397","","0.37%"
"09/06/2017","83.554","83.542","83.830","83.496","","0.01%"
"09/05/2017","83.548","82.788","83.619","82.733","","0.89%"
"09/04/2017","82.814","82.976","83.134","82.647","","-0.12%"
"09/01/2017","82.916","82.678","83.210","82.533","","0.30%"
"08/31/2017","82.671","82.701","82.827","82.163","","-0.04%"
"08/30/2017","82.707","82.701","82.800","82.400","","0.00%"
"08/29/2017","82.708","82.636","83.101","82.566","","0.08%"
"08/28/2017","82.645","82.583","82.874","82.252","","0.18%"
"08/25/2017","82.493","81.987","82.503","81.930","","0.63%"
"08/24/2017","81.977","81.981","82.208","81.821","","0.00%"
"08/23/2017","81.977","82.163","82.303","81.837","","-0.23%"
"08/22/2017","82.167","82.708","82.773","82.096","","-0.66%"
"08/21/2017","82.709","82.491","82.814","82.292","","0.22%"
"08/18/2017","82.529","82.568","82.834","82.250","","-0.06%"
"08/17/2017","82.577","82.715","82.857","82.468","","-0.18%"
"08/16/2017","82.728","82.523","82.844","82.401","","0.25%"
"08/15/2017","82.523","83.089","83.160","82.365","","-0.69%"
"08/14/2017","83.093","83.337","83.540","83.038","","-0.44%"
"08/11/2017","83.459","83.176","83.588","82.978","","0.36%"
"08/10/2017","83.163","83.030","83.407","82.834","","0.14%"
"08/09/2017","83.050","82.746","83.101","82.589","","0.37%"
"08/08/2017","82.743","83.216","83.346","82.494","","-0.57%"
"08/07/2017","83.215","82.914","83.343","82.914","","0.25%"
"08/04/2017","83.010","83.699","83.838","82.892","","-0.83%"
"08/03/2017","83.702","84.170","84.422","83.494","","-0.52%"
"08/02/2017","84.141","84.628","84.731","84.113","","-0.58%"
"08/01/2017","84.628","84.844","84.920","84.543","","-0.25%"
"07/31/2017","84.840","84.202","84.905","84.013","","0.73%"
"07/28/2017","84.221","83.777","84.331","83.731","","0.53%"
"07/27/2017","83.780","84.446","84.636","83.703","","-0.78%"
"07/26/2017","84.440","83.864","84.477","83.746","","0.69%"
"07/25/2017","83.862","83.901","84.248","83.758","","-0.05%"
"07/24/2017","83.900","83.604","84.081","83.604","","0.27%"
"07/21/2017","83.672","83.520","83.774","83.379","","0.19%"
"07/20/2017","83.514","83.693","83.946","83.328","","-0.18%"
"07/19/2017","83.667","83.856","83.970","83.638","","-0.24%"
"07/18/2017","83.869","84.012","84.459","83.631","","-0.16%"
"07/17/2017","84.002","84.388","84.485","83.941","","-0.43%"
"07/14/2017","84.369","83.408","84.492","83.363","","1.15%"
"07/13/2017","83.408","83.070","83.498","83.021","","0.40%"
"07/12/2017","83.076","82.947","83.283","82.650","","0.14%"
"07/11/2017","82.957","83.054","83.476","82.804","","-0.11%"
"07/10/2017","83.051","83.266","83.379","82.873","","-0.32%"
"07/07/2017","83.315","83.949","84.008","83.089","","-0.76%"
"07/06/2017","83.955","83.822","84.094","83.670","","0.17%"
"07/05/2017","83.816","83.689","83.900","83.542","","0.13%"
"07/04/2017","83.709","83.893","84.020","83.610","","-0.22%"
"07/03/2017","83.890","84.103","84.324","83.848","","-0.35%"
"06/30/2017","84.181","84.113","84.380","83.673","","0.09%"
"06/29/2017","84.107","83.386","84.142","83.360","","0.84%"
"06/28/2017","83.405","82.637","83.777","82.563","","0.94%"
"06/27/2017","82.631","82.000","82.922","81.929","","0.81%"
"06/26/2017","81.968","82.118","82.283","81.861","","-0.09%"
"06/23/2017","82.038","81.926","82.243","81.874","","0.13%"
"06/22/2017","81.933","81.773","82.000","81.637","","0.20%"
"06/21/2017","81.766","81.508","82.015","81.344","","0.31%"
"06/20/2017","81.517","82.141","82.280","81.334","","-0.77%"
"06/19/2017","82.151","82.425","82.514","82.025","","-0.25%"
"06/16/2017","82.361","82.366","82.699","82.203","","0.01%"
"06/15/2017","82.352","81.906","82.559","81.701","","0.54%"
"06/14/2017","81.913","82.066","82.350","81.755","","-0.19%"
"06/13/2017","82.069","81.629","82.095","81.469","","0.56%"
"06/12/2017","81.609","81.791","82.170","81.489","","-0.33%"
"06/09/2017","81.881","83.232","83.281","81.229","","-1.61%"
"06/08/2017","83.223","83.511","83.571","82.944","","-0.34%"
"06/07/2017","83.505","83.182","83.550","82.918","","0.38%"
"06/06/2017","83.186","83.030","83.363","82.947","","0.18%"
"06/05/2017","83.034","82.792","83.308","82.738","","0.03%"
"06/02/2017","83.009","83.061","83.171","82.770","","-0.06%"
"06/01/2017","83.058","83.157","83.185","82.712","","-0.12%"
"05/31/2017","83.154","83.111","83.350","82.386","","0.05%"
"05/30/2017","83.111","82.873","83.340","82.566","","0.28%"
"05/29/2017","82.876","82.612","82.947","82.521","","0.34%"
"05/26/2017","82.595","83.554","83.599","82.405","","-1.12%"
"05/25/2017","83.534","84.023","84.123","83.467","","-0.59%"
"05/24/2017","84.033","84.111","84.289","83.708","","-0.10%"
"05/23/2017","84.120","83.867","84.532","83.685","","0.31%"
"05/22/2017","83.863","83.999","84.173","83.683","","-0.36%"
"05/19/2017","84.164","83.952","84.377","83.780","","0.30%"
"05/18/2017","83.916","83.158","84.627","83.096","","0.89%"
"05/17/2017","83.177","82.737","83.295","82.628","","0.54%"
"05/16/2017","82.730","82.625","83.016","82.464","","0.15%"
"05/15/2017","82.602","82.807","82.962","82.470","","-0.26%"
"05/12/2017","82.816","82.993","83.089","82.588","","-0.22%"
"05/11/2017","82.999","83.606","83.638","82.710","","-0.72%"
"05/10/2017","83.599","83.664","83.987","83.434","","-0.08%"
"05/09/2017","83.664","83.282","83.738","83.246","","0.46%"
"05/08/2017","83.282","83.513","83.565","83.133","","-0.25%"
"05/05/2017","83.488","82.985","83.533","82.834","","0.61%"
"05/04/2017","82.985","82.561","83.056","82.398","","0.51%"
"05/03/2017","82.561","83.023","83.094","82.536","","-0.55%"
"05/02/2017","83.020","82.806","83.049","82.542","","0.27%"
"05/01/2017","82.799","83.272","83.307","82.767","","-0.55%"
"04/28/2017","83.259","82.741","83.414","82.619","","0.63%"
"04/27/2017","82.734","82.398","82.831","82.314","","0.44%"
"04/26/2017","82.375","82.623","82.638","82.019","","-0.28%"
"04/25/2017","82.606","82.522","82.639","82.150","","0.12%"
"04/24/2017","82.509","83.082","83.147","82.351","","-0.39%"
"04/21/2017","82.836","82.798","82.921","82.446","","0.04%"
"04/20/2017","82.804","82.636","83.021","82.562","","0.20%"
"04/19/2017","82.636","82.959","83.064","82.549","","-0.37%"
"04/18/2017","82.940","81.023","83.331","80.787","","2.37%"
"04/17/2017","81.016","80.793","81.327","80.591","","0.32%"
"04/14/2017","80.755","80.599","80.832","80.553","","0.22%"
"04/13/2017","80.576","81.128","81.351","80.544","","-0.67%"
"04/12/2017","81.121","80.629","81.193","80.555","","0.60%"
"04/11/2017","80.639","80.208","80.672","79.958","","0.54%"
"04/10/2017","80.207","79.576","80.292","79.467","","0.86%"
"04/07/2017","79.525","80.560","80.752","79.476","","-1.28%"
"04/06/2017","80.560","80.990","81.273","80.328","","-0.52%"
"04/05/2017","80.983","80.953","81.143","80.664","","0.02%"
"04/04/2017","80.963","81.147","81.212","80.702","","-0.23%"
"04/03/2017","81.147","81.340","81.460","80.976","","-0.35%"
"03/31/2017","81.429","80.874","81.468","80.631","","0.68%"
"03/30/2017","80.881","80.666","81.301","80.508","","0.27%"
"03/29/2017","80.666","80.977","81.079","80.424","","-0.39%"
"03/28/2017","80.981","81.618","81.878","80.910","","-0.79%"
"03/27/2017","81.628","81.703","82.038","81.479","","0.04%"
"03/24/2017","81.592","81.957","81.979","81.547","","-0.44%"
"03/23/2017","81.953","81.714","82.048","81.580","","0.29%"
"03/22/2017","81.714","81.544","81.887","81.319","","0.21%"
"03/21/2017","81.540","80.747","81.651","80.588","","0.97%"
"03/20/2017","80.753","81.193","81.285","80.570","","-0.49%"
"03/17/2017","81.150","80.822","81.288","80.699","","0.41%"
"03/16/2017","80.816","80.646","80.980","80.001","","0.18%"
"03/15/2017","80.673","79.943","80.794","79.549","","0.91%"
"03/14/2017","79.943","80.862","80.938","79.732","","-1.14%"
"03/13/2017","80.865","80.988","81.467","80.683","","-0.18%"
"03/10/2017","81.007","81.142","81.187","80.866","","-0.16%"
"03/09/2017","81.139","81.232","81.375","80.893","","-0.14%"
"03/08/2017","81.253","81.276","81.388","80.967","","-0.04%"
"03/07/2017","81.283","81.584","81.706","81.085","","-0.37%"
"03/06/2017","81.587","82.106","82.157","81.457","","-0.63%"
"03/03/2017","82.106","81.922","82.150","81.611","","0.23%"
"03/02/2017","81.919","82.211","82.264","81.764","","-0.36%"
"03/01/2017","82.211","82.613","82.811","82.097","","-0.48%"
"02/28/2017","82.609","82.995","83.156","82.553","","-0.46%"
"02/27/2017","82.989","83.090","83.244","82.577","","-0.12%"
"02/24/2017","83.090","83.730","83.839","82.956","","-0.76%"
"02/23/2017","83.730","83.299","83.770","83.053","","0.45%"
"02/22/2017","83.359","83.558","83.781","83.206","","-0.22%"
"02/21/2017","83.544","83.381","83.634","83.009","","0.21%"
"02/20/2017","83.370","83.257","83.580","83.147","","0.11%"
"02/17/2017","83.277","83.786","83.976","83.036","","-0.59%"
"02/16/2017","83.770","83.323","83.999","83.280","","0.54%"
"02/15/2017","83.323","83.357","83.498","82.870","","-0.02%"
"02/14/2017","83.340","83.896","84.028","83.164","","-0.64%"
"02/13/2017","83.880","83.420","84.001","83.387","","0.44%"
"02/10/2017","83.511","83.436","83.796","83.181","","0.09%"
"02/09/2017","83.433","84.067","84.305","83.376","","-0.77%"
"02/08/2017","84.081","84.265","84.310","83.796","","-0.20%"
"02/07/2017","84.252","83.789","84.517","83.231","","0.55%"
"02/06/2017","83.789","83.933","84.068","83.521","","-0.13%"
"02/03/2017","83.896","84.191","84.476","83.702","","-0.36%"
"02/02/2017","84.201","85.341","85.696","84.120","","-1.32%"
"02/01/2017","85.327","84.947","85.493","84.729","","0.47%"
"01/31/2017","84.927","84.688","85.084","84.173","","0.28%"
"01/30/2017","84.691","85.474","85.852","84.497","","-0.95%"
"01/27/2017","85.506","85.857","85.956","85.209","","-0.41%"
"01/26/2017","85.857","85.892","86.207","85.554","","-0.05%"
"01/25/2017","85.899","85.312","86.060","85.129","","0.69%"
"01/24/2017","85.312","85.298","85.475","84.577","","0.01%"
"01/23/2017","85.305","84.160","85.334","84.114","","1.26%"
"01/20/2017","84.243","84.057","84.316","83.571","","0.23%"
"01/19/2017","84.050","83.652","84.114","83.576","","0.50%"
"01/18/2017","83.631","84.243","84.312","83.522","","-0.72%"
"01/17/2017","84.240","82.054","84.368","81.838","","2.66%"
"01/16/2017","82.054","82.252","82.363","81.690","","-1.18%"
"01/13/2017","83.033","82.845","83.441","82.658","","0.21%"
"01/12/2017","82.859","83.395","83.733","82.721","","-0.67%"
"01/11/2017","83.422","83.202","83.686","82.412","","0.26%"
"01/10/2017","83.202","82.824","83.247","82.477","","0.45%"
"01/09/2017","82.827","83.613","83.641","82.621","","-1.03%"
"01/06/2017","83.693","84.055","84.330","83.560","","-0.52%"
"01/05/2017","84.130","83.655","84.261","83.291","","0.58%"
"01/04/2017","83.649","83.530","83.846","83.358","","0.13%"
"01/03/2017","83.544","83.652","84.084","83.418","","-0.13%"
"01/02/2017","83.651","83.890","84.015","83.621","","-0.23%"
"12/30/2016","83.846","83.303","84.114","83.180","","0.64%"
"12/29/2016","83.309","83.422","83.628","83.003","","-0.13%"
"12/28/2016","83.417","83.402","83.927","83.237","","0.00%"
"12/27/2016","83.415","83.264","83.566","83.084","","0.18%"
"12/26/2016","83.267","83.234","83.414","83.084","","-0.15%"
"12/23/2016","83.388","83.334","83.536","82.905","","0.06%"
"12/22/2016","83.334","83.806","84.021","83.277","","-0.56%"
"12/21/2016","83.805","84.020","84.237","83.623","","-0.20%"
"12/20/2016","83.972","84.133","84.282","83.798","","-0.18%"
"12/19/2016","84.126","84.765","84.837","83.789","","-0.79%"
"12/16/2016","84.799","84.278","84.878","83.948","","0.63%"
"12/15/2016","84.272","84.762","85.193","84.015","","-0.60%"
"12/14/2016","84.779","85.328","85.869","84.543","","-0.64%"
"12/13/2016","85.328","85.495","85.979","85.272","","-0.17%"
"12/12/2016","85.475","84.861","85.586","84.716","","0.73%"
"12/09/2016","84.854","85.027","85.236","84.721","","-0.19%"
"12/08/2016","85.013","85.120","85.594","84.619","","-0.15%"
"12/07/2016","85.140","85.876","86.023","84.951","","-0.87%"
"12/06/2016","85.883","86.589","86.894","85.714","","-0.85%"
"12/05/2016","86.619","86.584","86.919","85.888","","0.03%"
"12/02/2016","86.593","85.895","86.665","85.746","","0.80%"
"12/01/2016","85.909","85.779","86.735","85.469","","0.14%"
"11/30/2016","85.789","85.715","85.907","84.987","","0.10%"
"11/29/2016","85.701","85.152","85.958","84.981","","0.65%"
"11/28/2016","85.145","85.453","86.025","84.994","","-0.40%"
"11/25/2016","85.488","85.625","85.670","84.959","","-0.16%"
"11/24/2016","85.625","85.567","85.913","85.203","","0.08%"
"11/23/2016","85.557","84.978","85.843","84.684","","0.68%"
"11/22/2016","84.975","85.264","85.386","84.678","","-0.31%"
"11/21/2016","85.241","84.179","85.347","83.828","","1.25%"
"11/18/2016","84.185","84.472","84.792","83.723","","-0.33%"
"11/17/2016","84.462","84.618","84.809","84.236","","-0.17%"
"11/16/2016","84.607","84.434","84.848","84.246","","0.20%"
"11/15/2016","84.437","84.643","84.942","83.846","","-0.28%"
"11/14/2016","84.674","85.088","85.237","84.335","","-0.55%"
"11/11/2016","85.142","83.943","85.354","83.743","","1.42%"
"11/10/2016","83.950","82.519","84.160","82.301","","1.73%"
"11/09/2016","82.519","82.016","83.979","81.863","","0.64%"
"11/08/2016","81.992","82.711","82.998","81.897","","-0.92%"
"11/07/2016","82.750","83.585","83.675","82.631","","-1.04%"
"11/04/2016","83.618","83.082","83.835","83.039","","0.65%"
"11/03/2016","83.076","82.130","83.430","82.113","","1.14%"
"11/02/2016","82.137","81.652","82.397","81.565","","0.59%"
"11/01/2016","81.655","81.636","81.937","81.421","","0.01%"
"10/31/2016","81.649","81.350","81.754","81.090","","0.34%"
"10/28/2016","81.370","81.354","81.598","80.871","","0.03%"
"10/27/2016","81.344","81.897","82.060","81.242","","-0.66%"
"10/26/2016","81.881","81.434","81.927","81.183","","0.56%"
"10/25/2016","81.423","81.798","81.847","80.754","","-0.47%"
"10/24/2016","81.811","81.794","81.943","81.505","","-0.10%"
"10/21/2016","81.890","81.893","81.997","81.443","","0.01%"
"10/20/2016","81.880","81.881","82.053","81.554","","-0.01%"
"10/19/2016","81.891","82.061","82.232","81.674","","-0.21%"
"10/18/2016","82.061","81.373","82.250","81.321","","0.85%"
"10/17/2016","81.372","81.336","81.523","81.002","","0.08%"
"10/14/2016","81.309","81.884","81.901","81.182","","-0.67%"
"10/13/2016","81.857","81.554","82.030","81.161","","0.36%"
"10/12/2016","81.561","81.024","82.307","80.881","","0.67%"
"10/11/2016","81.020","82.208","82.307","80.796","","-1.44%"
"10/10/2016","82.205","82.836","82.939","82.054","","-0.73%"
"10/07/2016","82.813","84.145","84.215","78.836","","-1.57%"
"10/06/2016","84.131","84.853","84.989","84.046","","-0.87%"
"10/05/2016","84.869","84.783","84.983","84.444","","0.10%"
"10/04/2016","84.780","85.465","85.588","84.561","","-0.80%"
"10/03/2016","85.462","86.157","86.183","85.276","","-1.05%"
"09/30/2016","86.366","86.649","86.707","86.212","","-0.33%"
"09/29/2016","86.653","86.380","87.189","86.316","","0.32%"
"09/28/2016","86.380","86.509","86.665","86.276","","-0.14%"
"09/27/2016","86.499","86.434","86.638","85.988","","0.08%"
"09/26/2016","86.433","86.453","86.763","86.102","","-0.13%"
"09/23/2016","86.542","87.143","87.269","86.052","","-0.69%"
"09/22/2016","87.143","86.991","87.447","86.939","","0.23%"
"09/21/2016","86.947","87.004","87.374","86.718","","-0.07%"
"09/20/2016","87.004","87.255","87.509","86.721","","-0.31%"
"09/19/2016","87.271","87.181","87.654","87.135","","0.07%"
"09/16/2016","87.208","88.503","88.593","87.164","","-1.47%"
"09/15/2016","88.509","88.407","88.925","88.179","","0.12%"
"09/14/2016","88.407","88.585","88.657","87.889","","-0.21%"
"09/13/2016","88.589","89.016","89.161","88.286","","-0.48%"
"09/12/2016","89.016","88.770","89.164","88.605","","0.30%"
"09/09/2016","88.750","88.599","88.929","88.362","","0.18%"
"09/08/2016","88.592","88.695","88.870","88.282","","-0.11%"
"09/07/2016","88.689","89.074","89.113","88.444","","-0.44%"
"09/06/2016","89.077","88.435","89.179","88.369","","0.73%"
"09/05/2016","88.435","88.851","88.915","88.292","","-0.40%"
"09/02/2016","88.791","88.639","88.965","88.518","","0.18%"
"09/01/2016","88.632","88.003","89.195","87.909","","0.73%"
"08/31/2016","87.989","87.842","88.149","87.569","","0.17%"
"08/30/2016","87.839","87.979","88.069","87.598","","-0.11%"
"08/29/2016","87.939","88.205","88.287","87.718","","-0.29%"
"08/26/2016","88.191","88.401","88.840","88.022","","-0.24%"
"08/25/2016","88.401","88.882","89.044","88.251","","-0.54%"
"08/24/2016","88.882","88.574","89.078","88.357","","0.33%"
"08/23/2016","88.588","88.280","88.658","88.166","","0.33%"
"08/22/2016","88.297","87.679","88.504","87.485","","0.58%"
"08/19/2016","87.785","88.035","88.126","87.412","","-0.25%"
"08/18/2016","88.002","87.248","88.075","87.117","","0.87%"
"08/17/2016","87.245","87.232","87.563","86.911","","0.01%"
"08/16/2016","87.239","86.100","87.286","86.086","","1.31%"
"08/15/2016","86.107","86.408","86.647","86.011","","-0.41%"
"08/12/2016","86.465","86.489","87.092","86.278","","-0.01%"
"08/11/2016","86.476","86.868","87.070","86.442","","-0.45%"
"08/10/2016","86.869","86.820","87.435","86.630","","0.05%"
"08/09/2016","86.824","87.120","87.202","86.529","","-0.34%"
"08/08/2016","87.117","87.308","87.530","87.014","","-0.30%"
"08/05/2016","87.379","87.611","87.975","87.020","","-0.26%"
"08/04/2016","87.611","88.974","89.375","87.560","","-1.55%"
"08/03/2016","88.988","89.067","89.549","88.825","","-0.09%"
"08/02/2016","89.071","88.003","89.131","87.910","","1.24%"
"08/01/2016","87.983","88.228","88.570","87.838","","-0.20%"
"07/29/2016","88.158","88.227","88.774","87.968","","-0.07%"
"07/28/2016","88.224","88.690","88.866","87.895","","-0.51%"
"07/27/2016","88.676","88.410","88.789","87.824","","0.31%"
"07/26/2016","88.403","88.580","88.735","87.962","","-0.21%"
"07/25/2016","88.587","88.056","88.660","87.976","","0.62%"
"07/22/2016","88.042","88.857","89.230","87.757","","-0.93%"
"07/21/2016","88.868","88.710","89.226","88.396","","0.16%"
"07/20/2016","88.723","88.112","88.858","87.768","","0.69%"
"07/19/2016","88.111","88.990","89.152","87.838","","-1.00%"
"07/18/2016","89.000","88.392","89.420","88.368","","0.48%"
"07/15/2016","88.575","89.186","90.227","88.022","","-0.68%"
"07/14/2016","89.185","88.076","90.172","87.805","","1.22%"
"07/13/2016","88.107","88.729","89.548","88.003","","-0.66%"
"07/12/2016","88.695","87.219","89.145","87.093","","1.67%"
"07/11/2016","87.238","86.952","87.508","86.289","","0.29%"
"07/08/2016","86.986","87.130","87.551","86.786","","-0.17%"
"07/07/2016","87.133","87.169","87.981","86.789","","-0.04%"
"07/06/2016","87.169","87.792","87.894","86.414","","-0.74%"
"07/05/2016","87.820","89.395","89.435","87.633","","-1.77%"
"07/04/2016","89.405","89.067","89.751","88.899","","0.33%"
"07/01/2016","89.107","89.854","90.135","88.986","","-0.83%"
"06/30/2016","89.854","90.551","91.159","89.143","","-0.74%"
"06/29/2016","90.520","90.339","91.390","90.022","","0.19%"
"06/28/2016","90.345","89.776","91.112","89.644","","0.57%"
"06/27/2016","89.834","92.088","92.105","89.146","","-3.27%"
"06/24/2016","92.867","100.061","101.056","90.082","","-7.23%"
"06/23/2016","100.105","99.201","100.521","99.167","","0.91%"
"06/22/2016","99.201","99.048","99.563","98.824","","0.15%"
"06/21/2016","99.054","99.300","99.810","98.744","","-0.24%"
"06/20/2016","99.292","96.320","99.435","96.292","","3.11%"
"06/17/2016","96.301","95.614","96.552","95.459","","0.73%"
"06/16/2016","95.604","95.286","95.939","94.453","","0.33%"
"06/15/2016","95.289","94.977","95.423","94.828","","0.31%"
"06/14/2016","94.994","95.899","95.901","94.871","","-0.93%"
"06/13/2016","95.889","95.461","96.158","94.730","","0.45%"
"06/10/2016","95.461","96.518","96.679","94.905","","-1.10%"
"06/09/2016","96.522","96.452","96.835","96.338","","0.09%"
"06/08/2016","96.438","96.944","97.267","96.407","","-0.53%"
"06/07/2016","96.948","96.468","97.965","96.403","","0.52%"
"06/06/2016","96.451","97.250","97.314","96.111","","-0.86%"
"06/03/2016","97.283","97.030","97.705","96.781","","0.27%"
"06/02/2016","97.020","97.212","97.479","96.903","","-0.20%"
"06/01/2016","97.212","97.305","97.784","97.029","","-0.10%"
"05/31/2016","97.305","98.348","98.851","97.191","","-1.04%"
"05/30/2016","98.331","97.922","98.546","97.898","","0.30%"
"05/27/2016","98.033","98.182","98.526","97.755","","-0.16%"
"05/26/2016","98.188","98.905","99.233","97.960","","-0.68%"
"05/25/2016","98.864","98.983","99.140","98.389","","-0.12%"
"05/24/2016","98.983","97.636","99.132","97.578","","1.38%"
"05/23/2016","97.639","97.779","98.009","97.452","","-0.11%"
"05/20/2016","97.749","98.538","98.597","97.595","","-0.80%"
"05/19/2016","98.538","98.018","98.914","97.819","","0.53%"
"05/18/2016","98.018","96.648","98.103","96.403","","1.41%"
"05/17/2016","96.652","96.235","96.903","96.213","","0.41%"
"05/16/2016","96.262","95.944","96.336","95.672","","0.26%"
"05/13/2016","96.017","96.470","96.530","95.887","","-0.46%"
"05/12/2016","96.464","96.167","96.833","96.023","","0.31%"
"05/11/2016","96.168","96.221","96.586","95.965","","-0.08%"
"05/10/2016","96.242","96.179","96.404","95.988","","0.08%"
"05/09/2016","96.169","96.114","96.262","95.576","","0.06%"
"05/06/2016","96.107","96.413","96.899","95.948","","-0.32%"
"05/05/2016","96.413","96.555","96.779","96.096","","-0.15%"
"05/04/2016","96.556","96.749","96.960","96.314","","-0.19%"
"05/03/2016","96.736","97.350","97.950","96.583","","-0.62%"
"05/02/2016","97.344","97.046","97.589","96.826","","0.28%"
"04/29/2016","97.070","97.005","97.532","96.851","","0.06%"
"04/28/2016","97.012","96.514","97.161","96.371","","0.52%"
"04/27/2016","96.511","96.834","97.233","96.338","","-0.33%"
"04/26/2016","96.830","96.580","97.308","96.506","","0.27%"
"04/25/2016","96.573","96.088","96.787","96.061","","0.59%"
"04/22/2016","96.008","95.233","96.203","95.149","","0.81%"
"04/21/2016","95.233","94.838","95.703","94.721","","0.42%"
"04/20/2016","94.838","95.209","95.425","94.789","","-0.39%"
"04/19/2016","95.213","94.803","95.659","94.763","","0.43%"
"04/18/2016","94.803","94.812","95.044","94.188","","0.19%"
"04/15/2016","94.625","94.278","94.720","94.155","","0.39%"
"04/14/2016","94.262","94.448","94.539","93.941","","-0.19%"
"04/13/2016","94.445","94.619","95.003","94.375","","-0.18%"
"04/12/2016","94.619","94.396","95.385","94.274","","0.23%"
"04/11/2016","94.400","94.015","94.790","93.683","","0.41%"
"04/08/2016","94.014","93.837","94.257","93.545","","0.19%"
"04/07/2016","93.837","93.939","94.156","93.373","","-0.10%"
"04/06/2016","93.929","94.060","94.400","93.372","","-0.14%"
"04/05/2016","94.060","94.287","94.578","93.738","","-0.24%"
"04/04/2016","94.287","94.372","94.656","93.846","","-0.14%"
"04/01/2016","94.415","95.149","95.352","94.026","","-0.77%"
"03/31/2016","95.152","95.434","95.587","94.900","","-0.31%"
"03/30/2016","95.448","95.481","95.979","95.304","","-0.04%"
"03/29/2016","95.482","94.943","95.686","94.471","","0.57%"
"03/28/2016","94.943","94.443","95.039","94.174","","0.45%"
"03/25/2016","94.517","94.709","94.759","94.233","","-0.20%"
"03/24/2016","94.709","94.493","94.903","93.988","","0.24%"
"03/23/2016","94.486","94.840","95.007","94.131","","-0.38%"
"03/22/2016","94.846","95.560","95.854","94.580","","-0.73%"
"03/21/2016","95.544","96.134","96.175","95.452","","-0.61%"
"03/18/2016","96.127","96.472","96.578","95.951","","-0.34%"
"03/17/2016","96.459","95.782","96.625","94.997","","0.70%"
"03/16/2016","95.785","95.342","95.889","94.610","","0.45%"
"03/15/2016","95.352","96.021","96.078","95.185","","-0.69%"
"03/14/2016","96.011","96.337","96.500","95.928","","-0.28%"
"03/11/2016","96.282","96.116","96.695","95.549","","0.17%"
"03/10/2016","96.119","95.447","96.302","94.477","","0.69%"
"03/09/2016","95.457","95.677","95.797","95.174","","-0.24%"
"03/08/2016","95.683","95.566","96.206","95.447","","0.13%"
"03/07/2016","95.563","95.349","95.645","94.845","","0.34%"
"03/04/2016","95.236","95.173","95.394","94.566","","0.08%"
"03/03/2016","95.159","94.886","95.403","94.502","","0.29%"
"03/02/2016","94.880","94.496","95.063","94.076","","0.40%"
"03/01/2016","94.506","94.933","95.294","94.142","","-0.44%"
"02/29/2016","94.919","95.342","95.452","94.568","","-0.44%"
"02/26/2016","95.342","96.014","96.535","95.247","","-0.71%"
"02/25/2016","96.021","95.308","96.384","95.191","","0.75%"
"02/24/2016","95.305","96.136","96.248","95.088","","-0.87%"
"02/23/2016","96.140","96.967","97.160","96.025","","-0.86%"
"02/22/2016","96.974","98.909","98.909","96.346","","-1.80%"
"02/19/2016","98.750","98.265","98.780","97.656","","0.49%"
"02/18/2016","98.265","97.676","98.613","97.558","","0.59%"
"02/17/2016","97.687","97.959","98.179","97.467","","-0.27%"
"02/16/2016","97.955","98.364","99.281","97.673","","-0.40%"
"02/15/2016","98.348","98.795","99.114","98.214","","-0.48%"
"02/12/2016","98.822","98.840","99.419","98.175","","-0.31%"
"02/11/2016","99.125","98.548","99.206","98.175","","0.59%"
"02/10/2016","98.548","98.276","98.935","98.019","","0.29%"
"02/09/2016","98.266","98.194","98.565","97.718","","0.08%"
"02/08/2016","98.187","98.338","98.682","97.621","","-0.16%"
"02/05/2016","98.342","98.548","98.710","97.844","","-0.20%"
"02/04/2016","98.541","99.215","99.327","98.215","","-0.68%"
"02/03/2016","99.212","97.956","99.531","97.888","","1.28%"
"02/02/2016","97.956","97.913","98.248","97.366","","0.05%"
"02/01/2016","97.907","96.655","98.110","96.455","","1.24%"
"01/29/2016","96.709","97.738","97.916","96.030","","-1.05%"
"01/28/2016","97.738","96.982","98.139","96.943","","0.77%"
"01/27/2016","96.993","97.206","97.642","96.832","","-0.23%"
"01/26/2016","97.220","96.545","97.356","96.125","","0.70%"
"01/25/2016","96.545","96.435","96.824","96.264","","0.19%"
"01/22/2016","96.362","96.414","97.072","96.200","","-0.05%"
"01/21/2016","96.415","96.442","96.716","95.605","","-0.02%"
"01/20/2016","96.439","95.894","96.647","95.779","","0.59%"
"01/19/2016","95.870","96.374","97.003","95.641","","-0.52%"
"01/18/2016","96.371","96.680","96.889","96.314","","-0.27%"
"01/15/2016","96.633","97.019","97.320","96.568","","-0.41%"
"01/14/2016","97.029","96.408","97.449","96.366","","0.64%"
"01/13/2016","96.408","96.694","96.762","96.097","","-0.32%"
"01/12/2016","96.720","97.093","97.331","95.898","","-0.37%"
"01/11/2016","97.083","97.110","97.555","96.958","","0.02%"
"01/08/2016","97.059","97.772","97.929","96.929","","-0.74%"
"01/07/2016","97.779","97.584","97.972","96.959","","0.22%"
"01/06/2016","97.560","97.541","98.007","97.419","","0.00%"
"01/05/2016","97.561","97.978","98.066","97.386","","-0.44%"
"01/04/2016","97.988","97.717","98.612","97.312","","0.31%"
"01/01/2016","97.684","97.565","97.921","97.528","","0.10%"
"12/31/2015","97.584","98.470","98.570","97.487","","-0.92%"
"12/30/2015","98.493","98.108","98.649","98.086","","0.39%"
"12/29/2015","98.108","98.399","98.959","97.968","","-0.29%"
"12/28/2015","98.393","98.464","98.833","98.323","","-0.21%"
"12/25/2015","98.596","98.361","98.685","98.225","","0.24%"
"12/24/2015","98.360","98.207","98.665","98.172","","0.15%"
"12/23/2015","98.211","98.230","98.593","98.061","","0.00%"
"12/22/2015","98.207","98.611","98.873","98.011","","-0.42%"
"12/21/2015","98.618","98.814","99.036","98.487","","-0.07%"
"12/18/2015","98.684","98.974","99.337","98.590","","-0.29%"
"12/17/2015","98.971","99.740","99.829","98.556","","-0.77%"
"12/16/2015","99.737","100.529","100.799","99.524","","-0.81%"
"12/15/2015","100.556","101.602","101.905","100.405","","-1.02%"
"12/14/2015","101.593","102.200","102.301","101.342","","-0.58%"
"12/11/2015","102.183","101.200","102.335","101.026","","0.98%"
"12/10/2015","101.196","101.486","101.661","100.853","","-0.29%"
"12/09/2015","101.493","100.343","101.655","100.138","","1.15%"
"12/08/2015","100.340","100.530","100.634","99.928","","-0.17%"
"12/07/2015","100.513","100.715","100.858","100.348","","-0.20%"
"12/04/2015","100.714","101.157","101.355","100.559","","-0.43%"
"12/03/2015","101.147","99.563","101.312","99.384","","1.59%"
"12/02/2015","99.563","100.187","100.482","99.146","","-0.62%"
"12/01/2015","100.189","100.069","100.649","100.023","","0.12%"
"11/30/2015","100.069","100.504","100.613","99.854","","-0.54%"
"11/27/2015","100.612","100.527","100.973","100.228","","0.07%"
"11/26/2015","100.537","100.411","100.793","100.282","","0.13%"
"11/25/2015","100.402","99.947","100.445","99.882","","0.43%"
"11/24/2015","99.970","100.420","100.625","99.834","","-0.45%"
"11/23/2015","100.420","100.349","100.752","100.173","","0.07%"
"11/20/2015","100.352","101.059","101.343","100.292","","-0.70%"
"11/19/2015","101.055","100.617","101.353","100.598","","0.44%"
"11/18/2015","100.614","100.377","101.011","100.350","","0.23%"
"11/17/2015","100.387","100.173","100.560","99.999","","0.25%"
"11/16/2015","100.140","100.771","100.784","100.116","","-0.49%"
"11/13/2015","100.631","100.625","100.954","100.455","","0.02%"
"11/12/2015","100.608","100.483","100.741","100.186","","0.10%"
"11/11/2015","100.509","100.091","100.607","100.058","","0.43%"
"11/10/2015","100.075","100.477","100.554","99.959","","-0.40%"
"11/09/2015","100.477","99.554","100.560","99.477","","0.94%"
"11/06/2015","99.538","100.163","100.246","99.038","","-0.61%"
"11/05/2015","100.147","100.946","101.273","100.124","","-0.80%"
"11/04/2015","100.953","101.118","101.261","100.409","","-0.17%"
"11/03/2015","101.124","101.073","101.371","100.897","","0.05%"
"11/02/2015","101.073","101.050","101.697","100.828","","0.13%"
"10/30/2015","100.941","100.213","101.197","99.843","","0.73%"
"10/29/2015","100.206","99.136","100.253","99.109","","1.09%"
"10/28/2015","99.126","99.599","99.755","99.047","","-0.47%"
"10/27/2015","99.596","99.653","99.816","99.309","","-0.06%"
"10/26/2015","99.653","99.374","99.831","99.329","","0.28%"
"10/23/2015","99.377","99.863","100.238","99.308","","-0.47%"
"10/22/2015","99.849","100.452","100.926","99.771","","-0.60%"
"10/21/2015","100.452","100.404","100.920","100.345","","0.05%"
"10/20/2015","100.404","100.401","100.733","100.262","","0.03%"
"10/19/2015","100.378","99.889","100.489","99.820","","0.51%"
"10/16/2015","99.873","100.103","100.616","99.813","","-0.26%"
"10/15/2015","100.129","100.172","100.508","99.875","","-0.07%"
"10/14/2015","100.195","99.269","100.431","99.236","","0.95%"
"10/13/2015","99.249","99.447","100.052","98.914","","-0.18%"
"10/12/2015","99.428","99.256","99.648","99.181","","0.29%"
"10/09/2015","99.139","99.483","99.813","99.053","","-0.35%"
"10/08/2015","99.490","99.405","100.084","99.256","","0.06%"
"10/07/2015","99.428","99.165","99.738","99.129","","0.26%"
"10/06/2015","99.168","98.649","99.393","98.611","","0.53%"
"10/05/2015","98.649","99.236","99.555","98.519","","-0.59%"
"10/02/2015","99.237","99.293","99.815","99.125","","-0.07%"
"10/01/2015","99.303","99.131","99.530","98.993","","0.18%"
"09/30/2015","99.120","99.749","99.970","98.951","","-0.63%"
"09/29/2015","99.751","100.554","100.759","99.709","","-0.80%"
"09/28/2015","100.551","100.480","100.736","100.197","","0.09%"
"09/25/2015","100.459","100.765","101.003","100.089","","-0.30%"
"09/24/2015","100.758","100.898","101.407","100.610","","-0.14%"
"09/23/2015","100.901","101.270","101.483","100.413","","-0.37%"
"09/22/2015","101.277","101.868","102.020","101.088","","-0.58%"
"09/21/2015","101.871","102.346","102.474","101.652","","-0.43%"
"09/18/2015","102.307","103.008","103.183","102.060","","-0.68%"
"09/17/2015","103.012","102.589","103.284","102.489","","0.41%"
"09/16/2015","102.592","101.956","103.193","101.771","","0.64%"
"09/15/2015","101.943","102.218","102.712","101.753","","-0.27%"
"09/14/2015","102.215","102.177","102.729","101.982","","0.01%"
"09/11/2015","102.207","102.399","102.706","102.143","","-0.19%"
"09/10/2015","102.402","102.377","102.909","102.043","","0.04%"
"09/09/2015","102.357","102.076","102.428","101.846","","0.29%"
"09/08/2015","102.066","102.175","102.631","101.922","","-0.07%"
"09/07/2015","102.134","101.249","102.300","101.155","","0.95%"
"09/04/2015","101.172","100.843","101.607","100.766","","0.32%"
"09/03/2015","100.852","101.269","101.522","100.579","","-0.44%"
"09/02/2015","101.296","101.586","101.776","100.997","","-0.29%"
"09/01/2015","101.589","101.899","102.377","101.411","","-0.30%"
"08/31/2015","101.896","101.858","102.563","101.723","","0.07%"
"08/28/2015","101.822","101.611","102.163","101.408","","0.23%"
"08/27/2015","101.591","102.059","102.493","101.396","","-0.44%"
"08/26/2015","102.035","103.977","104.294","102.004","","-1.87%"
"08/25/2015","103.984","105.403","105.491","103.627","","-1.34%"
"08/24/2015","105.399","103.700","105.573","103.416","","1.68%"
"08/21/2015","103.653","102.661","103.772","102.603","","0.98%"
"08/20/2015","102.652","102.078","102.933","101.987","","0.55%"
"08/19/2015","102.089","102.507","102.625","101.868","","-0.41%"
"08/18/2015","102.507","101.983","102.743","101.657","","0.51%"
"08/17/2015","101.983","101.907","102.327","101.822","","0.10%"
"08/14/2015","101.878","101.785","102.074","101.451","","0.08%"
"08/13/2015","101.792","101.255","102.003","100.952","","0.52%"
"08/12/2015","101.268","100.185","101.511","100.022","","1.08%"
"08/11/2015","100.185","99.403","100.352","99.252","","0.76%"
"08/10/2015","99.432","98.744","99.601","98.578","","0.67%"
"08/07/2015","98.774","98.849","99.213","98.462","","-0.07%"
"08/06/2015","98.846","99.375","99.770","98.576","","-0.53%"
"08/05/2015","99.375","99.292","99.749","99.128","","0.08%"
"08/04/2015","99.298","100.039","100.058","99.112","","-0.74%"
"08/03/2015","100.036","100.014","100.198","99.679","","0.06%"
"07/31/2015","99.975","100.065","100.613","99.623","","-0.09%"
"07/30/2015","100.065","99.598","100.233","99.524","","0.48%"
"07/29/2015","99.590","99.597","100.234","99.524","","-0.02%"
"07/28/2015","99.607","99.935","99.994","99.378","","-0.28%"
"07/27/2015","99.889","99.432","100.210","99.249","","0.44%"
"07/24/2015","99.455","99.165","99.489","98.846","","0.29%"
"07/23/2015","99.165","99.270","99.769","98.923","","-0.10%"
"07/22/2015","99.260","98.922","99.582","98.716","","0.34%"
"07/21/2015","98.925","98.997","99.289","98.718","","-0.07%"
"07/20/2015","98.997","99.096","99.314","98.803","","-0.11%"
"07/17/2015","99.104","99.066","99.533","98.620","","0.04%"
"07/16/2015","99.063","99.322","99.385","98.791","","-0.24%"
"07/15/2015","99.306","98.946","99.386","98.913","","0.36%"
"07/14/2015","98.947","98.272","99.054","98.048","","0.68%"
"07/13/2015","98.274","98.142","98.994","98.142","","-0.09%"
"07/10/2015","98.367","97.384","98.599","97.369","","1.01%"
"07/09/2015","97.384","97.477","97.957","97.138","","-0.11%"
"07/08/2015","97.493","98.143","98.369","97.286","","-0.66%"
"07/07/2015","98.143","98.724","98.945","97.895","","-0.60%"
"07/06/2015","98.733","98.535","99.171","98.487","","0.00%"
"07/03/2015","98.735","98.804","99.340","98.662","","-0.07%"
"07/02/2015","98.804","99.246","99.408","98.689","","-0.45%"
"07/01/2015","99.253","99.925","100.082","99.139","","-0.67%"
"06/30/2015","99.919","100.266","100.406","99.830","","-0.35%"
"06/29/2015","100.266","99.692","100.661","99.517","","0.32%"
"06/26/2015","99.951","100.019","100.282","99.857","","-0.07%"
"06/25/2015","100.019","99.774","100.227","99.656","","0.25%"
"06/24/2015","99.774","100.057","100.607","99.538","","-0.28%"
"06/23/2015","100.051","100.526","100.611","99.862","","-0.47%"
"06/22/2015","100.526","100.838","101.045","100.307","","-0.33%"
"06/19/2015","100.863","100.967","101.337","100.584","","-0.10%"
"06/18/2015","100.967","101.345","101.627","100.808","","-0.37%"
"06/17/2015","101.345","100.410","101.457","100.212","","0.93%"
"06/16/2015","100.410","99.979","100.564","99.750","","0.43%"
"06/15/2015","99.979","99.738","100.035","99.258","","0.25%"
"06/12/2015","99.729","99.243","99.955","99.148","","0.48%"
"06/11/2015","99.253","99.032","99.410","98.620","","0.22%"
"06/10/2015","99.032","98.483","99.268","98.257","","0.55%"
"06/09/2015","98.486","98.161","98.587","97.564","","0.33%"
"06/08/2015","98.161","97.322","98.277","97.204","","0.80%"
"06/05/2015","97.386","98.265","98.395","96.866","","-0.91%"
"06/04/2015","98.284","98.178","99.002","98.088","","0.10%"
"06/03/2015","98.181","97.725","98.363","97.501","","0.47%"
"06/02/2015","97.725","96.669","97.949","96.626","","1.09%"
"06/01/2015","96.669","97.486","97.641","96.500","","-0.82%"
"05/29/2015","97.467","97.659","97.982","97.144","","-0.20%"
"05/28/2015","97.663","98.015","98.274","97.361","","-0.35%"
"05/27/2015","98.006","98.422","98.891","97.830","","-0.42%"
"05/26/2015","98.418","98.232","98.687","98.143","","0.19%"
"05/25/2015","98.232","98.311","98.681","98.131","","-0.12%"
"05/22/2015","98.346","99.582","99.782","98.133","","-1.24%"
"05/21/2015","99.578","98.837","99.946","98.723","","0.77%"
"05/20/2015","98.816","98.916","99.303","98.641","","-0.08%"
"05/19/2015","98.897","99.746","99.860","98.417","","-0.83%"
"05/18/2015","99.720","99.813","100.038","99.500","","-0.03%"
"05/15/2015","99.747","99.997","100.368","99.677","","-0.25%"
"05/14/2015","99.997","100.793","100.961","99.905","","-0.79%"
"05/13/2015","100.792","100.489","100.832","100.010","","0.27%"
"05/12/2015","100.524","99.765","100.943","99.664","","0.76%"
"05/11/2015","99.762","98.448","99.818","98.261","","1.31%"
"05/08/2015","98.475","97.685","99.462","97.670","","0.81%"
"05/07/2015","97.682","96.991","97.975","96.959","","0.72%"
"05/06/2015","96.984","96.207","97.163","96.074","","0.80%"
"05/05/2015","96.210","96.048","96.417","95.732","","0.18%"
"05/04/2015","96.039","96.490","96.661","95.947","","-0.45%"
"05/01/2015","96.477","97.528","97.780","96.185","","-1.07%"
"04/30/2015","97.524","97.982","98.594","97.281","","-0.46%"
"04/29/2015","97.970","96.721","98.170","96.634","","1.30%"
"04/28/2015","96.712","96.531","96.803","96.060","","0.19%"
"04/27/2015","96.530","96.572","96.761","95.926","","-0.17%"
"04/24/2015","96.693","95.280","96.709","94.998","","1.48%"
"04/23/2015","95.286","94.703","95.345","94.496","","0.62%"
"04/22/2015","94.701","93.816","94.935","93.659","","0.94%"
"04/21/2015","93.816","94.113","94.190","93.287","","-0.32%"
"04/20/2015","94.116","93.569","94.196","93.422","","0.57%"
"04/17/2015","93.584","93.065","93.881","92.989","","0.55%"
"04/16/2015","93.074","92.552","93.316","92.385","","0.56%"
"04/15/2015","92.555","92.032","92.619","91.759","","0.57%"
"04/14/2015","92.032","91.588","92.203","91.064","","0.48%"
"04/13/2015","91.588","91.137","91.640","90.874","","0.51%"
"04/10/2015","91.119","91.672","91.888","90.932","","-0.61%"
"04/09/2015","91.681","92.465","92.695","91.439","","-0.85%"
"04/08/2015","92.465","92.245","93.149","92.229","","0.24%"
"04/07/2015","92.245","92.558","93.011","92.137","","-0.35%"
"04/06/2015","92.568","92.410","93.164","92.326","","0.13%"
"04/03/2015","92.451","92.030","92.718","91.996","","0.45%"
"04/02/2015","92.036","92.113","92.518","91.916","","-0.08%"
"04/01/2015","92.113","92.301","92.784","91.875","","-0.21%"
"03/31/2015","92.304","92.577","92.828","92.288","","-0.31%"
"03/30/2015","92.587","93.059","93.215","92.314","","-0.46%"
"03/27/2015","93.019","93.315","93.423","92.630","","-0.31%"
"03/26/2015","93.312","92.873","94.093","92.864","","0.47%"
"03/25/2015","92.873","92.596","93.229","92.364","","0.30%"
"03/24/2015","92.596","93.040","93.277","92.530","","-0.49%"
"03/23/2015","93.049","93.453","93.559","92.489","","-0.28%"
"03/20/2015","93.309","92.189","93.550","92.036","","1.21%"
"03/19/2015","92.189","93.907","94.117","91.779","","-1.84%"
"03/18/2015","93.914","92.339","94.989","91.738","","1.71%"
"03/17/2015","92.339","93.094","93.213","92.244","","-0.81%"
"03/16/2015","93.094","93.050","93.267","92.715","","0.08%"
"03/13/2015","93.020","93.082","93.498","92.667","","-0.06%"
"03/12/2015","93.078","93.729","93.903","92.727","","-0.69%"
"03/11/2015","93.726","94.494","94.768","93.467","","-0.84%"
"03/10/2015","94.519","94.756","94.789","94.274","","-0.25%"
"03/09/2015","94.756","93.940","94.868","93.832","","0.88%"
"03/06/2015","93.925","95.069","95.259","93.872","","-1.21%"
"03/05/2015","95.075","95.108","95.185","94.695","","-0.03%"
"03/04/2015","95.108","94.960","95.622","94.689","","0.16%"
"03/03/2015","94.960","95.046","95.280","94.887","","-0.09%"
"03/02/2015","95.045","95.214","95.617","94.964","","-0.13%"
"02/27/2015","95.167","95.105","95.568","95.034","","0.07%"
"02/26/2015","95.102","96.059","96.396","95.020","","-1.00%"
"02/25/2015","96.062","96.084","96.392","95.806","","-0.02%"
"02/24/2015","96.081","96.084","96.356","95.796","","0.00%"
"02/23/2015","96.078","95.620","96.206","95.445","","0.45%"
"02/20/2015","95.651","95.779","96.117","95.472","","-0.13%"
"02/19/2015","95.774","95.782","96.037","95.577","","-0.01%"
"02/18/2015","95.785","95.433","96.264","95.291","","0.37%"
"02/17/2015","95.435","95.406","95.822","95.174","","0.02%"
"02/16/2015","95.415","95.622","96.086","95.248","","-0.19%"
"02/13/2015","95.594","95.608","95.863","95.447","","-0.02%"
"02/12/2015","95.614","95.060","95.821","94.661","","0.58%"
"02/11/2015","95.058","95.074","95.417","94.672","","-0.02%"
"02/10/2015","95.074","94.559","95.207","94.335","","0.54%"
"02/09/2015","94.563","94.633","94.949","94.291","","0.09%"
"02/06/2015","94.476","94.599","94.778","94.150","","-0.11%"
"02/05/2015","94.584","93.889","94.731","93.732","","0.74%"
"02/04/2015","93.892","93.420","94.284","93.272","","0.51%"
"02/03/2015","93.420","92.819","93.635","92.535","","0.64%"
"02/02/2015","92.826","93.566","93.672","92.578","","-0.67%"
"01/30/2015","93.455","93.119","93.580","92.954","","0.36%"
"01/29/2015","93.116","92.887","93.703","92.862","","0.27%"
"01/28/2015","92.868","93.328","93.461","92.829","","-0.49%"
"01/27/2015","93.325","92.715","93.426","92.465","","0.66%"
"01/26/2015","92.715","92.084","92.866","92.007","","0.67%"
"01/23/2015","92.096","92.472","92.589","91.831","","-0.40%"
"01/22/2015","92.469","93.218","93.739","92.232","","-0.81%"