"Date","Price","Open","High","Low","Vol.","Change %"
"11/21/2025","1.7447","1.7751","1.7766","1.7412","","-1.71%"
"11/20/2025","1.7751","1.7760","1.7809","1.7710","","-0.05%"
"11/19/2025","1.7760","1.7561","1.7767","1.7527","","1.13%"
"11/18/2025","1.7562","1.7516","1.7594","1.7462","","0.26%"
"11/17/2025","1.7517","1.7410","1.7530","1.7410","","0.52%"
"11/14/2025","1.7426","1.7401","1.7449","1.7314","","0.13%"
"11/13/2025","1.7403","1.7476","1.7492","1.7370","","-0.40%"
"11/12/2025","1.7473","1.7425","1.7499","1.7403","","0.27%"
"11/11/2025","1.7426","1.7377","1.7437","1.7363","","0.28%"
"11/10/2025","1.7377","1.7292","1.7392","1.7292","","0.42%"
"11/07/2025","1.7304","1.7262","1.7320","1.7234","","0.24%"
"11/06/2025","1.7262","1.7405","1.7407","1.7235","","-0.82%"
"11/05/2025","1.7404","1.7319","1.7419","1.7238","","0.49%"
"11/04/2025","1.7319","1.7383","1.7451","1.7279","","-0.36%"
"11/03/2025","1.7382","1.7361","1.7390","1.7342","","0.19%"
"10/31/2025","1.7349","1.7390","1.7400","1.7335","","-0.23%"
"10/30/2025","1.7389","1.7276","1.7416","1.7223","","0.65%"
"10/29/2025","1.7276","1.7240","1.7310","1.7176","","0.21%"
"10/28/2025","1.7239","1.7328","1.7330","1.7185","","-0.51%"
"10/27/2025","1.7328","1.7425","1.7441","1.7292","","-0.44%"
"10/24/2025","1.7404","1.7382","1.7452","1.7344","","0.13%"
"10/23/2025","1.7381","1.7321","1.7405","1.7303","","0.33%"
"10/22/2025","1.7323","1.7261","1.7335","1.7215","","0.35%"
"10/21/2025","1.7262","1.7155","1.7297","1.7118","","0.62%"
"10/20/2025","1.7155","1.7101","1.7183","1.7085","","0.22%"
"10/17/2025","1.7117","1.7094","1.7119","1.6989","","0.12%"
"10/16/2025","1.7096","1.7202","1.7241","1.7062","","-0.62%"
"10/15/2025","1.7203","1.7103","1.7227","1.7014","","0.58%"
"10/14/2025","1.7103","1.7175","1.7214","1.7073","","-0.43%"
"10/13/2025","1.7176","1.7103","1.7200","1.7089","","0.84%"
"10/10/2025","1.7033","1.7226","1.7272","1.7031","","-1.11%"
"10/09/2025","1.7225","1.7202","1.7260","1.7147","","0.13%"
"10/08/2025","1.7203","1.7119","1.7236","1.7100","","0.50%"
"10/07/2025","1.7118","1.6945","1.7133","1.6932","","1.01%"
"10/06/2025","1.6947","1.6818","1.6954","1.6797","","1.97%"
"10/03/2025","1.6619","1.6599","1.6665","1.6577","","0.13%"
"10/02/2025","1.6598","1.6583","1.6619","1.6520","","0.09%"
"10/01/2025","1.6583","1.6650","1.6692","1.6529","","-0.40%"
"09/30/2025","1.6650","1.6752","1.6781","1.6620","","-0.61%"
"09/29/2025","1.6752","1.6857","1.6864","1.6728","","-0.64%"
"09/26/2025","1.6860","1.6881","1.6905","1.6849","","-0.09%"
"09/25/2025","1.6875","1.6773","1.6894","1.6732","","0.61%"
"09/24/2025","1.6772","1.6626","1.6776","1.6608","","0.88%"
"09/23/2025","1.6626","1.6729","1.6741","1.6609","","-0.62%"
"09/22/2025","1.6729","1.6796","1.6843","1.6723","","-0.39%"
"09/19/2025","1.6795","1.6779","1.6817","1.6678","","0.10%"
"09/18/2025","1.6779","1.6748","1.6798","1.6687","","0.16%"
"09/17/2025","1.6752","1.6669","1.6760","1.6585","","0.50%"
"09/16/2025","1.6669","1.6728","1.6750","1.6626","","-0.35%"
"09/15/2025","1.6727","1.6739","1.6743","1.6693","","-0.01%"
"09/12/2025","1.6728","1.6678","1.6766","1.6667","","0.31%"
"09/11/2025","1.6677","1.6747","1.6751","1.6642","","-0.42%"
"09/10/2025","1.6747","1.6705","1.6755","1.6692","","0.25%"
"09/09/2025","1.6705","1.6768","1.6773","1.6597","","-0.38%"
"09/08/2025","1.6768","1.6829","1.6849","1.6746","","0.32%"
"09/05/2025","1.6715","1.6837","1.6845","1.6661","","-0.72%"
"09/04/2025","1.6837","1.6816","1.6874","1.6781","","0.12%"
"09/03/2025","1.6816","1.6860","1.6922","1.6789","","-0.26%"
"09/02/2025","1.6860","1.6725","1.6894","1.6709","","0.81%"
"09/01/2025","1.6725","1.6681","1.6748","1.6627","","0.29%"
"08/29/2025","1.6677","1.6775","1.6797","1.6643","","-0.58%"
"08/28/2025","1.6775","1.6817","1.6830","1.6746","","-0.24%"
"08/27/2025","1.6816","1.6822","1.6884","1.6803","","-0.03%"
"08/26/2025","1.6821","1.6870","1.6881","1.6778","","-0.28%"
"08/25/2025","1.6869","1.6824","1.6894","1.6804","","0.25%"
"08/22/2025","1.6827","1.6998","1.7032","1.6792","","-1.01%"
"08/21/2025","1.6998","1.6933","1.7006","1.6907","","0.40%"
"08/20/2025","1.6931","1.6961","1.6975","1.6876","","-0.18%"
"08/19/2025","1.6961","1.6937","1.7002","1.6896","","0.14%"
"08/18/2025","1.6937","1.6815","1.6946","1.6802","","0.70%"
"08/15/2025","1.6820","1.6850","1.6867","1.6772","","-0.18%"
"08/14/2025","1.6851","1.6853","1.6879","1.6709","","-0.02%"
"08/13/2025","1.6854","1.6869","1.6919","1.6812","","-0.12%"
"08/12/2025","1.6875","1.6900","1.6945","1.6845","","-0.15%"
"08/11/2025","1.6900","1.6872","1.6914","1.6812","","0.09%"
"08/08/2025","1.6885","1.6827","1.6900","1.6779","","0.36%"
"08/07/2025","1.6825","1.6799","1.6879","1.6718","","0.15%"
"08/06/2025","1.6799","1.6803","1.6872","1.6753","","-0.05%"
"08/05/2025","1.6807","1.6785","1.6834","1.6722","","0.18%"
"08/04/2025","1.6776","1.6889","1.6958","1.6755","","-0.69%"
"08/01/2025","1.6892","1.7224","1.7271","1.6882","","-1.93%"
"07/31/2025","1.7225","1.7048","1.7235","1.6951","","1.03%"
"07/30/2025","1.7049","1.7043","1.7054","1.6905","","0.04%"
"07/29/2025","1.7043","1.7132","1.7155","1.7028","","-0.54%"
"07/28/2025","1.7135","1.7090","1.7147","1.7053","","0.37%"
"07/25/2025","1.7072","1.7018","1.7104","1.6969","","0.32%"
"07/24/2025","1.7018","1.6957","1.7022","1.6890","","0.34%"
"07/23/2025","1.6961","1.6988","1.7052","1.6907","","-0.15%"
"07/22/2025","1.6987","1.7093","1.7152","1.6943","","-0.66%"
"07/21/2025","1.7099","1.7188","1.7258","1.7057","","-1.02%"
"07/18/2025","1.7276","1.7274","1.7289","1.7211","","0.01%"
"07/17/2025","1.7274","1.7216","1.7324","1.7200","","0.33%"
"07/16/2025","1.7218","1.7317","1.7366","1.7104","","-0.55%"
"07/15/2025","1.7313","1.7174","1.7332","1.7153","","0.82%"
"07/14/2025","1.7173","1.7160","1.7196","1.7107","","-0.02%"
"07/11/2025","1.7176","1.7058","1.7185","1.7044","","0.70%"
"07/10/2025","1.7057","1.7078","1.7126","1.7006","","-0.12%"
"07/09/2025","1.7078","1.7091","1.7154","1.7064","","-0.08%"
"07/08/2025","1.7091","1.7030","1.7140","1.7005","","0.34%"
"07/07/2025","1.7033","1.6895","1.7054","1.6868","","0.73%"
"07/04/2025","1.6909","1.6964","1.6970","1.6881","","-0.32%"
"07/03/2025","1.6964","1.6781","1.6999","1.6752","","1.09%"
"07/02/2025","1.6781","1.6751","1.6835","1.6737","","0.18%"
"07/01/2025","1.6751","1.6807","1.6818","1.6676","","-0.33%"
"06/30/2025","1.6807","1.6909","1.6941","1.6798","","-0.72%"
"06/27/2025","1.6929","1.6863","1.6954","1.6843","","0.40%"
"06/26/2025","1.6861","1.6878","1.6891","1.6770","","-0.13%"
"06/25/2025","1.6883","1.6865","1.6949","1.6826","","0.11%"
"06/24/2025","1.6864","1.6880","1.6906","1.6795","","-0.11%"
"06/23/2025","1.6882","1.6862","1.7060","1.6852","","0.05%"
"06/20/2025","1.6874","1.6751","1.6885","1.6711","","0.73%"
"06/19/2025","1.6751","1.6794","1.6805","1.6719","","-0.23%"
"06/18/2025","1.6790","1.6831","1.6856","1.6700","","-0.24%"
"06/17/2025","1.6831","1.6860","1.6904","1.6746","","-0.17%"
"06/16/2025","1.6860","1.6719","1.6878","1.6709","","0.75%"
"06/13/2025","1.6734","1.6765","1.6776","1.6594","","-0.20%"
"06/12/2025","1.6768","1.6913","1.6917","1.6740","","-0.86%"
"06/11/2025","1.6914","1.6923","1.7010","1.6886","","-0.05%"
"06/10/2025","1.6923","1.6879","1.6968","1.6856","","0.26%"
"06/09/2025","1.6879","1.6891","1.6904","1.6803","","-0.05%"
"06/06/2025","1.6888","1.6735","1.6918","1.6706","","0.98%"
"06/05/2025","1.6724","1.6625","1.6776","1.6598","","0.60%"
"06/04/2025","1.6625","1.6798","1.6840","1.6605","","-1.06%"
"06/03/2025","1.6803","1.6721","1.6815","1.6676","","0.49%"
"06/02/2025","1.6721","1.6851","1.6853","1.6691","","-0.74%"
"05/30/2025","1.6845","1.6882","1.6891","1.6762","","-0.21%"
"05/29/2025","1.6880","1.6957","1.7128","1.6853","","-0.46%"
"05/28/2025","1.6958","1.6914","1.6987","1.6831","","0.25%"
"05/27/2025","1.6915","1.6789","1.6933","1.6689","","0.75%"
"05/26/2025","1.6789","1.6723","1.6836","1.6693","","0.33%"
"05/23/2025","1.6733","1.6747","1.6831","1.6670","","-0.08%"
"05/22/2025","1.6747","1.6785","1.6870","1.6617","","-0.23%"
"05/21/2025","1.6785","1.6897","1.6904","1.6738","","-0.65%"
"05/20/2025","1.6894","1.6965","1.7040","1.6845","","-0.42%"
"05/19/2025","1.6965","1.7003","1.7018","1.6934","","-0.40%"
"05/16/2025","1.7033","1.7029","1.7089","1.6932","","0.02%"
"05/15/2025","1.7029","1.7183","1.7186","1.6997","","-0.91%"
"05/14/2025","1.7186","1.7295","1.7324","1.7065","","-0.63%"
"05/13/2025","1.7295","1.7490","1.7494","1.7282","","-1.11%"
"05/12/2025","1.7490","1.7074","1.7513","1.7060","","2.76%"
"05/09/2025","1.7020","1.7060","1.7091","1.6937","","-0.23%"
"05/08/2025","1.7060","1.6977","1.7091","1.6880","","0.49%"
"05/07/2025","1.6976","1.6895","1.7000","1.6869","","0.48%"
"05/06/2025","1.6895","1.7049","1.7116","1.6885","","-0.90%"
"05/05/2025","1.7049","1.7122","1.7155","1.7028","","-0.59%"
"05/02/2025","1.7150","1.7193","1.7344","1.7029","","-0.25%"
"05/01/2025","1.7193","1.6913","1.7230","1.6889","","1.66%"
"04/30/2025","1.6912","1.6718","1.6946","1.6688","","1.16%"
"04/29/2025","1.6718","1.6676","1.6769","1.6667","","0.25%"
"04/28/2025","1.6676","1.6829","1.6903","1.6672","","-0.91%"
"04/25/2025","1.6829","1.6721","1.6896","1.6706","","0.68%"
"04/24/2025","1.6716","1.6804","1.6806","1.6666","","-0.55%"
"04/23/2025","1.6808","1.6620","1.6823","1.6557","","1.11%"
"04/22/2025","1.6623","1.6536","1.6633","1.6436","","0.54%"
"04/21/2025","1.6534","1.6638","1.6639","1.6470","","-0.58%"
"04/18/2025","1.6631","1.6682","1.6689","1.6630","","-0.27%"
"04/17/2025","1.6676","1.6574","1.6739","1.6541","","0.70%"
"04/16/2025","1.6560","1.6714","1.6722","1.6544","","-0.87%"
"04/15/2025","1.6706","1.6618","1.6732","1.6608","","0.57%"
"04/14/2025","1.6611","1.6738","1.6744","1.6502","","-0.22%"
"04/11/2025","1.6647","1.6757","1.6778","1.6502","","-0.65%"
"04/10/2025","1.6756","1.7028","1.7060","1.6707","","-1.69%"
"04/09/2025","1.7044","1.6960","1.7112","1.6616","","0.51%"
"04/08/2025","1.6958","1.7215","1.7248","1.6923","","-1.46%"
"04/07/2025","1.7209","1.7010","1.7251","1.6909","","0.23%"
"04/04/2025","1.7170","1.7130","1.7239","1.6939","","0.27%"
"04/03/2025","1.7123","1.7464","1.7467","1.7011","","-1.92%"
"04/02/2025","1.7459","1.7479","1.7609","1.7443","","-0.12%"
"04/01/2025","1.7480","1.7548","1.7571","1.7401","","-0.36%"
"03/31/2025","1.7544","1.7512","1.7585","1.7386","","0.18%"
"03/28/2025","1.7513","1.7635","1.7652","1.7503","","-0.69%"
"03/27/2025","1.7634","1.7584","1.7652","1.7474","","0.34%"
"03/26/2025","1.7575","1.7511","1.7607","1.7496","","0.41%"
"03/25/2025","1.7504","1.7612","1.7646","1.7469","","-0.59%"
"03/24/2025","1.7608","1.7370","1.7619","1.7369","","1.42%"
"03/21/2025","1.7362","1.7231","1.7393","1.7210","","0.75%"
"03/20/2025","1.7232","1.7230","1.7260","1.7161","","0.06%"
"03/19/2025","1.7222","1.7253","1.7396","1.7216","","-0.16%"
"03/18/2025","1.7250","1.7212","1.7321","1.7200","","0.24%"
"03/17/2025","1.7208","1.7119","1.7221","1.7074","","0.68%"
"03/14/2025","1.7092","1.7006","1.7146","1.6998","","0.55%"
"03/13/2025","1.6999","1.7010","1.7045","1.6946","","-0.05%"
"03/12/2025","1.7007","1.6947","1.7111","1.6940","","0.40%"
"03/11/2025","1.6940","1.6870","1.6995","1.6776","","0.44%"
"03/10/2025","1.6866","1.6978","1.6988","1.6793","","-0.74%"
"03/07/2025","1.6992","1.7002","1.7024","1.6870","","-0.02%"
"03/06/2025","1.6996","1.7135","1.7185","1.6920","","-0.79%"
"03/05/2025","1.7132","1.7163","1.7222","1.7068","","-0.15%"
"03/04/2025","1.7157","1.7132","1.7173","1.6972","","0.16%"
"03/03/2025","1.7129","1.7204","1.7341","1.7085","","-0.51%"
"02/28/2025","1.7216","1.7153","1.7278","1.7073","","0.39%"
"02/27/2025","1.7149","1.7110","1.7208","1.7064","","0.27%"
"02/26/2025","1.7103","1.7104","1.7205","1.7057","","0.02%"
"02/25/2025","1.7099","1.7275","1.7333","1.7048","","-1.00%"
"02/24/2025","1.7272","1.7250","1.7288","1.7187","","0.22%"
"02/21/2025","1.7234","1.7283","1.7418","1.7196","","-0.23%"
"02/20/2025","1.7273","1.7431","1.7432","1.7253","","-0.89%"
"02/19/2025","1.7428","1.7501","1.7529","1.7409","","-0.37%"
"02/18/2025","1.7493","1.7447","1.7514","1.7412","","0.30%"
"02/17/2025","1.7441","1.7573","1.7593","1.7422","","-0.80%"
"02/14/2025","1.7582","1.7624","1.7666","1.7540","","-0.22%"
"02/13/2025","1.7621","1.7768","1.7798","1.7612","","-0.81%"
"02/12/2025","1.7765","1.7569","1.7815","1.7554","","1.13%"
"02/11/2025","1.7567","1.7377","1.7593","1.7337","","1.11%"
"02/10/2025","1.7374","1.7256","1.7427","1.7255","","0.62%"
"02/07/2025","1.7267","1.7290","1.7416","1.7219","","-0.13%"
"02/06/2025","1.7290","1.7473","1.7492","1.7268","","-1.03%"
"02/05/2025","1.7470","1.7725","1.7739","1.7414","","-1.42%"
"02/04/2025","1.7721","1.7794","1.7870","1.7704","","-0.39%"
"02/03/2025","1.7791","1.7899","1.8010","1.7685","","-0.73%"
"01/31/2025","1.7922","1.7823","1.7934","1.7764","","0.58%"
"01/30/2025","1.7818","1.7917","1.7919","1.7764","","-0.52%"
"01/29/2025","1.7911","1.7963","1.7996","1.7888","","-0.27%"
"01/28/2025","1.7960","1.7892","1.8029","1.7889","","0.41%"
"01/27/2025","1.7887","1.8063","1.8085","1.7816","","-1.13%"
"01/24/2025","1.8091","1.8054","1.8151","1.7950","","0.22%"
"01/23/2025","1.8051","1.8102","1.8140","1.8017","","-0.29%"
"01/22/2025","1.8104","1.7990","1.8129","1.7968","","0.66%"
"01/21/2025","1.7985","1.8049","1.8120","1.7934","","-0.34%"
"01/20/2025","1.8046","1.8056","1.8102","1.8002","","-0.03%"
"01/17/2025","1.8052","1.7913","1.8064","1.7896","","0.77%"
"01/16/2025","1.7914","1.8113","1.8118","1.7911","","-1.08%"
"01/15/2025","1.8110","1.8258","1.8270","1.8065","","-0.79%"
"01/14/2025","1.8254","1.8174","1.8284","1.8131","","0.45%"
"01/13/2025","1.8172","1.8305","1.8332","1.8100","","-0.63%"
"01/10/2025","1.8288","1.8407","1.8465","1.8263","","-0.65%"
"01/09/2025","1.8408","1.8430","1.8436","1.8356","","-0.11%"
"01/08/2025","1.8428","1.8418","1.8459","1.8393","","0.05%"
"01/07/2025","1.8419","1.8391","1.8474","1.8355","","0.17%"
"01/06/2025","1.8387","1.8333","1.8408","1.8251","","0.28%"
"01/03/2025","1.8336","1.8368","1.8369","1.8288","","-0.15%"
"01/02/2025","1.8363","1.8361","1.8422","1.8248","","0.27%"
"01/01/2025","1.8314","1.8369","1.8374","1.8301","","-0.25%"
"12/31/2024","1.8360","1.8344","1.8416","1.8222","","0.13%"
"12/30/2024","1.8336","1.8472","1.8503","1.8324","","-0.78%"
"12/27/2024","1.8481","1.8518","1.8523","1.8384","","-0.27%"
"12/26/2024","1.8531","1.8452","1.8544","1.8435","","0.32%"
"12/25/2024","1.8472","1.8451","1.8493","1.8428","","0.11%"
"12/24/2024","1.8451","1.8471","1.8500","1.8417","","-0.09%"
"12/23/2024","1.8467","1.8420","1.8482","1.8385","","0.31%"
"12/20/2024","1.8410","1.8499","1.8556","1.8356","","-0.43%"
"12/19/2024","1.8490","1.8237","1.8543","1.8181","","1.44%"
"12/18/2024","1.8228","1.8078","1.8243","1.8052","","0.85%"
"12/17/2024","1.8075","1.8149","1.8185","1.8033","","-0.40%"
"12/16/2024","1.8147","1.8115","1.8199","1.8078","","0.20%"
"12/13/2024","1.8110","1.7992","1.8136","1.7969","","0.67%"
"12/12/2024","1.7990","1.7974","1.8005","1.7886","","0.13%"
"12/11/2024","1.7966","1.7903","1.8010","1.7794","","0.37%"
"12/10/2024","1.7900","1.7815","1.7931","1.7784","","0.50%"
"12/09/2024","1.7811","1.7724","1.7837","1.7674","","0.52%"
"12/06/2024","1.7718","1.7720","1.7796","1.7637","","0.04%"
"12/05/2024","1.7711","1.7779","1.7801","1.7662","","-0.33%"
"12/04/2024","1.7770","1.7667","1.7844","1.7656","","0.59%"
"12/03/2024","1.7665","1.7653","1.7739","1.7548","","0.09%"
"12/02/2024","1.7649","1.7708","1.7817","1.7590","","-0.33%"
"11/29/2024","1.7707","1.7941","1.7944","1.7670","","-1.27%"
"11/28/2024","1.7934","1.7895","1.7991","1.7878","","0.21%"
"11/27/2024","1.7896","1.8157","1.8171","1.7822","","-1.43%"
"11/26/2024","1.8155","1.8298","1.8333","1.8148","","-0.78%"
"11/25/2024","1.8297","1.8268","1.8365","1.8198","","-0.16%"
"11/22/2024","1.8326","1.8288","1.8355","1.8220","","0.23%"
"11/21/2024","1.8284","1.8424","1.8424","1.8222","","-0.75%"
"11/20/2024","1.8422","1.8325","1.8478","1.8310","","0.55%"
"11/19/2024","1.8321","1.8328","1.8346","1.8160","","-0.01%"
"11/18/2024","1.8322","1.8290","1.8403","1.8217","","0.24%"
"11/15/2024","1.8279","1.8502","1.8556","1.8224","","-1.18%"
"11/14/2024","1.8497","1.8415","1.8526","1.8400","","0.46%"
"11/13/2024","1.8413","1.8322","1.8437","1.8289","","0.52%"
"11/12/2024","1.8318","1.8211","1.8359","1.8176","","0.62%"
"11/11/2024","1.8205","1.8090","1.8242","1.8085","","0.67%"
"11/08/2024","1.8083","1.8142","1.8188","1.8032","","-0.32%"
"11/07/2024","1.8141","1.8340","1.8351","1.8117","","-1.06%"
"11/06/2024","1.8336","1.8026","1.8350","1.7986","","1.74%"
"11/05/2024","1.8023","1.8080","1.8137","1.7990","","-0.30%"
"11/04/2024","1.8078","1.8194","1.8201","1.8016","","-0.63%"
"11/01/2024","1.8192","1.8081","1.8213","1.8053","","0.65%"
"10/31/2024","1.8074","1.8244","1.8267","1.8057","","-0.93%"
"10/30/2024","1.8243","1.8243","1.8256","1.8170","","0.02%"
"10/29/2024","1.8239","1.8234","1.8307","1.8168","","0.05%"
"10/28/2024","1.8230","1.8116","1.8301","1.8112","","0.67%"
"10/25/2024","1.8108","1.8061","1.8123","1.8014","","0.28%"
"10/24/2024","1.8057","1.8164","1.8179","1.8025","","-0.57%"
"10/23/2024","1.8161","1.7968","1.8219","1.7957","","1.10%"
"10/22/2024","1.7964","1.7940","1.7983","1.7900","","0.15%"
"10/21/2024","1.7937","1.7780","1.7946","1.7737","","0.86%"
"10/18/2024","1.7784","1.7869","1.7883","1.7768","","-0.44%"
"10/17/2024","1.7862","1.7806","1.7885","1.7763","","0.34%"
"10/16/2024","1.7801","1.7752","1.7829","1.7710","","0.30%"
"10/15/2024","1.7748","1.7813","1.7824","1.7710","","-0.33%"
"10/14/2024","1.7806","1.7732","1.7843","1.7725","","0.43%"
"10/11/2024","1.7730","1.7698","1.7755","1.7676","","0.20%"
"10/10/2024","1.7694","1.7783","1.7813","1.7671","","-0.48%"
"10/09/2024","1.7779","1.7649","1.7793","1.7635","","0.78%"
"10/08/2024","1.7642","1.7644","1.7671","1.7549","","0.01%"
"10/07/2024","1.7640","1.7700","1.7749","1.7602","","-0.32%"
"10/04/2024","1.7697","1.7492","1.7738","1.7380","","1.20%"
"10/03/2024","1.7487","1.7452","1.7540","1.7423","","0.22%"
"10/02/2024","1.7448","1.7110","1.7458","1.7091","","1.99%"
"10/01/2024","1.7107","1.7144","1.7249","1.7039","","-0.17%"
"09/30/2024","1.7136","1.6990","1.7180","1.6905","","0.91%"
"09/27/2024","1.6982","1.7317","1.7505","1.6969","","-1.89%"
"09/26/2024","1.7309","1.7314","1.7360","1.7232","","-0.01%"
"09/25/2024","1.7310","1.7131","1.7324","1.7093","","1.07%"
"09/24/2024","1.7127","1.7191","1.7304","1.7117","","-0.35%"
"09/23/2024","1.7187","1.7240","1.7307","1.7134","","-0.28%"
"09/20/2024","1.7236","1.7055","1.7306","1.6974","","1.09%"
"09/19/2024","1.7050","1.7009","1.7190","1.6954","","0.27%"
"09/18/2024","1.7004","1.7000","1.7060","1.6787","","0.07%"
"09/17/2024","1.6992","1.6770","1.7008","1.6729","","1.35%"
"09/16/2024","1.6766","1.6779","1.6806","1.6637","","-0.12%"
"09/13/2024","1.6786","1.6898","1.6905","1.6720","","-0.63%"
"09/12/2024","1.6892","1.6954","1.7036","1.6886","","-0.35%"
"09/11/2024","1.6952","1.6966","1.6971","1.6759","","-0.02%"
"09/10/2024","1.6955","1.7052","1.7116","1.6933","","-0.54%"
"09/09/2024","1.7047","1.6936","1.7129","1.6904","","0.64%"
"09/06/2024","1.6938","1.7081","1.7142","1.6892","","-0.79%"
"09/05/2024","1.7073","1.7118","1.7175","1.7010","","-0.25%"
"09/04/2024","1.7115","1.7327","1.7340","1.7115","","-1.21%"
"09/03/2024","1.7324","1.7508","1.7543","1.7286","","-1.02%"
"09/02/2024","1.7502","1.7430","1.7544","1.7377","","0.44%"
"08/30/2024","1.7426","1.7283","1.7447","1.7246","","0.84%"
"08/29/2024","1.7280","1.7230","1.7355","1.7181","","0.31%"
"08/28/2024","1.7226","1.7156","1.7275","1.7121","","0.44%"
"08/27/2024","1.7151","1.7236","1.7297","1.7150","","-0.48%"
"08/26/2024","1.7233","1.7209","1.7252","1.7115","","0.05%"
"08/23/2024","1.7224","1.7426","1.7463","1.7184","","-1.14%"
"08/22/2024","1.7422","1.7316","1.7457","1.7268","","0.61%"
"08/21/2024","1.7316","1.7342","1.7471","1.7221","","-0.13%"
"08/20/2024","1.7339","1.7481","1.7586","1.7336","","-0.78%"
"08/19/2024","1.7476","1.7601","1.7649","1.7301","","-0.65%"
"08/16/2024","1.7590","1.7782","1.7791","1.7588","","-1.06%"
"08/15/2024","1.7778","1.7546","1.7797","1.7513","","1.35%"
"08/14/2024","1.7541","1.7498","1.7581","1.7408","","0.27%"
"08/13/2024","1.7494","1.7537","1.7625","1.7469","","-0.22%"
"08/12/2024","1.7533","1.7479","1.7658","1.7478","","0.40%"
"08/09/2024","1.7463","1.7534","1.7601","1.7423","","-0.39%"
"08/08/2024","1.7531","1.7479","1.7571","1.7325","","0.31%"
"08/07/2024","1.7476","1.7196","1.7623","1.7189","","1.67%"
"08/06/2024","1.7189","1.7154","1.7436","1.7088","","0.24%"
"08/05/2024","1.7148","1.7483","1.7491","1.6856","","-1.93%"
"08/02/2024","1.7486","1.7842","1.7883","1.7474","","-1.97%"
"08/01/2024","1.7838","1.7919","1.8022","1.7748","","-0.43%"
"07/31/2024","1.7915","1.8250","1.8364","1.7871","","-1.79%"
"07/30/2024","1.8242","1.8389","1.8541","1.8232","","-0.78%"
"07/29/2024","1.8386","1.8370","1.8434","1.8279","","0.18%"
"07/26/2024","1.8353","1.8385","1.8481","1.8290","","-0.15%"
"07/25/2024","1.8380","1.8383","1.8431","1.8154","","0.01%"
"07/24/2024","1.8379","1.8593","1.8633","1.8290","","-1.13%"
"07/23/2024","1.8589","1.8770","1.8780","1.8589","","-0.94%"
"07/22/2024","1.8765","1.8804","1.8837","1.8676","","-0.23%"
"07/19/2024","1.8808","1.8827","1.8881","1.8769","","-0.08%"
"07/18/2024","1.8823","1.8681","1.8832","1.8591","","0.77%"
"07/17/2024","1.8679","1.8957","1.8988","1.8670","","-1.45%"
"07/16/2024","1.8953","1.8918","1.9008","1.8908","","0.24%"
"07/15/2024","1.8908","1.8903","1.8970","1.8809","","0.02%"
"07/12/2024","1.8904","1.9016","1.9095","1.8845","","-0.56%"
"07/11/2024","1.9011","1.9354","1.9372","1.8853","","-1.78%"
"07/10/2024","1.9355","1.9325","1.9381","1.9311","","0.21%"
"07/09/2024","1.9314","1.9259","1.9347","1.9251","","0.31%"
"07/08/2024","1.9254","1.9244","1.9305","1.9200","","0.06%"
"07/05/2024","1.9243","1.9313","1.9332","1.9208","","-0.32%"
"07/04/2024","1.9304","1.9358","1.9365","1.9269","","-0.26%"
"07/03/2024","1.9354","1.9335","1.9403","1.9262","","0.12%"
"07/02/2024","1.9330","1.9350","1.9376","1.9327","","-0.04%"
"07/01/2024","1.9337","1.9300","1.9383","1.9273","","0.23%"
"06/28/2024","1.9292","1.9265","1.9320","1.9225","","0.16%"
"06/27/2024","1.9261","1.9243","1.9276","1.9193","","0.12%"
"06/26/2024","1.9238","1.9144","1.9251","1.9116","","0.54%"
"06/25/2024","1.9134","1.9121","1.9155","1.9068","","0.11%"
"06/24/2024","1.9113","1.9128","1.9154","1.9025","","-0.04%"
"06/21/2024","1.9121","1.9005","1.9135","1.8979","","0.65%"
"06/20/2024","1.8998","1.8940","1.9007","1.8921","","0.33%"
"06/19/2024","1.8936","1.8939","1.8948","1.8893","","0.00%"
"06/18/2024","1.8936","1.8888","1.8971","1.8855","","0.28%"
"06/17/2024","1.8883","1.8836","1.8916","1.8815","","0.26%"
"06/14/2024","1.8834","1.8795","1.8945","1.8775","","0.23%"
"06/13/2024","1.8791","1.8783","1.8838","1.8750","","0.06%"
"06/12/2024","1.8779","1.8785","1.8849","1.8657","","0.01%"
"06/11/2024","1.8777","1.8805","1.8849","1.8760","","-0.11%"
"06/10/2024","1.8798","1.8765","1.8830","1.8760","","0.20%"
"06/07/2024","1.8760","1.8642","1.8817","1.8598","","0.65%"
"06/06/2024","1.8638","1.8721","1.8739","1.8625","","-0.44%"
"06/05/2024","1.8720","1.8534","1.8766","1.8527","","1.03%"
"06/04/2024","1.8530","1.8784","1.8830","1.8497","","-1.31%"
"06/03/2024","1.8776","1.8851","1.8975","1.8765","","-0.36%"
"05/31/2024","1.8844","1.8826","1.8872","1.8764","","0.14%"
"05/30/2024","1.8818","1.8909","1.8915","1.8772","","-0.45%"
"05/29/2024","1.8904","1.8894","1.8928","1.8837","","0.10%"
"05/28/2024","1.8886","1.8871","1.8900","1.8825","","0.12%"
"05/27/2024","1.8863","1.8905","1.8906","1.8849","","-0.19%"
"05/24/2024","1.8899","1.8851","1.8922","1.8841","","0.27%"
"05/23/2024","1.8848","1.8837","1.8878","1.8802","","0.09%"
"05/22/2024","1.8831","1.8757","1.8845","1.8738","","0.43%"
"05/21/2024","1.8750","1.8758","1.8789","1.8715","","0.00%"
"05/20/2024","1.8750","1.8679","1.8765","1.8671","","0.39%"
"05/17/2024","1.8678","1.8617","1.8716","1.8601","","0.35%"
"05/16/2024","1.8612","1.8566","1.8632","1.8412","","0.26%"
"05/15/2024","1.8563","1.8736","1.8748","1.8544","","-0.91%"
"05/14/2024","1.8733","1.8710","1.8772","1.8699","","0.12%"
"05/13/2024","1.8711","1.8641","1.8726","1.8623","","0.39%"
"05/10/2024","1.8638","1.8631","1.8670","1.8604","","0.06%"
"05/09/2024","1.8627","1.8629","1.8681","1.8589","","0.01%"
"05/08/2024","1.8625","1.8534","1.8654","1.8518","","0.51%"
"05/07/2024","1.8531","1.8433","1.8541","1.8428","","0.56%"
"05/06/2024","1.8427","1.8335","1.8458","1.8326","","0.44%"
"05/03/2024","1.8346","1.8410","1.8431","1.8221","","-0.30%"
"05/02/2024","1.8401","1.8562","1.8729","1.8338","","-0.56%"
"05/01/2024","1.8504","1.8909","1.8931","1.8352","","-2.12%"
"04/30/2024","1.8905","1.8742","1.8914","1.8700","","0.90%"
"04/29/2024","1.8736","1.8930","1.9196","1.8516","","-1.29%"
"04/26/2024","1.8981","1.8678","1.9002","1.8603","","1.61%"
"04/25/2024","1.8681","1.8640","1.8691","1.8623","","0.21%"
"04/24/2024","1.8641","1.8588","1.8648","1.8570","","0.32%"
"04/23/2024","1.8582","1.8574","1.8600","1.8550","","0.06%"
"04/22/2024","1.8570","1.8545","1.8578","1.8524","","0.17%"
"04/19/2024","1.8538","1.8513","1.8549","1.8347","","0.17%"
"04/18/2024","1.8507","1.8453","1.8519","1.8431","","0.31%"
"04/17/2024","1.8450","1.8493","1.8505","1.8427","","-0.19%"
"04/16/2024","1.8486","1.8474","1.8520","1.8401","","0.11%"
"04/15/2024","1.8466","1.8320","1.8500","1.8308","","0.70%"
"04/12/2024","1.8337","1.8393","1.8399","1.8270","","-0.29%"
"04/11/2024","1.8390","1.8369","1.8398","1.8313","","0.15%"
"04/10/2024","1.8362","1.8240","1.8376","1.8225","","0.66%"
"04/09/2024","1.8241","1.8227","1.8263","1.8216","","0.10%"
"04/08/2024","1.8223","1.8191","1.8245","1.8190","","0.18%"
"04/05/2024","1.8190","1.8155","1.8211","1.8076","","0.24%"
"04/04/2024","1.8147","1.8166","1.8202","1.8128","","-0.08%"
"04/03/2024","1.8161","1.8184","1.8199","1.8151","","-0.08%"
"04/02/2024","1.8176","1.8186","1.8212","1.8166","","-0.01%"
"04/01/2024","1.8178","1.8151","1.8202","1.8140","","0.14%"
"03/29/2024","1.8152","1.8156","1.8173","1.8130","","0.02%"
"03/28/2024","1.8148","1.8162","1.8182","1.8128","","-0.04%"
"03/27/2024","1.8155","1.8189","1.8238","1.8120","","-0.15%"
"03/26/2024","1.8182","1.8152","1.8195","1.8127","","0.18%"
"03/25/2024","1.8149","1.8118","1.8170","1.8070","","0.19%"
"03/22/2024","1.8114","1.8226","1.8246","1.8075","","-0.56%"
"03/21/2024","1.8216","1.8180","1.8246","1.8094","","0.24%"
"03/20/2024","1.8172","1.8172","1.8259","1.8116","","0.06%"
"03/19/2024","1.8161","1.7987","1.8182","1.7971","","1.00%"
"03/18/2024","1.7981","1.7977","1.8019","1.7961","","0.02%"
"03/15/2024","1.7977","1.7884","1.8003","1.7859","","0.57%"
"03/14/2024","1.7875","1.7836","1.7890","1.7791","","0.24%"
"03/13/2024","1.7832","1.7841","1.7875","1.7780","","-0.02%"
"03/12/2024","1.7836","1.7762","1.7898","1.7721","","0.43%"
"03/11/2024","1.7759","1.7774","1.7790","1.7697","","-0.04%"
"03/08/2024","1.7766","1.7903","1.7907","1.7711","","-0.72%"
"03/07/2024","1.7895","1.8037","1.8043","1.7842","","-0.77%"
"03/06/2024","1.8033","1.8101","1.8111","1.8004","","-0.36%"
"03/05/2024","1.8099","1.8154","1.8167","1.8060","","-0.29%"
"03/04/2024","1.8152","1.8119","1.8171","1.8086","","0.19%"
"03/01/2024","1.8118","1.8090","1.8189","1.8086","","0.17%"
"02/29/2024","1.8087","1.8172","1.8175","1.7999","","-0.43%"
"02/28/2024","1.8166","1.8154","1.8202","1.8137","","0.10%"
"02/27/2024","1.8147","1.8185","1.8189","1.8108","","-0.17%"
"02/26/2024","1.8178","1.8155","1.8203","1.8132","","0.15%"
"02/23/2024","1.8151","1.8172","1.8191","1.8133","","-0.09%"
"02/22/2024","1.8167","1.8124","1.8182","1.8095","","0.26%"
"02/21/2024","1.8119","1.8096","1.8140","1.8073","","0.14%"
"02/20/2024","1.8093","1.8081","1.8134","1.8051","","0.08%"
"02/19/2024","1.8078","1.8080","1.8098","1.8053","","-0.08%"
"02/16/2024","1.8093","1.8065","1.8149","1.8048","","0.17%"
"02/15/2024","1.8062","1.8132","1.8137","1.8009","","-0.38%"
"02/14/2024","1.8130","1.8147","1.8158","1.8096","","-0.08%"
"02/13/2024","1.8145","1.7999","1.8162","1.7984","","0.82%"
"02/12/2024","1.7997","1.7981","1.8018","1.7939","","0.06%"
"02/09/2024","1.7986","1.7996","1.8021","1.7949","","-0.03%"
"02/08/2024","1.7992","1.7858","1.8016","1.7826","","0.76%"
"02/07/2024","1.7856","1.7811","1.7871","1.7786","","0.26%"
"02/06/2024","1.7809","1.7906","1.7921","1.7800","","-0.53%"
"02/05/2024","1.7904","1.7873","1.7932","1.7856","","0.17%"
"02/02/2024","1.7874","1.7653","1.7900","1.7633","","1.27%"
"02/01/2024","1.7649","1.7677","1.7732","1.7585","","-0.15%"
"01/31/2024","1.7676","1.7757","1.7810","1.7589","","-0.44%"
"01/30/2024","1.7755","1.7743","1.7800","1.7700","","0.09%"
"01/29/2024","1.7739","1.7820","1.7842","1.7710","","-0.48%"
"01/26/2024","1.7824","1.7750","1.7834","1.7735","","0.44%"
"01/25/2024","1.7746","1.7744","1.7799","1.7696","","0.03%"
"01/24/2024","1.7740","1.7841","1.7847","1.7652","","-0.56%"
"01/23/2024","1.7840","1.7822","1.7886","1.7694","","0.11%"
"01/22/2024","1.7820","1.7843","1.7847","1.7760","","-0.02%"
"01/19/2024","1.7824","1.7810","1.7901","1.7787","","0.07%"
"01/18/2024","1.7812","1.7810","1.7832","1.7758","","0.02%"
"01/17/2024","1.7808","1.7717","1.7859","1.7701","","0.54%"
"01/16/2024","1.7712","1.7597","1.7734","1.7576","","0.68%"
"01/15/2024","1.7592","1.7489","1.7617","1.7483","","0.61%"
"01/12/2024","1.7486","1.7490","1.7557","1.7431","","-0.01%"
"01/11/2024","1.7488","1.7554","1.7621","1.7488","","-0.38%"
"01/10/2024","1.7554","1.7383","1.7568","1.7361","","1.00%"
"01/09/2024","1.7381","1.7371","1.7406","1.7266","","0.10%"
"01/08/2024","1.7364","1.7395","1.7434","1.7299","","-0.16%"
"01/05/2024","1.7392","1.7374","1.7540","1.7304","","0.12%"
"01/04/2024","1.7371","1.7205","1.7399","1.7145","","0.98%"
"01/03/2024","1.7202","1.7052","1.7257","1.7027","","0.90%"
"01/02/2024","1.7049","1.6924","1.7070","1.6916","","0.75%"
"01/01/2024","1.6922","1.6947","1.6966","1.6919","","-0.14%"
"12/29/2023","1.6945","1.7001","1.7057","1.6920","","-0.31%"
"12/28/2023","1.6998","1.7034","1.7035","1.6865","","-0.20%"
"12/27/2023","1.7032","1.7121","1.7172","1.6998","","-0.51%"
"12/26/2023","1.7120","1.7117","1.7149","1.7085","","0.04%"
"12/25/2023","1.7114","1.7118","1.7142","1.7089","","0.01%"
"12/22/2023","1.7113","1.7077","1.7162","1.7048","","0.23%"
"12/21/2023","1.7074","1.7263","1.7264","1.7066","","-1.05%"
"12/20/2023","1.7256","1.7307","1.7341","1.7221","","-0.28%"
"12/19/2023","1.7304","1.7169","1.7429","1.7112","","0.80%"
"12/18/2023","1.7166","1.7121","1.7221","1.7114","","0.27%"
"12/15/2023","1.7120","1.7028","1.7142","1.6993","","0.54%"
"12/14/2023","1.7028","1.7143","1.7144","1.6926","","-0.65%"
"12/13/2023","1.7140","1.7440","1.7509","1.7113","","-1.70%"
"12/12/2023","1.7436","1.7536","1.7541","1.7363","","-0.54%"
"12/11/2023","1.7531","1.7363","1.7578","1.7357","","0.93%"
"12/08/2023","1.7370","1.7291","1.7402","1.7098","","0.48%"
"12/07/2023","1.7287","1.7678","1.7678","1.7003","","-2.20%"
"12/06/2023","1.7675","1.7661","1.7703","1.7629","","0.11%"
"12/05/2023","1.7656","1.7645","1.7685","1.7584","","0.08%"
"12/04/2023","1.7642","1.7623","1.7684","1.7559","","0.06%"
"12/01/2023","1.7631","1.7773","1.7801","1.7614","","-0.77%"
"11/30/2023","1.7767","1.7665","1.7809","1.7617","","0.59%"
"11/29/2023","1.7663","1.7696","1.7748","1.7597","","-0.17%"
"11/28/2023","1.7693","1.7842","1.7865","1.7674","","-0.82%"
"11/27/2023","1.7839","1.7932","1.7959","1.7823","","-0.50%"
"11/24/2023","1.7929","1.7948","1.7967","1.7897","","-0.07%"
"11/23/2023","1.7941","1.7949","1.7972","1.7864","","-0.01%"
"11/22/2023","1.7942","1.7808","1.7977","1.7762","","0.80%"
"11/21/2023","1.7800","1.7808","1.7843","1.7656","","-0.03%"
"11/20/2023","1.7805","1.7976","1.8019","1.7764","","-0.93%"
"11/17/2023","1.7972","1.8122","1.8129","1.7920","","-0.82%"
"11/16/2023","1.8121","1.8195","1.8205","1.8057","","-0.40%"
"11/15/2023","1.8193","1.8121","1.8211","1.8055","","0.39%"
"11/14/2023","1.8122","1.8235","1.8255","1.8104","","-0.57%"
"11/13/2023","1.8225","1.8186","1.8249","1.8159","","0.23%"
"11/10/2023","1.8183","1.8165","1.8206","1.8130","","0.11%"
"11/09/2023","1.8163","1.8143","1.8179","1.8104","","0.13%"
"11/08/2023","1.8140","1.8064","1.8153","1.8061","","0.44%"
"11/07/2023","1.8061","1.8033","1.8103","1.8015","","0.17%"
"11/06/2023","1.8030","1.7965","1.8035","1.7949","","0.38%"
"11/03/2023","1.7962","1.8071","1.8082","1.7931","","-0.55%"
"11/02/2023","1.8062","1.8130","1.8132","1.8009","","-0.34%"
"11/01/2023","1.8123","1.8217","1.8218","1.8094","","-0.45%"
"10/31/2023","1.8205","1.7910","1.8223","1.7900","","1.66%"
"10/30/2023","1.7908","1.7958","1.8009","1.7867","","-0.31%"
"10/27/2023","1.7964","1.8063","1.8070","1.7949","","-0.55%"
"10/26/2023","1.8063","1.8066","1.8118","1.8008","","-0.02%"
"10/25/2023","1.8066","1.8059","1.8080","1.8015","","0.05%"
"10/24/2023","1.8057","1.8017","1.8064","1.7986","","0.27%"
"10/23/2023","1.8009","1.8013","1.8044","1.7997","","-0.04%"
"10/20/2023","1.8016","1.8026","1.8061","1.8006","","-0.03%"
"10/19/2023","1.8021","1.8000","1.8046","1.7969","","0.14%"
"10/18/2023","1.7995","1.7997","1.8010","1.7962","","0.02%"
"10/17/2023","1.7992","1.7971","1.8008","1.7928","","0.13%"
"10/16/2023","1.7969","1.7949","1.7999","1.7933","","0.10%"
"10/13/2023","1.7951","1.7984","1.8003","1.7947","","-0.18%"
"10/12/2023","1.7983","1.7936","1.7998","1.7905","","0.28%"
"10/11/2023","1.7933","1.7877","1.7966","1.7836","","0.36%"
"10/10/2023","1.7869","1.7832","1.7917","1.7794","","0.24%"
"10/09/2023","1.7826","1.7934","1.7955","1.7818","","-0.76%"
"10/06/2023","1.7962","1.7848","1.7973","1.7826","","0.66%"
"10/05/2023","1.7844","1.7913","1.7915","1.7808","","-0.36%"
"10/04/2023","1.7909","1.7907","1.7946","1.7863","","0.02%"
"10/03/2023","1.7905","1.8015","1.8056","1.7723","","-0.58%"
"10/02/2023","1.8010","1.8002","1.8041","1.7979","","0.14%"
"09/29/2023","1.7985","1.7954","1.8005","1.7880","","0.21%"
"09/28/2023","1.7948","1.7984","1.7985","1.7930","","-0.16%"
"09/27/2023","1.7977","1.7904","1.7996","1.7877","","0.45%"
"09/26/2023","1.7897","1.7913","1.7930","1.7870","","-0.06%"
"09/25/2023","1.7907","1.7881","1.7921","1.7840","","0.15%"
"09/22/2023","1.7880","1.7753","1.7918","1.7746","","0.74%"
"09/21/2023","1.7748","1.7888","1.7904","1.7722","","-0.77%"
"09/20/2023","1.7886","1.7745","1.7892","1.7726","","0.79%"
"09/19/2023","1.7746","1.7721","1.7767","1.7716","","0.19%"
"09/18/2023","1.7713","1.7783","1.7799","1.7709","","-0.43%"
"09/15/2023","1.7790","1.7763","1.7810","1.7737","","0.19%"
"09/14/2023","1.7757","1.7780","1.7780","1.7702","","-0.10%"
"09/13/2023","1.7775","1.7749","1.7806","1.7743","","0.15%"
"09/12/2023","1.7748","1.7681","1.7768","1.7661","","0.41%"
"09/11/2023","1.7676","1.7706","1.7738","1.7602","","-0.67%"
"09/08/2023","1.7796","1.7714","1.7810","1.7628","","0.47%"
"09/07/2023","1.7712","1.7742","1.7772","1.7678","","-0.13%"
"09/06/2023","1.7735","1.7791","1.7794","1.7696","","-0.29%"
"09/05/2023","1.7786","1.7707","1.7800","1.7693","","0.46%"
"09/04/2023","1.7704","1.7679","1.7715","1.7654","","0.13%"
"09/01/2023","1.7681","1.7597","1.7694","1.7475","","0.49%"
"08/31/2023","1.7594","1.7700","1.7703","1.7574","","-0.59%"
"08/30/2023","1.7699","1.7662","1.7714","1.7622","","0.25%"
"08/29/2023","1.7654","1.7737","1.7800","1.7636","","-0.42%"
"08/28/2023","1.7729","1.7714","1.7761","1.7705","","0.14%"
"08/25/2023","1.7705","1.7657","1.7736","1.7639","","0.29%"
"08/24/2023","1.7654","1.7551","1.7675","1.7522","","0.61%"
"08/23/2023","1.7547","1.7568","1.7613","1.7513","","-0.10%"
"08/22/2023","1.7565","1.7593","1.7615","1.7536","","-0.14%"
"08/21/2023","1.7590","1.7475","1.7616","1.7446","","0.67%"
"08/18/2023","1.7473","1.7544","1.7547","1.7426","","-0.37%"
"08/17/2023","1.7538","1.7586","1.7643","1.7519","","-0.23%"
"08/16/2023","1.7578","1.7491","1.7589","1.7431","","0.55%"
"08/15/2023","1.7482","1.7501","1.7505","1.7430","","-0.08%"
"08/14/2023","1.7496","1.7490","1.7519","1.7430","","0.09%"
"08/11/2023","1.7481","1.7512","1.7533","1.7447","","-0.15%"
"08/10/2023","1.7507","1.7344","1.7525","1.7331","","0.98%"
"08/09/2023","1.7337","1.7300","1.7352","1.7264","","0.25%"
"08/08/2023","1.7294","1.7212","1.7324","1.7203","","0.50%"
"08/07/2023","1.7208","1.7147","1.7229","1.7113","","0.42%"
"08/04/2023","1.7136","1.7229","1.7267","1.7114","","-0.51%"
"08/03/2023","1.7223","1.7324","1.7404","1.7163","","-0.57%"
"08/02/2023","1.7322","1.7407","1.7409","1.7225","","-0.48%"
"08/01/2023","1.7405","1.7303","1.7435","1.7292","","0.62%"
"07/31/2023","1.7298","1.7143","1.7338","1.7105","","0.83%"
"07/28/2023","1.7155","1.6975","1.7168","1.6777","","1.08%"
"07/27/2023","1.6972","1.7110","1.7196","1.6891","","-0.79%"
"07/26/2023","1.7107","1.7214","1.7248","1.7063","","-0.58%"
"07/25/2023","1.7207","1.7296","1.7315","1.7197","","-0.49%"
"07/24/2023","1.7291","1.7281","1.7309","1.7200","","0.00%"
"07/21/2023","1.7291","1.7067","1.7312","1.7026","","1.34%"
"07/20/2023","1.7063","1.7023","1.7122","1.6954","","0.25%"
"07/19/2023","1.7020","1.6918","1.7062","1.6909","","0.63%"
"07/18/2023","1.6914","1.6906","1.6962","1.6789","","0.07%"
"07/17/2023","1.6903","1.6906","1.6991","1.6817","","0.04%"
"07/14/2023","1.6897","1.6821","1.6936","1.6727","","0.45%"
"07/13/2023","1.6821","1.6894","1.6925","1.6810","","-0.42%"
"07/12/2023","1.6892","1.7037","1.7042","1.6844","","-0.84%"
"07/11/2023","1.7035","1.7123","1.7143","1.7010","","-0.51%"
"07/10/2023","1.7122","1.7212","1.7317","1.7113","","-0.43%"
"07/07/2023","1.7196","1.7409","1.7436","1.7194","","-1.20%"
"07/06/2023","1.7404","1.7555","1.7556","1.7387","","-0.85%"
"07/05/2023","1.7553","1.7625","1.7646","1.7514","","-0.36%"
"07/04/2023","1.7616","1.7659","1.7668","1.7590","","-0.20%"
"07/03/2023","1.7652","1.7585","1.7694","1.7567","","0.42%"
"06/30/2023","1.7578","1.7633","1.7674","1.7575","","-0.30%"
"06/29/2023","1.7631","1.7612","1.7653","1.7567","","0.12%"
"06/28/2023","1.7610","1.7564","1.7628","1.7524","","0.28%"
"06/27/2023","1.7561","1.7506","1.7585","1.7471","","0.33%"
"06/26/2023","1.7504","1.7511","1.7531","1.7427","","-0.11%"
"06/23/2023","1.7524","1.7460","1.7556","1.7395","","0.37%"
"06/22/2023","1.7459","1.7316","1.7479","1.7274","","0.84%"
"06/21/2023","1.7313","1.7252","1.7362","1.7230","","0.38%"
"06/20/2023","1.7247","1.7333","1.7367","1.7207","","-0.49%"
"06/19/2023","1.7332","1.7312","1.7344","1.7251","","0.12%"
"06/16/2023","1.7312","1.7129","1.7325","1.7065","","1.07%"
"06/15/2023","1.7129","1.7092","1.7233","1.7057","","0.23%"
"06/14/2023","1.7090","1.7050","1.7098","1.6988","","0.26%"
"06/13/2023","1.7045","1.6940","1.7063","1.6897","","0.66%"
"06/12/2023","1.6934","1.6909","1.6952","1.6866","","0.20%"
"06/09/2023","1.6900","1.6836","1.6946","1.6815","","0.42%"
"06/08/2023","1.6829","1.6983","1.6988","1.6822","","-0.88%"
"06/07/2023","1.6979","1.6923","1.7000","1.6850","","0.34%"
"06/06/2023","1.6921","1.6911","1.6959","1.6831","","0.08%"
"06/05/2023","1.6908","1.6988","1.7021","1.6863","","-0.43%"
"06/02/2023","1.6981","1.6869","1.7004","1.6838","","0.68%"
"06/01/2023","1.6866","1.6852","1.6971","1.6801","","0.10%"
"05/31/2023","1.6849","1.6907","1.6975","1.6839","","-0.30%"
"05/30/2023","1.6899","1.7001","1.7034","1.6882","","-0.56%"
"05/29/2023","1.6994","1.7038","1.7066","1.6960","","-0.20%"
"05/26/2023","1.7028","1.6926","1.7042","1.6878","","0.62%"
"05/25/2023","1.6923","1.6869","1.6951","1.6791","","0.33%"
"05/24/2023","1.6867","1.6732","1.6872","1.6699","","0.82%"
"05/23/2023","1.6729","1.6731","1.6765","1.6691","","0.01%"
"05/22/2023","1.6727","1.6649","1.6742","1.6585","","0.56%"
"05/19/2023","1.6634","1.6770","1.6771","1.6582","","-0.79%"
"05/18/2023","1.6767","1.6707","1.6772","1.6647","","0.37%"
"05/17/2023","1.6705","1.6574","1.6713","1.6562","","0.84%"
"05/16/2023","1.6566","1.6546","1.6612","1.6495","","0.18%"
"05/15/2023","1.6537","1.6497","1.6576","1.6492","","0.20%"
"05/12/2023","1.6504","1.6384","1.6518","1.6369","","0.73%"
"05/11/2023","1.6385","1.6400","1.6433","1.6297","","-0.05%"
"05/10/2023","1.6393","1.6467","1.6517","1.6357","","-0.40%"
"05/09/2023","1.6459","1.6519","1.6543","1.6409","","-0.34%"
"05/08/2023","1.6515","1.6497","1.6555","1.6463","","0.13%"
"05/05/2023","1.6493","1.6431","1.6522","1.6378","","0.41%"
"05/04/2023","1.6426","1.6471","1.6498","1.6334","","-0.23%"
"05/03/2023","1.6464","1.6700","1.6709","1.6469","","-1.37%"
"05/02/2023","1.6693","1.6811","1.6853","1.6671","","-0.67%"
"05/01/2023","1.6805","1.6673","1.6817","1.6661","","0.83%"
"04/28/2023","1.6666","1.6393","1.6695","1.6312","","1.70%"
"04/27/2023","1.6388","1.6350","1.6410","1.6294","","0.27%"
"04/26/2023","1.6344","1.6309","1.6380","1.6258","","0.25%"
"04/25/2023","1.6303","1.6380","1.6420","1.6257","","-0.43%"
"04/24/2023","1.6374","1.6342","1.6449","1.6317","","0.18%"
"04/21/2023","1.6344","1.6342","1.6392","1.6271","","0.04%"
"04/20/2023","1.6338","1.6372","1.6415","1.6321","","-0.18%"
"04/19/2023","1.6367","1.6334","1.6432","1.6314","","0.24%"
"04/18/2023","1.6327","1.6395","1.6430","1.6316","","-0.40%"
"04/17/2023","1.6392","1.6351","1.6409","1.6306","","0.32%"
"04/14/2023","1.6339","1.6231","1.6356","1.6180","","0.70%"
"04/13/2023","1.6225","1.6244","1.6300","1.6170","","-0.07%"
"04/12/2023","1.6236","1.6287","1.6332","1.6170","","-0.28%"
"04/11/2023","1.6281","1.6297","1.6311","1.6191","","-0.07%"
"04/10/2023","1.6292","1.6136","1.6322","1.6100","","1.00%"
"04/07/2023","1.6131","1.6102","1.6173","1.6076","","0.22%"
"04/06/2023","1.6096","1.6024","1.6115","1.5958","","0.48%"
"04/05/2023","1.6019","1.6040","1.6071","1.5955","","-0.09%"
"04/04/2023","1.6034","1.6108","1.6204","1.6003","","-0.43%"
"04/03/2023","1.6104","1.6181","1.6242","1.6074","","-0.30%"
"03/31/2023","1.6153","1.6159","1.6262","1.6143","","0.00%"
"03/30/2023","1.6153","1.6162","1.6198","1.6083","","-0.01%"
"03/29/2023","1.6154","1.5922","1.6166","1.5913","","1.49%"
"03/28/2023","1.5917","1.6006","1.6012","1.5872","","-0.52%"
"03/27/2023","1.6001","1.5854","1.6026","1.5850","","0.82%"
"03/24/2023","1.5871","1.5902","1.5918","1.5724","","-0.15%"
"03/23/2023","1.5895","1.5928","1.6008","1.5839","","-0.18%"
"03/22/2023","1.5923","1.6022","1.6101","1.5851","","-0.57%"
"03/21/2023","1.6014","1.5913","1.6039","1.5868","","0.67%"
"03/20/2023","1.5907","1.6051","1.6071","1.5782","","-0.35%"
"03/17/2023","1.5963","1.6187","1.6191","1.5943","","-1.36%"
"03/16/2023","1.6183","1.6088","1.6200","1.5909","","0.61%"
"03/15/2023","1.6085","1.6317","1.6378","1.5970","","-1.40%"
"03/14/2023","1.6314","1.6193","1.6379","1.6172","","0.80%"
"03/13/2023","1.6185","1.6468","1.6475","1.6084","","-1.71%"
"03/10/2023","1.6467","1.6598","1.6703","1.6385","","-0.78%"
"03/09/2023","1.6596","1.6759","1.6763","1.6570","","-0.96%"
"03/08/2023","1.6757","1.6721","1.6799","1.6671","","0.25%"
"03/07/2023","1.6715","1.6615","1.6729","1.6565","","0.63%"
"03/06/2023","1.6611","1.6629","1.6652","1.6552","","-0.06%"
"03/03/2023","1.6621","1.6608","1.6683","1.6569","","0.10%"
"03/02/2023","1.6605","1.6520","1.6632","1.6499","","0.53%"
"03/01/2023","1.6517","1.6483","1.6553","1.6404","","0.23%"
"02/28/2023","1.6479","1.6482","1.6580","1.6435","","0.01%"
"02/27/2023","1.6477","1.6461","1.6486","1.6401","","0.16%"
"02/24/2023","1.6450","1.6307","1.6474","1.6227","","0.93%"
"02/23/2023","1.6299","1.6283","1.6386","1.6265","","0.09%"
"02/22/2023","1.6284","1.6296","1.6302","1.6217","","-0.06%"
"02/21/2023","1.6294","1.6230","1.6334","1.6212","","0.44%"
"02/20/2023","1.6222","1.6210","1.6261","1.6193","","0.10%"
"02/17/2023","1.6206","1.6193","1.6315","1.6192","","0.09%"
"02/16/2023","1.6192","1.6208","1.6243","1.6151","","-0.07%"
"02/15/2023","1.6203","1.6054","1.6226","1.5997","","0.93%"
"02/14/2023","1.6053","1.6031","1.6085","1.5884","","0.15%"
"02/13/2023","1.6029","1.5924","1.6088","1.5912","","0.67%"
"02/10/2023","1.5923","1.5940","1.5980","1.5761","","-0.06%"
"02/09/2023","1.5933","1.5894","1.5962","1.5804","","0.25%"
"02/08/2023","1.5893","1.5816","1.5923","1.5774","","0.51%"
"02/07/2023","1.5813","1.6030","1.6039","1.5745","","-1.34%"
"02/06/2023","1.6028","1.6065","1.6122","1.5926","","0.51%"
"02/03/2023","1.5946","1.5683","1.5959","1.5622","","1.70%"
"02/02/2023","1.5680","1.5773","1.5775","1.5590","","-0.54%"
"02/01/2023","1.5765","1.5909","1.5957","1.5722","","-0.87%"
"01/31/2023","1.5904","1.6002","1.6013","1.5873","","-0.59%"
"01/30/2023","1.5999","1.5913","1.6022","1.5822","","0.44%"
"01/27/2023","1.5929","1.5989","1.5992","1.5878","","-0.33%"
"01/26/2023","1.5982","1.5898","1.6027","1.5830","","0.58%"
"01/25/2023","1.5890","1.5952","1.6015","1.5848","181.47K","-0.38%"
"01/24/2023","1.5950","1.6037","1.6059","1.5913","167.19K","-0.52%"
"01/23/2023","1.6034","1.5991","1.6065","1.5923","182.83K","0.23%"
"01/20/2023","1.5998","1.5808","1.6097","1.5797","212.88K","1.21%"
"01/19/2023","1.5806","1.5829","1.5837","1.5705","247.04K","-0.11%"
"01/18/2023","1.5823","1.5692","1.6096","1.5692","283.94K","0.82%"
"01/17/2023","1.5695","1.5745","1.5798","1.5684","229.17K","-0.26%"
"01/16/2023","1.5736","1.5726","1.5777","1.5656","176.88K","0.03%"
"01/13/2023","1.5731","1.5933","1.5957","1.5693","251.24K","-1.27%"
"01/12/2023","1.5934","1.6227","1.6230","1.5882","240.43K","-1.79%"
"01/11/2023","1.6225","1.6203","1.6282","1.6163","216.66K","0.18%"
"01/10/2023","1.6196","1.6048","1.6215","1.5987","231.63K","0.93%"
"01/09/2023","1.6046","1.6035","1.6106","1.5959","214.91K","-0.03%"
"01/06/2023","1.6051","1.6153","1.6287","1.5996","207.95K","-0.59%"
"01/05/2023","1.6146","1.6044","1.6235","1.5929","204.88K","0.67%"
"01/04/2023","1.6038","1.5827","1.6050","1.5697","207.02K","1.35%"
"01/03/2023","1.5824","1.5809","1.5876","1.5652","206.14K","0.22%"
"01/02/2023","1.5789","1.5847","1.5863","1.5781","43.47K","-0.32%"
"12/30/2022","1.5840","1.6067","1.6078","1.5805","178.73K","-1.38%"
"12/29/2022","1.6061","1.6248","1.6248","1.6040","160.40K","-1.10%"
"12/28/2022","1.6240","1.6116","1.6252","1.6101","141.20K","0.79%"
"12/27/2022","1.6113","1.6077","1.6126","1.6033","140.62K","0.27%"
"12/26/2022","1.6069","1.6039","1.6119","1.5982","34.00K","0.20%"
"12/23/2022","1.6037","1.5956","1.6081","1.5945","210.51K","0.60%"
"12/22/2022","1.5941","1.5986","1.6012","1.5882","220.85K","-0.25%"
"12/21/2022","1.5981","1.5946","1.6018","1.5887","237.12K","0.26%"
"12/20/2022","1.5940","1.6559","1.6648","1.5806","265.32K","-3.69%"
"12/19/2022","1.6551","1.6445","1.6602","1.6410","221.12K","0.21%"
"12/16/2022","1.6516","1.6628","1.6636","1.6474","200.74K","-0.64%"
"12/15/2022","1.6622","1.6422","1.6676","1.6390","214.13K","1.25%"
"12/14/2022","1.6417","1.6454","1.6487","1.6312","178.85K","-0.18%"
"12/13/2022","1.6447","1.6659","1.6686","1.6331","162.25K","-1.24%"
"12/12/2022","1.6654","1.6575","1.6678","1.6550","151.85K","0.53%"
"12/09/2022","1.6567","1.6608","1.6634","1.6462","178.98K","-0.22%"
"12/08/2022","1.6604","1.6618","1.6671","1.6545","181.61K","-0.05%"
"12/07/2022","1.6612","1.6616","1.6713","1.6551","203.68K","0.00%"
"12/06/2022","1.6612","1.6698","1.6750","1.6499","183.93K","-0.49%"
"12/05/2022","1.6694","1.6523","1.6717","1.6469","187.50K","1.26%"
"12/02/2022","1.6486","1.6675","1.6731","1.6445","187.05K","-1.13%"
"12/01/2022","1.6675","1.6967","1.6974","1.6664","207.23K","-1.67%"
"11/30/2022","1.6959","1.6993","1.7179","1.6916","199.71K","-0.17%"
"11/29/2022","1.6988","1.7019","1.7068","1.6873","158.68K","-0.15%"
"11/28/2022","1.7014","1.7052","1.7064","1.6839","156.09K","-0.02%"
"11/25/2022","1.7017","1.6980","1.7100","1.6960","145.99K","0.27%"
"11/24/2022","1.6972","1.7102","1.7107","1.6904","152.17K","-0.71%"
"11/23/2022","1.7094","1.7285","1.7311","1.7035","149.41K","-1.09%"
"11/22/2022","1.7283","1.7392","1.7406","1.7276","153.19K","-0.58%"
"11/21/2022","1.7383","1.7184","1.7412","1.7135","163.63K","1.15%"
"11/18/2022","1.7185","1.7194","1.7236","1.7102","169.60K","0.00%"
"11/17/2022","1.7185","1.7124","1.7215","1.7042","169.82K","0.37%"
"11/16/2022","1.7121","1.7175","1.7264","1.7086","184.45K","-0.27%"
"11/15/2022","1.7168","1.7273","1.7350","1.7050","196.25K","-0.56%"
"11/14/2022","1.7265","1.7210","1.7380","1.7141","188.33K","0.18%"
"11/11/2022","1.7234","1.7486","1.7669","1.7185","206.82K","-1.39%"
"11/10/2022","1.7477","1.8002","1.8008","1.7386","192.26K","-2.88%"
"11/09/2022","1.7996","1.7903","1.8043","1.7837","174.26K","0.55%"
"11/08/2022","1.7897","1.7919","1.7967","1.7859","163.07K","-0.08%"
"11/07/2022","1.7911","1.7948","1.7974","1.7846","163.87K","0.20%"
"11/04/2022","1.7876","1.7920","1.7989","1.7854","162.12K","-0.24%"
"11/03/2022","1.7919","1.7875","1.7933","1.7759","152.81K","0.28%"
"11/02/2022","1.7869","1.7936","1.7951","1.7607","158.85K","-0.36%"
"11/01/2022","1.7933","1.7965","1.7979","1.7785","155.29K","-0.16%"
"10/31/2022","1.7962","1.7962","1.8024","1.7900","153.48K","0.23%"
"10/28/2022","1.7921","1.7756","1.7949","1.7729","163.36K","0.98%"
"10/27/2022","1.7747","1.7865","1.7879","1.7631","186.65K","-0.62%"
"10/26/2022","1.7857","1.7927","1.7997","1.7796","175.60K","-0.37%"
"10/25/2022","1.7923","1.8001","1.8022","1.7879","154.44K","-0.40%"
"10/24/2022","1.7995","1.7878","1.8136","1.7643","171.99K","0.62%"
"10/21/2022","1.7884","1.8129","1.8320","1.7703","136.31K","-1.34%"
"10/20/2022","1.8126","1.8053","1.8163","1.8011","146.76K","0.40%"
"10/19/2022","1.8053","1.8139","1.8152","1.8000","149.75K","-0.45%"
"10/18/2022","1.8134","1.8132","1.8151","1.8065","161.13K","0.03%"
"10/17/2022","1.8129","1.8023","1.8139","1.8011","148.35K","0.43%"
"10/14/2022","1.8052","1.7909","1.8090","1.7885","183.92K","0.81%"
"10/13/2022","1.7907","1.7878","1.7942","1.7721","161.89K","0.18%"
"10/12/2022","1.7874","1.7729","1.7881","1.7713","174.90K","0.84%"
"10/11/2022","1.7725","1.7685","1.7754","1.7657","166.11K","0.24%"
"10/10/2022","1.7683","1.7548","1.7705","1.7542","146.20K","0.80%"
"10/07/2022","1.7542","1.7681","1.7682","1.7547","146.43K","-0.75%"
"10/06/2022","1.7674","1.7717","1.7743","1.7579","157.54K","-0.20%"
"10/05/2022","1.7710","1.7690","1.7763","1.7615","169.98K","0.18%"
"10/04/2022","1.7678","1.7734","1.7803","1.7669","156.61K","-0.29%"
"10/03/2022","1.7729","1.7731","1.7774","1.7681","170.05K","-0.14%"
"09/30/2022","1.7753","1.7727","1.7801","1.7678","161.01K","0.19%"
"09/29/2022","1.7720","1.7701","1.7742","1.7634","176.04K","0.12%"
"09/28/2022","1.7698","1.7715","1.7726","1.7632","187.00K","-0.06%"
"09/27/2022","1.7708","1.7736","1.7776","1.7664","197.82K","-0.11%"
"09/26/2022","1.7728","1.7648","1.7738","1.7593","195.01K","0.52%"
"09/23/2022","1.7637","1.7564","1.7696","1.7486","201.31K","0.46%"
"09/22/2022","1.7557","1.8021","1.8107","1.7366","227.60K","-2.51%"
"09/21/2022","1.8009","1.8020","1.8084","1.7934","176.28K","-0.03%"
"09/20/2022","1.8014","1.7965","1.8052","1.7932","159.87K","0.30%"
"09/19/2022","1.7960","1.7939","1.8018","1.7898","142.25K","0.17%"
"09/16/2022","1.7930","1.7976","1.8005","1.7888","160.47K","-0.22%"
"09/15/2022","1.7969","1.8018","1.8077","1.7954","172.93K","-0.22%"
"09/14/2022","1.8009","1.8164","1.8212","1.7946","195.60K","-0.79%"
"09/13/2022","1.8153","1.8000","1.8189","1.7919","183.62K","0.86%"
"09/12/2022","1.7998","1.7847","1.8011","1.7845","142.11K","0.61%"
"09/09/2022","1.7888","1.8086","1.8087","1.7782","199.18K","-1.05%"
"09/08/2022","1.8078","1.8044","1.8147","1.7988","186.72K","0.22%"
"09/07/2022","1.8039","1.7873","1.8150","1.7864","204.00K","0.97%"
"09/06/2022","1.7865","1.7623","1.7915","1.7574","173.23K","1.40%"
"09/05/2022","1.7618","1.7583","1.7634","1.7552","127.71K","0.19%"
"09/02/2022","1.7585","1.7592","1.7640","1.7532","139.96K","0.00%"
"09/01/2022","1.7585","1.7478","1.7603","1.7472","171.71K","0.65%"
"08/31/2022","1.7472","1.7420","1.7486","1.7370","155.26K","0.33%"
"08/30/2022","1.7414","1.7345","1.7460","1.7309","167.15K","0.43%"
"08/29/2022","1.7339","1.7213","1.7374","1.7201","127.74K","0.84%"
"08/26/2022","1.7194","1.7089","1.7211","1.7078","130.07K","0.64%"
"08/25/2022","1.7084","1.7184","1.7195","1.7062","164.51K","-0.54%"
"08/24/2022","1.7177","1.7130","1.7198","1.7069","156.67K","0.30%"
"08/23/2022","1.7126","1.7217","1.7247","1.7038","155.82K","-0.51%"
"08/22/2022","1.7214","1.7125","1.7232","1.7108","170.06K","0.48%"
"08/19/2022","1.7131","1.7038","1.7173","1.7015","155.86K","0.57%"
"08/18/2022","1.7034","1.7014","1.7048","1.6914","157.39K","0.14%"
"08/17/2022","1.7010","1.6937","1.7074","1.6898","172.44K","0.46%"
"08/16/2022","1.6932","1.6759","1.6982","1.6707","162.97K","1.06%"
"08/15/2022","1.6754","1.6758","1.6790","1.6675","132.37K","-0.01%"
"08/12/2022","1.6756","1.6716","1.6805","1.6693","164.74K","0.27%"
"08/11/2022","1.6711","1.6803","1.6841","1.6556","174.72K","-0.52%"
"08/10/2022","1.6798","1.6985","1.7005","1.6689","173.71K","-1.07%"
"08/09/2022","1.6980","1.6964","1.6998","1.6920","155.35K","0.12%"
"08/08/2022","1.6960","1.7012","1.7084","1.6893","161.02K","-0.26%"
"08/05/2022","1.7005","1.6783","1.7074","1.6741","181.71K","1.32%"
"08/04/2022","1.6784","1.6919","1.6955","1.6751","177.22K","-0.78%"
"08/03/2022","1.6916","1.6943","1.7027","1.6798","179.48K","-0.13%"
"08/02/2022","1.6938","1.6666","1.6944","1.6516","193.83K","1.65%"
"08/01/2022","1.6663","1.6790","1.6833","1.6643","176.51K","-0.71%"
"07/29/2022","1.6782","1.6864","1.6961","1.6686","181.44K","-0.43%"
"07/28/2022","1.6855","1.7101","1.7104","1.6851","179.46K","-1.40%"
"07/27/2022","1.7095","1.7145","1.7190","1.7070","134.69K","-0.26%"
"07/26/2022","1.7139","1.7147","1.7157","1.7078","136.69K","0.01%"
"07/25/2022","1.7137","1.7043","1.7149","1.7020","144.79K","0.59%"
"07/22/2022","1.7036","1.7200","1.7268","1.6981","142.42K","-0.91%"
"07/21/2022","1.7193","1.7279","1.7393","1.7189","162.10K","-0.44%"
"07/20/2022","1.7269","1.7304","1.7327","1.7241","141.55K","-0.17%"
"07/19/2022","1.7298","1.7264","1.7311","1.7189","141.00K","0.23%"
"07/18/2022","1.7258","1.7365","1.7370","1.7245","125.31K","-0.57%"
"07/15/2022","1.7357","1.7389","1.7412","1.7335","144.16K","-0.11%"
"07/14/2022","1.7376","1.7248","1.7448","1.7235","175.76K","0.79%"
"07/13/2022","1.7240","1.7225","1.7277","1.7190","154.44K","0.11%"
"07/12/2022","1.7221","1.7302","1.7304","1.7159","155.71K","-0.42%"
"07/11/2022","1.7294","1.7156","1.7327","1.7152","144.32K","0.80%"
"07/08/2022","1.7156","1.7181","1.7214","1.7089","170.36K","-0.08%"
"07/07/2022","1.7169","1.7198","1.7222","1.7126","162.65K","-0.13%"
"07/06/2022","1.7191","1.7136","1.7207","1.7020","184.77K","0.37%"
"07/05/2022","1.7128","1.7192","1.7276","1.7089","172.94K","-0.32%"
"07/04/2022","1.7183","1.7139","1.7205","1.7066","133.97K","0.39%"
"07/01/2022","1.7116","1.7188","1.7224","1.7035","155.80K","-0.40%"
"06/30/2022","1.7185","1.7302","1.7331","1.7159","188.87K","-0.64%"
"06/29/2022","1.7295","1.7232","1.7345","1.7196","177.49K","0.40%"
"06/28/2022","1.7226","1.7269","1.7288","1.7197","172.06K","-0.20%"
"06/27/2022","1.7261","1.7266","1.7287","1.7188","158.79K","-0.04%"
"06/24/2022","1.7268","1.7269","1.7305","1.7152","175.47K","0.01%"
"06/23/2022","1.7266","1.7431","1.7431","1.7168","197.98K","-0.90%"
"06/22/2022","1.7423","1.7490","1.7498","1.7328","158.09K","-0.33%"
"06/21/2022","1.7481","1.7337","1.7497","1.7292","156.89K","0.88%"
"06/20/2022","1.7328","1.7305","1.7376","1.7244","139.32K","0.10%"
"06/17/2022","1.7310","1.6956","1.7346","1.6949","209.97K","2.14%"
"06/16/2022","1.6948","1.7122","1.7247","1.6851","203.89K","-0.98%"
"06/15/2022","1.7115","1.7364","1.7380","1.7078","169.59K","-1.39%"
"06/14/2022","1.7357","1.7211","1.7365","1.7140","167.28K","0.88%"
"06/13/2022","1.7205","1.7197","1.7284","1.7101","158.96K","0.06%"
"06/10/2022","1.7195","1.7265","1.7283","1.7130","144.03K","-0.37%"
"06/09/2022","1.7259","1.7279","1.7316","1.7132","153.91K","-0.06%"
"06/08/2022","1.7269","1.7071","1.7312","1.7070","147.20K","1.18%"
"06/07/2022","1.7067","1.6948","1.7118","1.6946","129.89K","0.73%"
"06/06/2022","1.6943","1.6860","1.6968","1.6796","111.56K","0.53%"
"06/03/2022","1.6854","1.6775","1.6877","1.6727","86.51K","0.51%"
"06/02/2022","1.6769","1.6777","1.6793","1.6698","113.92K","-0.02%"
"06/01/2022","1.6772","1.6580","1.6788","1.6577","121.62K","1.18%"
"05/31/2022","1.6577","1.6449","1.6606","1.6426","135.05K","0.81%"
"05/30/2022","1.6443","1.6370","1.6480","1.6350","95.18K","0.45%"
"05/27/2022","1.6369","1.6376","1.6408","1.6316","127.46K","-0.02%"
"05/26/2022","1.6372","1.6424","1.6464","1.6309","134.06K","-0.27%"
"05/25/2022","1.6416","1.6370","1.6446","1.6339","139.95K","0.32%"
"05/24/2022","1.6363","1.6496","1.6523","1.6293","151.13K","-0.73%"
"05/23/2022","1.6484","1.6429","1.6516","1.6329","125.34K","0.41%"
"05/20/2022","1.6416","1.6507","1.6558","1.6383","156.14K","-0.53%"
"05/19/2022","1.6504","1.6480","1.6609","1.6385","173.69K","0.18%"
"05/18/2022","1.6475","1.6700","1.6721","1.6462","147.14K","-1.32%"
"05/17/2022","1.6696","1.6597","1.6742","1.6557","134.41K","0.64%"
"05/16/2022","1.6590","1.6685","1.6733","1.6559","124.96K","-0.49%"
"05/13/2022","1.6672","1.6575","1.6721","1.6562","158.24K","0.63%"
"05/12/2022","1.6568","1.6763","1.6799","1.6463","184.37K","-1.28%"
"05/11/2022","1.6782","1.6892","1.6907","1.6734","165.85K","-0.61%"
"05/10/2022","1.6885","1.6838","1.6904","1.6768","170.12K","0.31%"
"05/09/2022","1.6833","1.6959","1.7017","1.6789","119.31K","-0.73%"
"05/06/2022","1.6956","1.7014","1.7090","1.6904","148.67K","-0.27%"
"05/05/2022","1.7002","1.6921","1.7074","1.6878","154.04K","0.52%"
"05/04/2022","1.6914","1.7014","1.7093","1.6862","117.74K","-0.57%"
"05/03/2022","1.7011","1.7015","1.7028","1.6938","119.05K","-0.01%"
"05/02/2022","1.7012","1.6956","1.7069","1.6935","114.73K","0.31%"
"04/29/2022","1.6960","1.7069","1.7090","1.6896","161.69K","-0.61%"
"04/28/2022","1.7064","1.6760","1.7120","1.6747","166.07K","1.86%"
"04/27/2022","1.6752","1.6593","1.6782","1.6555","133.31K","1.01%"
"04/26/2022","1.6585","1.6697","1.6770","1.6579","151.26K","-0.62%"
"04/25/2022","1.6688","1.6816","1.6852","1.6616","152.86K","-0.71%"
"04/22/2022","1.6807","1.6835","1.6876","1.6729","139.97K","-0.12%"
"04/21/2022","1.6828","1.6769","1.6887","1.6761","159.59K","0.40%"
"04/20/2022","1.6761","1.6864","1.6929","1.6716","166.62K","-0.58%"
"04/19/2022","1.6858","1.6648","1.6880","1.6644","135.97K","1.32%"
"04/18/2022","1.6639","1.6563","1.6651","1.6539","93.01K","0.56%"
"04/15/2022","1.6547","1.6500","1.6606","1.6498","144.86K","0.33%"
"04/14/2022","1.6492","1.6509","1.6534","1.6431","128.05K","-0.06%"
"04/13/2022","1.6502","1.6478","1.6574","1.6459","127.01K","0.19%"
"04/12/2022","1.6470","1.6531","1.6558","1.6390","110.79K","-0.32%"
"04/11/2022","1.6523","1.6332","1.6578","1.6324","106.30K","0.98%"
"04/08/2022","1.6362","1.6325","1.6411","1.6291","102.84K","0.26%"
"04/07/2022","1.6319","1.6301","1.6346","1.6258","103.25K","0.15%"
"04/06/2022","1.6294","1.6381","1.6448","1.6266","118.00K","-0.49%"
"04/05/2022","1.6374","1.6276","1.6416","1.6213","96.11K","0.65%"
"04/04/2022","1.6268","1.6137","1.6303","1.6088","114.93K","0.96%"
"04/01/2022","1.6114","1.6026","1.6204","1.6024","135.49K","0.57%"
"03/31/2022","1.6022","1.6074","1.6171","1.5982","139.71K","-0.23%"
"03/30/2022","1.6059","1.6237","1.6283","1.6019","145.51K","-1.05%"
"03/29/2022","1.6230","1.6259","1.6338","1.6140","158.30K","-0.33%"
"03/28/2022","1.6283","1.5989","1.6429","1.5987","130.71K","1.79%"
"03/25/2022","1.5997","1.6035","1.6046","1.5907","110.07K","-0.21%"
"03/24/2022","1.6031","1.5831","1.6058","1.5805","95.09K","1.28%"
"03/23/2022","1.5828","1.5864","1.5947","1.5779","111.34K","-0.16%"
"03/22/2022","1.5853","1.5662","1.5891","1.5656","95.49K","1.23%"
"03/21/2022","1.5660","1.5667","1.5689","1.5618","66.51K","-0.03%"
"03/18/2022","1.5664","1.5618","1.5689","1.5592","74.40K","0.33%"
"03/17/2022","1.5612","1.5581","1.5680","1.5577","93.18K","0.22%"
"03/16/2022","1.5578","1.5481","1.5637","1.5460","100.19K","0.66%"
"03/15/2022","1.5476","1.5458","1.5509","1.5363","105.13K","0.14%"
"03/14/2022","1.5454","1.5337","1.5465","1.5331","90.77K","0.85%"
"03/11/2022","1.5323","1.5220","1.5341","1.5215","109.01K","0.72%"
"03/10/2022","1.5214","1.5166","1.5259","1.5162","107.12K","0.37%"
"03/09/2022","1.5158","1.5041","1.5175","1.5038","98.57K","0.81%"
"03/08/2022","1.5036","1.4979","1.5071","1.4963","106.82K","0.38%"
"03/07/2022","1.4979","1.5023","1.5057","1.4910","115.63K","-0.25%"
"03/04/2022","1.5016","1.5199","1.5213","1.4996","117.91K","-1.17%"
"03/03/2022","1.5193","1.5274","1.5300","1.5188","92.73K","-0.47%"
"03/02/2022","1.5264","1.5162","1.5297","1.5146","112.05K","0.72%"
"03/01/2022","1.5155","1.5228","1.5307","1.5130","105.02K","-0.43%"
"02/28/2022","1.5221","1.5316","1.5423","1.5209","119.24K","-1.10%"
"02/25/2022","1.5390","1.5279","1.5421","1.5266","112.25K","0.76%"
"02/24/2022","1.5274","1.5405","1.5419","1.5135","145.90K","-0.82%"
"02/23/2022","1.5401","1.5421","1.5453","1.5390","89.40K","-0.11%"
"02/22/2022","1.5418","1.5396","1.5442","1.5285","127.23K","0.18%"
"02/21/2022","1.5390","1.5387","1.5463","1.5369","90.36K","-0.03%"
"02/18/2022","1.5394","1.5303","1.5461","1.5291","111.48K","0.60%"
"02/17/2022","1.5302","1.5390","1.5408","1.5296","122.74K","-0.50%"
"02/16/2022","1.5379","1.5381","1.5444","1.5360","112.64K","0.03%"
"02/15/2022","1.5374","1.5267","1.5397","1.5227","108.92K","0.75%"
"02/14/2022","1.5259","1.5299","1.5343","1.5213","120.36K","-0.34%"
"02/11/2022","1.5311","1.5448","1.5470","1.5250","115.42K","-0.84%"
"02/10/2022","1.5440","1.5440","1.5465","1.5402","114.82K","0.05%"
"02/09/2022","1.5432","1.5465","1.5488","1.5411","103.17K","-0.16%"
"02/08/2022","1.5457","1.5417","1.5478","1.5411","117.90K","0.27%"
"02/07/2022","1.5415","1.5437","1.5453","1.5379","112.63K","-0.11%"
"02/04/2022","1.5432","1.5402","1.5449","1.5362","115.61K","0.20%"
"02/03/2022","1.5401","1.5297","1.5406","1.5273","114.63K","0.73%"
"02/02/2022","1.5289","1.5348","1.5374","1.5259","87.19K","-0.33%"
"02/01/2022","1.5340","1.5442","1.5457","1.5317","96.22K","-0.60%"
"01/31/2022","1.5433","1.5355","1.5475","1.5352","97.32K","0.52%"
"01/28/2022","1.5353","1.5340","1.5432","1.5326","108.72K","0.14%"
"01/27/2022","1.5331","1.5306","1.5367","1.5227","113.87K","0.22%"
"01/26/2022","1.5298","1.5230","1.5314","1.5205","98.99K","0.51%"
"01/25/2022","1.5221","1.5270","1.5286","1.5209","132.19K","-0.24%"
"01/24/2022","1.5257","1.5275","1.5324","1.5197","137.73K","-0.10%"
"01/21/2022","1.5272","1.5322","1.5331","1.5239","112.63K","-0.29%"
"01/20/2022","1.5316","1.5355","1.5405","1.5315","113.18K","-0.21%"
"01/19/2022","1.5349","1.5371","1.5402","1.5303","123.95K","-0.13%"
"01/18/2022","1.5369","1.5438","1.5475","1.5351","130.78K","-0.40%"
"01/17/2022","1.5430","1.5401","1.5442","1.5381","87.40K","0.20%"
"01/14/2022","1.5399","1.5437","1.5442","1.5294","109.42K","-0.21%"
"01/13/2022","1.5432","1.5536","1.5544","1.5408","91.52K","-0.62%"
"01/12/2022","1.5528","1.5619","1.5646","1.5498","93.62K","-0.54%"
"01/11/2022","1.5613","1.5564","1.5657","1.5551","95.53K","0.33%"
"01/10/2022","1.5561","1.5568","1.5629","1.5528","89.54K","0.04%"
"01/07/2022","1.5555","1.5572","1.5615","1.5551","83.39K","-0.09%"
"01/06/2022","1.5569","1.5633","1.5642","1.5528","104.38K","-0.38%"
"01/05/2022","1.5628","1.5585","1.5642","1.5535","84.17K","0.33%"
"01/04/2022","1.5576","1.5503","1.5600","1.5494","83.71K","0.52%"
"01/03/2022","1.5495","1.5452","1.5537","1.5446","51.82K","0.32%"
"12/31/2021","1.5446","1.5467","1.5538","1.5433","64.28K","-0.08%"
"12/30/2021","1.5459","1.5417","1.5500","1.5410","67.19K","0.30%"
"12/29/2021","1.5412","1.5369","1.5423","1.5348","76.55K","0.32%"
"12/28/2021","1.5363","1.5317","1.5388","1.5305","69.38K","0.33%"
"12/27/2021","1.5312","1.5251","1.5328","1.5220","51.19K","0.42%"
"12/24/2021","1.5248","1.5246","1.5265","1.5202","109.93K","0.05%"
"12/23/2021","1.5241","1.5122","1.5257","1.5114","88.60K","0.84%"
"12/22/2021","1.5114","1.5074","1.5158","1.5051","87.06K","0.32%"
"12/21/2021","1.5066","1.5000","1.5094","1.4994","104.85K","0.47%"
"12/20/2021","1.4996","1.4948","1.5019","1.4897","112.83K","0.31%"
"12/17/2021","1.4949","1.4918","1.4971","1.4873","121.50K","0.20%"
"12/16/2021","1.4919","1.4934","1.5006","1.4897","101.90K","-0.07%"
"12/15/2021","1.4930","1.4955","1.4966","1.4892","111.19K","-0.15%"
"12/14/2021","1.4952","1.4989","1.5002","1.4936","115.27K","-0.22%"
"12/13/2021","1.4985","1.4960","1.5028","1.4957","100.89K","0.11%"
"12/10/2021","1.4969","1.5016","1.5040","1.4960","115.57K","-0.22%"
"12/09/2021","1.5002","1.5080","1.5099","1.4979","114.87K","-0.46%"
"12/08/2021","1.5072","1.5063","1.5114","1.5006","127.14K","0.10%"
"12/07/2021","1.5057","1.5050","1.5107","1.5033","143.18K","0.06%"
"12/06/2021","1.5048","1.4988","1.5061","1.4988","116.56K","0.40%"
"12/03/2021","1.4988","1.5091","1.5122","1.4962","124.26K","-0.65%"
"12/02/2021","1.5086","1.5031","1.5127","1.5016","132.18K","0.40%"
"12/01/2021","1.5026","1.5070","1.5175","1.5025","154.90K","-0.24%"
"11/30/2021","1.5062","1.5127","1.5180","1.4997","168.80K","-0.38%"
"11/29/2021","1.5120","1.5101","1.5200","1.5045","124.13K","0.21%"
"11/26/2021","1.5089","1.5484","1.5488","1.5057","172.46K","-2.51%"
"11/25/2021","1.5477","1.5471","1.5499","1.5450","118.63K","0.08%"
"11/24/2021","1.5464","1.5462","1.5497","1.5421","123.07K","0.03%"
"11/23/2021","1.5460","1.5437","1.5469","1.5377","149.55K","0.23%"
"11/22/2021","1.5425","1.5328","1.5450","1.5314","155.38K","0.64%"
"11/19/2021","1.5327","1.5406","1.5427","1.5297","110.34K","-0.50%"
"11/18/2021","1.5404","1.5362","1.5414","1.5323","139.24K","0.30%"
"11/17/2021","1.5358","1.5423","1.5477","1.5328","137.12K","-0.40%"
"11/16/2021","1.5420","1.5339","1.5427","1.5313","116.46K","0.59%"
"11/15/2021","1.5330","1.5321","1.5356","1.5280","88.40K","0.12%"
"11/12/2021","1.5312","1.5350","1.5383","1.5288","97.68K","-0.21%"
"11/11/2021","1.5344","1.5310","1.5359","1.5287","89.81K","0.27%"
"11/10/2021","1.5303","1.5218","1.5348","1.5205","108.79K","0.59%"
"11/09/2021","1.5213","1.5319","1.5326","1.5208","109.51K","-0.65%"
"11/08/2021","1.5313","1.5290","1.5347","1.5270","96.91K","0.21%"
"11/05/2021","1.5281","1.5258","1.5359","1.5241","153.13K","0.15%"
"11/04/2021","1.5258","1.5313","1.5387","1.5234","170.56K","-0.33%"
"11/03/2021","1.5308","1.5256","1.5334","1.5232","168.22K","0.35%"
"11/02/2021","1.5254","1.5232","1.5278","1.5169","172.48K","0.16%"
"11/01/2021","1.5229","1.5210","1.5277","1.5210","137.24K","0.13%"
"10/29/2021","1.5209","1.5187","1.5224","1.5151","173.24K","0.17%"
"10/28/2021","1.5183","1.5163","1.5197","1.5122","181.08K","0.15%"
"10/27/2021","1.5160","1.5232","1.5253","1.5103","164.69K","-0.45%"
"10/26/2021","1.5229","1.5157","1.5257","1.5139","139.13K","0.49%"
"10/25/2021","1.5155","1.5147","1.5181","1.5119","140.04K","0.19%"
"10/22/2021","1.5127","1.5219","1.5274","1.5122","96.52K","-0.58%"
"10/21/2021","1.5215","1.5275","1.5295","1.5183","91.41K","-0.35%"
"10/20/2021","1.5269","1.5226","1.5301","1.5220","92.46K","0.32%"
"10/19/2021","1.5220","1.5201","1.5240","1.5160","83.06K","0.16%"
"10/18/2021","1.5195","1.5221","1.5242","1.5146","93.72K","-0.16%"
"10/15/2021","1.5220","1.5159","1.5267","1.5154","91.90K","0.45%"
"10/14/2021","1.5152","1.5042","1.5163","1.5033","74.19K","0.80%"
"10/13/2021","1.5032","1.5050","1.5107","1.5019","103.46K","-0.09%"
"10/12/2021","1.5045","1.5027","1.5074","1.4960","88.85K","0.15%"
"10/11/2021","1.5022","1.4931","1.5047","1.4927","73.19K","0.60%"
"10/08/2021","1.4933","1.4918","1.4976","1.4878","74.77K","0.15%"
"10/07/2021","1.4910","1.4899","1.4926","1.4869","84.52K","0.10%"
"10/06/2021","1.4895","1.4950","1.4992","1.4842","97.99K","-0.31%"
"10/05/2021","1.4942","1.4867","1.4963","1.4866","103.30K","0.51%"
"10/04/2021","1.4866","1.4975","1.4985","1.4868","78.89K","-0.71%"
"10/01/2021","1.4972","1.5003","1.5033","1.4941","86.54K","-0.19%"
"09/30/2021","1.5001","1.5072","1.5088","1.4998","96.42K","-0.42%"
"09/29/2021","1.5065","1.5026","1.5081","1.4983","83.39K","0.27%"
"09/28/2021","1.5025","1.5038","1.5086","1.4987","99.62K","-0.05%"
"09/27/2021","1.5033","1.4995","1.5058","1.4977","69.13K","0.25%"
"09/24/2021","1.4996","1.4947","1.5010","1.4931","66.55K","0.36%"
"09/23/2021","1.4942","1.4871","1.4953","1.4859","71.21K","0.52%"
"09/22/2021","1.4865","1.4813","1.4887","1.4797","92.00K","0.38%"
"09/21/2021","1.4808","1.4855","1.4903","1.4803","78.81K","-0.29%"
"09/20/2021","1.4851","1.4923","1.4932","1.4842","71.37K","-0.53%"
"09/17/2021","1.4930","1.4920","1.4981","1.4905","66.54K","0.14%"
"09/16/2021","1.4909","1.4892","1.4926","1.4860","86.92K","0.13%"
"09/15/2021","1.4889","1.4892","1.4904","1.4836","76.56K","-0.01%"
"09/14/2021","1.4890","1.4952","1.4973","1.4872","78.06K","-0.39%"
"09/13/2021","1.4949","1.4946","1.4971","1.4915","59.31K","-0.01%"
"09/10/2021","1.4950","1.4919","1.4979","1.4911","79.04K","0.26%"
"09/09/2021","1.4911","1.4938","1.4957","1.4906","74.44K","-0.14%"
"09/08/2021","1.4932","1.5017","1.5035","1.4918","80.43K","-0.55%"
"09/07/2021","1.5014","1.5033","1.5036","1.4966","84.62K","-0.09%"
"09/06/2021","1.5028","1.5034","1.5051","1.5021","54.93K","-0.01%"
"09/03/2021","1.5029","1.5061","1.5073","1.5011","78.28K","-0.17%"
"09/02/2021","1.5054","1.5070","1.5088","1.5038","71.45K","-0.09%"
"09/01/2021","1.5067","1.5082","1.5125","1.5049","85.14K","-0.09%"
"08/31/2021","1.5081","1.4998","1.5090","1.4961","73.82K","0.57%"
"08/30/2021","1.4995","1.4951","1.5006","1.4920","50.08K","0.33%"
"08/27/2021","1.4946","1.4847","1.4979","1.4815","100.91K","0.70%"
"08/26/2021","1.4842","1.4841","1.4870","1.4804","77.84K","0.01%"
"08/25/2021","1.4840","1.4789","1.4844","1.4761","63.16K","0.37%"
"08/24/2021","1.4786","1.4794","1.4823","1.4754","56.47K","-0.04%"
"08/23/2021","1.4792","1.4769","1.4851","1.4758","63.31K","0.17%"
"08/20/2021","1.4767","1.4755","1.4782","1.4720","76.46K","0.12%"
"08/19/2021","1.4749","1.4776","1.4831","1.4705","88.96K","-0.14%"
"08/18/2021","1.4770","1.4734","1.4819","1.4719","75.78K","0.26%"
"08/17/2021","1.4731","1.4726","1.4749","1.4683","81.81K","0.04%"
"08/16/2021","1.4725","1.4777","1.4784","1.4703","89.35K","-0.22%"
"08/13/2021","1.4758","1.4855","1.4873","1.4755","73.99K","-0.64%"
"08/12/2021","1.4853","1.4868","1.4901","1.4847","85.38K","-0.07%"
"08/11/2021","1.4864","1.4855","1.4893","1.4847","76.42K","0.08%"
"08/10/2021","1.4852","1.4806","1.4861","1.4804","89.61K","0.33%"
"08/09/2021","1.4803","1.4853","1.4865","1.4798","60.60K","-0.32%"
"08/06/2021","1.4850","1.4814","1.4876","1.4788","75.91K","0.28%"
"08/05/2021","1.4809","1.4760","1.4817","1.4750","95.17K","0.38%"
"08/04/2021","1.4753","1.4689","1.4786","1.4661","86.73K","0.46%"
"08/03/2021","1.4685","1.4701","1.4722","1.4659","75.88K","-0.07%"
"08/02/2021","1.4696","1.4755","1.4768","1.4684","63.85K","-0.40%"
"07/30/2021","1.4755","1.4745","1.4774","1.4716","65.57K","0.08%"
"07/29/2021","1.4743","1.4753","1.4800","1.4737","96.20K","-0.05%"
"07/28/2021","1.4750","1.4732","1.4817","1.4723","87.74K","0.13%"
"07/27/2021","1.4731","1.4845","1.4855","1.4708","80.58K","-0.74%"
"07/26/2021","1.4841","1.4856","1.4859","1.4785","62.83K","-0.07%"
"07/23/2021","1.4852","1.4795","1.4860","1.4783","62.66K","0.41%"
"07/22/2021","1.4792","1.4810","1.4833","1.4775","73.97K","-0.06%"
"07/21/2021","1.4801","1.4739","1.4816","1.4720","71.49K","0.44%"
"07/20/2021","1.4736","1.4619","1.4743","1.4589","90.05K","0.80%"
"07/19/2021","1.4619","1.4732","1.4758","1.4561","78.41K","-0.87%"
"07/16/2021","1.4747","1.4738","1.4793","1.4720","72.25K","0.09%"
"07/15/2021","1.4734","1.4772","1.4777","1.4720","72.10K","-0.19%"
"07/14/2021","1.4762","1.4830","1.4833","1.4749","66.05K","-0.42%"
"07/13/2021","1.4825","1.4808","1.4849","1.4779","64.35K","0.17%"
"07/12/2021","1.4800","1.4790","1.4810","1.4749","67.36K","0.09%"
"07/09/2021","1.4786","1.4692","1.4800","1.4678","74.97K","0.67%"
"07/08/2021","1.4688","1.4795","1.4802","1.4639","86.16K","-0.68%"
"07/07/2021","1.4789","1.4830","1.4855","1.4773","77.79K","-0.26%"
"07/06/2021","1.4828","1.4931","1.4937","1.4817","93.78K","-0.65%"
"07/05/2021","1.4925","1.4903","1.4941","1.4887","73.33K","0.17%"
"07/02/2021","1.4900","1.4958","1.4979","1.4888","64.20K","-0.36%"
"07/01/2021","1.4954","1.4941","1.4974","1.4922","66.43K","0.10%"
"06/30/2021","1.4939","1.4876","1.4945","1.4831","68.07K","0.46%"
"06/29/2021","1.4870","1.4895","1.4918","1.4861","66.32K","-0.15%"
"06/28/2021","1.4892","1.4921","1.4939","1.4872","53.84K","-0.21%"
"06/25/2021","1.4923","1.4945","1.4964","1.4895","66.67K","-0.12%"
"06/24/2021","1.4941","1.4964","1.4985","1.4919","86.43K","-0.13%"
"06/23/2021","1.4960","1.4884","1.4973","1.4880","59.94K","0.53%"
"06/22/2021","1.4881","1.4880","1.4918","1.4844","68.76K","0.04%"
"06/21/2021","1.4875","1.4877","1.4884","1.4767","78.78K","0.09%"
"06/18/2021","1.4862","1.4854","1.4931","1.4831","81.39K","0.09%"
"06/17/2021","1.4848","1.5107","1.5125","1.4850","83.50K","-1.70%"
"06/16/2021","1.5105","1.5005","1.5111","1.4977","60.54K","0.69%"
"06/15/2021","1.5002","1.5040","1.5053","1.4999","61.04K","-0.24%"
"06/14/2021","1.5038","1.4970","1.5044","1.4957","52.22K","0.46%"
"06/11/2021","1.4969","1.4960","1.5011","1.4958","61.99K","0.09%"
"06/10/2021","1.4956","1.5020","1.5028","1.4957","70.52K","-0.41%"
"06/09/2021","1.5017","1.5009","1.5031","1.4973","66.34K","0.07%"
"06/08/2021","1.5007","1.5006","1.5042","1.4993","71.86K","0.06%"
"06/07/2021","1.4998","1.5029","1.5058","1.4989","62.54K","-0.17%"
"06/04/2021","1.5023","1.5100","1.5115","1.5007","74.77K","-0.49%"
"06/03/2021","1.5097","1.5016","1.5109","1.4989","68.74K","0.57%"
"06/02/2021","1.5012","1.5024","1.5052","1.4958","71.25K","-0.05%"
"06/01/2021","1.5020","1.5110","1.5115","1.5011","81.27K","-0.56%"
"05/31/2021","1.5104","1.5169","1.5184","1.5079","82.40K","-0.45%"
"05/28/2021","1.5173","1.5103","1.5198","1.5099","79.08K","0.50%"
"05/27/2021","1.5098","1.5009","1.5143","1.4981","107.24K","0.61%"
"05/26/2021","1.5006","1.4943","1.5013","1.4932","102.89K","0.44%"
"05/25/2021","1.4940","1.4929","1.4988","1.4913","104.30K","0.09%"
"05/24/2021","1.4926","1.4943","1.4955","1.4909","82.34K","-0.20%"
"05/21/2021","1.4956","1.4899","1.4969","1.4868","91.30K","0.42%"
"05/20/2021","1.4893","1.4919","1.4934","1.4884","87.84K","-0.13%"
"05/19/2021","1.4913","1.4905","1.4951","1.4830","100.26K","0.07%"
"05/18/2021","1.4903","1.4891","1.4951","1.4877","97.81K","0.10%"
"05/17/2021","1.4888","1.4908","1.4939","1.4876","75.66K","-0.18%"
"05/14/2021","1.4915","1.4897","1.4952","1.4890","73.60K","0.15%"
"05/13/2021","1.4893","1.4913","1.4930","1.4863","86.81K","-0.11%"
"05/12/2021","1.4909","1.4802","1.4920","1.4794","82.66K","0.74%"
"05/11/2021","1.4800","1.4810","1.4857","1.4754","106.43K","-0.04%"
"05/10/2021","1.4806","1.4834","1.4869","1.4802","99.36K","-0.13%"
"05/07/2021","1.4825","1.4821","1.4870","1.4760","83.69K","0.05%"
"05/06/2021","1.4817","1.4795","1.4831","1.4771","96.38K","0.18%"
"05/05/2021","1.4790","1.4822","1.4829","1.4769","99.36K","-0.19%"
"05/04/2021","1.4818","1.4776","1.4828","1.4760","86.47K","0.31%"
"05/03/2021","1.4772","1.4747","1.4827","1.4735","72.72K","0.12%"
"04/30/2021","1.4754","1.4699","1.4781","1.4665","92.99K","0.39%"
"04/29/2021","1.4696","1.4578","1.4741","1.4556","78.12K","0.82%"
"04/28/2021","1.4576","1.4577","1.4661","1.4567","93.86K","0.05%"
"04/27/2021","1.4568","1.4460","1.4584","1.4449","111.07K","0.82%"
"04/26/2021","1.4450","1.4412","1.4480","1.4370","93.61K","0.35%"
"04/23/2021","1.4400","1.4372","1.4442","1.4343","88.08K","0.21%"
"04/22/2021","1.4370","1.4325","1.4424","1.4312","96.89K","0.34%"
"04/21/2021","1.4322","1.4337","1.4345","1.4293","83.63K","-0.07%"
"04/20/2021","1.4332","1.4448","1.4524","1.4326","100.10K","-0.78%"
"04/19/2021","1.4445","1.4593","1.4602","1.4421","80.18K","-0.99%"
"04/16/2021","1.4590","1.4556","1.4661","1.4534","97.85K","0.28%"
"04/15/2021","1.4549","1.4510","1.4555","1.4447","98.65K","0.28%"
"04/14/2021","1.4508","1.4489","1.4526","1.4462","96.05K","0.15%"
"04/13/2021","1.4486","1.4587","1.4629","1.4469","96.04K","-0.67%"
"04/12/2021","1.4583","1.4675","1.4689","1.4537","93.58K","-0.59%"
"04/09/2021","1.4669","1.4649","1.4707","1.4594","75.11K","0.15%"
"04/08/2021","1.4647","1.4773","1.4787","1.4609","84.40K","-0.81%"
"04/07/2021","1.4767","1.4934","1.4962","1.4722","88.82K","-1.11%"
"04/06/2021","1.4932","1.5026","1.5070","1.4929","80.60K","-0.59%"
"04/05/2021","1.5021","1.5075","1.5096","1.4998","62.02K","-0.38%"
"04/02/2021","1.5079","1.5086","1.5098","1.5051","69.78K","-0.01%"
"04/01/2021","1.5080","1.5139","1.5152","1.5073","90.30K","-0.34%"
"03/31/2021","1.5131","1.5025","1.5150","1.5013","101.76K","0.73%"
"03/30/2021","1.5022","1.5092","1.5119","1.4987","75.15K","-0.44%"
"03/29/2021","1.5088","1.5101","1.5122","1.5070","82.88K","-0.07%"
"03/26/2021","1.5098","1.5026","1.5141","1.5023","87.73K","0.50%"
"03/25/2021","1.5023","1.4978","1.5040","1.4976","82.70K","0.32%"
"03/24/2021","1.4975","1.4969","1.5007","1.4922","96.92K","0.08%"
"03/23/2021","1.4963","1.5038","1.5054","1.4947","91.91K","-0.47%"
"03/22/2021","1.5034","1.5034","1.5052","1.4986","75.36K","0.01%"
"03/19/2021","1.5032","1.4977","1.5042","1.4977","93.65K","0.38%"
"03/18/2021","1.4975","1.4998","1.5084","1.4970","103.98K","-0.13%"
"03/17/2021","1.4994","1.5031","1.5065","1.4985","86.18K","-0.23%"
"03/16/2021","1.5028","1.5046","1.5088","1.4999","77.47K","-0.10%"
"03/15/2021","1.5043","1.5004","1.5069","1.4983","92.75K","0.33%"
"03/12/2021","1.4993","1.4925","1.5014","1.4923","108.93K","0.48%"
"03/11/2021","1.4921","1.4904","1.4970","1.4895","104.09K","0.16%"
"03/10/2021","1.4897","1.4906","1.4942","1.4857","109.52K","-0.03%"
"03/09/2021","1.4901","1.4844","1.4941","1.4840","122.87K","0.43%"
"03/08/2021","1.4837","1.4812","1.4863","1.4791","106.24K","0.24%"
"03/05/2021","1.4801","1.4844","1.4886","1.4741","108.36K","-0.28%"
"03/04/2021","1.4842","1.4670","1.4847","1.4640","113.57K","1.20%"
"03/03/2021","1.4666","1.4563","1.4706","1.4561","104.67K","0.73%"
"03/02/2021","1.4560","1.4545","1.4588","1.4515","105.31K","0.13%"
"03/01/2021","1.4541","1.4413","1.4566","1.4386","117.95K","0.90%"
"02/26/2021","1.4412","1.4602","1.4631","1.4340","127.96K","-1.28%"
"02/25/2021","1.4599","1.4627","1.4679","1.4573","146.78K","-0.16%"
"02/24/2021","1.4622","1.4541","1.4657","1.4532","119.29K","0.57%"
"02/23/2021","1.4539","1.4503","1.4551","1.4480","110.54K","0.28%"
"02/22/2021","1.4499","1.4526","1.4617","1.4485","98.91K","-0.20%"
"02/19/2021","1.4528","1.4562","1.4577","1.4509","114.76K","-0.19%"
"02/18/2021","1.4556","1.4536","1.4582","1.4521","121.62K","0.18%"
"02/17/2021","1.4530","1.4552","1.4588","1.4519","156.05K","-0.14%"
"02/16/2021","1.4550","1.4511","1.4557","1.4465","133.90K","0.30%"
"02/15/2021","1.4507","1.4463","1.4518","1.4454","99.12K","0.39%"
"02/12/2021","1.4451","1.4409","1.4480","1.4389","105.48K","0.34%"
"02/11/2021","1.4402","1.4367","1.4419","1.4354","114.82K","0.26%"
"02/10/2021","1.4364","1.4356","1.4396","1.4331","142.68K","0.08%"
"02/09/2021","1.4353","1.4428","1.4435","1.4337","122.21K","-0.51%"
"02/08/2021","1.4426","1.4473","1.4499","1.4426","102.89K","-0.30%"
"02/05/2021","1.4469","1.4464","1.4514","1.4444","117.14K","0.03%"
"02/04/2021","1.4465","1.4423","1.4471","1.4398","107.46K","0.31%"
"02/03/2021","1.4420","1.4396","1.4429","1.4377","95.49K","0.19%"
"02/02/2021","1.4392","1.4350","1.4417","1.4336","118.45K","0.32%"
"02/01/2021","1.4346","1.4358","1.4379","1.4306","113.43K","-0.04%"
"01/29/2021","1.4352","1.4290","1.4394","1.4287","136.78K","0.48%"
"01/28/2021","1.4284","1.4247","1.4315","1.4247","139.81K","0.29%"
"01/27/2021","1.4243","1.4210","1.4267","1.4204","130.38K","0.25%"
"01/26/2021","1.4207","1.4216","1.4238","1.4179","97.80K","-0.04%"
"01/25/2021","1.4213","1.4221","1.4249","1.4209","111.40K","-0.03%"
"01/22/2021","1.4217","1.4182","1.4231","1.4173","132.52K","0.25%"
"01/21/2021","1.4181","1.4199","1.4217","1.4155","141.47K","-0.11%"
"01/20/2021","1.4196","1.4196","1.4232","1.4173","135.49K","0.01%"
"01/19/2021","1.4194","1.4167","1.4230","1.4162","133.58K","0.20%"
"01/18/2021","1.4166","1.4189","1.4213","1.4151","126.91K","-0.25%"
"01/15/2021","1.4202","1.4205","1.4220","1.4169","136.21K","0.01%"
"01/14/2021","1.4200","1.4199","1.4259","1.4170","146.27K","0.06%"
"01/13/2021","1.4191","1.4169","1.4229","1.4145","148.84K","0.16%"
"01/12/2021","1.4168","1.4191","1.4239","1.4165","139.56K","-0.12%"
"01/11/2021","1.4185","1.4166","1.4209","1.4157","129.37K","0.11%"
"01/08/2021","1.4169","1.4134","1.4196","1.4127","120.50K","0.25%"
"01/07/2021","1.4134","1.4088","1.4155","1.4072","129.85K","0.35%"
"01/06/2021","1.4085","1.4048","1.4147","1.4024","115.48K","0.31%"
"01/05/2021","1.4042","1.4112","1.4129","1.4025","118.70K","-0.45%"
"01/04/2021","1.4106","1.4109","1.4137","1.4062","97.19K","-0.04%"
"01/01/2021","1.4112","1.4134","1.4136","1.4113","0.49K","-0.11%"
"12/31/2020","1.4128","1.4107","1.4154","1.4080","120.15K","0.18%"
"12/30/2020","1.4102","1.4112","1.4131","1.4067","123.23K","-0.02%"
"12/29/2020","1.4105","1.4116","1.4143","1.4095","96.22K","-0.04%"
"12/28/2020","1.4110","1.4070","1.4133","1.4049","80.18K","0.31%"
"12/25/2020","1.4067","1.4091","1.4097","1.4055","15.03K","-0.13%"
"12/24/2020","1.4086","1.4038","1.4109","1.4017","109.36K","0.38%"
"12/23/2020","1.4033","1.4034","1.4050","1.3999","114.14K","0.01%"
"12/22/2020","1.4031","1.3956","1.4045","1.3950","117.64K","0.55%"
"12/21/2020","1.3954","1.4041","1.4076","1.3952","116.85K","-0.62%"
"12/18/2020","1.4041","1.4026","1.4097","1.4021","123.49K","0.14%"
"12/17/2020","1.4021","1.4054","1.4083","1.3986","125.57K","-0.21%"
"12/16/2020","1.4050","1.4094","1.4112","1.4025","115.52K","-0.30%"
"12/15/2020","1.4092","1.4129","1.4151","1.4084","79.76K","-0.23%"
"12/14/2020","1.4125","1.4105","1.4163","1.4072","84.63K","0.14%"
"12/11/2020","1.4105","1.4132","1.4150","1.4083","97.05K","-0.17%"
"12/10/2020","1.4129","1.4137","1.4190","1.4126","89.05K","-0.02%"
"12/09/2020","1.4132","1.4129","1.4177","1.4120","85.12K","0.04%"
"12/08/2020","1.4126","1.4093","1.4155","1.4084","95.58K","0.28%"
"12/07/2020","1.4086","1.4108","1.4128","1.4072","95.07K","-0.18%"
"12/04/2020","1.4112","1.4057","1.4137","1.4044","106.02K","0.41%"
"12/03/2020","1.4054","1.4154","1.4181","1.4049","113.92K","-0.68%"
"12/02/2020","1.4150","1.4194","1.4225","1.4150","117.07K","-0.26%"
"12/01/2020","1.4187","1.4097","1.4226","1.4087","110.82K","0.70%"
"11/30/2020","1.4089","1.4074","1.4121","1.4038","100.49K","0.06%"
"11/27/2020","1.4080","1.4122","1.4125","1.4038","108.53K","-0.27%"
"11/26/2020","1.4118","1.4156","1.4160","1.4105","118.55K","-0.23%"
"11/25/2020","1.4151","1.4097","1.4160","1.4097","129.21K","0.38%"
"11/24/2020","1.4097","1.4080","1.4150","1.4073","135.01K","0.15%"
"11/23/2020","1.4076","1.4015","1.4097","1.3977","116.62K","0.48%"
"11/20/2020","1.4009","1.3998","1.4028","1.3987","114.76K","0.11%"
"11/19/2020","1.3994","1.4006","1.4032","1.3958","130.59K","-0.09%"
"11/18/2020","1.4006","1.3992","1.4033","1.3966","121.07K","0.16%"
"11/17/2020","1.3984","1.4060","1.4070","1.3968","123.00K","-0.51%"
"11/16/2020","1.4056","1.4027","1.4130","1.4001","106.44K","0.23%"
"11/13/2020","1.4024","1.4077","1.4107","1.4018","121.74K","-0.37%"
"11/12/2020","1.4076","1.4159","1.4167","1.4065","134.76K","-0.54%"
"11/11/2020","1.4153","1.4173","1.4211","1.4134","125.63K","-0.12%"
"11/10/2020","1.4170","1.4233","1.4234","1.4129","142.38K","-0.42%"
"11/09/2020","1.4230","1.3969","1.4271","1.3950","135.34K","1.88%"
"11/06/2020","1.3968","1.3999","1.4037","1.3915","144.37K","-0.20%"
"11/05/2020","1.3996","1.4059","1.4091","1.3992","134.79K","-0.38%"
"11/04/2020","1.4050","1.4000","1.4115","1.3964","145.83K","0.39%"
"11/03/2020","1.3995","1.4053","1.4106","1.4000","106.66K","-0.40%"
"11/02/2020","1.4051","1.4035","1.4103","1.4020","90.58K","0.14%"
"10/30/2020","1.4031","1.4068","1.4070","1.3969","103.40K","-0.22%"
"10/29/2020","1.4062","1.4061","1.4118","1.3972","105.65K","0.05%"
"10/28/2020","1.4055","1.4183","1.4203","1.4036","119.26K","-0.88%"
"10/27/2020","1.4180","1.4173","1.4223","1.4145","97.44K","0.07%"
"10/26/2020","1.4170","1.4185","1.4238","1.4159","91.34K","-0.04%"
"10/23/2020","1.4175","1.4232","1.4252","1.4171","105.64K","-0.36%"
"10/22/2020","1.4226","1.4210","1.4244","1.4184","113.12K","0.13%"
"10/21/2020","1.4207","1.4363","1.4368","1.4177","114.79K","-1.07%"
"10/20/2020","1.4360","1.4372","1.4400","1.4347","108.26K","-0.06%"
"10/19/2020","1.4368","1.4354","1.4390","1.4341","80.02K","0.13%"
"10/16/2020","1.4349","1.4360","1.4379","1.4327","81.12K","-0.04%"
"10/15/2020","1.4355","1.4352","1.4379","1.4318","91.05K","0.03%"
"10/14/2020","1.4351","1.4371","1.4400","1.4339","91.75K","-0.09%"
"10/13/2020","1.4364","1.4358","1.4405","1.4352","108.52K","0.08%"
"10/12/2020","1.4353","1.4473","1.4502","1.4344","98.37K","-0.73%"
"10/09/2020","1.4458","1.4466","1.4504","1.4435","106.38K","-0.02%"
"10/08/2020","1.4461","1.4449","1.4484","1.4444","123.56K","0.09%"
"10/07/2020","1.4448","1.4384","1.4483","1.4358","127.27K","0.47%"
"10/06/2020","1.4380","1.4461","1.4474","1.4360","114.13K","-0.54%"
"10/05/2020","1.4458","1.4370","1.4471","1.4365","101.87K","0.64%"
"10/02/2020","1.4366","1.4411","1.4430","1.4314","129.46K","-0.28%"
"10/01/2020","1.4407","1.4335","1.4452","1.4323","135.68K","0.57%"
"09/30/2020","1.4326","1.4321","1.4371","1.4283","117.80K","0.04%"
"09/29/2020","1.4320","1.4303","1.4332","1.4281","105.14K","0.15%"
"09/28/2020","1.4298","1.4333","1.4345","1.4264","106.72K","-0.21%"
"09/25/2020","1.4328","1.4263","1.4345","1.4256","118.20K","0.48%"
"09/24/2020","1.4259","1.4325","1.4335","1.4233","120.28K","-0.42%"
"09/23/2020","1.4319","1.4273","1.4340","1.4259","125.25K","0.35%"
"09/22/2020","1.4269","1.4223","1.4296","1.4197","105.01K","0.35%"
"09/21/2020","1.4219","1.4204","1.4249","1.4135","101.26K","0.01%"
"09/18/2020","1.4217","1.4229","1.4317","1.4172","114.51K","-0.06%"
"09/17/2020","1.4226","1.4270","1.4302","1.4196","123.77K","-0.28%"
"09/16/2020","1.4266","1.4324","1.4327","1.4250","106.25K","-0.36%"
"09/15/2020","1.4317","1.4407","1.4413","1.4297","81.84K","-0.60%"
"09/14/2020","1.4403","1.4455","1.4476","1.4381","61.86K","-0.35%"
"09/11/2020","1.4453","1.4451","1.4467","1.4417","84.51K","0.03%"
"09/10/2020","1.4449","1.4487","1.4509","1.4421","92.61K","-0.21%"
"09/09/2020","1.4480","1.4376","1.4492","1.4347","96.94K","0.74%"
"09/08/2020","1.4374","1.4473","1.4478","1.4324","90.06K","-0.64%"
"09/07/2020","1.4466","1.4497","1.4551","1.4449","81.22K","-0.19%"
"09/04/2020","1.4494","1.4466","1.4553","1.4446","92.93K","0.19%"
"09/03/2020","1.4466","1.4492","1.4526","1.4444","97.07K","-0.17%"
"09/02/2020","1.4491","1.4515","1.4551","1.4480","100.93K","-0.15%"
"09/01/2020","1.4513","1.4459","1.4537","1.4414","102.91K","0.41%"
"08/31/2020","1.4454","1.4410","1.4483","1.4333","100.84K","0.33%"
"08/28/2020","1.4407","1.4419","1.4518","1.4365","119.03K","-0.06%"
"08/27/2020","1.4415","1.4280","1.4440","1.4243","105.34K","0.96%"
"08/26/2020","1.4278","1.4332","1.4356","1.4271","95.58K","-0.35%"
"08/25/2020","1.4328","1.4289","1.4360","1.4245","99.45K","0.29%"
"08/24/2020","1.4287","1.4125","1.4310","1.4107","89.15K","1.20%"
"08/21/2020","1.4118","1.4102","1.4156","1.4080","103.36K","0.11%"
"08/20/2020","1.4103","1.4177","1.4192","1.4089","109.68K","-0.51%"
"08/19/2020","1.4175","1.4138","1.4183","1.4053","105.55K","0.30%"
"08/18/2020","1.4132","1.4183","1.4192","1.4086","97.06K","-0.34%"
"08/17/2020","1.4180","1.4236","1.4253","1.4173","87.44K","-0.32%"
"08/14/2020","1.4225","1.4290","1.4309","1.4211","84.26K","-0.46%"
"08/13/2020","1.4291","1.4290","1.4310","1.4234","92.33K","0.01%"
"08/12/2020","1.4290","1.4274","1.4318","1.4250","86.96K","0.15%"
"08/11/2020","1.4268","1.4152","1.4299","1.4147","89.52K","0.84%"
"08/10/2020","1.4149","1.4118","1.4174","1.4091","75.39K","0.25%"
"08/07/2020","1.4114","1.4088","1.4137","1.4062","93.82K","0.18%"
"08/06/2020","1.4089","1.4114","1.4123","1.4055","97.92K","-0.18%"
"08/05/2020","1.4114","1.4085","1.4150","1.4057","102.07K","0.23%"
"08/04/2020","1.4082","1.4093","1.4141","1.4072","96.25K","-0.06%"
"08/03/2020","1.4090","1.4133","1.4208","1.4046","111.54K","-0.27%"
"07/31/2020","1.4128","1.3984","1.4156","1.3914","117.75K","1.02%"
"07/30/2020","1.3985","1.3999","1.4070","1.3981","116.72K","-0.06%"
"07/29/2020","1.3993","1.4029","1.4070","1.3979","108.39K","-0.24%"
"07/28/2020","1.4027","1.4086","1.4133","1.4011","108.83K","-0.41%"
"07/27/2020","1.4085","1.4196","1.4206","1.4062","114.52K","-0.75%"
"07/24/2020","1.4192","1.4284","1.4291","1.4131","112.74K","-0.62%"
"07/23/2020","1.4281","1.4362","1.4368","1.4263","93.50K","-0.54%"
"07/22/2020","1.4358","1.4325","1.4391","1.4278","96.47K","0.23%"
"07/21/2020","1.4325","1.4349","1.4385","1.4314","94.81K","-0.14%"
"07/20/2020","1.4345","1.4295","1.4360","1.4288","93.43K","0.44%"
"07/17/2020","1.4282","1.4268","1.4316","1.4245","94.55K","0.12%"
"07/16/2020","1.4265","1.4234","1.4295","1.4196","101.05K","0.25%"
"07/15/2020","1.4230","1.4220","1.4257","1.4193","101.96K","0.11%"
"07/14/2020","1.4215","1.4265","1.4276","1.4202","99.32K","-0.31%"
"07/13/2020","1.4259","1.4228","1.4282","1.4199","94.73K","0.32%"
"07/10/2020","1.4214","1.4265","1.4273","1.4175","99.02K","-0.32%"
"07/09/2020","1.4260","1.4318","1.4331","1.4260","108.79K","-0.35%"
"07/08/2020","1.4310","1.4373","1.4394","1.4303","95.01K","-0.42%"
"07/07/2020","1.4370","1.4383","1.4402","1.4345","103.45K","-0.08%"
"07/06/2020","1.4382","1.4414","1.4462","1.4371","103.69K","-0.15%"
"07/03/2020","1.4403","1.4381","1.4417","1.4327","96.44K","0.17%"
"07/02/2020","1.4378","1.4236","1.4415","1.4221","115.90K","1.02%"
"07/01/2020","1.4233","1.4288","1.4318","1.4204","114.39K","-0.36%"
"06/30/2020","1.4285","1.4245","1.4296","1.4237","124.18K","0.29%"
"06/29/2020","1.4243","1.4173","1.4288","1.4158","109.17K","0.47%"
"06/26/2020","1.4176","1.4187","1.4200","1.4125","116.24K","-0.04%"
"06/25/2020","1.4181","1.4146","1.4208","1.4137","122.46K","0.28%"
"06/24/2020","1.4142","1.4108","1.4154","1.4057","127.63K","0.28%"
"06/23/2020","1.4103","1.4106","1.4187","1.4048","122.21K","0.03%"
"06/22/2020","1.4099","1.4019","1.4118","1.3999","116.26K","0.62%"
"06/19/2020","1.4012","1.4002","1.4053","1.3991","118.82K","0.10%"
"06/18/2020","1.3998","1.4026","1.4082","1.3971","129.27K","-0.19%"
"06/17/2020","1.4024","1.4078","1.4114","1.4020","125.96K","-0.35%"
"06/16/2020","1.4073","1.4127","1.4202","1.4063","124.86K","-0.32%"
"06/15/2020","1.4118","1.4114","1.4149","1.4060","112.79K","0.06%"
"06/12/2020","1.4110","1.4068","1.4191","1.3985","142.63K","0.33%"
"06/11/2020","1.4064","1.4164","1.4167","1.4029","133.49K","-0.64%"
"06/10/2020","1.4154","1.4269","1.4289","1.4138","126.71K","-0.77%"
"06/09/2020","1.4264","1.4382","1.4396","1.4246","122.98K","-0.77%"
"06/08/2020","1.4375","1.4503","1.4524","1.4346","106.08K","-0.88%"
"06/05/2020","1.4502","1.4463","1.4524","1.4434","123.55K","0.30%"
"06/04/2020","1.4458","1.4457","1.4478","1.4381","124.78K","0.03%"
"06/03/2020","1.4453","1.4472","1.4505","1.4359","134.08K","-0.10%"
"06/02/2020","1.4467","1.4250","1.4488","1.4236","125.69K","1.54%"
"06/01/2020","1.4247","1.4250","1.4301","1.4206","109.31K","-0.06%"
"05/29/2020","1.4255","1.4228","1.4272","1.4154","127.20K","0.20%"
"05/28/2020","1.4226","1.4190","1.4253","1.4185","129.30K","0.30%"
"05/27/2020","1.4184","1.4251","1.4262","1.4179","119.27K","-0.42%"
"05/26/2020","1.4244","1.4192","1.4276","1.4189","108.02K","0.38%"
"05/25/2020","1.4190","1.4167","1.4206","1.4150","81.53K","0.16%"
"05/22/2020","1.4167","1.4230","1.4249","1.4141","109.65K","-0.43%"
"05/21/2020","1.4228","1.4227","1.4295","1.4200","101.70K","0.00%"
"05/20/2020","1.4228","1.4238","1.4273","1.4188","112.65K","-0.04%"
"05/19/2020","1.4234","1.4180","1.4290","1.4162","115.58K","0.42%"
"05/18/2020","1.4174","1.4115","1.4206","1.4102","97.69K","0.45%"
"05/15/2020","1.4111","1.4207","1.4244","1.4082","112.38K","-0.64%"
"05/14/2020","1.4202","1.4202","1.4224","1.4122","122.24K","0.02%"
"05/13/2020","1.4199","1.4269","1.4293","1.4171","125.57K","-0.48%"
"05/12/2020","1.4267","1.4190","1.4313","1.4137","126.86K","0.61%"
"05/11/2020","1.4181","1.4120","1.4204","1.4104","131.39K","0.47%"
"05/08/2020","1.4115","1.4023","1.4144","1.4014","139.75K","0.68%"
"05/07/2020","1.4019","1.3942","1.4073","1.3928","123.15K","0.55%"
"05/06/2020","1.3942","1.4074","1.4085","1.3926","96.19K","-0.94%"
"05/05/2020","1.4075","1.4116","1.4129","1.4055","97.71K","-0.23%"
"05/04/2020","1.4108","1.4121","1.4160","1.4076","101.55K","-0.03%"
"05/01/2020","1.4112","1.4276","1.4306","1.4078","119.50K","-1.13%"
"04/30/2020","1.4274","1.4143","1.4320","1.4123","143.74K","0.95%"
"04/29/2020","1.4140","1.4051","1.4150","1.4003","133.57K","0.65%"
"04/28/2020","1.4048","1.4067","1.4095","1.4001","134.32K","-0.12%"
"04/27/2020","1.4065","1.4093","1.4112","1.4035","123.04K","-0.20%"
"04/24/2020","1.4093","1.4175","1.4199","1.4074","125.77K","-0.57%"
"04/23/2020","1.4174","1.4103","1.4217","1.4087","119.85K","0.55%"
"04/22/2020","1.4096","1.4007","1.4122","1.3988","123.81K","0.70%"
"04/21/2020","1.3998","1.4055","1.4071","1.3948","131.93K","-0.38%"
"04/20/2020","1.4052","1.4062","1.4114","1.4041","122.12K","0.06%"
"04/17/2020","1.4043","1.4055","1.4139","1.4013","143.44K","-0.06%"
"04/16/2020","1.4051","1.4038","1.4099","1.3952","143.23K","0.11%"
"04/15/2020","1.4036","1.4105","1.4106","1.4004","142.36K","-0.47%"
"04/14/2020","1.4102","1.4135","1.4139","1.4063","127.88K","-0.21%"
"04/13/2020","1.4132","1.4304","1.4304","1.4099","129.69K","-1.09%"
"04/10/2020","1.4288","1.4225","1.4301","1.4207","88.27K","0.52%"
"04/09/2020","1.4214","1.4330","1.4362","1.4182","144.51K","-0.77%"
"04/08/2020","1.4325","1.4372","1.4398","1.4231","156.48K","-0.30%"
"04/07/2020","1.4368","1.4378","1.4449","1.4308","168.89K","-0.01%"
"04/06/2020","1.4370","1.4223","1.4382","1.4211","151.30K","1.03%"
"04/03/2020","1.4224","1.4125","1.4286","1.4110","164.55K","0.72%"
"04/02/2020","1.4122","1.4027","1.4152","1.4007","169.16K","0.71%"
"04/01/2020","1.4023","1.4274","1.4329","1.3992","164.98K","-1.73%"
"03/31/2020","1.4270","1.4292","1.4417","1.4253","164.14K","-0.16%"
"03/30/2020","1.4293","1.4296","1.4390","1.4192","166.07K","-0.01%"
"03/27/2020","1.4295","1.4634","1.4650","1.4278","160.28K","-2.30%"
"03/26/2020","1.4631","1.4560","1.4726","1.4462","173.09K","0.52%"
"03/25/2020","1.4556","1.4561","1.4625","1.4500","167.78K","-0.02%"
"03/24/2020","1.4559","1.4570","1.4665","1.4421","173.36K","-0.04%"
"03/23/2020","1.4565","1.4727","1.4756","1.4390","157.78K","-0.88%"
"03/20/2020","1.4694","1.4804","1.4891","1.4598","164.24K","-0.72%"
"03/19/2020","1.4800","1.4495","1.4838","1.4442","179.43K","2.11%"
"03/18/2020","1.4494","1.4540","1.4577","1.4384","177.13K","-0.30%"
"03/17/2020","1.4537","1.4306","1.4565","1.4306","174.56K","1.64%"
"03/16/2020","1.4302","1.4617","1.4617","1.4160","153.50K","-2.13%"
"03/13/2020","1.4614","1.4031","1.4695","1.4013","174.53K","4.17%"
"03/12/2020","1.4029","1.4192","1.4255","1.3894","172.02K","-1.11%"
"03/11/2020","1.4186","1.4249","1.4294","1.4075","182.43K","-0.41%"
"03/10/2020","1.4245","1.3798","1.4286","1.3748","179.79K","3.28%"
"03/09/2020","1.3792","1.4175","1.4179","1.3644","158.59K","-3.06%"
"03/06/2020","1.4228","1.4443","1.4469","1.4191","144.01K","-1.47%"
"03/05/2020","1.4441","1.4624","1.4693","1.4417","135.00K","-1.22%"
"03/04/2020","1.4619","1.4665","1.4732","1.4583","136.92K","-0.28%"
"03/03/2020","1.4660","1.4862","1.4911","1.4625","143.44K","-1.34%"
"03/02/2020","1.4859","1.4805","1.5038","1.4749","144.36K","-0.26%"
"02/28/2020","1.4897","1.5295","1.5309","1.4820","147.58K","-2.58%"
"02/27/2020","1.5292","1.5427","1.5433","1.5292","140.84K","-0.86%"
"02/26/2020","1.5425","1.5344","1.5462","1.5324","132.51K","0.55%"
"02/25/2020","1.5340","1.5391","1.5448","1.5300","123.07K","-0.31%"
"02/24/2020","1.5387","1.5525","1.5551","1.5338","119.93K","-0.86%"
"02/21/2020","1.5520","1.5641","1.5652","1.5493","101.99K","-0.75%"
"02/20/2020","1.5638","1.5555","1.5669","1.5503","109.45K","0.57%"
"02/19/2020","1.5550","1.5349","1.5596","1.5345","87.27K","1.34%"
"02/18/2020","1.5344","1.5402","1.5406","1.5320","93.95K","-0.35%"
"02/17/2020","1.5398","1.5347","1.5421","1.5340","73.08K","0.37%"
"02/14/2020","1.5342","1.5396","1.5414","1.5323","91.03K","-0.32%"
"02/13/2020","1.5392","1.5441","1.5441","1.5357","100.70K","-0.27%"
"02/12/2020","1.5434","1.5401","1.5450","1.5399","85.82K","0.23%"
"02/11/2020","1.5398","1.5399","1.5442","1.5393","91.41K","0.03%"
"02/10/2020","1.5394","1.5360","1.5409","1.5320","106.24K","0.36%"
"02/07/2020","1.5339","1.5443","1.5448","1.5314","84.55K","-0.67%"
"02/06/2020","1.5442","1.5427","1.5453","1.5404","92.81K","0.14%"
"02/05/2020","1.5421","1.5401","1.5441","1.5335","100.90K","0.15%"
"02/04/2020","1.5398","1.5238","1.5404","1.5219","97.28K","1.07%"
"02/03/2020","1.5235","1.5156","1.5263","1.5139","98.09K","0.61%"
"01/31/2020","1.5143","1.5229","1.5295","1.5134","92.78K","-0.54%"
"01/30/2020","1.5225","1.5288","1.5296","1.5171","90.57K","-0.37%"
"01/29/2020","1.5282","1.5329","1.5347","1.5274","88.03K","-0.28%"
"01/28/2020","1.5325","1.5240","1.5335","1.5231","92.03K","0.57%"
"01/27/2020","1.5238","1.5288","1.5290","1.5223","103.74K","-0.52%"
"01/24/2020","1.5317","1.5336","1.5387","1.5312","81.41K","-0.09%"
"01/23/2020","1.5331","1.5453","1.5458","1.5292","80.92K","-0.76%"
"01/22/2020","1.5449","1.5437","1.5471","1.5431","78.08K","0.10%"
"01/21/2020","1.5434","1.5510","1.5516","1.5421","79.44K","-0.47%"
"01/20/2020","1.5507","1.5498","1.5519","1.5481","77.75K","0.08%"
"01/17/2020","1.5495","1.5517","1.5541","1.5481","66.90K","-0.11%"
"01/16/2020","1.5512","1.5540","1.5554","1.5492","85.41K","-0.16%"
"01/15/2020","1.5537","1.5524","1.5564","1.5474","94.09K","0.10%"
"01/14/2020","1.5522","1.5548","1.5587","1.5497","86.53K","-0.14%"
"01/13/2020","1.5544","1.5429","1.5549","1.5423","72.30K","0.78%"
"01/10/2020","1.5423","1.5379","1.5476","1.5369","74.51K","0.31%"
"01/09/2020","1.5376","1.5261","1.5402","1.5244","95.61K","0.77%"
"01/08/2020","1.5259","1.5090","1.5278","1.4983","139.27K","1.14%"
"01/07/2020","1.5087","1.5079","1.5134","1.5062","101.27K","0.07%"
"01/06/2020","1.5077","1.5049","1.5099","1.4970","91.94K","0.13%"
"01/03/2020","1.5057","1.5217","1.5225","1.5033","87.12K","-1.02%"
"01/02/2020","1.5212","1.5269","1.5271","1.5172","58.55K","-0.31%"
"01/01/2020","1.5260","1.5223","1.5269","1.5217","4.50K","0.26%"
"12/31/2019","1.5220","1.5266","1.5267","1.5196","68.59K","-0.27%"
"12/30/2019","1.5261","1.5329","1.5334","1.5244","74.78K","-0.31%"
"12/27/2019","1.5309","1.5371","1.5385","1.5299","75.18K","-0.42%"
"12/26/2019","1.5374","1.5340","1.5387","1.5336","72.95K","0.23%"
"12/25/2019","1.5339","1.5347","1.5404","1.5331","28.09K","-0.03%"
"12/24/2019","1.5344","1.5361","1.5378","1.5339","78.29K","-0.08%"
"12/23/2019","1.5356","1.5396","1.5416","1.5334","59.62K","-0.28%"
"12/20/2019","1.5399","1.5364","1.5410","1.5335","75.93K","0.23%"
"12/19/2019","1.5363","1.5429","1.5463","1.5351","73.56K","-0.40%"
"12/18/2019","1.5425","1.5416","1.5453","1.5387","75.10K","0.10%"
"12/17/2019","1.5410","1.5446","1.5474","1.5404","72.02K","-0.19%"
"12/16/2019","1.5439","1.5449","1.5475","1.5401","86.91K","-0.05%"
"12/13/2019","1.5446","1.5490","1.5543","1.5423","100.23K","-0.25%"
"12/12/2019","1.5485","1.5353","1.5507","1.5315","97.23K","0.89%"
"12/11/2019","1.5348","1.5355","1.5377","1.5316","85.87K","-0.01%"
"12/10/2019","1.5349","1.5297","1.5361","1.5292","78.61K","0.37%"
"12/09/2019","1.5293","1.5247","1.5305","1.5227","74.72K","0.41%"
"12/06/2019","1.5230","1.5264","1.5286","1.5202","81.70K","-0.18%"
"12/05/2019","1.5257","1.5232","1.5296","1.5183","91.88K","0.18%"
"12/04/2019","1.5229","1.5143","1.5246","1.5104","96.81K","0.59%"
"12/03/2019","1.5139","1.5212","1.5262","1.5120","93.15K","-0.47%"
"12/02/2019","1.5210","1.5267","1.5316","1.5206","86.94K","-0.34%"
"11/29/2019","1.5262","1.5316","1.5328","1.5234","68.00K","-0.33%"
"11/28/2019","1.5313","1.5373","1.5378","1.5269","74.73K","-0.38%"
"11/27/2019","1.5371","1.5254","1.5381","1.5250","81.17K","0.79%"
"11/26/2019","1.5251","1.5194","1.5265","1.5191","97.36K","0.41%"
"11/25/2019","1.5189","1.5144","1.5206","1.5135","85.17K","0.38%"
"11/22/2019","1.5131","1.5141","1.5162","1.5106","91.94K","-0.05%"
"11/21/2019","1.5138","1.5138","1.5154","1.5092","107.11K","0.01%"
"11/20/2019","1.5136","1.5111","1.5165","1.5073","104.84K","0.19%"
"11/19/2019","1.5107","1.5105","1.5181","1.5076","96.07K","0.03%"
"11/18/2019","1.5102","1.5189","1.5208","1.5086","91.36K","-0.47%"
"11/15/2019","1.5174","1.5063","1.5205","1.5059","89.20K","0.74%"
"11/14/2019","1.5062","1.5084","1.5136","1.5036","94.08K","-0.11%"
"11/13/2019","1.5079","1.5183","1.5223","1.5059","85.17K","-0.67%"
"11/12/2019","1.5181","1.5239","1.5277","1.5176","84.05K","-0.34%"
"11/11/2019","1.5233","1.5302","1.5312","1.5219","80.75K","-0.50%"
"11/08/2019","1.5309","1.5381","1.5400","1.5287","98.40K","-0.46%"
"11/07/2019","1.5379","1.5347","1.5411","1.5278","112.19K","0.24%"
"11/06/2019","1.5342","1.5423","1.5429","1.5328","92.31K","-0.51%"
"11/05/2019","1.5421","1.5338","1.5432","1.5335","97.35K","0.56%"
"11/04/2019","1.5335","1.5289","1.5349","1.5288","80.43K","0.32%"
"11/01/2019","1.5286","1.5225","1.5309","1.5181","72.61K","0.45%"
"10/31/2019","1.5218","1.5340","1.5369","1.5205","97.31K","-0.78%"
"10/30/2019","1.5338","1.5360","1.5404","1.5322","83.82K","-0.11%"
"10/29/2019","1.5355","1.5401","1.5420","1.5350","83.13K","-0.28%"
"10/28/2019","1.5398","1.5344","1.5423","1.5344","69.26K","0.39%"
"10/25/2019","1.5338","1.5307","1.5368","1.5288","85.76K","0.22%"
"10/24/2019","1.5304","1.5367","1.5370","1.5278","95.15K","-0.40%"
"10/23/2019","1.5365","1.5321","1.5370","1.5246","102.02K","0.31%"
"10/22/2019","1.5318","1.5314","1.5339","1.5286","92.93K","0.06%"
"10/21/2019","1.5309","1.5259","1.5345","1.5234","92.56K","0.39%"
"10/18/2019","1.5249","1.5277","1.5295","1.5223","94.39K","-0.16%"
"10/17/2019","1.5273","1.5242","1.5313","1.5213","97.60K","0.24%"
"10/16/2019","1.5236","1.5225","1.5245","1.5147","99.20K","0.11%"
"10/15/2019","1.5220","1.5217","1.5240","1.5115","99.29K","0.05%"
"10/14/2019","1.5213","1.5276","1.5314","1.5177","91.26K","-0.45%"
"10/11/2019","1.5282","1.5212","1.5315","1.5187","97.75K","0.50%"
"10/10/2019","1.5206","1.5112","1.5217","1.5050","109.37K","0.65%"
"10/09/2019","1.5108","1.5036","1.5140","1.5015","95.27K","0.51%"
"10/08/2019","1.5032","1.5117","1.5145","1.5004","96.13K","-0.54%"
"10/07/2019","1.5113","1.5101","1.5141","1.5021","84.64K","0.11%"
"10/04/2019","1.5097","1.5052","1.5113","1.5024","104.07K","0.33%"
"10/03/2019","1.5048","1.5063","1.5117","1.5000","101.02K","-0.08%"
"10/02/2019","1.5060","1.5151","1.5174","1.5045","94.53K","-0.59%"
"10/01/2019","1.5149","1.5299","1.5319","1.5132","98.27K","-0.97%"
"09/30/2019","1.5298","1.5305","1.5341","1.5221","92.58K","-0.03%"
"09/27/2019","1.5302","1.5195","1.5374","1.5170","89.82K","0.74%"
"09/26/2019","1.5190","1.5183","1.5211","1.5150","95.44K","0.09%"
"09/25/2019","1.5177","1.5086","1.5193","1.5069","101.96K","0.64%"
"09/24/2019","1.5080","1.5192","1.5219","1.5074","99.61K","-0.69%"
"09/23/2019","1.5185","1.5128","1.5207","1.5128","86.39K","0.37%"
"09/20/2019","1.5129","1.5134","1.5261","1.5117","89.96K","-0.01%"
"09/19/2019","1.5130","1.5244","1.5247","1.5113","98.61K","-0.72%"
"09/18/2019","1.5239","1.5124","1.5248","1.5118","94.96K","0.79%"
"09/17/2019","1.5120","1.5104","1.5170","1.5031","108.52K","0.13%"
"09/16/2019","1.5101","1.5156","1.5195","1.5032","117.96K","-0.79%"
"09/13/2019","1.5221","1.5232","1.5265","1.5172","100.02K","-0.03%"
"09/12/2019","1.5225","1.5066","1.5246","1.5056","114.64K","1.12%"
"09/11/2019","1.5056","1.4963","1.5080","1.4957","87.45K","0.64%"
"09/10/2019","1.4960","1.4941","1.4985","1.4892","83.20K","0.18%"
"09/09/2019","1.4933","1.4909","1.4964","1.4901","90.53K","0.10%"
"09/06/2019","1.4918","1.4866","1.4950","1.4859","106.33K","0.38%"
"09/05/2019","1.4862","1.4775","1.4931","1.4765","114.67K","0.60%"
"09/04/2019","1.4773","1.4678","1.4787","1.4651","103.14K","0.67%"
"09/03/2019","1.4674","1.4758","1.4783","1.4634","103.36K","-0.54%"
"09/02/2019","1.4754","1.4869","1.4871","1.4737","71.49K","-0.81%"
"08/30/2019","1.4875","1.4856","1.4905","1.4808","94.72K","0.14%"
"08/29/2019","1.4854","1.4775","1.4882","1.4686","100.08K","0.60%"
"08/28/2019","1.4766","1.4781","1.4817","1.4703","94.47K","-0.05%"
"08/27/2019","1.4773","1.4739","1.4857","1.4673","95.49K","0.27%"
"08/26/2019","1.4733","1.4702","1.4794","1.4562","114.24K","0.00%"
"08/23/2019","1.4733","1.4797","1.4901","1.4718","99.57K","-0.39%"
"08/22/2019","1.4791","1.4926","1.4930","1.4765","93.39K","-0.87%"
"08/21/2019","1.4921","1.4847","1.4931","1.4846","90.45K","0.53%"
"08/20/2019","1.4843","1.4924","1.4933","1.4802","99.55K","-0.51%"
"08/19/2019","1.4919","1.4944","1.4970","1.4897","88.41K","-0.19%"
"08/16/2019","1.4947","1.4779","1.4975","1.4765","92.12K","1.18%"
"08/15/2019","1.4773","1.4860","1.4982","1.4733","109.61K","-0.55%"
"08/14/2019","1.4855","1.4945","1.5032","1.4823","111.49K","-0.58%"
"08/13/2019","1.4942","1.4773","1.4979","1.4711","113.11K","1.19%"
"08/12/2019","1.4767","1.4860","1.4878","1.4728","88.95K","-0.85%"
"08/09/2019","1.4894","1.5063","1.5069","1.4841","113.61K","-1.10%"
"08/08/2019","1.5059","1.4938","1.5082","1.4892","115.36K","0.84%"
"08/07/2019","1.4933","1.4986","1.5053","1.4818","117.54K","-0.35%"
"08/06/2019","1.4985","1.4960","1.5181","1.4900","123.01K","0.20%"
"08/05/2019","1.4955","1.5292","1.5307","1.4953","124.30K","-2.18%"
"08/02/2019","1.5289","1.5553","1.5586","1.5286","119.15K","-1.67%"
"08/01/2019","1.5548","1.5796","1.5872","1.5541","104.21K","-1.50%"
"07/31/2019","1.5785","1.5773","1.5827","1.5744","90.26K","0.12%"
"07/30/2019","1.5766","1.5822","1.5846","1.5749","86.60K","-0.34%"
"07/29/2019","1.5819","1.5781","1.5840","1.5741","65.25K","0.29%"
"07/26/2019","1.5773","1.5735","1.5798","1.5706","76.90K","0.27%"
"07/25/2019","1.5730","1.5684","1.5753","1.5646","82.99K","0.33%"
"07/24/2019","1.5679","1.5677","1.5694","1.5643","81.20K","0.04%"
"07/23/2019","1.5673","1.5646","1.5700","1.5643","90.88K","0.18%"
"07/22/2019","1.5645","1.5653","1.5695","1.5625","79.34K","0.04%"
"07/19/2019","1.5638","1.5583","1.5690","1.5571","91.55K","0.38%"
"07/18/2019","1.5579","1.5680","1.5688","1.5570","98.26K","-0.61%"
"07/17/2019","1.5675","1.5768","1.5773","1.5679","90.32K","-0.55%"
"07/16/2019","1.5762","1.5744","1.5782","1.5698","86.55K","0.14%"
"07/15/2019","1.5740","1.5735","1.5782","1.5723","72.35K","0.04%"
"07/12/2019","1.5734","1.5860","1.5867","1.5716","82.72K","-0.76%"
"07/11/2019","1.5855","1.5853","1.5865","1.5781","85.44K","0.04%"
"07/10/2019","1.5848","1.5877","1.5913","1.5832","84.34K","-0.14%"
"07/09/2019","1.5871","1.5857","1.5888","1.5795","70.46K","0.12%"
"07/08/2019","1.5852","1.5843","1.5869","1.5758","69.63K","0.07%"
"07/05/2019","1.5841","1.5733","1.5863","1.5689","96.07K","0.74%"
"07/04/2019","1.5724","1.5667","1.5742","1.5643","79.41K","0.35%"
"07/03/2019","1.5669","1.5662","1.5682","1.5611","100.78K","0.08%"
"07/02/2019","1.5657","1.5742","1.5748","1.5646","96.66K","-0.53%"
"07/01/2019","1.5740","1.5679","1.5750","1.5665","100.13K","0.61%"
"06/28/2019","1.5644","1.5603","1.5657","1.5573","97.79K","0.31%"
"06/27/2019","1.5596","1.5567","1.5647","1.5550","99.89K","0.22%"
"06/26/2019","1.5562","1.5460","1.5587","1.5446","85.87K","0.71%"
"06/25/2019","1.5453","1.5491","1.5507","1.5401","101.25K","-0.19%"
"06/24/2019","1.5482","1.5427","1.5503","1.5410","93.87K","0.45%"
"06/21/2019","1.5412","1.5437","1.5493","1.5347","110.09K","-0.12%"
"06/20/2019","1.5431","1.5522","1.5538","1.5416","111.65K","-0.55%"
"06/19/2019","1.5517","1.5581","1.5608","1.5492","90.99K","-0.38%"
"06/18/2019","1.5576","1.5541","1.5613","1.5482","89.72K","0.24%"
"06/17/2019","1.5538","1.5524","1.5570","1.5522","71.59K","-0.01%"
"06/14/2019","1.5540","1.5587","1.5592","1.5493","96.82K","-0.26%"
"06/13/2019","1.5581","1.5641","1.5646","1.5565","101.98K","-0.36%"
"06/12/2019","1.5637","1.5640","1.5650","1.5601","90.60K","0.01%"
"06/11/2019","1.5636","1.5596","1.5674","1.5581","97.23K","0.30%"
"06/10/2019","1.5590","1.5653","1.5669","1.5582","101.50K","-0.03%"
"06/07/2019","1.5595","1.5675","1.5703","1.5524","92.22K","-0.47%"
"06/06/2019","1.5669","1.5633","1.5684","1.5572","99.68K","0.27%"
"06/05/2019","1.5627","1.5607","1.5660","1.5553","93.19K","0.15%"
"06/04/2019","1.5604","1.5625","1.5650","1.5565","102.22K","-0.09%"
"06/03/2019","1.5618","1.5576","1.5681","1.5537","107.68K","0.39%"
"05/31/2019","1.5557","1.5700","1.5702","1.5549","125.13K","-0.88%"
"05/30/2019","1.5695","1.5691","1.5750","1.5675","105.46K","0.04%"
"05/29/2019","1.5689","1.5713","1.5716","1.5596","114.52K","-0.11%"
"05/28/2019","1.5706","1.5755","1.5775","1.5669","101.68K","-0.29%"
"05/27/2019","1.5751","1.5759","1.5788","1.5722","79.24K","0.01%"
"05/24/2019","1.5750","1.5734","1.5788","1.5693","96.92K","0.13%"
"05/23/2019","1.5730","1.5845","1.5906","1.5703","100.54K","-0.69%"
"05/22/2019","1.5840","1.5865","1.5882","1.5808","91.61K","-0.13%"
"05/21/2019","1.5861","1.5812","1.5896","1.5771","96.39K","0.35%"
"05/20/2019","1.5805","1.5669","1.5892","1.5652","94.87K","0.92%"
"05/17/2019","1.5661","1.5665","1.5679","1.5594","93.62K","0.01%"
"05/16/2019","1.5660","1.5603","1.5690","1.5562","83.03K","0.42%"
"05/15/2019","1.5594","1.5585","1.5634","1.5510","97.15K","0.10%"
"05/14/2019","1.5578","1.5488","1.5613","1.5454","86.15K","0.59%"
"05/13/2019","1.5486","1.5678","1.5693","1.5437","101.71K","-1.36%"
"05/10/2019","1.5699","1.5636","1.5749","1.5625","108.70K","0.41%"
"05/09/2019","1.5635","1.5791","1.5797","1.5581","99.21K","-0.98%"
"05/08/2019","1.5789","1.5831","1.5860","1.5771","96.09K","-0.23%"
"05/07/2019","1.5825","1.5966","1.5986","1.5819","100.39K","-0.86%"
"05/06/2019","1.5962","1.6009","1.6044","1.5917","83.97K","-0.70%"
"05/03/2019","1.6074","1.6067","1.6125","1.6048","68.24K","0.07%"
"05/02/2019","1.6062","1.6016","1.6089","1.6009","69.48K","0.33%"
"05/01/2019","1.6009","1.5999","1.6052","1.5968","52.99K","0.08%"
"04/30/2019","1.5997","1.5992","1.6008","1.5921","74.66K","0.08%"
"04/29/2019","1.5985","1.5976","1.6030","1.5966","61.97K","0.08%"
"04/26/2019","1.5972","1.5909","1.5999","1.5883","99.89K","0.42%"
"04/25/2019","1.5905","1.6036","1.6045","1.5856","100.87K","-0.79%"
"04/24/2019","1.6031","1.6032","1.6068","1.5960","95.69K","0.01%"
"04/23/2019","1.6029","1.6061","1.6083","1.6012","83.95K","-0.16%"
"04/22/2019","1.6055","1.6126","1.6143","1.6010","87.32K","-0.42%"
"04/19/2019","1.6123","1.6136","1.6144","1.6118","87.01K","-0.06%"
"04/18/2019","1.6133","1.6139","1.6147","1.6069","101.08K","-0.02%"
"04/17/2019","1.6136","1.6110","1.6153","1.6092","85.48K","0.20%"
"04/16/2019","1.6104","1.6145","1.6149","1.6052","86.93K","-0.22%"
"04/15/2019","1.6140","1.6188","1.6216","1.6113","62.98K","-0.30%"
"04/12/2019","1.6188","1.6179","1.6202","1.6112","87.40K","0.09%"
"04/11/2019","1.6174","1.6054","1.6193","1.6038","90.21K","0.77%"
"04/10/2019","1.6050","1.6042","1.6094","1.6025","87.61K","0.07%"
"04/09/2019","1.6038","1.6027","1.6077","1.5969","80.40K","0.08%"
"04/08/2019","1.6025","1.6151","1.6163","1.5981","74.45K","-0.78%"
"04/05/2019","1.6151","1.6187","1.6208","1.6113","98.46K","-0.20%"
"04/04/2019","1.6184","1.6288","1.6292","1.6098","101.82K","-0.61%"
"04/03/2019","1.6283","1.6153","1.6310","1.6134","100.15K","0.84%"
"04/02/2019","1.6148","1.6090","1.6210","1.6052","95.04K","0.39%"
"04/01/2019","1.6085","1.6016","1.6106","1.5986","92.71K","0.41%"
"03/29/2019","1.6020","1.5990","1.6056","1.5970","98.53K","0.24%"
"03/28/2019","1.5982","1.5994","1.6010","1.5899","111.27K","-0.04%"
"03/27/2019","1.5989","1.6035","1.6070","1.5943","115.75K","-0.26%"
"03/26/2019","1.6030","1.5964","1.6052","1.5949","105.38K","0.45%"
"03/25/2019","1.5958","1.5882","1.6020","1.5867","97.05K","0.44%"
"03/22/2019","1.5888","1.6105","1.6166","1.5890","112.07K","-1.32%"
"03/21/2019","1.6100","1.6095","1.6157","1.6069","100.31K","0.08%"
"03/20/2019","1.6087","1.6141","1.6240","1.6068","99.60K","-0.30%"
"03/19/2019","1.6136","1.6238","1.6277","1.6111","88.80K","-0.61%"
"03/18/2019","1.6235","1.6163","1.6297","1.6159","72.25K","0.48%"
"03/15/2019","1.6157","1.6104","1.6189","1.6084","95.74K","0.34%"
"03/14/2019","1.6102","1.5987","1.6130","1.5981","106.56K","0.76%"
"03/13/2019","1.5981","1.5994","1.6044","1.5941","95.23K","-0.06%"
"03/12/2019","1.5990","1.5921","1.6031","1.5917","101.94K","0.46%"
"03/11/2019","1.5917","1.5873","1.5936","1.5836","88.20K","0.28%"
"03/08/2019","1.5872","1.5913","1.5924","1.5793","89.28K","-0.23%"
"03/07/2019","1.5909","1.5949","1.5985","1.5900","83.35K","-0.22%"
"03/06/2019","1.5944","1.5872","1.5963","1.5814","91.06K","0.45%"
"03/05/2019","1.5872","1.5758","1.5894","1.5755","92.28K","0.74%"
"03/04/2019","1.5756","1.5743","1.5818","1.5736","89.07K","-0.01%"
"03/01/2019","1.5758","1.5725","1.5806","1.5717","103.40K","0.25%"
"02/28/2019","1.5719","1.5589","1.5741","1.5543","99.36K","0.86%"
"02/27/2019","1.5585","1.5570","1.5611","1.5450","93.57K","0.15%"
"02/26/2019","1.5562","1.5680","1.5684","1.5530","89.59K","-0.72%"
"02/25/2019","1.5675","1.5581","1.5705","1.5559","97.62K","0.62%"
"02/22/2019","1.5578","1.5556","1.5594","1.5538","107.38K","0.17%"
"02/21/2019","1.5552","1.5612","1.5623","1.5540","106.64K","-0.35%"
"02/20/2019","1.5607","1.5517","1.5625","1.5502","96.89K","0.62%"
"02/19/2019","1.5511","1.5496","1.5530","1.5452","92.86K","0.14%"
"02/18/2019","1.5490","1.5483","1.5505","1.5455","75.65K","0.06%"
"02/15/2019","1.5481","1.5557","1.5562","1.5431","110.15K","-0.46%"
"02/14/2019","1.5553","1.5662","1.5684","1.5532","102.09K","-0.68%"
"02/13/2019","1.5659","1.5665","1.5723","1.5611","90.19K","-0.02%"
"02/12/2019","1.5662","1.5515","1.5673","1.5495","96.39K","0.97%"
"02/11/2019","1.5511","1.5431","1.5545","1.5411","76.40K","0.64%"
"02/08/2019","1.5412","1.5402","1.5473","1.5369","97.67K","0.09%"
"02/07/2019","1.5398","1.5371","1.5416","1.5312","114.67K","0.21%"
"02/06/2019","1.5366","1.5373","1.5387","1.5287","110.16K","-0.03%"
"02/05/2019","1.5370","1.5325","1.5379","1.5291","100.16K","0.32%"
"02/04/2019","1.5321","1.5330","1.5357","1.5284","81.14K","-0.01%"
"02/01/2019","1.5323","1.5343","1.5358","1.5250","102.98K","-0.11%"
"01/31/2019","1.5340","1.5308","1.5368","1.5242","110.83K","0.25%"
"01/30/2019","1.5301","1.5315","1.5409","1.5275","108.70K","-0.12%"
"01/29/2019","1.5319","1.5387","1.5396","1.5294","100.22K","-0.42%"
"01/28/2019","1.5383","1.5448","1.5459","1.5340","100.71K","-0.42%"
"01/25/2019","1.5448","1.5443","1.5503","1.5411","100.17K","0.06%"
"01/24/2019","1.5439","1.5394","1.5454","1.5356","102.30K","0.31%"
"01/23/2019","1.5392","1.5349","1.5432","1.5345","104.74K","0.31%"
"01/22/2019","1.5344","1.5404","1.5411","1.5303","102.30K","-0.38%"
"01/21/2019","1.5402","1.5413","1.5416","1.5322","84.64K","-0.06%"
"01/18/2019","1.5411","1.5379","1.5437","1.5345","113.63K","0.25%"
"01/17/2019","1.5373","1.5370","1.5395","1.5229","112.64K","0.05%"
"01/16/2019","1.5366","1.5286","1.5385","1.5226","","0.56%"
"01/15/2019","1.5281","1.5286","1.5353","1.5239","","-0.01%"
"01/14/2019","1.5283","1.5408","1.5422","1.5223","","-0.85%"
"01/11/2019","1.5414","1.5399","1.5425","1.5341","19.02K","0.13%"
"01/10/2019","1.5394","1.5331","1.5411","1.5277","","0.45%"
"01/09/2019","1.5325","1.5503","1.5554","1.5301","","-1.13%"
"01/08/2019","1.5500","1.5576","1.5595","1.5462","5.95K","-0.43%"
"01/07/2019","1.5567","1.5606","1.5637","1.5463","6.33K","-0.22%"
"01/04/2019","1.5601","1.5358","1.5610","1.5328","112.98K","1.62%"
"01/03/2019","1.5352","1.5555","1.5561","1.4997","9.22K","-1.26%"
"01/02/2019","1.5548","1.5791","1.5800","1.5507","7.94K","-1.56%"
"01/01/2019","1.5795","1.5751","1.5809","1.5723","4.98K","0.31%"
"12/31/2018","1.5746","1.5792","1.5838","1.5740","","-0.11%"
"12/28/2018","1.5763","1.5773","1.5825","1.5731","","-0.05%"
"12/27/2018","1.5771","1.5893","1.5898","1.5698","","-0.74%"
"12/26/2018","1.5889","1.5747","1.5901","1.5723","","0.97%"
"12/25/2018","1.5737","1.5755","1.5759","1.5692","","-0.09%"
"12/24/2018","1.5751","1.5812","1.5884","1.5720","","-0.64%"
"12/21/2018","1.5853","1.5903","1.5966","1.5801","","-0.28%"
"12/20/2018","1.5898","1.6005","1.6040","1.5835","","-0.64%"
"12/19/2018","1.6000","1.5934","1.6084","1.5886","","0.45%"
"12/18/2018","1.5929","1.5757","1.5958","1.5715","","1.12%"
"12/17/2018","1.5753","1.5757","1.5851","1.5736","","-0.05%"
"12/14/2018","1.5761","1.5887","1.5895","1.5742","","-0.76%"
"12/13/2018","1.5882","1.5769","1.5901","1.5758","","0.74%"
"12/12/2018","1.5765","1.5684","1.5791","1.5674","","0.55%"
"12/11/2018","1.5679","1.5628","1.5787","1.5587","","0.35%"
"12/10/2018","1.5625","1.5905","1.5905","1.5532","","-1.76%"
"12/07/2018","1.5905","1.5902","1.6015","1.5883","","0.04%"
"12/06/2018","1.5899","1.6043","1.6046","1.5827","","-0.87%"
"12/05/2018","1.6039","1.5989","1.6058","1.5965","","0.33%"
"12/04/2018","1.5987","1.6135","1.6138","1.5951","","-0.90%"
"12/03/2018","1.6132","1.6292","1.6349","1.6109","","-0.96%"
"11/30/2018","1.6288","1.6264","1.6326","1.6226","","0.17%"
"11/29/2018","1.6260","1.6094","1.6275","1.6048","","1.05%"
"11/28/2018","1.6091","1.6075","1.6149","1.6048","","0.12%"
"11/27/2018","1.6071","1.6039","1.6079","1.5977","","0.21%"
"11/26/2018","1.6037","1.5987","1.6107","1.5965","","0.33%"
"11/23/2018","1.5984","1.5978","1.5989","1.5944","","0.06%"
"11/22/2018","1.5974","1.5857","1.5988","1.5840","","0.77%"
"11/21/2018","1.5852","1.5787","1.5869","1.5768","","0.44%"
"11/20/2018","1.5782","1.5718","1.5790","1.5696","","0.43%"
"11/19/2018","1.5715","1.5676","1.5765","1.5637","","0.27%"
"11/16/2018","1.5673","1.5803","1.5804","1.5648","","-0.79%"
"11/15/2018","1.5798","1.5714","1.5810","1.5689","","0.56%"
"11/14/2018","1.5710","1.5674","1.5826","1.5664","","0.24%"
"11/13/2018","1.5672","1.5624","1.5730","1.5588","","0.33%"
"11/12/2018","1.5621","1.5705","1.5732","1.5599","","-0.52%"
"11/09/2018","1.5703","1.5759","1.5763","1.5643","","-0.34%"
"11/08/2018","1.5756","1.5669","1.5764","1.5663","","0.58%"
"11/07/2018","1.5665","1.5548","1.5682","1.5484","","0.77%"
"11/06/2018","1.5546","1.5489","1.5558","1.5479","","0.39%"
"11/05/2018","1.5486","1.5624","1.5633","1.5472","","-0.88%"
"11/02/2018","1.5623","1.5345","1.5644","1.5324","","1.84%"
"11/01/2018","1.5340","1.5271","1.5381","1.5240","","0.48%"
"10/31/2018","1.5267","1.5355","1.5382","1.5252","","-0.51%"
"10/30/2018","1.5345","1.5310","1.5356","1.5299","","0.25%"
"10/29/2018","1.5307","1.5235","1.5336","1.5216","","0.52%"
"10/26/2018","1.5228","1.5347","1.5357","1.5161","","-0.78%"
"10/25/2018","1.5347","1.5330","1.5389","1.5267","","0.14%"
"10/24/2018","1.5325","1.5288","1.5419","1.5271","","0.26%"
"10/23/2018","1.5285","1.5338","1.5342","1.5221","","-0.31%"
"10/22/2018","1.5333","1.5331","1.5389","1.5312","","-0.03%"
"10/19/2018","1.5337","1.5261","1.5353","1.5250","","0.54%"
"10/18/2018","1.5254","1.5305","1.5319","1.5227","","-0.31%"
"10/17/2018","1.5301","1.5280","1.5325","1.5230","","0.15%"
"10/16/2018","1.5278","1.5152","1.5292","1.5143","","0.86%"
"10/15/2018","1.5148","1.5229","1.5251","1.5072","","-0.60%"
"10/12/2018","1.5239","1.5147","1.5277","1.5125","","0.63%"
"10/11/2018","1.5144","1.5121","1.5199","1.5053","","0.17%"
"10/10/2018","1.5119","1.5195","1.5273","1.5117","","-0.47%"
"10/09/2018","1.5190","1.5288","1.5317","1.5183","","-0.63%"
"10/08/2018","1.5287","1.5414","1.5447","1.5233","","-0.81%"
"10/05/2018","1.5412","1.5471","1.5516","1.5334","","-0.36%"
"10/04/2018","1.5468","1.5616","1.5619","1.5433","","-0.94%"
"10/03/2018","1.5614","1.5585","1.5619","1.5478","","0.19%"
"10/02/2018","1.5585","1.5622","1.5636","1.5566","","-0.22%"
"10/01/2018","1.5619","1.5680","1.5719","1.5612","","-0.36%"
"09/28/2018","1.5676","1.5623","1.5683","1.5613","","0.36%"
"09/27/2018","1.5619","1.5530","1.5635","1.5477","","0.61%"
"09/26/2018","1.5524","1.5543","1.5585","1.5503","","-0.11%"
"09/25/2018","1.5541","1.5523","1.5551","1.5464","","0.14%"
"09/24/2018","1.5519","1.5583","1.5593","1.5467","","-0.39%"
"09/21/2018","1.5579","1.5620","1.5721","1.5553","","-0.25%"
"09/20/2018","1.5618","1.5518","1.5635","1.5487","","0.68%"
"09/19/2018","1.5513","1.5454","1.5532","1.5418","","0.42%"
"09/18/2018","1.5448","1.5420","1.5511","1.5350","","0.22%"
"09/17/2018","1.5414","1.5576","1.5600","1.5405","","-1.10%"
"09/14/2018","1.5585","1.5537","1.5637","1.5524","","0.33%"
"09/13/2018","1.5534","1.5419","1.5548","1.5404","","0.77%"
"09/12/2018","1.5415","1.5368","1.5497","1.5288","","0.33%"
"09/11/2018","1.5364","1.5337","1.5431","1.5307","","0.20%"
"09/10/2018","1.5334","1.5458","1.5475","1.5265","","-0.86%"
"09/07/2018","1.5467","1.5394","1.5498","1.5341","","0.51%"
"09/06/2018","1.5389","1.5543","1.5547","1.5361","","-0.98%"
"09/05/2018","1.5541","1.5570","1.5629","1.5482","","-0.16%"
"09/04/2018","1.5566","1.5596","1.5654","1.5524","","-0.19%"
"09/03/2018","1.5595","1.5644","1.5684","1.5589","","-0.27%"
"08/31/2018","1.5637","1.5688","1.5702","1.5589","","-0.31%"
"08/30/2018","1.5685","1.5834","1.5845","1.5683","","-0.90%"
"08/29/2018","1.5828","1.5862","1.5882","1.5741","","-0.19%"
"08/28/2018","1.5858","1.5832","1.5897","1.5812","","0.18%"
"08/27/2018","1.5830","1.5900","1.5934","1.5812","","-0.41%"
"08/24/2018","1.5895","1.5874","1.5936","1.5859","","0.14%"
"08/23/2018","1.5872","1.5822","1.5879","1.5793","","0.34%"
"08/22/2018","1.5819","1.5789","1.5831","1.5749","","0.22%"
"08/21/2018","1.5785","1.5765","1.5841","1.5722","","0.15%"
"08/20/2018","1.5761","1.5766","1.5901","1.5751","","0.01%"
"08/17/2018","1.5760","1.5821","1.5845","1.5722","","-0.36%"
"08/16/2018","1.5817","1.5839","1.5865","1.5737","","-0.12%"
"08/15/2018","1.5836","1.5887","1.5930","1.5791","","-0.30%"
"08/14/2018","1.5884","1.5809","1.5920","1.5793","","0.47%"
"08/13/2018","1.5810","1.6104","1.6104","1.5755","","-1.80%"
"08/10/2018","1.6100","1.6156","1.6168","1.6040","","-0.32%"
"08/09/2018","1.6151","1.6165","1.6206","1.6123","","-0.06%"
"08/08/2018","1.6160","1.6229","1.6241","1.6141","","-0.40%"
"08/07/2018","1.6225","1.6186","1.6245","1.6150","","0.27%"
"08/06/2018","1.6182","1.6223","1.6248","1.6170","","-0.29%"
"08/03/2018","1.6229","1.6271","1.6292","1.6193","","-0.24%"
"08/02/2018","1.6268","1.6346","1.6353","1.6196","","-0.45%"
"08/01/2018","1.6341","1.6342","1.6382","1.6290","","0.02%"
"07/31/2018","1.6337","1.6187","1.6349","1.6139","","0.93%"
"07/30/2018","1.6187","1.6186","1.6202","1.6147","","0.02%"
"07/27/2018","1.6183","1.6200","1.6210","1.6149","","-0.09%"
"07/26/2018","1.6197","1.6147","1.6204","1.6097","","0.32%"
"07/25/2018","1.6145","1.6129","1.6187","1.6101","","0.12%"
"07/24/2018","1.6126","1.6174","1.6199","1.6094","","-0.27%"
"07/23/2018","1.6170","1.6222","1.6223","1.6111","","-0.20%"
"07/20/2018","1.6202","1.6295","1.6343","1.6203","","-0.54%"
"07/19/2018","1.6290","1.6445","1.6455","1.6238","","-0.94%"
"07/18/2018","1.6445","1.6495","1.6526","1.6424","","-0.28%"
"07/17/2018","1.6492","1.6380","1.6504","1.6371","","0.70%"
"07/16/2018","1.6377","1.6403","1.6433","1.6357","","-0.15%"
"07/13/2018","1.6401","1.6428","1.6491","1.6397","","-0.15%"
"07/12/2018","1.6425","1.6298","1.6435","1.6283","","0.80%"
"07/11/2018","1.6294","1.6144","1.6322","1.6109","","0.95%"
"07/10/2018","1.6140","1.6146","1.6189","1.6131","","-0.01%"
"07/09/2018","1.6141","1.6061","1.6151","1.6033","","0.56%"
"07/06/2018","1.6051","1.6061","1.6102","1.6026","","-0.03%"
"07/05/2018","1.6056","1.6083","1.6113","1.6023","","-0.14%"
"07/04/2018","1.6078","1.6134","1.6140","1.6067","","-0.32%"
"07/03/2018","1.6130","1.6138","1.6193","1.6072","","-0.02%"
"07/02/2018","1.6134","1.6170","1.6234","1.6087","","-0.17%"
"06/29/2018","1.6162","1.6050","1.6206","1.6034","","0.72%"
"06/28/2018","1.6046","1.6063","1.6073","1.5949","","-0.09%"
"06/27/2018","1.6060","1.6099","1.6120","1.5982","","-0.21%"
"06/26/2018","1.6094","1.6115","1.6130","1.6040","","-0.12%"
"06/25/2018","1.6113","1.6194","1.6214","1.6048","","-0.53%"
"06/22/2018","1.6199","1.6189","1.6269","1.6166","","0.09%"
"06/21/2018","1.6185","1.6215","1.6273","1.6165","","-0.16%"
"06/20/2018","1.6211","1.6113","1.6229","1.6082","","0.64%"
"06/19/2018","1.6108","1.6248","1.6253","1.6054","","-0.84%"
"06/18/2018","1.6244","1.6262","1.6272","1.6195","","-0.09%"
"06/15/2018","1.6258","1.6343","1.6370","1.6221","","-0.50%"
"06/14/2018","1.6340","1.6311","1.6355","1.6233","","0.20%"
"06/13/2018","1.6307","1.6357","1.6402","1.6299","","-0.28%"
"06/12/2018","1.6353","1.6309","1.6380","1.6302","","0.29%"
"06/11/2018","1.6305","1.6212","1.6348","1.6172","","0.54%"
"06/08/2018","1.6217","1.6272","1.6295","1.6118","","-0.31%"
"06/07/2018","1.6267","1.6484","1.6491","1.6229","","-1.29%"
"06/06/2018","1.6480","1.6363","1.6492","1.6361","","0.75%"
"06/05/2018","1.6358","1.6373","1.6402","1.6309","","-0.07%"
"06/04/2018","1.6369","1.6346","1.6401","1.6305","","0.13%"
"06/01/2018","1.6348","1.6138","1.6375","1.6123","","1.33%"
"05/31/2018","1.6134","1.6149","1.6174","1.6069","","-0.07%"
"05/30/2018","1.6145","1.6033","1.6172","1.5970","","0.73%"
"05/29/2018","1.6028","1.6235","1.6243","1.5936","","-1.26%"
"05/28/2018","1.6232","1.6174","1.6265","1.6137","","0.53%"
"05/25/2018","1.6147","1.5987","1.6180","1.5977","","1.03%"
"05/24/2018","1.5982","1.6102","1.6119","1.5933","","-0.71%"
"05/23/2018","1.6097","1.6305","1.6309","1.6018","","-1.24%"
"05/22/2018","1.6299","1.6304","1.6345","1.6275","","-0.01%"
"05/21/2018","1.6301","1.6286","1.6366","1.6286","","0.09%"
"05/18/2018","1.6286","1.6347","1.6382","1.6259","","-0.35%"
"05/17/2018","1.6344","1.6289","1.6363","1.6241","","0.36%"
"05/16/2018","1.6285","1.6208","1.6290","1.6182","","0.49%"
"05/15/2018","1.6205","1.6231","1.6289","1.6128","","-0.14%"
"05/14/2018","1.6228","1.6231","1.6271","1.6195","","-0.06%"
"05/11/2018","1.6237","1.6269","1.6313","1.6213","","-0.17%"
"05/10/2018","1.6265","1.6295","1.6358","1.6250","","-0.17%"
"05/09/2018","1.6293","1.6255","1.6331","1.6226","","0.25%"
"05/08/2018","1.6252","1.6249","1.6293","1.6208","","0.05%"
"05/07/2018","1.6244","1.6332","1.6345","1.6229","","-0.51%"
"05/04/2018","1.6327","1.6380","1.6385","1.6248","","-0.29%"
"05/03/2018","1.6374","1.6470","1.6486","1.6333","","-0.56%"
"05/02/2018","1.6466","1.6447","1.6493","1.6413","","0.15%"
"05/01/2018","1.6442","1.6453","1.6507","1.6391","","-0.04%"
"04/30/2018","1.6448","1.6364","1.6489","1.6364","","0.52%"
"04/27/2018","1.6363","1.6362","1.6419","1.6328","","0.03%"
"04/26/2018","1.6358","1.6351","1.6391","1.6328","","0.07%"
"04/25/2018","1.6347","1.6386","1.6424","1.6292","","-0.21%"
"04/24/2018","1.6382","1.6340","1.6455","1.6334","","0.28%"
"04/23/2018","1.6336","1.6257","1.6361","1.6252","","0.49%"
"04/20/2018","1.6256","1.6301","1.6356","1.6243","","-0.25%"
"04/19/2018","1.6296","1.6317","1.6362","1.6285","","-0.11%"
"04/18/2018","1.6314","1.6292","1.6357","1.6290","","0.17%"
"04/17/2018","1.6287","1.6361","1.6372","1.6277","","-0.43%"
"04/16/2018","1.6358","1.6455","1.6493","1.6347","","-0.54%"
"04/13/2018","1.6447","1.6440","1.6523","1.6418","","0.07%"
"04/12/2018","1.6435","1.6364","1.6462","1.6325","","0.45%"
"04/11/2018","1.6361","1.6505","1.6514","1.6334","","-0.85%"
"04/10/2018","1.6501","1.6437","1.6534","1.6413","","0.41%"
"04/09/2018","1.6433","1.6468","1.6509","1.6413","","-0.18%"
"04/06/2018","1.6463","1.6549","1.6558","1.6444","","-0.49%"
"04/05/2018","1.6544","1.6416","1.6566","1.6406","","0.79%"
"04/04/2018","1.6414","1.6402","1.6427","1.6271","","0.11%"
"04/03/2018","1.6396","1.6259","1.6409","1.6228","","0.87%"
"04/02/2018","1.6254","1.6318","1.6349","1.6222","","-0.39%"
"03/30/2018","1.6318","1.6345","1.6364","1.6296","","-0.15%"
"03/29/2018","1.6342","1.6399","1.6411","1.6311","","-0.33%"
"03/28/2018","1.6396","1.6221","1.6424","1.6204","","1.10%"
"03/27/2018","1.6217","1.6260","1.6324","1.6217","","-0.25%"
"03/26/2018","1.6258","1.6116","1.6273","1.6089","","0.91%"
"03/23/2018","1.6111","1.6170","1.6202","1.6067","","-0.35%"
"03/22/2018","1.6168","1.6270","1.6282","1.6167","","-0.60%"
"03/21/2018","1.6266","1.6336","1.6354","1.6244","","-0.42%"
"03/20/2018","1.6334","1.6267","1.6354","1.6240","","0.44%"
"03/19/2018","1.6262","1.6303","1.6335","1.6218","","-0.25%"
"03/16/2018","1.6303","1.6363","1.6371","1.6257","","-0.34%"
"03/15/2018","1.6358","1.6398","1.6404","1.6288","","-0.23%"
"03/14/2018","1.6395","1.6433","1.6461","1.6353","","-0.21%"
"03/13/2018","1.6429","1.6374","1.6545","1.6349","","0.35%"
"03/12/2018","1.6372","1.6402","1.6427","1.6354","","-0.13%"
"03/09/2018","1.6393","1.6318","1.6430","1.6305","","0.50%"
"03/08/2018","1.6311","1.6349","1.6371","1.6277","","-0.21%"
"03/07/2018","1.6345","1.6351","1.6375","1.6242","","-0.01%"
"03/06/2018","1.6347","1.6333","1.6394","1.6254","","0.11%"
"03/05/2018","1.6329","1.6206","1.6336","1.6163","","0.74%"
"03/02/2018","1.6209","1.6285","1.6297","1.6136","","-0.45%"
"03/01/2018","1.6283","1.6359","1.6449","1.6275","","-0.44%"
"02/28/2018","1.6355","1.6534","1.6564","1.6340","","-1.05%"
"02/27/2018","1.6529","1.6510","1.6599","1.6463","","0.13%"
"02/26/2018","1.6507","1.6528","1.6581","1.6442","","-0.04%"
"02/23/2018","1.6514","1.6431","1.6523","1.6414","","0.53%"
"02/22/2018","1.6427","1.6631","1.6636","1.6405","","-1.20%"
"02/21/2018","1.6627","1.6547","1.6659","1.6538","","0.50%"
"02/20/2018","1.6544","1.6592","1.6621","1.6514","","-0.26%"
"02/19/2018","1.6587","1.6550","1.6612","1.6512","","0.21%"
"02/16/2018","1.6552","1.6610","1.6645","1.6494","","-0.31%"
"02/15/2018","1.6603","1.6694","1.6711","1.6585","","-0.53%"
"02/14/2018","1.6691","1.6779","1.6790","1.6643","","-0.51%"
"02/13/2018","1.6776","1.6903","1.6924","1.6710","","-0.72%"
"02/12/2018","1.6898","1.6908","1.6933","1.6855","","0.01%"
"02/09/2018","1.6897","1.6913","1.6998","1.6783","","-0.07%"
"02/08/2018","1.6909","1.7008","1.7109","1.6891","","-0.55%"
"02/07/2018","1.7003","1.7058","1.7088","1.6962","","-0.29%"
"02/06/2018","1.7053","1.7008","1.7070","1.6846","","0.28%"
"02/05/2018","1.7005","1.7168","1.7207","1.6992","","-0.93%"
"02/02/2018","1.7164","1.7100","1.7232","1.7078","","0.40%"
"02/01/2018","1.7095","1.7181","1.7219","1.7062","","-0.49%"
"01/31/2018","1.7179","1.7078","1.7220","1.7055","","0.61%"
"01/30/2018","1.7074","1.7132","1.7172","1.7036","","-0.32%"
"01/29/2018","1.7128","1.7093","1.7178","1.7067","","0.22%"
"01/26/2018","1.7091","1.7225","1.7284","1.7027","","-0.77%"
"01/25/2018","1.7224","1.7157","1.7274","1.7082","","0.41%"
"01/24/2018","1.7153","1.7300","1.7306","1.7112","","-0.83%"
"01/23/2018","1.7297","1.7362","1.7433","1.7288","","-0.35%"
"01/22/2018","1.7357","1.7336","1.7412","1.7310","","0.04%"
"01/19/2018","1.7350","1.7396","1.7429","1.7307","","-0.23%"
"01/18/2018","1.7390","1.7420","1.7456","1.7338","","-0.14%"
"01/17/2018","1.7414","1.7253","1.7430","1.7212","","0.96%"
"01/16/2018","1.7248","1.7404","1.7470","1.7220","","-0.87%"
"01/15/2018","1.7399","1.7460","1.7482","1.7369","","-0.30%"
"01/12/2018","1.7452","1.7470","1.7552","1.7434","","-0.06%"
"01/11/2018","1.7463","1.7514","1.7564","1.7435","","-0.26%"
"01/10/2018","1.7508","1.7694","1.7715","1.7490","","-1.03%"
"01/09/2018","1.7690","1.7818","1.7833","1.7643","","-0.69%"
"01/08/2018","1.7813","1.7851","1.7898","1.7774","","-0.19%"
"01/05/2018","1.7847","1.7783","1.7884","1.7779","","0.37%"
"01/04/2018","1.7781","1.7716","1.7803","1.7711","","0.39%"
"01/03/2018","1.7712","1.7696","1.7733","1.7658","","0.12%"
"01/02/2018","1.7690","1.7693","1.7713","1.7646","","0.02%"
"01/01/2018","1.7687","1.7648","1.7709","1.7644","","0.23%"
"12/29/2017","1.7646","1.7615","1.7658","1.7585","","0.20%"
"12/28/2017","1.7611","1.7680","1.7680","1.7559","","-0.35%"
"12/27/2017","1.7673","1.7680","1.7700","1.7639","","-0.01%"
"12/26/2017","1.7674","1.7694","1.7708","1.7661","","-0.07%"
"12/25/2017","1.7687","1.7700","1.7708","1.7684","","-0.01%"
"12/22/2017","1.7689","1.7702","1.7721","1.7680","","-0.05%"
"12/21/2017","1.7698","1.7686","1.7741","1.7656","","0.09%"
"12/20/2017","1.7682","1.7622","1.7699","1.7615","","0.36%"
"12/19/2017","1.7618","1.7527","1.7663","1.7526","","0.54%"
"12/18/2017","1.7523","1.7577","1.7610","1.7408","","-0.23%"
"12/15/2017","1.7564","1.7468","1.7605","1.7423","","0.58%"
"12/14/2017","1.7462","1.7458","1.7555","1.7417","","0.04%"
"12/13/2017","1.7455","1.7629","1.7636","1.7447","","-0.95%"
"12/12/2017","1.7623","1.7648","1.7666","1.7585","","-0.11%"
"12/11/2017","1.7643","1.7600","1.7662","1.7585","","0.26%"
"12/08/2017","1.7597","1.7514","1.7628","1.7512","","0.50%"
"12/07/2017","1.7509","1.7401","1.7525","1.7390","","0.64%"
"12/06/2017","1.7397","1.7495","1.7506","1.7363","","-0.53%"
"12/05/2017","1.7490","1.7460","1.7535","1.7451","","0.19%"
"12/04/2017","1.7456","1.7439","1.7573","1.7437","","0.48%"
"12/01/2017","1.7372","1.7450","1.7504","1.7271","","-0.42%"
"11/30/2017","1.7445","1.7390","1.7467","1.7330","","0.33%"
"11/29/2017","1.7387","1.7309","1.7439","1.7277","","0.48%"
"11/28/2017","1.7304","1.7230","1.7334","1.7205","","0.44%"
"11/27/2017","1.7228","1.7230","1.7270","1.7182","","-0.08%"
"11/24/2017","1.7241","1.7225","1.7261","1.7206","","0.13%"
"11/23/2017","1.7218","1.7142","1.7239","1.7118","","0.47%"
"11/22/2017","1.7137","1.7333","1.7343","1.7130","","-1.09%"
"11/21/2017","1.7326","1.7299","1.7355","1.7280","","0.17%"
"11/20/2017","1.7297","1.7242","1.7317","1.7199","","0.35%"
"11/17/2017","1.7236","1.7313","1.7426","1.7214","","-0.44%"
"11/16/2017","1.7312","1.7294","1.7380","1.7258","","0.13%"
"11/15/2017","1.7289","1.7345","1.7353","1.7241","","-0.29%"
"11/14/2017","1.7340","1.7363","1.7414","1.7310","","-0.10%"
"11/13/2017","1.7358","1.7418","1.7451","1.7299","","-0.32%"
"11/10/2017","1.7413","1.7465","1.7473","1.7367","","-0.26%"
"11/09/2017","1.7459","1.7541","1.7578","1.7407","","-0.44%"
"11/08/2017","1.7537","1.7523","1.7545","1.7450","","0.10%"
"11/07/2017","1.7520","1.7595","1.7632","1.7499","","-0.39%"
"11/06/2017","1.7589","1.7651","1.7772","1.7592","","-0.43%"
"11/03/2017","1.7665","1.7669","1.7723","1.7606","","0.01%"
"11/02/2017","1.7663","1.7684","1.7692","1.7582","","-0.08%"
"11/01/2017","1.7678","1.7550","1.7695","1.7545","","0.76%"
"10/31/2017","1.7545","1.7451","1.7565","1.7419","","0.58%"
"10/30/2017","1.7444","1.7487","1.7535","1.7431","","-0.18%"
"10/27/2017","1.7476","1.7579","1.7624","1.7472","","-0.56%"
"10/26/2017","1.7574","1.7520","1.7595","1.7461","","0.33%"
"10/25/2017","1.7516","1.7502","1.7595","1.7450","","0.12%"
"10/24/2017","1.7495","1.7446","1.7512","1.7418","","0.30%"
"10/23/2017","1.7442","1.7479","1.7544","1.7416","","-0.03%"
"10/20/2017","1.7448","1.7315","1.7462","1.7311","","0.79%"
"10/19/2017","1.7312","1.7360","1.7394","1.7274","","-0.24%"
"10/18/2017","1.7354","1.7255","1.7374","1.7244","","0.60%"
"10/17/2017","1.7251","1.7341","1.7360","1.7242","","-0.50%"
"10/16/2017","1.7337","1.7310","1.7356","1.7241","","0.30%"
"10/13/2017","1.7285","1.7259","1.7305","1.7205","","0.18%"
"10/12/2017","1.7254","1.7266","1.7287","1.7235","","-0.03%"
"10/11/2017","1.7259","1.7235","1.7277","1.7194","","0.16%"
"10/10/2017","1.7231","1.7241","1.7281","1.7163","","-0.03%"
"10/09/2017","1.7237","1.7232","1.7257","1.7175","","0.10%"
"10/06/2017","1.7219","1.7318","1.7346","1.7217","","-0.55%"
"10/05/2017","1.7315","1.7339","1.7365","1.7255","","-0.12%"
"10/04/2017","1.7335","1.7234","1.7368","1.7181","","0.61%"
"10/03/2017","1.7230","1.7263","1.7329","1.7203","","-0.19%"
"10/02/2017","1.7262","1.7234","1.7312","1.7219","","0.24%"
"09/29/2017","1.7220","1.7160","1.7263","1.7148","","0.38%"
"09/28/2017","1.7155","1.7171","1.7227","1.7130","","-0.07%"
"09/27/2017","1.7167","1.7148","1.7235","1.7101","","0.15%"
"09/26/2017","1.7142","1.7157","1.7183","1.7056","","-0.06%"
"09/25/2017","1.7153","1.7283","1.7367","1.7116","","-0.73%"
"09/22/2017","1.7279","1.7355","1.7368","1.7158","","-0.41%"
"09/21/2017","1.7350","1.7454","1.7521","1.7301","","-0.58%"
"09/20/2017","1.7452","1.7354","1.7504","1.7295","","0.58%"
"09/19/2017","1.7352","1.7389","1.7436","1.7285","","-0.20%"
"09/18/2017","1.7387","1.7296","1.7407","1.7296","","0.57%"
"09/15/2017","1.7288","1.7191","1.7378","1.7085","","0.58%"
"09/14/2017","1.7188","1.7261","1.7317","1.7165","","-0.39%"
"09/13/2017","1.7256","1.7208","1.7294","1.7175","","0.31%"
"09/12/2017","1.7203","1.7114","1.7220","1.7077","","0.56%"
"09/11/2017","1.7108","1.6964","1.7128","1.6953","","1.21%"
"09/08/2017","1.6904","1.6942","1.6950","1.6817","","-0.20%"
"09/07/2017","1.6938","1.7052","1.7060","1.6880","","-0.65%"
"09/06/2017","1.7048","1.6973","1.7078","1.6893","","0.45%"
"09/05/2017","1.6971","1.7137","1.7152","1.6945","","-0.94%"
"09/04/2017","1.7132","1.7087","1.7178","1.7054","","-0.50%"
"09/01/2017","1.7218","1.7201","1.7248","1.7112","","0.12%"
"08/31/2017","1.7197","1.7233","1.7312","1.7186","","-0.16%"
"08/30/2017","1.7225","1.7146","1.7261","1.7111","","0.48%"
"08/29/2017","1.7142","1.7097","1.7169","1.6914","","0.29%"
"08/28/2017","1.7093","1.7062","1.7123","1.7043","","0.06%"
"08/25/2017","1.7082","1.7107","1.7161","1.7047","","-0.12%"
"08/24/2017","1.7102","1.7026","1.7116","1.6994","","0.48%"
"08/23/2017","1.7021","1.7101","1.7142","1.7006","","-0.45%"
"08/22/2017","1.7098","1.6999","1.7115","1.6982","","0.61%"
"08/21/2017","1.6994","1.7062","1.7074","1.6944","","-0.22%"
"08/18/2017","1.7031","1.7076","1.7101","1.6941","","-0.24%"
"08/17/2017","1.7072","1.7173","1.7201","1.7054","","-0.56%"
"08/16/2017","1.7169","1.7259","1.7287","1.7146","","-0.51%"
"08/15/2017","1.7257","1.7107","1.7289","1.7100","","0.90%"
"08/14/2017","1.7103","1.7001","1.7144","1.6997","","0.49%"
"08/11/2017","1.7019","1.7038","1.7061","1.6946","","-0.10%"
"08/10/2017","1.7036","1.7237","1.7255","1.7029","","-1.14%"
"08/09/2017","1.7233","1.7319","1.7332","1.7154","","-0.48%"
"08/08/2017","1.7316","1.7348","1.7403","1.7316","","-0.13%"
"08/07/2017","1.7338","1.7382","1.7420","1.7335","","-0.16%"
"08/04/2017","1.7366","1.7274","1.7449","1.7242","","0.57%"
"08/03/2017","1.7268","1.7399","1.7415","1.7245","","-0.75%"
"08/02/2017","1.7398","1.7219","1.7432","1.7208","","1.06%"
"08/01/2017","1.7215","1.7174","1.7253","1.7134","","0.30%"
"07/31/2017","1.7163","1.7258","1.7275","1.7168","","-0.54%"
"07/28/2017","1.7257","1.7348","1.7365","1.7242","","-0.51%"
"07/27/2017","1.7346","1.7276","1.7422","1.7227","","0.49%"
"07/26/2017","1.7262","1.7378","1.7441","1.7258","","-0.65%"
"07/25/2017","1.7375","1.7252","1.7391","1.7218","","0.72%"
"07/24/2017","1.7250","1.7252","1.7288","1.7179","","-0.02%"
"07/21/2017","1.7254","1.7385","1.7418","1.7240","","-0.72%"
"07/20/2017","1.7380","1.7423","1.7449","1.7317","","-0.19%"
"07/19/2017","1.7413","1.7428","1.7451","1.7352","","0.02%"
"07/18/2017","1.7410","1.7504","1.7518","1.7372","","-0.50%"
"07/17/2017","1.7498","1.7471","1.7544","1.7445","","0.26%"
"07/14/2017","1.7453","1.7573","1.7621","1.7435","","-0.67%"
"07/13/2017","1.7571","1.7552","1.7611","1.7509","","0.18%"
"07/12/2017","1.7540","1.7647","1.7653","1.7514","","-0.57%"
"07/11/2017","1.7640","1.7688","1.7755","1.7620","","-0.22%"
"07/10/2017","1.7679","1.7637","1.7725","1.7619","","0.36%"
"07/07/2017","1.7615","1.7493","1.7669","1.7473","","0.73%"
"07/06/2017","1.7488","1.7479","1.7525","1.7430","","0.07%"
"07/05/2017","1.7476","1.7485","1.7549","1.7413","","-0.01%"
"07/04/2017","1.7477","1.7486","1.7501","1.7392","","-0.01%"
"07/03/2017","1.7479","1.7353","1.7501","1.7322","","0.54%"
"06/30/2017","1.7385","1.7350","1.7426","1.7268","","0.22%"
"06/29/2017","1.7346","1.7405","1.7464","1.7292","","-0.28%"
"06/28/2017","1.7394","1.7426","1.7429","1.7323","","-0.16%"
"06/27/2017","1.7422","1.7362","1.7445","1.7293","","0.39%"
"06/26/2017","1.7354","1.7228","1.7374","1.7228","","0.65%"
"06/23/2017","1.7242","1.7234","1.7275","1.7215","","0.09%"
"06/22/2017","1.7227","1.7260","1.7269","1.7185","","-0.15%"
"06/21/2017","1.7253","1.7268","1.7316","1.7183","","-0.08%"
"06/20/2017","1.7267","1.7289","1.7338","1.7247","","-0.09%"
"06/19/2017","1.7283","1.7196","1.7305","1.7183","","0.54%"
"06/16/2017","1.7190","1.7181","1.7298","1.7154","","0.12%"
"06/15/2017","1.7170","1.7056","1.7189","1.7009","","0.67%"
"06/14/2017","1.7055","1.7106","1.7166","1.6942","","-0.24%"
"06/13/2017","1.7096","1.7051","1.7126","1.7031","","0.30%"
"06/12/2017","1.7045","1.7181","1.7192","1.6999","","-0.74%"
"06/09/2017","1.7172","1.7121","1.7250","1.7082","","0.34%"
"06/08/2017","1.7113","1.7045","1.7178","1.6993","","0.48%"
"06/07/2017","1.7032","1.6984","1.7055","1.6939","","0.32%"
"06/06/2017","1.6977","1.7167","1.7176","1.6951","","-1.07%"
"06/05/2017","1.7160","1.7135","1.7207","1.7116","","0.15%"
"06/02/2017","1.7135","1.7272","1.7349","1.7125","","-0.70%"
"06/01/2017","1.7256","1.7172","1.7302","1.7158","","0.51%"
"05/31/2017","1.7168","1.7151","1.7222","1.7125","","0.15%"
"05/30/2017","1.7143","1.7239","1.7252","1.7114","","-0.53%"
"05/29/2017","1.7234","1.7257","1.7281","1.7225","","-0.11%"
"05/26/2017","1.7253","1.7324","1.7331","1.7191","","-0.39%"
"05/25/2017","1.7320","1.7214","1.7344","1.7212","","0.65%"
"05/24/2017","1.7208","1.7225","1.7318","1.7210","","-0.05%"
"05/23/2017","1.7217","1.7254","1.7262","1.7118","","-0.13%"
"05/22/2017","1.7240","1.7241","1.7314","1.7175","","0.05%"
"05/19/2017","1.7231","1.7185","1.7292","1.7099","","0.30%"
"05/18/2017","1.7180","1.7282","1.7345","1.6993","","-0.56%"
"05/17/2017","1.7276","1.7664","1.7667","1.7274","","-2.16%"
"05/16/2017","1.7657","1.7761","1.7766","1.7632","","-0.54%"
"05/15/2017","1.7752","1.7622","1.7783","1.7607","","0.64%"
"05/12/2017","1.7639","1.7680","1.7714","1.7620","","-0.19%"
"05/11/2017","1.7673","1.7689","1.7754","1.7614","","-0.03%"
"05/10/2017","1.7678","1.7623","1.7711","1.7569","","0.34%"
"05/09/2017","1.7618","1.7597","1.7679","1.7544","","0.16%"
"05/08/2017","1.7589","1.7568","1.7605","1.7486","","0.39%"
"05/05/2017","1.7521","1.7513","1.7544","1.7429","","0.08%"
"05/04/2017","1.7507","1.7573","1.7610","1.7487","","-0.33%"
"05/03/2017","1.7565","1.7453","1.7578","1.7447","","0.69%"
"05/02/2017","1.7445","1.7406","1.7499","1.7395","","0.26%"
"05/01/2017","1.7400","1.7313","1.7419","1.7297","","0.33%"
"04/28/2017","1.7343","1.7353","1.7377","1.7295","","-0.03%"
"04/27/2017","1.7348","1.7317","1.7407","1.7307","","0.23%"
"04/26/2017","1.7308","1.7270","1.7438","1.7249","","0.24%"
"04/25/2017","1.7266","1.7021","1.7286","1.6994","","1.46%"
"04/24/2017","1.7017","1.7082","1.7124","1.6991","","0.90%"
"04/21/2017","1.6866","1.6919","1.6942","1.6838","","-0.28%"
"04/20/2017","1.6913","1.6836","1.6945","1.6821","","0.52%"
"04/19/2017","1.6826","1.6783","1.6907","1.6774","","0.30%"
"04/18/2017","1.6775","1.6890","1.6940","1.6764","","-0.63%"
"04/17/2017","1.6882","1.6855","1.6915","1.6769","","0.26%"
"04/14/2017","1.6839","1.6926","1.6951","1.6833","","-0.49%"
"04/13/2017","1.6922","1.6854","1.6979","1.6806","","0.44%"
"04/12/2017","1.6848","1.6982","1.7004","1.6842","","-0.75%"
"04/11/2017","1.6976","1.7173","1.7187","1.6977","","-1.08%"
"04/10/2017","1.7161","1.7289","1.7362","1.7157","","-0.68%"
"04/07/2017","1.7278","1.7153","1.7320","1.7035","","0.75%"
"04/06/2017","1.7149","1.7065","1.7215","1.6972","","0.53%"
"04/05/2017","1.7059","1.7018","1.7181","1.6963","","0.29%"
"04/04/2017","1.7010","1.7065","1.7074","1.6962","","-0.26%"
"04/03/2017","1.7054","1.7175","1.7199","1.7042","","-0.68%"
"03/31/2017","1.7170","1.7255","1.7304","1.7150","","-0.47%"
"03/30/2017","1.7251","1.7117","1.7262","1.7082","","0.84%"
"03/29/2017","1.7108","1.7088","1.7137","1.7063","","0.18%"
"03/28/2017","1.7077","1.7027","1.7098","1.6938","","0.36%"
"03/27/2017","1.7016","1.7001","1.7032","1.6852","","0.05%"
"03/24/2017","1.7007","1.6949","1.7032","1.6908","","0.41%"
"03/23/2017","1.6938","1.6983","1.7048","1.6895","","-0.22%"
"03/22/2017","1.6976","1.7096","1.7111","1.6914","","-0.65%"
"03/21/2017","1.7087","1.7223","1.7291","1.7072","","-0.76%"
"03/20/2017","1.7217","1.7214","1.7275","1.7178","","0.06%"
"03/17/2017","1.7206","1.7330","1.7360","1.7196","","-0.67%"
"03/16/2017","1.7322","1.7275","1.7388","1.7241","","0.31%"
"03/15/2017","1.7268","1.7445","1.7550","1.7244","","-0.96%"
"03/14/2017","1.7436","1.7358","1.7497","1.7328","","0.48%"
"03/13/2017","1.7352","1.7253","1.7362","1.7204","","0.69%"
"03/10/2017","1.7233","1.7236","1.7341","1.7223","","0.05%"
"03/09/2017","1.7225","1.7127","1.7249","1.7115","","0.60%"
"03/08/2017","1.7123","1.7109","1.7190","1.7046","","0.12%"
"03/07/2017","1.7102","1.7082","1.7134","1.7063","","0.18%"
"03/06/2017","1.7072","1.7075","1.7121","1.7018","","0.06%"
"03/03/2017","1.7062","1.7131","1.7183","1.7044","","-0.35%"
"03/02/2017","1.7122","1.7010","1.7161","1.7001","","0.72%"
"03/01/2017","1.7000","1.6902","1.7058","1.6895","","0.65%"
"02/28/2017","1.6891","1.6898","1.6920","1.6748","","-0.03%"
"02/27/2017","1.6896","1.6822","1.6920","1.6785","","0.42%"
"02/24/2017","1.6826","1.6887","1.6939","1.6793","","-0.31%"
"02/23/2017","1.6878","1.6924","1.6962","1.6875","","-0.15%"
"02/22/2017","1.6904","1.6972","1.6983","1.6858","","-0.35%"
"02/21/2017","1.6963","1.6904","1.7000","1.6902","","0.38%"
"02/20/2017","1.6898","1.6824","1.6919","1.6811","","0.48%"
"02/17/2017","1.6818","1.6882","1.6939","1.6777","","-0.31%"
"02/16/2017","1.6870","1.7071","1.7099","1.6857","","-1.13%"
"02/15/2017","1.7063","1.7094","1.7170","1.7025","","-0.15%"
"02/14/2017","1.7088","1.6982","1.7126","1.6915","","0.71%"
"02/13/2017","1.6968","1.6952","1.7080","1.6943","","0.28%"
"02/10/2017","1.6921","1.6964","1.7047","1.6889","","-0.18%"
"02/09/2017","1.6952","1.6694","1.6981","1.6663","","1.55%"
"02/08/2017","1.6694","1.6684","1.6739","1.6631","","0.08%"
"02/07/2017","1.6680","1.6629","1.6713","1.6588","","0.38%"
"02/06/2017","1.6617","1.6732","1.6789","1.6609","","-0.93%"
"02/03/2017","1.6773","1.6783","1.6856","1.6716","","-0.05%"
"02/02/2017","1.6782","1.6799","1.6821","1.6652","","-0.07%"
"02/01/2017","1.6793","1.6707","1.6902","1.6683","","0.56%"
"01/31/2017","1.6700","1.6773","1.6810","1.6596","","-0.41%"
"01/30/2017","1.6769","1.6900","1.6908","1.6736","","-0.70%"
"01/27/2017","1.6888","1.6800","1.6953","1.6778","","0.56%"
"01/26/2017","1.6794","1.6663","1.6851","1.6629","","0.82%"
"01/25/2017","1.6658","1.6700","1.6734","1.6608","","-0.22%"
"01/24/2017","1.6695","1.6561","1.6716","1.6526","","0.84%"
"01/23/2017","1.6556","1.6798","1.6809","1.6548","","-1.62%"
"01/20/2017","1.6828","1.6867","1.6935","1.6775","","-0.21%"
"01/19/2017","1.6864","1.6805","1.6971","1.6774","","0.36%"
"01/18/2017","1.6804","1.6596","1.6824","1.6581","","1.27%"
"01/17/2017","1.6593","1.6769","1.6780","1.6575","","-1.01%"
"01/16/2017","1.6763","1.6804","1.6804","1.6684","","-0.16%"
"01/13/2017","1.6790","1.6837","1.6928","1.6755","","-0.22%"
"01/12/2017","1.6827","1.6896","1.6913","1.6729","","-0.31%"
"01/11/2017","1.6880","1.6944","1.7083","1.6753","","-0.35%"
"01/10/2017","1.6939","1.7039","1.7058","1.6891","","-0.55%"
"01/09/2017","1.7033","1.7155","1.7232","1.7016","","-0.72%"
"01/06/2017","1.7157","1.7029","1.7194","1.6986","","0.78%"
"01/05/2017","1.7024","1.7274","1.7299","1.7004","","-1.40%"
"01/04/2017","1.7266","1.7251","1.7339","1.7214","","0.11%"
"01/03/2017","1.7247","1.7251","1.7342","1.7143","","0.02%"
"01/02/2017","1.7243","1.7226","1.7276","1.7172","","0.27%"
"12/30/2016","1.7196","1.7156","1.7271","1.7079","","0.26%"
"12/29/2016","1.7151","1.7185","1.7193","1.7064","","-0.16%"
"12/28/2016","1.7178","1.7274","1.7327","1.7157","","-0.51%"
"12/27/2016","1.7266","1.7280","1.7331","1.7229","","-0.05%"
"12/26/2016","1.7275","1.7294","1.7309","1.7247","","-0.09%"
"12/23/2016","1.7290","1.7324","1.7344","1.7267","","-0.16%"
"12/22/2016","1.7317","1.7331","1.7354","1.7261","","-0.04%"
"12/21/2016","1.7324","1.7357","1.7391","1.7249","","-0.14%"
"12/20/2016","1.7348","1.7258","1.7411","1.7240","","0.55%"
"12/19/2016","1.7253","1.7375","1.7396","1.7180","","-0.75%"
"12/16/2016","1.7384","1.7417","1.7472","1.7316","","-0.16%"
"12/15/2016","1.7411","1.7346","1.7492","1.7302","","0.42%"
"12/14/2016","1.7338","1.7088","1.7400","1.7000","","1.50%"
"12/13/2016","1.7081","1.7060","1.7109","1.7015","","0.15%"
"12/12/2016","1.7055","1.7085","1.7192","1.7040","","-0.23%"
"12/09/2016","1.7095","1.6881","1.7104","1.6877","","1.30%"
"12/08/2016","1.6876","1.6868","1.6953","1.6762","","0.07%"
"12/07/2016","1.6865","1.6831","1.6887","1.6766","","0.24%"
"12/06/2016","1.6825","1.6739","1.6854","1.6664","","0.56%"
"12/05/2016","1.6731","1.6689","1.6840","1.6593","","0.26%"
"12/02/2016","1.6687","1.6722","1.6746","1.6634","","-0.17%"
"12/01/2016","1.6715","1.6684","1.6803","1.6643","","0.21%"
"11/30/2016","1.6680","1.6378","1.6704","1.6329","","1.87%"
"11/29/2016","1.6374","1.6323","1.6490","1.6277","","0.35%"
"11/28/2016","1.6317","1.6503","1.6510","1.6256","","-1.10%"
"11/25/2016","1.6498","1.6484","1.6630","1.6438","","0.15%"
"11/24/2016","1.6474","1.6355","1.6507","1.6332","","0.76%"
"11/23/2016","1.6350","1.6249","1.6407","1.6175","","0.64%"
"11/22/2016","1.6246","1.6243","1.6299","1.6160","","0.06%"
"11/21/2016","1.6236","1.6269","1.6322","1.6196","","-0.16%"
"11/18/2016","1.6262","1.6189","1.6294","1.6137","","0.50%"
"11/17/2016","1.6181","1.6038","1.6205","1.5968","","0.90%"
"11/16/2016","1.6036","1.6111","1.6174","1.6018","","-0.40%"
"11/15/2016","1.6100","1.5996","1.6136","1.5900","","0.69%"
"11/14/2016","1.5989","1.5770","1.6016","1.5768","","1.32%"
"11/11/2016","1.5780","1.5976","1.5996","1.5747","","-1.20%"
"11/10/2016","1.5971","1.5887","1.6050","1.5781","","0.59%"
"11/09/2016","1.5878","1.5875","1.5936","1.5122","","0.06%"
"11/08/2016","1.5869","1.5651","1.5885","1.5637","","1.42%"
"11/07/2016","1.5647","1.5442","1.5682","1.5436","","1.37%"
"11/04/2016","1.5436","1.5448","1.5493","1.5404","","-0.05%"
"11/03/2016","1.5443","1.5474","1.5501","1.5371","","-0.17%"
"11/02/2016","1.5469","1.5617","1.5622","1.5433","","-0.90%"
"11/01/2016","1.5609","1.5720","1.5763","1.5557","","-0.67%"
"10/31/2016","1.5715","1.5681","1.5770","1.5613","","0.26%"
"10/28/2016","1.5675","1.5743","1.5802","1.5640","","-0.41%"
"10/27/2016","1.5739","1.5625","1.5757","1.5583","","0.76%"
"10/26/2016","1.5621","1.5601","1.5658","1.5566","","0.15%"
"10/25/2016","1.5598","1.5587","1.5693","1.5578","","0.10%"
"10/24/2016","1.5582","1.5518","1.5604","1.5509","","0.48%"
"10/21/2016","1.5507","1.5554","1.5589","1.5461","","-0.28%"
"10/20/2016","1.5551","1.5522","1.5580","1.5502","","0.22%"
"10/19/2016","1.5517","1.5564","1.5581","1.5472","","-0.28%"
"10/18/2016","1.5560","1.5556","1.5626","1.5520","","0.05%"
"10/17/2016","1.5553","1.5600","1.5650","1.5538","","-0.38%"
"10/14/2016","1.5613","1.5524","1.5659","1.5510","","0.60%"
"10/13/2016","1.5520","1.5597","1.5663","1.5448","","-0.47%"
"10/12/2016","1.5594","1.5486","1.5642","1.5458","","0.71%"
"10/11/2016","1.5484","1.5583","1.5639","1.5432","","-0.58%"
"10/10/2016","1.5575","1.5491","1.5614","1.5437","","0.82%"
"10/07/2016","1.5448","1.5585","1.5601","1.5444","","-0.85%"
"10/06/2016","1.5580","1.5548","1.5619","1.5512","","0.24%"
"10/05/2016","1.5543","1.5446","1.5579","1.5411","","0.65%"
"10/04/2016","1.5443","1.5275","1.5475","1.5261","","1.15%"
"10/03/2016","1.5267","1.5229","1.5290","1.5202","","0.29%"
"09/30/2016","1.5223","1.5122","1.5242","1.5097","","0.71%"
"09/29/2016","1.5116","1.5173","1.5288","1.5082","","-0.34%"
"09/28/2016","1.5168","1.5120","1.5187","1.5093","","0.36%"
"09/27/2016","1.5114","1.5062","1.5196","1.5007","","0.37%"
"09/26/2016","1.5058","1.5144","1.5160","1.5047","","-0.52%"
"09/23/2016","1.5136","1.5121","1.5196","1.5105","","0.14%"
"09/22/2016","1.5115","1.5033","1.5160","1.4965","","0.61%"
"09/21/2016","1.5024","1.5184","1.5322","1.4989","","-1.02%"
"09/20/2016","1.5179","1.5221","1.5244","1.5160","","-0.23%"
"09/19/2016","1.5214","1.5242","1.5273","1.5172","","-0.21%"
"09/16/2016","1.5246","1.5270","1.5288","1.5185","","-0.14%"
"09/15/2016","1.5267","1.5334","1.5369","1.5240","","-0.40%"
"09/14/2016","1.5328","1.5275","1.5446","1.5257","","0.38%"
"09/13/2016","1.5270","1.5263","1.5328","1.5176","","0.09%"
"09/12/2016","1.5257","1.5352","1.5369","1.5202","","-0.57%"
"09/09/2016","1.5344","1.5383","1.5440","1.5305","","-0.21%"
"09/08/2016","1.5377","1.5305","1.5399","1.5257","","0.51%"
"09/07/2016","1.5299","1.5392","1.5412","1.5263","","-0.54%"
"09/06/2016","1.5382","1.5560","1.5618","1.5378","","-1.06%"
"09/05/2016","1.5547","1.5564","1.5616","1.5514","","-0.06%"
"09/02/2016","1.5556","1.5456","1.5654","1.5420","","0.68%"
"09/01/2016","1.5451","1.5442","1.5524","1.5371","","0.07%"
"08/31/2016","1.5440","1.5335","1.5459","1.5319","","0.72%"
"08/30/2016","1.5330","1.5187","1.5360","1.5164","","0.98%"
"08/29/2016","1.5181","1.5168","1.5247","1.5168","","0.11%"
"08/26/2016","1.5165","1.5000","1.5192","1.4946","","1.13%"
"08/25/2016","1.4996","1.4955","1.5016","1.4946","","0.37%"
"08/24/2016","1.4941","1.4935","1.4989","1.4911","","0.07%"
"08/23/2016","1.4930","1.4930","1.4957","1.4887","","0.03%"
"08/22/2016","1.4926","1.4961","1.5034","1.4893","","0.03%"
"08/19/2016","1.4922","1.4948","1.5029","1.4901","","-0.13%"
"08/18/2016","1.4942","1.4991","1.5048","1.4891","","-0.27%"
"08/17/2016","1.4983","1.5000","1.5113","1.4953","","-0.08%"
"08/16/2016","1.4995","1.5145","1.5149","1.4920","","-0.96%"
"08/15/2016","1.5141","1.5126","1.5162","1.5078","","0.03%"
"08/12/2016","1.5137","1.5273","1.5305","1.5086","","-0.88%"
"08/11/2016","1.5271","1.5171","1.5288","1.5127","","0.69%"
"08/10/2016","1.5166","1.5260","1.5268","1.5145","","-0.60%"
"08/09/2016","1.5257","1.5336","1.5349","1.5240","","-0.47%"
"08/08/2016","1.5329","1.5220","1.5364","1.5220","","0.66%"
"08/05/2016","1.5228","1.5145","1.5272","1.5098","","0.59%"
"08/04/2016","1.5138","1.5160","1.5189","1.5101","","-0.13%"
"08/03/2016","1.5158","1.5130","1.5191","1.5071","","0.21%"
"08/02/2016","1.5126","1.5336","1.5399","1.5101","","-1.34%"
"08/01/2016","1.5332","1.5314","1.5392","1.5295","","0.17%"
"07/29/2016","1.5306","1.5707","1.5720","1.5277","","-2.52%"
"07/28/2016","1.5702","1.5718","1.5749","1.5589","","-0.06%"
"07/27/2016","1.5711","1.5545","1.5823","1.5541","","1.09%"
"07/26/2016","1.5541","1.5696","1.5708","1.5439","","-0.92%"
"07/25/2016","1.5686","1.5801","1.5902","1.5683","","-0.66%"
"07/22/2016","1.5791","1.5758","1.5846","1.5716","","0.24%"
"07/21/2016","1.5753","1.5909","1.5996","1.5678","","-0.94%"
"07/20/2016","1.5902","1.5791","1.5935","1.5750","","0.73%"
"07/19/2016","1.5787","1.5812","1.5863","1.5716","","-0.14%"
"07/18/2016","1.5809","1.5700","1.5830","1.5669","","1.27%"
"07/15/2016","1.5611","1.5760","1.5901","1.5583","","-0.91%"
"07/14/2016","1.5754","1.5595","1.5849","1.5519","","1.06%"
"07/13/2016","1.5588","1.5631","1.5663","1.5488","","-0.24%"
"07/12/2016","1.5625","1.5313","1.5663","1.5255","","2.07%"
"07/11/2016","1.5308","1.4965","1.5330","1.4965","","2.25%"
"07/08/2016","1.4971","1.4931","1.5040","1.4848","","0.31%"
"07/07/2016","1.4925","1.5031","1.5047","1.4899","","-0.68%"
"07/06/2016","1.5027","1.5087","1.5094","1.4840","","-0.34%"
"07/05/2016","1.5079","1.5251","1.5257","1.5048","","-1.08%"
"07/04/2016","1.5243","1.5260","1.5311","1.5231","","-0.08%"
"07/01/2016","1.5255","1.5300","1.5319","1.5189","","-0.25%"
"06/30/2016","1.5293","1.5251","1.5310","1.5128","","0.30%"
"06/29/2016","1.5247","1.5177","1.5273","1.5061","","0.51%"
"06/28/2016","1.5170","1.5019","1.5192","1.4945","","1.03%"
"06/27/2016","1.5015","1.5040","1.5098","1.4926","","-0.24%"
"06/24/2016","1.5051","1.5778","1.5880","1.4667","","-4.57%"
"06/23/2016","1.5772","1.5480","1.5785","1.5460","","1.92%"
"06/22/2016","1.5475","1.5486","1.5555","1.5420","","-0.06%"
"06/21/2016","1.5485","1.5385","1.5540","1.5347","","0.68%"
"06/20/2016","1.5380","1.5559","1.5633","1.5363","","-0.89%"
"06/17/2016","1.5518","1.5490","1.5578","1.5484","","0.23%"
"06/16/2016","1.5483","1.5805","1.5808","1.5392","","-2.01%"
"06/15/2016","1.5800","1.5770","1.5863","1.5732","","0.22%"
"06/14/2016","1.5765","1.5817","1.5853","1.5705","","-0.28%"
"06/13/2016","1.5809","1.5970","1.5971","1.5763","","-1.03%"
"06/10/2016","1.5973","1.6044","1.6063","1.5920","","-0.41%"
"06/09/2016","1.6039","1.6088","1.6106","1.5922","","-0.27%"
"06/08/2016","1.6083","1.6106","1.6107","1.5983","","-0.10%"
"06/07/2016","1.6099","1.6104","1.6160","1.6048","","0.00%"
"06/06/2016","1.6099","1.5888","1.6120","1.5877","","1.28%"
"06/03/2016","1.5895","1.6186","1.6235","1.5896","","-1.76%"
"06/02/2016","1.6179","1.6244","1.6255","1.6123","","-0.38%"
"06/01/2016","1.6240","1.6473","1.6492","1.6157","","-1.37%"
"05/31/2016","1.6466","1.6545","1.6587","1.6421","","-0.44%"
"05/30/2016","1.6539","1.6474","1.6567","1.6464","","0.60%"
"05/27/2016","1.6441","1.6401","1.6504","1.6332","","0.27%"
"05/26/2016","1.6396","1.6379","1.6429","1.6257","","0.10%"
"05/25/2016","1.6379","1.6265","1.6420","1.6255","","0.73%"
"05/24/2016","1.6260","1.6205","1.6281","1.6125","","0.37%"
"05/23/2016","1.6200","1.6335","1.6356","1.6165","","-0.84%"
"05/20/2016","1.6337","1.6307","1.6410","1.6277","","0.21%"
"05/19/2016","1.6302","1.6413","1.6426","1.6238","","-0.65%"
"05/18/2016","1.6408","1.6332","1.6425","1.6254","","0.50%"
"05/17/2016","1.6327","1.6311","1.6433","1.6288","","0.13%"
"05/16/2016","1.6306","1.6241","1.6330","1.6214","","0.39%"
"05/13/2016","1.6242","1.6330","1.6383","1.6239","","-0.52%"
"05/12/2016","1.6327","1.6290","1.6418","1.6250","","0.28%"
"05/11/2016","1.6282","1.6399","1.6416","1.6262","","-0.68%"
"05/10/2016","1.6394","1.6228","1.6416","1.6223","","1.05%"
"05/09/2016","1.6223","1.6084","1.6306","1.6070","","0.90%"
"05/06/2016","1.6079","1.6115","1.6131","1.5964","","-0.19%"
"05/05/2016","1.6110","1.6062","1.6160","1.6040","","0.33%"
"05/04/2016","1.6057","1.6019","1.6117","1.5966","","0.28%"
"05/03/2016","1.6012","1.6040","1.6047","1.5910","","-0.13%"
"05/02/2016","1.6033","1.6003","1.6092","1.5972","","0.16%"
"04/29/2016","1.6008","1.6281","1.6301","1.6000","","-1.63%"
"04/28/2016","1.6274","1.6801","1.6854","1.6230","","-3.08%"
"04/27/2016","1.6792","1.6763","1.6816","1.6675","","0.20%"
"04/26/2016","1.6759","1.6676","1.6788","1.6587","","0.53%"
"04/25/2016","1.6671","1.6737","1.6790","1.6633","","-0.57%"
"04/22/2016","1.6766","1.6464","1.6778","1.6426","","1.88%"
"04/21/2016","1.6457","1.6607","1.6608","1.6447","","-0.84%"
"04/20/2016","1.6597","1.6509","1.6616","1.6404","","0.58%"
"04/19/2016","1.6501","1.6385","1.6552","1.6374","","0.73%"
"04/18/2016","1.6381","1.6239","1.6400","1.6174","","0.44%"
"04/15/2016","1.6309","1.6427","1.6478","1.6309","","-0.68%"
"04/14/2016","1.6420","1.6444","1.6466","1.6351","","-0.12%"
"04/13/2016","1.6439","1.6376","1.6454","1.6343","","0.42%"
"04/12/2016","1.6371","1.6285","1.6404","1.6256","","0.56%"
"04/11/2016","1.6280","1.6239","1.6332","1.6166","","0.31%"
"04/08/2016","1.6230","1.6210","1.6370","1.6189","","0.15%"
"04/07/2016","1.6206","1.6506","1.6517","1.6151","","-1.79%"
"04/06/2016","1.6501","1.6610","1.6662","1.6424","","-0.66%"
"04/05/2016","1.6611","1.6841","1.6851","1.6559","","-1.34%"
"04/04/2016","1.6837","1.6833","1.6892","1.6773","","0.10%"
"04/01/2016","1.6821","1.6991","1.6995","1.6812","","-0.98%"
"03/31/2016","1.6988","1.6936","1.7007","1.6909","","0.31%"
"03/30/2016","1.6936","1.6979","1.6998","1.6886","","-0.22%"
"03/29/2016","1.6974","1.7032","1.7118","1.6960","","-0.31%"
"03/28/2016","1.7027","1.6925","1.7060","1.6916","","0.68%"
"03/25/2016","1.6912","1.6876","1.6944","1.6850","","0.26%"
"03/24/2016","1.6868","1.6792","1.6897","1.6784","","0.50%"
"03/23/2016","1.6784","1.6834","1.6918","1.6774","","-0.27%"
"03/22/2016","1.6829","1.6834","1.6877","1.6667","","-0.01%"
"03/21/2016","1.6831","1.6807","1.6840","1.6724","","0.18%"
"03/18/2016","1.6801","1.6721","1.6844","1.6634","","0.51%"
"03/17/2016","1.6715","1.6758","1.6859","1.6589","","-0.24%"
"03/16/2016","1.6756","1.6796","1.6927","1.6722","","-0.23%"
"03/15/2016","1.6795","1.6954","1.6961","1.6709","","-0.91%"
"03/14/2016","1.6949","1.7000","1.7032","1.6904","","-0.32%"
"03/11/2016","1.7003","1.6813","1.7009","1.6753","","1.18%"
"03/10/2016","1.6805","1.6895","1.7102","1.6741","","-0.50%"
"03/09/2016","1.6890","1.6726","1.6901","1.6680","","1.01%"
"03/08/2016","1.6721","1.6938","1.6938","1.6694","","-1.23%"
"03/07/2016","1.6930","1.6989","1.7030","1.6888","","-0.36%"
"03/04/2016","1.6991","1.6937","1.7056","1.6849","","0.35%"
"03/03/2016","1.6932","1.6838","1.6976","1.6830","","0.61%"
"03/02/2016","1.6830","1.6828","1.6962","1.6789","","0.06%"
"03/01/2016","1.6820","1.6521","1.6855","1.6437","","1.85%"
"02/29/2016","1.6515","1.6564","1.6590","1.6409","","-0.40%"
"02/26/2016","1.6581","1.6432","1.6585","1.6367","","0.94%"
"02/25/2016","1.6427","1.6393","1.6442","1.6300","","0.23%"
"02/24/2016","1.6389","1.6351","1.6398","1.6210","","0.25%"
"02/23/2016","1.6348","1.6473","1.6487","1.6290","","-0.76%"
"02/22/2016","1.6473","1.6405","1.6528","1.6366","","0.35%"
"02/19/2016","1.6416","1.6522","1.6539","1.6384","","-0.61%"
"02/18/2016","1.6517","1.6700","1.6725","1.6506","","-1.05%"
"02/17/2016","1.6693","1.6658","1.6743","1.6519","","0.23%"
"02/16/2016","1.6655","1.6815","1.6859","1.6589","","-0.95%"
"02/15/2016","1.6814","1.6620","1.6850","1.6596","","1.19%"
"02/12/2016","1.6616","1.6418","1.6668","1.6330","","1.22%"
"02/11/2016","1.6415","1.6703","1.6740","1.6237","","-1.68%"
"02/10/2016","1.6696","1.6954","1.6979","1.6675","","-1.50%"
"02/09/2016","1.6950","1.7028","1.7030","1.6770","","-0.43%"
"02/08/2016","1.7024","1.7226","1.7333","1.6939","","-1.22%"
"02/05/2016","1.7235","1.7287","1.7360","1.7228","","-0.28%"
"02/04/2016","1.7284","1.7357","1.7431","1.7239","","-0.37%"
"02/03/2016","1.7349","1.7649","1.7653","1.7229","","-1.66%"
"02/02/2016","1.7642","1.7837","1.7846","1.7637","","-1.05%"
"02/01/2016","1.7830","1.7835","1.7946","1.7772","","0.01%"
"01/29/2016","1.7828","1.7461","1.7937","1.7402","","2.13%"
"01/28/2016","1.7456","1.7417","1.7490","1.7361","","0.26%"
"01/27/2016","1.7411","1.7483","1.7501","1.7352","","-0.38%"
"01/26/2016","1.7478","1.7461","1.7519","1.7347","","0.14%"
"01/25/2016","1.7454","1.7555","1.7600","1.7428","","-0.72%"
"01/22/2016","1.7580","1.7365","1.7600","1.7330","","1.28%"
"01/21/2016","1.7357","1.7208","1.7369","1.7104","","0.91%"
"01/20/2016","1.7201","1.7369","1.7375","1.7017","","-0.93%"
"01/19/2016","1.7363","1.7340","1.7476","1.7309","","0.16%"
"01/18/2016","1.7335","1.7269","1.7385","1.7199","","0.39%"
"01/15/2016","1.7268","1.7536","1.7575","1.7170","","-1.51%"
"01/14/2016","1.7533","1.7587","1.7633","1.7414","","-0.27%"
"01/13/2016","1.7580","1.7576","1.7733","1.7571","","0.07%"
"01/12/2016","1.7567","1.7640","1.7668","1.7507","","-0.35%"
"01/11/2016","1.7629","1.7565","1.7679","1.7443","","0.36%"
"01/08/2016","1.7566","1.7593","1.7813","1.7555","","-0.12%"
"01/07/2016","1.7587","1.7763","1.7793","1.7539","","-0.96%"
"01/06/2016","1.7758","1.7904","1.7915","1.7693","","-0.82%"
"01/05/2016","1.7905","1.7939","1.8002","1.7837","","-0.16%"
"01/04/2016","1.7934","1.8163","1.8192","1.7820","","-1.24%"
"01/01/2016","1.8160","1.8173","1.8197","1.8159","","-0.04%"
"12/31/2015","1.8167","1.8127","1.8215","1.8114","","0.24%"
"12/30/2015","1.8123","1.8188","1.8198","1.8115","","-0.34%"
"12/29/2015","1.8184","1.8206","1.8208","1.8122","","-0.08%"
"12/28/2015","1.8199","1.8218","1.8256","1.8157","","-0.19%"
"12/25/2015","1.8233","1.8262","1.8270","1.8181","","-0.13%"
"12/24/2015","1.8257","1.8310","1.8314","1.8202","","-0.27%"
"12/23/2015","1.8307","1.8278","1.8329","1.8249","","0.20%"
"12/22/2015","1.8271","1.8287","1.8306","1.8218","","-0.07%"
"12/21/2015","1.8284","1.8283","1.8330","1.8245","","-0.03%"
"12/18/2015","1.8290","1.8455","1.8573","1.8242","","-0.86%"
"12/17/2015","1.8448","1.8384","1.8528","1.8335","","0.37%"
"12/16/2015","1.8380","1.8198","1.8426","1.8162","","1.04%"
"12/15/2015","1.8191","1.8040","1.8232","1.7982","","0.86%"
"12/14/2015","1.8035","1.8024","1.8123","1.7935","","0.22%"
"12/11/2015","1.7996","1.8214","1.8303","1.7965","","-1.18%"
"12/10/2015","1.8210","1.8169","1.8257","1.8142","","0.28%"
"12/09/2015","1.8159","1.8387","1.8416","1.8095","","-1.22%"
"12/08/2015","1.8383","1.8477","1.8483","1.8366","","-0.49%"
"12/07/2015","1.8473","1.8483","1.8528","1.8446","","-0.03%"
"12/04/2015","1.8478","1.8359","1.8494","1.8296","","0.69%"
"12/03/2015","1.8352","1.8506","1.8536","1.8311","","-0.82%"
"12/02/2015","1.8504","1.8496","1.8583","1.8465","","0.08%"
"12/01/2015","1.8489","1.8523","1.8539","1.8446","","-0.15%"
"11/30/2015","1.8516","1.8383","1.8560","1.8333","","0.88%"
"11/27/2015","1.8354","1.8421","1.8439","1.8316","","-0.34%"
"11/26/2015","1.8417","1.8489","1.8493","1.8387","","-0.37%"
"11/25/2015","1.8485","1.8493","1.8533","1.8427","","-0.01%"
"11/24/2015","1.8486","1.8502","1.8527","1.8405","","-0.05%"
"11/23/2015","1.8495","1.8589","1.8646","1.8496","","-0.57%"
"11/20/2015","1.8601","1.8591","1.8629","1.8531","","0.08%"
"11/19/2015","1.8586","1.8723","1.8726","1.8554","","-0.70%"
"11/18/2015","1.8717","1.8702","1.8726","1.8590","","0.07%"
"11/17/2015","1.8704","1.8690","1.8728","1.8648","","0.08%"
"11/16/2015","1.8689","1.8510","1.8707","1.8481","","0.70%"
"11/13/2015","1.8559","1.8562","1.8612","1.8503","","0.02%"
"11/12/2015","1.8555","1.8597","1.8643","1.8552","","-0.16%"
"11/11/2015","1.8585","1.8602","1.8641","1.8542","","-0.09%"
"11/10/2015","1.8601","1.8531","1.8633","1.8506","","0.40%"
"11/09/2015","1.8526","1.8630","1.8671","1.8499","","-0.47%"
"11/06/2015","1.8614","1.8487","1.8678","1.8468","","0.71%"
"11/05/2015","1.8482","1.8531","1.8558","1.8450","","-0.21%"
"11/04/2015","1.8520","1.8457","1.8605","1.8452","","0.33%"
"11/03/2015","1.8459","1.8419","1.8500","1.8369","","0.26%"
"11/02/2015","1.8412","1.8445","1.8449","1.8363","","-0.11%"
"10/30/2015","1.8433","1.8509","1.8624","1.8397","","-0.38%"
"10/29/2015","1.8503","1.8643","1.8655","1.8494","","-0.71%"
"10/28/2015","1.8635","1.8501","1.8668","1.8474","","0.75%"
"10/27/2015","1.8496","1.8653","1.8656","1.8470","","-0.80%"
"10/26/2015","1.8646","1.8718","1.8728","1.8586","","-0.36%"
"10/23/2015","1.8713","1.8606","1.8723","1.8523","","0.61%"
"10/22/2015","1.8600","1.8409","1.8621","1.8368","","1.05%"
"10/21/2015","1.8407","1.8430","1.8457","1.8369","","-0.09%"
"10/20/2015","1.8424","1.8407","1.8475","1.8379","","0.14%"
"10/19/2015","1.8399","1.8467","1.8470","1.8369","","-0.30%"
"10/16/2015","1.8454","1.8353","1.8496","1.8311","","0.58%"
"10/15/2015","1.8347","1.8357","1.8413","1.8216","","-0.03%"
"10/14/2015","1.8352","1.8395","1.8433","1.8317","","-0.20%"
"10/13/2015","1.8389","1.8529","1.8535","1.8356","","-0.71%"
"10/12/2015","1.8520","1.8565","1.8579","1.8511","","-0.22%"
"10/09/2015","1.8560","1.8504","1.8598","1.8441","","0.35%"
"10/08/2015","1.8496","1.8491","1.8505","1.8376","","0.06%"
"10/07/2015","1.8485","1.8459","1.8529","1.8335","","0.15%"
"10/06/2015","1.8458","1.8492","1.8503","1.8358","","-0.17%"
"10/05/2015","1.8490","1.8358","1.8522","1.8338","","0.82%"
"10/02/2015","1.8339","1.8276","1.8392","1.8129","","0.38%"
"10/01/2015","1.8269","1.8294","1.8360","1.8212","","-0.11%"
"09/30/2015","1.8289","1.8187","1.8355","1.8168","","0.60%"
"09/29/2015","1.8180","1.8097","1.8212","1.7982","","0.49%"
"09/28/2015","1.8092","1.8223","1.8232","1.8064","","-0.68%"
"09/25/2015","1.8216","1.8163","1.8337","1.8121","","0.32%"
"09/24/2015","1.8158","1.8173","1.8215","1.7967","","-0.07%"
"09/23/2015","1.8171","1.8230","1.8274","1.8095","","-0.30%"
"09/22/2015","1.8225","1.8356","1.8379","1.8154","","-0.65%"
"09/21/2015","1.8345","1.8201","1.8377","1.8158","","0.73%"
"09/18/2015","1.8212","1.8151","1.8258","1.8064","","0.31%"
"09/17/2015","1.8156","1.8208","1.8303","1.8130","","-0.25%"
"09/16/2015","1.8202","1.8123","1.8236","1.8062","","0.45%"
"09/15/2015","1.8120","1.8148","1.8199","1.7969","","-0.12%"
"09/14/2015","1.8141","1.8196","1.8241","1.8069","","-0.30%"
"09/11/2015","1.8196","1.8195","1.8241","1.8108","","0.05%"
"09/10/2015","1.8186","1.8091","1.8260","1.8013","","0.58%"
"09/09/2015","1.8082","1.8076","1.8244","1.8056","","0.09%"
"09/08/2015","1.8065","1.7833","1.8084","1.7798","","1.32%"
"09/07/2015","1.7829","1.7815","1.7944","1.7803","","-0.07%"
"09/04/2015","1.7841","1.8166","1.8187","1.7785","","-1.76%"
"09/03/2015","1.8161","1.8176","1.8232","1.8069","","-0.04%"
"09/02/2015","1.8169","1.7983","1.8184","1.7941","","1.06%"
"09/01/2015","1.7978","1.8254","1.8264","1.7969","","-1.48%"
"08/31/2015","1.8248","1.8394","1.8406","1.8217","","-0.80%"
"08/28/2015","1.8395","1.8346","1.8405","1.8227","","0.28%"
"08/27/2015","1.8344","1.8169","1.8393","1.8119","","1.00%"
"08/26/2015","1.8163","1.7928","1.8183","1.7869","","1.32%"
"08/25/2015","1.7927","1.7723","1.8268","1.7698","","1.19%"
"08/24/2015","1.7717","1.8431","1.8480","1.7435","","-4.10%"
"08/21/2015","1.8474","1.8858","1.8876","1.8448","","-2.01%"
"08/20/2015","1.8853","1.9020","1.9051","1.8820","","-0.82%"
"08/19/2015","1.9008","1.9007","1.9099","1.8976","","0.04%"
"08/18/2015","1.9001","1.9009","1.9063","1.8985","","-0.02%"
"08/17/2015","1.9005","1.9097","1.9114","1.8996","","-0.40%"
"08/14/2015","1.9082","1.9084","1.9147","1.9029","","0.02%"
"08/13/2015","1.9078","1.9151","1.9255","1.9020","","-0.37%"
"08/12/2015","1.9148","1.9451","1.9464","1.9090","","-1.52%"
"08/11/2015","1.9443","1.9543","1.9578","1.9391","","-0.48%"
"08/10/2015","1.9537","1.9482","1.9562","1.9475","","0.27%"
"08/07/2015","1.9484","1.9579","1.9598","1.9452","","-0.44%"
"08/06/2015","1.9571","1.9606","1.9614","1.9546","","-0.17%"
"08/05/2015","1.9604","1.9497","1.9622","1.9456","","0.57%"
"08/04/2015","1.9493","1.9326","1.9505","1.9314","","0.90%"
"08/03/2015","1.9320","1.9383","1.9423","1.9315","","-0.22%"
"07/31/2015","1.9363","1.9360","1.9410","1.9280","","0.06%"
"07/30/2015","1.9352","1.9419","1.9445","1.9345","","-0.32%"
"07/29/2015","1.9414","1.9368","1.9440","1.9303","","0.27%"
"07/28/2015","1.9362","1.9200","1.9393","1.9159","","0.90%"
"07/27/2015","1.9189","1.9302","1.9321","1.9151","","-0.61%"
"07/24/2015","1.9307","1.9386","1.9422","1.9283","","-0.37%"
"07/23/2015","1.9379","1.9500","1.9512","1.9368","","-0.58%"
"07/22/2015","1.9493","1.9482","1.9525","1.9430","","0.07%"
"07/21/2015","1.9479","1.9539","1.9577","1.9468","","-0.28%"
"07/20/2015","1.9533","1.9546","1.9565","1.9499","","-0.03%"
"07/17/2015","1.9538","1.9556","1.9577","1.9512","","-0.10%"
"07/16/2015","1.9558","1.9489","1.9574","1.9479","","0.37%"
"07/15/2015","1.9485","1.9498","1.9531","1.9441","","-0.02%"
"07/14/2015","1.9489","1.9455","1.9505","1.9393","","0.21%"
"07/13/2015","1.9448","1.9260","1.9467","1.9260","","0.41%"
"07/10/2015","1.9369","1.9164","1.9409","1.9136","","1.10%"
"07/09/2015","1.9159","1.9021","1.9188","1.8975","","0.77%"
"07/08/2015","1.9012","1.9306","1.9312","1.8971","","-1.47%"
"07/07/2015","1.9296","1.9376","1.9392","1.9204","","-0.37%"
"07/06/2015","1.9368","1.9251","1.9404","1.9197","","0.03%"
"07/03/2015","1.9363","1.9442","1.9447","1.9326","","-0.37%"
"07/02/2015","1.9435","1.9382","1.9483","1.9362","","0.31%"
"07/01/2015","1.9375","1.9259","1.9390","1.9223","","0.62%"
"06/30/2015","1.9255","1.9235","1.9276","1.9120","","0.13%"
"06/29/2015","1.9230","1.9326","1.9388","1.9140","","-1.47%"
"06/26/2015","1.9516","1.9462","1.9530","1.9370","","0.31%"
"06/25/2015","1.9456","1.9496","1.9507","1.9393","","-0.18%"
"06/24/2015","1.9491","1.9486","1.9579","1.9435","","0.05%"
"06/23/2015","1.9482","1.9422","1.9510","1.9415","","0.35%"
"06/22/2015","1.9415","1.9337","1.9447","1.9301","","0.53%"
"06/19/2015","1.9312","1.9342","1.9399","1.9255","","-0.12%"
"06/18/2015","1.9336","1.9284","1.9365","1.9206","","0.30%"
"06/17/2015","1.9278","1.9225","1.9417","1.9200","","0.31%"
"06/16/2015","1.9219","1.9259","1.9328","1.9177","","-0.18%"
"06/15/2015","1.9254","1.9246","1.9309","1.9207","","0.05%"
"06/12/2015","1.9244","1.9297","1.9333","1.9218","","-0.23%"
"06/11/2015","1.9289","1.9234","1.9402","1.9218","","0.30%"
"06/10/2015","1.9231","1.9425","1.9487","1.9175","","-0.97%"
"06/09/2015","1.9419","1.9467","1.9509","1.9374","","-0.22%"
"06/08/2015","1.9462","1.9697","1.9710","1.9416","","-1.18%"
"06/05/2015","1.9694","1.9443","1.9737","1.9428","","1.31%"
"06/04/2015","1.9439","1.9415","1.9493","1.9314","","0.15%"
"06/03/2015","1.9410","1.9488","1.9507","1.9379","","-0.35%"
"06/02/2015","1.9479","1.9622","1.9638","1.9415","","-0.69%"
"06/01/2015","1.9615","1.9473","1.9643","1.9439","","0.76%"
"05/29/2015","1.9467","1.9440","1.9494","1.9354","","0.16%"
"05/28/2015","1.9435","1.9377","1.9508","1.9317","","0.34%"
"05/27/2015","1.9370","1.9240","1.9407","1.9157","","0.69%"
"05/26/2015","1.9237","1.9146","1.9286","1.9096","","0.51%"
"05/25/2015","1.9140","1.9138","1.9176","1.9084","","0.01%"
"05/22/2015","1.9139","1.9037","1.9164","1.8974","","0.57%"
"05/21/2015","1.9031","1.9078","1.9091","1.8976","","-0.24%"
"05/20/2015","1.9076","1.8929","1.9086","1.8902","","0.80%"
"05/19/2015","1.8925","1.8835","1.8942","1.8795","","0.50%"
"05/18/2015","1.8830","1.8805","1.8881","1.8770","","0.18%"
"05/15/2015","1.8797","1.8801","1.8883","1.8773","","0.03%"
"05/14/2015","1.8792","1.8615","1.8812","1.8594","","0.98%"
"05/13/2015","1.8609","1.8686","1.8739","1.8606","","-0.39%"
"05/12/2015","1.8681","1.8761","1.8776","1.8630","","-0.39%"
"05/11/2015","1.8754","1.8783","1.8816","1.8725","","-0.24%"
"05/08/2015","1.8799","1.8688","1.8824","1.8656","","0.63%"
"05/07/2015","1.8682","1.8778","1.8780","1.8525","","-0.47%"
"05/06/2015","1.8770","1.8913","1.8946","1.8726","","-0.75%"
"05/05/2015","1.8912","1.8915","1.9005","1.8879","","0.03%"
"05/04/2015","1.8906","1.8860","1.8925","1.8839","","0.27%"
"05/01/2015","1.8855","1.8789","1.8904","1.8788","","0.39%"
"04/30/2015","1.8782","1.8753","1.8857","1.8636","","0.16%"
"04/29/2015","1.8752","1.8850","1.8880","1.8683","","-0.49%"
"04/28/2015","1.8844","1.8790","1.8872","1.8767","","0.30%"
"04/27/2015","1.8787","1.8693","1.8838","1.8648","","0.55%"
"04/24/2015","1.8685","1.8899","1.8925","1.8664","","-1.10%"
"04/23/2015","1.8892","1.9043","1.9080","1.8880","","-0.75%"
"04/22/2015","1.9035","1.9040","1.9070","1.8965","","0.00%"
"04/21/2015","1.9035","1.8876","1.9079","1.8871","","0.86%"
"04/20/2015","1.8873","1.8997","1.9040","1.8872","","-0.70%"
"04/17/2015","1.9006","1.9099","1.9119","1.8990","","-0.45%"
"04/16/2015","1.9091","1.9108","1.9170","1.9058","","-0.05%"
"04/15/2015","1.9101","1.9174","1.9199","1.9054","","-0.34%"
"04/14/2015","1.9166","1.9249","1.9261","1.9121","","-0.39%"
"04/13/2015","1.9242","1.9304","1.9358","1.9201","","-0.30%"
"04/10/2015","1.9300","1.9355","1.9367","1.9257","","-0.25%"
"04/09/2015","1.9348","1.9318","1.9385","1.9264","","0.20%"
"04/08/2015","1.9310","1.9304","1.9324","1.9201","","0.04%"
"04/07/2015","1.9302","1.9216","1.9354","1.9163","","0.48%"
"04/06/2015","1.9210","1.9199","1.9247","1.9110","","0.07%"
"04/03/2015","1.9196","1.9288","1.9301","1.9143","","-0.45%"
"04/02/2015","1.9283","1.9276","1.9305","1.9197","","0.08%"
"04/01/2015","1.9267","1.9285","1.9306","1.9148","","-0.07%"
"03/31/2015","1.9280","1.9210","1.9290","1.9147","","0.40%"
"03/30/2015","1.9204","1.9056","1.9252","1.9018","","0.83%"
"03/27/2015","1.9046","1.8968","1.9127","1.8951","","0.43%"
"03/26/2015","1.8964","1.9146","1.9150","1.8861","","-0.92%"
"03/25/2015","1.9141","1.9206","1.9238","1.9119","","-0.33%"
"03/24/2015","1.9204","1.9240","1.9266","1.9142","","-0.16%"
"03/23/2015","1.9235","1.9238","1.9290","1.9197","","0.04%"
"03/20/2015","1.9228","1.9330","1.9402","1.9211","","-0.50%"
"03/19/2015","1.9325","1.9156","1.9371","1.9088","","0.91%"
"03/18/2015","1.9150","1.9380","1.9389","1.9043","","-1.16%"
"03/17/2015","1.9375","1.9328","1.9392","1.9314","","0.27%"
"03/16/2015","1.9322","1.9241","1.9342","1.9220","","0.43%"
"03/13/2015","1.9239","1.9393","1.9460","1.9203","","-0.77%"
"03/12/2015","1.9389","1.9345","1.9441","1.9311","","0.25%"
"03/11/2015","1.9340","1.9313","1.9381","1.9270","","0.16%"
"03/10/2015","1.9310","1.9344","1.9456","1.9263","","-0.16%"
"03/09/2015","1.9340","1.9344","1.9385","1.9266","","-0.01%"
"03/06/2015","1.9342","1.9259","1.9420","1.9213","","0.46%"
"03/05/2015","1.9254","1.9207","1.9342","1.9188","","0.28%"
"03/04/2015","1.9200","1.9368","1.9400","1.9170","","-0.84%"
"03/03/2015","1.9363","1.9419","1.9430","1.9313","","-0.26%"
"03/02/2015","1.9414","1.9405","1.9451","1.9314","","0.18%"
"02/27/2015","1.9379","1.9346","1.9432","1.9260","","0.20%"
"02/26/2015","1.9341","1.9215","1.9362","1.9167","","0.70%"
"02/25/2015","1.9207","1.9138","1.9241","1.9096","","0.39%"
"02/24/2015","1.9133","1.9114","1.9266","1.9090","","0.12%"
"02/23/2015","1.9110","1.9164","1.9198","1.9090","","-0.25%"
"02/20/2015","1.9158","1.9143","1.9191","1.8995","","0.10%"
"02/19/2015","1.9138","1.9140","1.9187","1.9085","","0.01%"
"02/18/2015","1.9137","1.9186","1.9205","1.9064","","-0.23%"
"02/17/2015","1.9182","1.9078","1.9238","1.9010","","0.57%"
"02/16/2015","1.9073","1.9132","1.9150","1.9021","","-0.26%"
"02/13/2015","1.9122","1.9166","1.9179","1.9055","","-0.20%"
"02/12/2015","1.9160","1.9309","1.9313","1.9056","","-0.75%"
"02/11/2015","1.9305","1.9162","1.9313","1.9139","","0.77%"
"02/10/2015","1.9157","1.9090","1.9219","1.9052","","0.38%"
"02/09/2015","1.9085","1.9207","1.9226","1.9051","","-0.57%"
"02/06/2015","1.9195","1.9047","1.9253","1.8976","","0.81%"
"02/05/2015","1.9040","1.8964","1.9067","1.8907","","0.43%"
"02/04/2015","1.8958","1.9088","1.9155","1.8941","","-0.64%"
"02/03/2015","1.9081","1.9058","1.9104","1.8930","","0.17%"
"02/02/2015","1.9048","1.8942","1.9077","1.8812","","0.61%"
"01/30/2015","1.8933","1.9141","1.9171","1.8914","","-1.05%"
"01/29/2015","1.9133","1.9159","1.9249","1.9039","","-0.09%"
"01/28/2015","1.9150","1.9194","1.9268","1.9112","","-0.20%"
"01/27/2015","1.9189","1.9268","1.9302","1.9123","","-0.38%"
"01/26/2015","1.9262","1.9171","1.9277","1.9087","","0.53%"
"01/23/2015","1.9160","1.9234","1.9311","1.9115","","-0.35%"
"01/22/2015","1.9228","1.9161","1.9264","1.9033","","0.39%"
"01/21/2015","1.9154","1.9271","1.9277","1.9029","","-0.58%"
"01/20/2015","1.9265","1.9073","1.9282","1.9070","","1.05%"
"01/19/2015","1.9064","1.9012","1.9110","1.8899","","0.29%"
"01/16/2015","1.9008","1.8719","1.9034","1.8665","","1.57%"
"01/15/2015","1.8714","1.8896","1.9142","1.8715","","-0.94%"
"01/14/2015","1.8892","1.9030","1.9035","1.8692","","-0.68%"
"01/13/2015","1.9022","1.9063","1.9156","1.8965","","-0.19%"
"01/12/2015","1.9058","1.9008","1.9202","1.8943","","0.30%"
"01/09/2015","1.9001","1.9093","1.9209","1.8991","","-0.46%"
"01/08/2015","1.9089","1.8846","1.9145","1.8829","","1.31%"
"01/07/2015","1.8842","1.8625","1.8903","1.8620","","1.19%"
"01/06/2015","1.8621","1.8885","1.8889","1.8570","","-1.39%"
"01/05/2015","1.8884","1.9039","1.9059","1.8802","","-0.79%"
"01/02/2015","1.9035","1.8910","1.9081","1.8897","","0.70%"
"01/01/2015","1.8903","1.8989","1.8989","1.8862","","-0.43%"