Date,Price,Open,High,Low,Vol.,Change %
11/21/2025,0.008517016999965932,0.008622399268820542,0.008509262332048434,0.008632894782278393,,1.24%
11/20/2025,0.008622399268820542,0.008653064049980098,0.008594314001856371,0.008663784514351559,,0.36%
11/19/2025,0.008653064049980098,0.008590253498380737,0.008582954252853832,0.008665436174729856,,-0.73%
11/18/2025,0.008590253498380737,0.00857529970672475,0.008561937052638788,0.008598600147895923,,-0.17%
11/17/2025,0.008575961579692122,0.008577947811765513,0.00855431993156544,0.008590474881451447,,-0.19%
11/14/2025,0.008559738414394056,0.00853511774194925,0.008527330092947899,0.008596826051821667,,-0.29%
11/13/2025,0.00853511774194925,0.00859933957072097,0.008522097799594348,0.00860733344809778,,0.70%
11/12/2025,0.008595126563238643,0.008595643727758772,0.008576182226719953,0.008626564643162154,,0.01%
11/11/2025,0.008595643727758772,0.008556442573435668,0.008552490912978406,0.008608148473344868,,-0.45%
11/10/2025,0.008557028315206695,0.00857184491818174,0.008546716351577723,0.008586491731208462,,0.15%
11/07/2025,0.00856956775100264,0.008584501540918027,0.008557467674165861,0.00861474844934528,,0.17%
11/06/2025,0.008584501540918027,0.00865463672162361,0.008580671180099708,0.008656659568205822,,0.80%
11/05/2025,0.008652989175110542,0.008654486918743022,0.008638935683123839,0.008670921198668146,,0.02%
11/04/2025,0.008654486918743022,0.008575373243120406,0.008572065353426254,0.008663109016563864,,-0.88%
11/03/2025,0.008577947811765513,0.00857324119956791,0.00856318344907903,0.008596382642184168,,-0.17%
10/31/2025,0.008563476771569257,0.008577579921600919,0.008562156978586045,0.008603482689792828,,0.16%
10/30/2025,0.008577579921600919,0.008572726727190118,0.008536283472901567,0.008594387864724334,,-0.05%
10/29/2025,0.008573020703845,0.008539709649871904,0.00853293285435137,0.008605851979345954,,-0.39%
10/28/2025,0.008539709649871904,0.008498992869344982,0.008468547813420954,0.008550443340487204,,-0.48%
10/27/2025,0.008498992869344982,0.008551686392556612,0.008486082824168364,0.00855622294094495,,0.62%
10/24/2025,0.008551686392556612,0.008548250600514604,0.008522388314101145,0.008568760014738268,,-0.04%
10/23/2025,0.008548250600514604,0.008533733849908689,0.00851042101052739,0.00855768737056498,,-0.18%
10/22/2025,0.008533151292772422,0.00849668204566117,0.008489324674222165,0.008563990134283364,,-0.43%
10/21/2025,0.00849668204566117,0.008488892284445803,0.008476012883539583,0.008506077592439798,,-0.09%
10/20/2025,0.008489180539402532,0.008463602278401733,0.008454657670910904,0.008494661105495196,,-0.30%
10/17/2025,0.008463960456376748,0.008457589417864122,0.008440528039434148,0.008485650764557134,,-0.05%
10/16/2025,0.008460093737838615,0.008496754239880366,0.00844637397165397,0.008504124500382685,,0.44%
10/15/2025,0.008497043029025899,0.008453228287883143,0.008435188231225379,0.008518758305789348,,-0.47%
10/14/2025,0.00845673113514702,0.008459306506052634,0.008434049946443783,0.008500221005746149,,0.03%
10/13/2025,0.008459306506052634,0.00843348091924942,0.008423677272076352,0.008474935378617737,,-0.31%
10/10/2025,0.00843348091924942,0.008457660949287864,0.008431703204047217,0.0085028952358278,,0.29%
10/09/2025,0.008457660949287864,0.008404915194405688,0.008392852646686082,0.008473929954494997,,-0.63%
10/08/2025,0.008404279459100574,0.00839397983766043,0.008382510729613733,0.008423677272076352,,-0.12%
10/07/2025,0.00839397983766043,0.008358059258640143,0.008355196096452383,0.008413046953215046,,-0.42%
10/06/2025,0.008358338696600662,0.008390317573520158,0.008354079296920686,0.008396587626788472,,0.03%
10/03/2025,0.00836050497450046,0.008391725758402215,0.008352334895219958,0.008395530219711025,,0.31%
10/02/2025,0.00838679917809368,0.008366590530692837,0.008338475393159114,0.00840745909771149,,-0.24%
10/01/2025,0.008366590530692837,0.0083678507175432,0.0083358340835584,0.008384900471231407,,0.06%
09/30/2025,0.00837163355685595,0.008396094137007464,0.008357430591538938,0.00840110222461187,,0.29%
09/29/2025,0.008396094137007464,0.00841651657212113,0.008375840725012773,0.008419634587858887,,0.20%
09/26/2025,0.008412763845306098,0.008441668073611346,0.008406822977528563,0.008452085129401423,,0.35%
09/25/2025,0.00844195313027622,0.008376402000284798,0.008365680631776201,0.00845437175563484,,-0.77%
09/24/2025,0.008376682666130559,0.008324869715788948,0.008319052293562718,0.008391162427731113,,-0.62%
09/23/2025,0.008324869715788948,0.008380543729677182,0.008323068215867098,0.008387221229734378,,0.67%
09/22/2025,0.008380543729677182,0.008419776370739594,0.008374227477515199,0.00843540169382866,,0.55%
09/19/2025,0.008426658577074432,0.008363791473950971,0.008354847064524483,0.008430921246764634,,-0.75%
09/18/2025,0.008363791473950971,0.00836358162019303,0.008306958739335941,0.00837977123224536,,0.00%
09/17/2025,0.00836393138230694,0.008337919188887221,0.008304337355400726,0.008368831125356722,,-0.31%
09/16/2025,0.008337919188887221,0.008342162121578671,0.008310479514667997,0.008350521490067054,,0.08%
09/15/2025,0.008344598541364176,0.008355754608198667,0.0083248004129101,0.008363861427543869,,0.13%
09/12/2025,0.008355196096452383,0.0083462700519138,0.008340144451301896,0.008372474652332991,,-0.11%
09/11/2025,0.0083462700519138,0.008393416204329323,0.00833479192191967,0.00839835056394924,,0.56%
09/10/2025,0.008393416204329323,0.008376752835530835,0.008367360599772408,0.008398562166157154,,-0.20%
09/09/2025,0.008376472164982995,0.008391092016715054,0.008346200392271418,0.008392641332080033,,0.17%
09/08/2025,0.008391092016715054,0.008399126490844951,0.008383424293486917,0.008415524960447033,,0.03%
09/05/2025,0.008393768466290627,0.00844095551616443,0.008373175694345595,0.008445018705716434,,0.56%
09/04/2025,0.008440670526866654,0.008444947387977773,0.008429357767231714,0.00846281439355472,,0.05%
09/03/2025,0.008444947387977773,0.008483707040628473,0.00843469019382918,0.008506945921344778,,0.46%
09/02/2025,0.008483707040628473,0.00839095119822783,0.008383705430126008,0.008503907545517164,,-1.11%
09/01/2025,0.008389120987902888,0.00839835056394924,0.008365120792344242,0.008403785064793183,,0.11%
08/29/2025,0.008398068444257821,0.008448657508321928,0.008388346908474746,0.008461668641056016,,0.60%
08/28/2025,0.008448657508321928,0.008451585094784527,0.00843767930068514,0.008468189247093295,,0.03%
08/27/2025,0.008451585094784527,0.008463530646444471,0.00844872888873869,0.008485938799409379,,0.16%
08/26/2025,0.008464820207218799,0.008483131293423029,0.008455444037643638,0.008489396743467409,,0.22%
08/25/2025,0.008483347189467076,0.008466253513495208,0.00844694474008751,0.008491559389966374,,-0.21%
08/22/2025,0.008465393471488555,0.008541606163623008,0.008458519420760589,0.008545255674049767,,0.89%
08/21/2025,0.008540949582774612,0.008536210605388056,0.008499209573509664,0.00855549091406865,,-0.02%
08/20/2025,0.008539345032236027,0.008516509253187303,0.008496970829899142,0.008544671542825894,,-0.31%
08/19/2025,0.008513101663460065,0.008482051978014521,0.008470915112959653,0.008523042044166405,,-0.37%
08/18/2025,0.00848140452058861,0.008432200888753974,0.00842069807587049,0.008484858769525781,,-0.59%
08/15/2025,0.008431561019207097,0.008426232547165836,0.008418500496691529,0.008439174648719355,,-0.06%
08/14/2025,0.008426232547165836,0.008423322495325056,0.008401172803723399,0.008438604929833,,-0.03%
08/13/2025,0.008423322495325056,0.008455658526686059,0.008415454139982665,0.008463244130740195,,0.38%
08/12/2025,0.008455658526686059,0.008493578854386084,0.008439601988370227,0.008502678343678259,,0.44%
08/11/2025,0.00849264112646392,0.008507018290089324,0.008468547813420954,0.00851411640499949,,0.06%
08/08/2025,0.008497837300407046,0.008506801187549446,0.008476012883539583,0.008511797351128664,,0.11%
08/07/2025,0.008507090660065164,0.008535846286480072,0.008502389171357152,0.008556881872245754,,0.32%
08/06/2025,0.008534316486592588,0.008560324607509117,0.0085260214173658,0.00859017970655946,,0.30%
08/05/2025,0.008560324607509117,0.00858074480864939,0.008549127561532345,0.008589146754161442,,0.29%
08/04/2025,0.008584943725693878,0.008643042350907518,0.008561204047737274,0.008649546331294923,,0.54%
08/01/2025,0.008631330001639953,0.008650818367417558,0.008614080576109708,0.00869678653737444,,0.23%
07/31/2025,0.008651117724409994,0.008616678442793872,0.008595274318179864,0.008659958085802864,,-0.43%
07/30/2025,0.00861430318901504,0.008597860852219967,0.008525585281429571,0.008621804543690995,,-0.19%
07/29/2025,0.008598230484166358,0.008632596685082873,0.008589220528237063,0.008650893204723387,,0.43%
07/28/2025,0.008635504011191612,0.008605259534627565,0.00858229130013131,0.008640055296353897,,-0.38%
07/25/2025,0.008602372534344972,0.008568686591719221,0.008557247989046723,0.00861749523883388,,-0.39%
07/24/2025,0.00856898029134533,0.00852703924143459,0.008519193743504114,0.008574417368339821,,-0.53%
07/23/2025,0.008523913840278903,0.00856054445062706,0.008521734684312339,0.008572800219463685,,0.43%
07/22/2025,0.008560251328979019,0.0086011147044657,0.008558639518662113,0.008611780916293488,,0.45%
07/21/2025,0.008598821961391289,0.008659808098652534,0.00858317525985563,0.008664309974353643,,0.68%
07/18/2025,0.008656884387309008,0.008667839714308003,0.00861764376384209,0.00867047011288952,,0.08%
07/17/2025,0.008663634394628547,0.008676488451593871,0.008659058240825728,0.008705796319189316,,0.13%
07/16/2025,0.008674606823445728,0.008689154197730394,0.008632000552448036,0.008708904855214456,,0.17%
07/15/2025,0.008689154197730394,0.008657783780507865,0.008647526807333102,0.008695198511382014,,-0.36%
07/14/2025,0.008657783780507865,0.008630510581005973,0.008616604196286242,0.008661008141347654,,-0.32%
07/11/2025,0.008630510581005973,0.00859490494035136,0.008583027920589825,0.00864169792080748,,-0.47%
07/10/2025,0.008589810766468815,0.008589146754161442,0.00856898029134533,0.008620243780494112,,-0.01%
07/09/2025,0.008589146754161442,0.008578536501672816,0.008565237128589904,0.00859490494035136,,-0.12%
07/08/2025,0.008578536501672816,0.008574196812113626,0.008543284551178545,0.00862120990059745,,-0.05%
07/07/2025,0.008574196812113626,0.008579714123925391,0.008538688798948034,0.008585091130742354,,-0.09%
07/04/2025,0.0085665578713817,0.008570449091532395,0.008554905382746466,0.008585607088277212,,0.06%
07/03/2025,0.008571697967650413,0.008563770114155055,0.008544014490648576,0.00861957505494979,,-0.09%
07/02/2025,0.008563770114155055,0.008496248906107954,0.008487019104280003,0.008605629803017134,,-0.80%
07/01/2025,0.008495310588555117,0.008495527104979228,0.008480325644504749,0.008526603001364257,,0.00%
06/30/2025,0.008495527104979228,0.008542919628212138,0.008493578854386084,0.00854350351992345,,0.43%
06/27/2025,0.008531986417077624,0.00850296753566995,0.00849689863199932,0.0085511745038181,,-0.32%
06/26/2025,0.008504847763225038,0.008505281779985371,0.00847443263673497,0.008516581784734878,,0.01%
06/25/2025,0.008505571149102662,0.008546424176124709,0.008497404043064843,0.008561643835616438,,0.47%
06/24/2025,0.00854576685438868,0.008540074298646397,0.00851832291258497,0.008572065353426254,,-0.07%
06/23/2025,0.008540074298646397,0.008600448943434848,0.008535044894336144,0.008621953217281843,,0.55%
06/20/2025,0.008587302814059132,0.008551393877201984,0.008534899202840415,0.008593723144615173,,-0.43%
06/19/2025,0.008550443340487204,0.008616678442793872,0.008547592997811816,0.008642818250175016,,0.82%
06/18/2025,0.008620541025154738,0.008625374125602698,0.008579346082241611,0.008637368711995578,,0.08%
06/17/2025,0.008627532180695034,0.008577874231208022,0.008538251366120218,0.008636622735045688,,-0.55%
06/16/2025,0.008579787736051411,0.008561204047737274,0.008543065593657627,0.008583764667507876,,-0.22%
06/13/2025,0.008560837592350035,0.008583322604180078,0.008535992010311478,0.008623812069887373,,0.26%
06/12/2025,0.008583322604180078,0.008632745731107236,0.00858081843846266,0.008640951195907645,,0.63%
06/11/2025,0.00863751792284969,0.008655086161382736,0.008622845366514042,0.008688248275382717,,0.20%
06/10/2025,0.008655086161382736,0.008610372054176462,0.008604593131813762,0.00867731662660639,,-0.47%
06/09/2025,0.0086145258134266,0.008616901189994055,0.008591508153341237,0.008631628011359223,,0.05%
06/06/2025,0.008618832148243912,0.008580597552813578,0.008565163765931205,0.008632745731107236,,-0.39%
06/05/2025,0.008584943725693878,0.008589220528237063,0.008563256777817739,0.008610520333743769,,0.08%
06/04/2025,0.008591508153341237,0.008631702517004453,0.00857780065191285,0.008636249794889068,,0.46%
06/03/2025,0.008631404502140588,0.008655086161382736,0.008621507211890783,0.008661083155059372,,0.22%
06/02/2025,0.008650294542529174,0.008688474738259698,0.00863505660279603,0.008692024198595369,,0.42%
05/30/2025,0.008686587908269632,0.008678672163159037,0.008657933697543745,0.008709739230407442,,-0.10%
05/29/2025,0.008678295582747549,0.00868945621383014,0.00866671288913541,0.008728974083675945,,0.17%
05/28/2025,0.008693006476289825,0.008674155354122392,0.008648424257100357,0.008704280765280365,,-0.19%
05/27/2025,0.008676413170795193,0.008663559336717898,0.008632745731107236,0.008681610612400812,,-0.13%
05/26/2025,0.008664835498098069,0.008683269077142163,0.008634012830143065,0.00869126875141233,,0.06%
05/23/2025,0.00867009424392443,0.00866573654427758,0.008642594161063385,0.00870716076901644,,-0.05%
05/22/2025,0.008665811639918196,0.008705417381236345,0.00865171650055371,0.008716116098666434,,0.45%
05/21/2025,0.008705114254624592,0.00872844075134418,0.008675660434650588,0.008737592618481756,,0.27%
05/20/2025,0.00872844075134418,0.008764702788928429,0.008726993463481896,0.00877493177490545,,0.42%
05/19/2025,0.008764702788928429,0.0088147664968355,0.008731717965509714,0.008817098116667843,,0.53%
05/16/2025,0.008810805571953444,0.008788581874428741,0.008755264102541653,0.00882776154450516,,-0.25%
05/15/2025,0.008788581874428741,0.008829320407208257,0.008777473492030055,0.008833219973677003,,0.46%
05/14/2025,0.008829320407208257,0.008811892530158702,0.0087728532828017,0.008842436621835514,,-0.19%
05/13/2025,0.008812203138906759,0.008941024999105898,0.008805917576611482,0.008960412895826239,,1.46%
05/12/2025,0.008941024999105898,0.008816243046188298,0.008805297266835729,0.008965956264065343,,-1.58%
05/09/2025,0.008799640974648235,0.00882542428227237,0.008787423439573281,0.0088447829048036,,0.29%
05/08/2025,0.008825112740815265,0.008877368037924117,0.00876908371844226,0.008885334754986894,,0.63%
05/07/2025,0.008880363739698778,0.008872484650601555,0.00882581374002683,0.00889711377629097,,-0.09%
05/06/2025,0.008872484650601555,0.008924029734867077,0.008848696144623091,0.008947264821144175,,0.58%
05/05/2025,0.008924029734867077,0.00891360929867722,0.008894264977942223,0.00894606417906442,,-0.12%
05/02/2025,0.00891360929867722,0.008900598120193677,0.008875792164450677,0.008970460274316675,,-0.15%
05/01/2025,0.008900598120193677,0.008867292106336567,0.008854494098479684,0.008915993509156726,,-0.37%
04/30/2025,0.008867292106336567,0.008759789064279332,0.008748906386701663,0.008881389049247302,,-1.22%
04/29/2025,0.008758791637105745,0.008741029518456683,0.00872691730373163,0.00877793578062183,,-0.26%
04/28/2025,0.00873644758568271,0.008810339814806657,0.008733243089821405,0.008835405235861142,,0.68%
04/25/2025,0.008795461541844409,0.00878348704435661,0.008779862507353135,0.008848461252588175,,-0.14%
04/24/2025,0.00878348704435661,0.008838294562681185,0.008778244000070226,0.008841654804113138,,0.65%
04/23/2025,0.00884024788055057,0.008804056909423862,0.008769852754172257,0.008871933637936388,,-0.38%
04/22/2025,0.008806382866301496,0.008777088288731095,0.008752045790703577,0.008810029337397694,,-0.35%
04/21/2025,0.00877577885037297,0.008813911878509039,0.00875304168198449,0.008816631694027613,,0.28%
04/18/2025,0.008800725179754812,0.008827839474566994,0.008797705558390372,0.008836732529779788,,0.31%
04/17/2025,0.00882776154450516,0.008817564588660612,0.008806382866301496,0.008859436185481157,,-0.08%
04/16/2025,0.008820909082890082,0.00881896430083251,0.008782098570274352,0.008841263947093878,,-0.03%
04/15/2025,0.008818575447322239,0.008810727942342595,0.008796080466544108,0.008852769588965907,,-0.09%
04/14/2025,0.008810727942342595,0.008867134851386821,0.008803359361932514,0.008884703206489387,,0.65%
04/11/2025,0.00886815710827133,0.00894470384085583,0.008834780764915319,0.008948545861297539,,0.86%
04/10/2025,0.00894470384085583,0.008996770159512736,0.008925861791956013,0.009038567567811854,,0.67%
04/09/2025,0.00900422298057789,0.009082074709146558,0.008972472454509564,0.009086696168140226,,0.86%
04/08/2025,0.009082074709146558,0.009154407389437645,0.00904739932506401,0.009154407389437645,,0.80%
04/07/2025,0.009154407389437645,0.009098022089997635,0.009012175449031642,0.009163383121048292,,-0.93%
04/04/2025,0.009069389902141284,0.008951429543298065,0.00894142472661594,0.009097277184938548,,-1.30%
04/03/2025,0.008951429543298065,0.008996041741633681,0.008871225293637557,0.009020304705892965,,0.50%
04/02/2025,0.008996041741633681,0.009044453488897933,0.008982224178351043,0.009064457356260368,,0.51%
04/01/2025,0.00904232713331103,0.009057806923787612,0.009031955056991637,0.009069554412791699,,0.17%
03/31/2025,0.009057806923787612,0.009043880910176175,0.00901144453455889,0.009081167474890572,,-0.27%
03/28/2025,0.009033015672282192,0.009016482129332419,0.009006493681944682,0.009053788557822021,,-0.18%
03/27/2025,0.009016482129332419,0.009059201884313991,0.008984483796483473,0.009071858188712794,,0.47%
03/26/2025,0.009058463322282008,0.00902445627650934,0.008997255836969725,0.0090703770555742,,-0.38%
03/25/2025,0.009024130525023915,0.009042408897730355,0.009001548266301803,0.009052149432882838,,0.21%
03/24/2025,0.009043063066321825,0.009008440909131856,0.008987390690860722,0.00906240371196056,,-0.44%
03/21/2025,0.009002844898988081,0.008932958149091072,0.008927455496634349,0.009020060614807332,,-0.78%
03/20/2025,0.008932958149091072,0.008915119150567448,0.008893394875625873,0.008951830201684734,,-0.27%
03/19/2025,0.008909003438875327,0.008890074232119839,0.008876186080364988,0.008943503885952438,,-0.21%
03/18/2025,0.008890074232119839,0.008878077363566146,0.008874768146682168,0.008918219923303309,,-0.13%
03/17/2025,0.008878077363566146,0.008893394875625873,0.008871461395835736,0.008914086038758446,,0.16%
03/14/2025,0.008892683100345036,0.008883913897106509,0.008875477056891809,0.008910511730688693,,-0.10%
03/13/2025,0.008883913897106509,0.008850419067342838,0.008840091583348805,0.008893869455784128,,-0.38%
03/12/2025,0.008850419067342838,0.008854807717850407,0.00883033396323049,0.008878156184523598,,0.05%
03/11/2025,0.008854807717850407,0.008894502308123348,0.008843531398958233,0.0088999644001424,,0.45%
03/10/2025,0.008894502308123348,0.008894185870696325,0.008844391771177896,0.008907257633519792,,-0.12%
03/07/2025,0.008884229604029887,0.008918060856847286,0.008875240740905097,0.008923631561100105,,0.38%
03/06/2025,0.00891774274095741,0.008924985496898567,0.008886756067432704,0.00893160179346564,,0.09%
03/05/2025,0.008925383791503034,0.008954716001182023,0.008919731337692109,0.00898367665950967,,0.33%
03/04/2025,0.008954716001182023,0.009023967658099914,0.008950067573010177,0.009032199792259405,,0.76%
03/03/2025,0.009022583526566997,0.009082652134423252,0.00900446621524276,0.00909744270885454,,0.73%
02/28/2025,0.0090887608383473,0.009086943879034602,0.009062650100142284,0.009108961396221603,,-0.02%
02/27/2025,0.00908653103504675,0.009053460685346975,0.00903130249444575,0.009089421730989474,,-0.35%
02/26/2025,0.009054854307394195,0.00906141829319125,0.009023967658099914,0.00908909127265456,,0.06%
02/25/2025,0.009060022650056626,0.009139013534879045,0.009046908219116117,0.009145198313625431,,0.87%
02/24/2025,0.009139013534879045,0.009129085265656381,0.009095622276998082,0.009148126463700234,,0.03%
02/21/2025,0.00914177057812557,0.009116185787866358,0.009097939316744756,0.009147205985931597,,-0.28%
02/20/2025,0.009115853380614226,0.00914268996224069,0.009113361098706814,0.009171366992250195,,0.30%
02/19/2025,0.00914302432958774,0.009124420599291945,0.009103902843148857,0.009160613028223848,,-0.20%
02/18/2025,0.009124420599291945,0.009121840422523649,0.009107053412868266,0.009140517170461505,,-0.03%
02/17/2025,0.009121840422523649,0.009171282879049121,0.00911352720843548,0.009178522257916474,,0.54%
02/14/2025,0.009171282879049121,0.00917835377046773,0.009140266530172018,0.009187123327943554,,0.08%
02/13/2025,0.00917835377046773,0.00924222959546761,0.009175490429963481,0.00925266245362103,,0.74%
02/12/2025,0.009246673509205062,0.009256945023003508,0.009215995281410415,0.00930275826782641,,0.11%
02/11/2025,0.009257202103236318,0.009242058761009603,0.00923838734710469,0.009347279474309002,,-0.16%
02/10/2025,0.009242058761009603,0.009201409655959293,0.009171619341110868,0.009248554913294798,,-0.54%
02/07/2025,0.009192528312987204,0.00918130319417538,0.009149130832570906,0.009219308920603311,,-0.12%
02/06/2025,0.00918130319417538,0.009154323587030154,0.009137343408777332,0.0092365953909389,,-0.29%
02/05/2025,0.009154742614411395,0.009202002355712603,0.009114690146108483,0.009208442299900548,,0.52%
02/04/2025,0.009202002355712603,0.00923514526883508,0.009189993934604004,0.009273856997125105,,0.36%
02/03/2025,0.00923514526883508,0.009321836401771148,0.009231053263177328,0.009419921249458355,,0.94%
01/31/2025,0.009321836401771148,0.009301027763567874,0.009262003556609366,0.009328184175668365,,-0.22%
01/30/2025,0.009301027763567874,0.009273255005239388,0.009256945023003508,0.009310813578890523,,-0.34%
01/29/2025,0.009269558769002597,0.009284706231894823,0.009263547938860583,0.009320967516428205,,0.14%
01/28/2025,0.009282120778955577,0.009265350369224212,0.009262775683361276,0.009311160356803665,,-0.18%
01/27/2025,0.009265779622697453,0.009296358616329983,0.009250608227490957,0.009320359393058196,,0.29%
01/24/2025,0.009292989368820162,0.009363208209660958,0.00927738451975619,0.009369788055394188,,0.78%
01/23/2025,0.009365488176071177,0.009388966087054494,0.009346667912889055,0.009407603224926385,,0.27%
01/22/2025,0.009390464921918284,0.009361893349310965,0.009354799479873149,0.009399202947590045,,-0.31%
01/21/2025,0.00936136750856565,0.009415132000150641,0.009352174848260963,0.009470145366731379,,0.53%
01/20/2025,0.009410613289668086,0.009487486005958142,0.00939434648228696,0.009499563020101076,,0.88%
01/17/2025,0.00949334042169418,0.009432182607055273,0.009429958979678438,0.009496495793052362,,-0.61%
01/16/2025,0.009435475500787861,0.009453940402359704,0.009417437326954589,0.00948604602629532,,0.20%
01/15/2025,0.009453940402359704,0.009461454036256292,0.009405833497935421,0.00950136819702037,,0.07%
01/14/2025,0.00946029043091623,0.009457874626413952,0.009419300145999152,0.009517736301598028,,-0.03%
01/13/2025,0.009457874626413952,0.009513028091971956,0.009449473664316898,0.009552010698251982,,0.48%
01/10/2025,0.00950281283259845,0.009458053532582994,0.00943529744775204,0.00952444448677531,,-0.46%
01/09/2025,0.009459216587682208,0.009414334265352426,0.00940822278671559,0.009509680855110503,,-0.47%
01/08/2025,0.009414334265352426,0.009340731192437744,0.009322792362768497,0.009449205794252994,,-0.79%
01/07/2025,0.009340294966515042,0.009318448664666306,0.009275663441827677,0.00934684263655737,,-0.24%
01/06/2025,0.009318101343670214,0.00938623414899708,0.009298000929800094,0.009392317084624777,,0.74%
01/03/2025,0.009386674676629058,0.009417259954043772,0.009374443392423574,0.009422584049449722,,0.33%
01/02/2025,0.009417259954043772,0.009328793320583983,0.009296790747833848,0.009440285474232741,,-0.96%
01/01/2025,0.009327227108652868,0.009333233778839692,0.009314976619408685,0.009333756463626351,,0.11%
12/31/2024,0.009337678466379689,0.009318188171491935,0.009291262496748057,0.009344746383583149,,-0.21%
12/30/2024,0.009317754048564135,0.009315497261243805,0.00927402900916274,0.009352787130564907,,-0.10%
12/27/2024,0.009308473503430172,0.009363295880149813,0.009293248454997445,0.009370227040601193,,0.59%
12/26/2024,0.009363295880149813,0.009350425911900287,0.009343262106531875,0.009383151612963762,,-0.17%
12/25/2024,0.009347803733512811,0.009359177141145751,0.0093442224672485,0.0093722469024724,,0.10%
12/24/2024,0.009356900246086475,0.009374091884848655,0.009336545104849402,0.009385000891575086,,0.18%
12/23/2024,0.009374004012073717,0.009366102202907237,0.009335412018409433,0.009395140833161088,,-0.10%
12/20/2024,0.009364260363895158,0.009397083145391671,0.00933036005859466,0.009421252461302206,,0.35%
12/19/2024,0.009397083145391671,0.009366102202907237,0.009278159213212098,0.009403445422402769,,-0.31%
12/18/2024,0.009368383579097262,0.00926638064438411,0.0092529192960379,0.009377256402321808,,-1.09%
12/17/2024,0.00926638064438411,0.009283844254228792,0.009249068156383244,0.009297222919513942,,0.21%
12/16/2024,0.009286085729143452,0.009347978499649452,0.00927256711020446,0.009349464275697003,,0.62%
12/13/2024,0.009343524003513166,0.009301373812912168,0.009291435155074051,0.009351999925184,,-0.45%
12/12/2024,0.009301114273489964,0.009245391172500507,0.009212768897692201,0.009304489416143289,,-0.59%
12/11/2024,0.009246160531839154,0.009224156220309747,0.009214042200313277,0.009270933768449157,,-0.23%
12/10/2024,0.00922517735403463,0.009242485858996636,0.009220328981338054,0.009260716964707408,,0.19%
12/09/2024,0.009242827565808933,0.009273770993499086,0.009206153392927833,0.00928203462198914,,0.27%
12/06/2024,0.009267582921698192,0.009251720820072534,0.009221434301891316,0.0092824654228163,,-0.17%
12/05/2024,0.009252063210095852,0.009291866828964608,0.009246502510425431,0.009299643823641554,,0.43%
12/04/2024,0.009292212196957729,0.009317840869913625,0.009277298450691158,0.009347279474309002,,0.28%
12/03/2024,0.009318275000931827,0.009323140033563304,0.009294803275488674,0.009341080202514618,,0.05%
12/02/2024,0.009323140033563304,0.009277298450691158,0.009277212383223089,0.009354886992965125,,-0.43%
11/29/2024,0.009283154787322924,0.009329402545061014,0.009274115017574448,0.009334366336541245,,0.50%
11/28/2024,0.009329837754121455,0.009342214665408582,0.009326444199884352,0.00936057885819659,,0.13%
11/27/2024,0.00934186557055444,0.009435475500787861,0.009330098899048329,0.009437256400819154,,0.99%
11/26/2024,0.009434763328961893,0.009439661682525297,0.009401765651589369,0.009480560111491386,,0.06%
11/25/2024,0.009440374594063893,0.009444208339235963,0.009396994841049833,0.009463244757362405,,0.12%
11/22/2024,0.009451349180095457,0.009400528309691005,0.009394434736861882,0.009481818612809936,,-0.54%
11/21/2024,0.009400528309691005,0.009369788055394188,0.009352262312253334,0.009409904865861806,,-0.33%
11/20/2024,0.009369085764611089,0.00934561970804284,0.009319838207608715,0.009385265133740028,,-0.27%
11/19/2024,0.009343349403894308,0.00934640583963437,0.00933567347548452,0.009393464027729507,,0.01%
11/18/2024,0.009344484418072233,0.009389406871167948,0.009337068160597572,0.009395935318381269,,0.44%
11/15/2024,0.009385265133740028,0.009346755273906663,0.009327836128574893,0.009403003319260172,,-0.41%
11/14/2024,0.009347104734308548,0.009321923299215095,0.009308386856557757,0.009373740403633262,,-0.27%
11/13/2024,0.009321923299215095,0.009295753699709973,0.0092791062364873,0.009339509862522414,,-0.28%
11/12/2024,0.009295753699709973,0.009204712812960236,0.009200393776853649,0.009317233154442457,,-0.97%
11/11/2024,0.009205814392370221,0.0091726288754357,0.009166322929556808,0.009217354434930087,,-0.41%
11/08/2024,0.009168423947923353,0.009132503493182587,0.009130835745395775,0.009200647725599882,,-0.37%
11/07/2024,0.009134589034839323,0.009206322902569486,0.00911859646563201,0.009213193292795283,,0.81%
11/06/2024,0.009208442299900548,0.009115604091083116,0.009110372158702683,0.009243083862499885,,-1.01%
11/05/2024,0.009115604091083116,0.009172292339301438,0.009113859446059623,0.009180797444065992,,0.62%
11/04/2024,0.009172208209126346,0.009168003667201467,0.009146954978687595,0.00918982502573151,,0.30%
11/01/2024,0.009199547382268794,0.009219478915051722,0.009164558818138494,0.009231308907289964,,0.22%
10/31/2024,0.009219478915051722,0.00917414359369553,0.009146285693379918,0.009258744884543452,,-0.49%
10/30/2024,0.009174480265692947,0.009139514691769867,0.009116850675102792,0.009192866335723478,,-0.38%
10/29/2024,0.009139514691769867,0.009169264624977077,0.009137426900584795,0.009179786110983613,,0.32%
10/28/2024,0.00916892833565613,0.009172376471019877,0.009148544923929849,0.009193119869089973,,0.05%
10/25/2024,0.009173386172037685,0.009167331298185786,0.009148126463700234,0.009182314861576604,,-0.05%
10/24/2024,0.009169096477233133,0.009204373918486063,0.009157006025309965,0.009215655555657952,,0.38%
10/23/2024,0.009204373918486063,0.009160445197636605,0.009151223976206817,0.009215061095855065,,-0.48%
10/22/2024,0.009160445197636605,0.009159690036089178,0.009136759008844383,0.009188473978241693,,-0.01%
10/21/2024,0.009159354448698457,0.00912001021441144,0.00910821469883688,0.009165734816960276,,-0.50%
10/18/2024,0.009113776384382632,0.009142940735458153,0.009098601544942542,0.009148461228821311,,0.33%
10/17/2024,0.009144027578387176,0.009159857839006339,0.009135173157207195,0.009174985320023487,,0.17%
10/16/2024,0.009159857839006339,0.009100257537288305,0.009095291367658962,0.00917044183188746,,-0.64%
10/15/2024,0.009100920103022415,0.009107882872626257,0.009080095522604898,0.009125752874612156,,0.08%
10/14/2024,0.009107882872626257,0.009101168590046962,0.009097525473071324,0.009131502771411091,,-0.10%
10/11/2024,0.009098767117055638,0.009121507602776587,0.009086448470750722,0.009130418903619299,,0.25%
10/10/2024,0.009121507602776587,0.009111783358238874,0.009094050672050344,0.009148210152683627,,-0.10%
10/09/2024,0.00911244760342628,0.009087439341342396,0.009085705459600411,0.009125003421876283,,-0.27%
10/08/2024,0.009087439341342396,0.009100091910928301,0.009081167474890572,0.009120509289238712,,0.14%
10/07/2024,0.009099760676294213,0.00908075515559874,0.00906429303046509,0.00911743253099927,,-0.32%
10/04/2024,0.009071035277256194,0.009070623877510295,0.009036688957166094,0.009106389953830602,,0.00%
10/03/2024,0.009070623877510295,0.008980046337039098,0.008973921783297737,0.009095291367658962,,-1.00%
10/02/2024,0.008980046337039098,0.008970299338888939,0.008948625938487146,0.00899151201266005,,-0.11%
10/01/2024,0.008970299338888939,0.008924189014323323,0.008909638446871825,0.009000495027226498,,-0.51%
09/30/2024,0.008924189014323323,0.008934873705560172,0.008889046916389625,0.008941184885821069,,0.08%
09/27/2024,0.008930883889578552,0.008913370947758733,0.008900360464598816,0.008946384318777567,,-0.20%
09/26/2024,0.008913291500285227,0.008976821845993644,0.00889964757395607,0.00898367665950967,,0.71%
09/25/2024,0.008976499524245524,0.00891726560967345,0.008909162182388368,0.008985291078504487,,-0.66%
09/24/2024,0.00891726560967345,0.008968851179852372,0.008913927119731869,0.008974324457726444,,0.57%
09/23/2024,0.008968529430229326,0.008992077979300236,0.008957764142070139,0.009035954061209554,,0.25%
09/20/2024,0.00899078444594291,0.009000981106940656,0.008971586984021604,0.009026329804038379,,0.11%
09/19/2024,0.009000981106940656,0.009046171660153424,0.008976983015548135,0.009080095522604898,,0.51%
09/18/2024,0.00904649900488511,0.009069801189957916,0.008988036922855679,0.009079518422342878,,0.26%
09/17/2024,0.009069801189957916,0.009023886226842453,0.009021199819576005,0.009080837616461742,,-0.51%
09/16/2024,0.009023560516508605,0.009083394646247196,0.009021199819576005,0.009086200786864987,,0.67%
09/13/2024,0.00908372469047208,0.009077787561615482,0.009057314687341497,0.009088513028383427,,-0.06%
09/12/2024,0.009078529278256921,0.009129501985666682,0.009075068970524177,0.009138428921299851,,0.57%
09/11/2024,0.009130502268929815,0.009103985724950383,0.009082734629742323,0.009157257584498594,,-0.29%
09/10/2024,0.009103985724950383,0.00911078717201166,0.009082652134423252,0.009126669039600617,,0.07%
09/09/2024,0.00911078717201166,0.009076963574145178,0.00906043308870164,0.009115604091083116,,-0.44%
09/06/2024,0.009070623877510295,0.009034729500198764,0.008996770159512736,0.009087687092758022,,-0.39%
09/05/2024,0.009035056017347307,0.00905862743677078,0.009028856224493481,0.009066018748526772,,0.27%
09/04/2024,0.009059366025565532,0.009082982124691179,0.009037669004410383,0.009093389106119851,,0.25%
09/03/2024,0.009082239680305164,0.009062650100142284,0.00905838126726754,0.009101831288455238,,-0.22%
09/02/2024,0.009062650100142284,0.009086200786864987,0.009058873619654132,0.009086448470750722,,0.20%
08/30/2024,0.009080672696233338,0.009054198431812831,0.009032444540790519,0.009098022089997635,,-0.31%
08/29/2024,0.009052149432882838,0.009033668482434032,0.009010388978492202,0.009070459328060372,,-0.20%
08/28/2024,0.009033668482434032,0.008987148377819719,0.008978836881470375,0.00905051090134038,,-0.51%
08/27/2024,0.008987148377819719,0.009041427822281694,0.008981094795455566,0.009047153765425397,,0.63%
08/26/2024,0.00904347196975863,0.009028856224493481,0.00902087430313746,0.009048627323235066,,-0.15%
08/23/2024,0.009030242281400409,0.009101002930522944,0.00901705124390222,0.009105229133091135,,0.78%
08/22/2024,0.009100340352729193,0.009105394946505805,0.009071035277256194,0.009111949410456873,,0.05%
08/21/2024,0.009105146228648432,0.009160109554910277,0.009086035671776047,0.009164558818138494,,0.60%
08/20/2024,0.009160109554910277,0.009179112012703891,0.00914779172307805,0.00919971664872722,,0.20%
08/19/2024,0.009178438013418878,0.009215230933687198,0.009173891105912574,0.009217694285951313,,0.33%
08/16/2024,0.009208442299900548,0.009266981744045964,0.00920700100356311,0.009269386922748929,,0.64%
08/15/2024,0.009267411148695611,0.009284275223054712,0.009251635226526288,0.009303970004000708,,0.18%
08/14/2024,0.009284275223054712,0.00926389120486169,0.009258487718616041,0.009296617890411469,,-0.20%
08/13/2024,0.009265607916535403,0.009332362767605502,0.009255659835989707,0.009336457934588776,,0.72%
08/12/2024,0.009332362767605502,0.009337504085158037,0.009309686729041568,0.009345532368251357,,0.01%
08/09/2024,0.009333146670399925,0.009338114447930675,0.00932331387868504,0.00935970273584111,,0.05%
08/08/2024,0.009337765659433011,0.009390200386876256,0.009334104952676088,0.009404948884102815,,0.56%
08/07/2024,0.00938984769667036,0.009387115245613871,0.009351125407942846,0.009398054602697242,,-0.04%
08/06/2024,0.009386410355087903,0.009313415043027977,0.009299211426871002,0.009404152873909118,,-0.79%
08/05/2024,0.009311940701561612,0.009317406779345174,0.0092873793801603,0.009386674676629058,,0.12%
08/02/2024,0.009323226955313773,0.009374179759271064,0.009293766670693966,0.009399026260879373,,0.56%
08/01/2024,0.009375673876559878,0.00929195316855603,0.009284102830722953,0.00938588175666163,,-0.89%
07/31/2024,0.00929195316855603,0.009304835723125307,0.009284361421621421,0.009320446262967071,,0.14%
07/30/2024,0.009304835723125307,0.009282637754344274,0.009277987047930081,0.009318188171491935,,-0.23%
07/29/2024,0.00928332714444857,0.009276868129319542,0.009266981744045964,0.009327749120859647,,-0.02%
07/26/2024,0.009281173140284931,0.009292557590625668,0.00927256711020446,0.009296185774976528,,0.12%
07/25/2024,0.009292557590625668,0.009254631943287616,0.009246331517970245,0.009294803275488674,,-0.41%
07/24/2024,0.009254289363119806,0.00925823056697404,0.009233439825672655,0.009278847938239987,,0.04%
07/23/2024,0.00925823056697404,0.009241631702493392,0.00923941163426713,0.009270504037304509,,-0.17%
07/22/2024,0.009242742136737127,0.009249752569118776,0.009229008619894051,0.009262775683361276,,0.01%
07/19/2024,0.00924334017340506,0.00924222959546761,0.009228582766544542,0.00926638064438411,,-0.02%
07/18/2024,0.009241887932866925,0.00919531774420465,0.009191345429143918,0.009245818578547851,,-0.50%
07/17/2024,0.009195655972118771,0.009227816329543777,0.009174985320023487,0.009232757824762256,,0.40%
07/16/2024,0.009232075924592404,0.009228838273838089,0.009217014608968154,0.009248383844923101,,-0.04%
07/15/2024,0.009228497600590625,0.009214636528662128,0.009205390676780322,0.009239838487623235,,-0.15%
07/12/2024,0.009214636528662128,0.009271535458987363,0.009211750508949216,0.009280828592376727,,0.62%
07/11/2024,0.00927196528576197,0.009318361831989936,0.00924752859798219,0.009322270905192505,,0.50%
07/10/2024,0.009318709172405439,0.009366979523782761,0.009317233154442457,0.009371368594669565,,0.52%
07/09/2024,0.009366979523782761,0.009347803733512811,0.00933724252553736,0.009373916140946202,,-0.18%
07/08/2024,0.009350076203121055,0.009362857544122466,0.009324617923780573,0.009363909619544352,,-0.06%
07/05/2024,0.009344571738277236,0.00938605794952178,0.009341254717333632,0.009391523211149616,,0.44%
07/04/2024,0.009385265133740028,0.009395493921115433,0.009377256402321808,0.009399644693430588,,0.11%
07/03/2024,0.009395140833161088,0.009445903311733702,0.009375937593759376,0.009448848657791048,,0.47%
07/02/2024,0.009439572576153752,0.009471849662802153,0.009436989222958308,0.009493791060646338,,0.33%
07/01/2024,0.009471131989695408,0.009487215976471704,0.009430047904643355,0.009489106505731421,,0.17%
06/28/2024,0.009487666034155597,0.009481548905829256,0.009470504114934039,0.009508324538133136,,-0.07%
06/27/2024,0.009480739876939996,0.009480649993363545,0.009458769224948451,0.009488116134541487,,0.00%
06/26/2024,0.009480739876939996,0.00944822373393802,0.009432449512813983,0.00948622599984822,,-0.34%
06/25/2024,0.009448937939375615,0.00944688488970762,0.00943200467827432,0.009462617927875927,,-0.08%
06/24/2024,0.00944135502327294,0.009462707469861277,0.009436098739337208,0.009477325498744254,,0.23%
06/21/2024,0.009462707469861277,0.00944688488970762,0.009434585302803016,0.009481459006911984,,-0.16%
06/20/2024,0.009447241877733796,0.009419211423619615,0.009404595085158608,0.009450277365640683,,-0.30%
06/19/2024,0.009418501704748807,0.009441176748269905,0.009404064436649519,0.009449295082586838,,0.24%
06/18/2024,0.00944082021846058,0.009427292010370021,0.009415841211253814,0.009464229942930693,,-0.16%
06/17/2024,0.009425514868749705,0.009434496292242958,0.009414954714067825,0.009456801331517627,,0.10%
06/14/2024,0.009434496292242958,0.00937919132612386,0.009375761780644677,0.009458411365227097,,-0.59%
06/13/2024,0.00937919132612386,0.009364084988435356,0.009348502837270612,0.0093977896398767,,-0.16%
06/12/2024,0.009364435745924129,0.00938482473839801,0.009313415043027977,0.009398231252878208,,0.22%
06/11/2024,0.00938482473839801,0.00940530270966771,0.009376992610929821,0.009419832515377875,,0.22%
06/10/2024,0.00940530270966771,0.009410347618241017,0.009398231252878208,0.009437612661501147,,0.05%
06/07/2024,0.009410347618241017,0.009366102202907237,0.009357775843837436,0.009420542434833397,,-0.47%
06/06/2024,0.009366453111535724,0.009379367267884109,0.009357425585073034,0.009386322251215528,,0.14%
06/05/2024,0.009379367267884109,0.00937611341346785,0.009361542782250515,0.009401765651589369,,-0.03%
06/04/2024,0.00937611341346785,0.009395317373820888,0.009350163627863487,0.009404152873909118,,0.21%
06/03/2024,0.00939575875449822,0.009411410393961638,0.009393022862617647,0.009477594965501554,,0.09%
05/31/2024,0.009403976001053246,0.009427914168269413,0.009389759528258481,0.009445903311733702,,0.26%
05/30/2024,0.009428269723940263,0.009444832732012316,0.009416373189702254,0.009457248508119048,,0.17%
05/29/2024,0.009444475926030864,0.009420986188834248,0.009392846408175533,0.009446706405811614,,-0.26%
05/28/2024,0.009420276202498258,0.009420808682217282,0.009390641286893481,0.00942684766214178,,0.01%
05/27/2024,0.009420808682217282,0.009456622472717644,0.009413448051886927,0.009456980197083466,,0.33%
05/24/2024,0.00945143850894106,0.009464229942930693,0.009441176748269905,0.009487666034155597,,0.08%
05/23/2024,0.009458948164964056,0.00944733112895607,0.009423827204704374,0.009470145366731379,,-0.12%
05/22/2024,0.00944733112895607,0.009449830848027821,0.009412473409762617,0.009455191845842552,,0.03%
05/21/2024,0.009449830848027821,0.009447509636459829,0.009430492554626128,0.009461633077869241,,-0.02%
05/20/2024,0.009447509636459829,0.009450991881597974,0.009431915716401158,0.009464588243088485,,0.04%
05/17/2024,0.009450991881597974,0.009456622472717644,0.009442068190616472,0.009488926422864518,,0.06%
05/16/2024,0.009456980197083466,0.009453046716956875,0.009436900167033134,0.009474362375412134,,-0.08%
05/15/2024,0.009449741549568619,0.009511942243486697,0.00944759889274141,0.009519457771685325,,0.66%
05/14/2024,0.009511851767302059,0.009539254030334827,0.009509047859037875,0.009573225602634551,,0.29%
05/13/2024,0.009539254030334827,0.009557945041816009,0.00952653138992093,0.009566906158217495,,0.20%
05/10/2024,0.009557945041816009,0.00956827924066136,0.009545263640181743,0.009577534934058671,,0.11%
05/09/2024,0.00956827924066136,0.009591774094536525,0.00956580797597069,0.00962334237927517,,0.18%
05/08/2024,0.009585613910642908,0.009580012262415696,0.009567729960389598,0.00960670163506062,,-0.08%
05/07/2024,0.009578085340740386,0.009534797242536638,0.00952653138992093,0.009583868432654156,,-0.46%
05/06/2024,0.009533706419044531,0.009558950044927066,0.009506968607989656,0.009566174008705219,,0.26%
05/03/2024,0.009558950044927066,0.009558767301368816,0.009494602318581886,0.009571851100284284,,0.00%
05/02/2024,0.009559132795472795,0.00956846234810066,0.009551189600664763,0.009605963382067588,,0.05%
05/01/2024,0.009563886763580718,0.009591590093805752,0.009545172528993461,0.009608270799504213,,0.29%
04/30/2024,0.009591958102327009,0.0095428953144384,0.009535160905840286,0.009593890610459259,,-0.53%
04/29/2024,0.009541347429083935,0.00959867922173909,0.009530162965786714,0.009607901538225036,,0.60%
04/26/2024,0.009598863494562244,0.009586808551433228,0.009560686457287634,0.009633632939317746,,-0.08%
04/25/2024,0.009591314105945657,0.00962862397334797,0.009576617730150064,0.009640226738132881,,0.39%
04/24/2024,0.009629087547663983,0.009642829591915453,0.009623249771447817,0.009665664659430305,,0.14%
04/23/2024,0.009642829591915453,0.00971269838186445,0.00963437545161135,0.009728572818367545,,0.72%
04/22/2024,0.00971269838186445,0.009692458298198172,0.009671647565162726,0.009753242953281966,,-0.21%
04/19/2024,0.009692458298198172,0.009625102266711583,0.009611225911865058,0.00969838037047813,,-0.69%
04/18/2024,0.009625472851353822,0.009598034322570738,0.009588830929733047,0.009627789652051681,,-0.29%
04/17/2024,0.00959775796373967,0.00961852913452475,0.009576526019421196,0.009623620213451896,,0.22%
04/16/2024,0.009618899213174045,0.009621027718180858,0.009586900459212531,0.009653068710543082,,0.02%
04/15/2024,0.00962065747573189,0.009610671689844403,0.009586624741161133,0.009629551166620124,,-0.10%
04/12/2024,0.009611041164089305,0.00955904141932647,0.009549730220121282,0.009628253146031714,,-0.54%
04/11/2024,0.00955904141932647,0.009562149188651642,0.00953907203907204,0.009591314105945657,,0.03%
04/10/2024,0.009562149188651642,0.00948082976222079,0.00945653304585473,0.009580930116695729,,-0.85%
04/09/2024,0.009481279214191578,0.009487846069185374,0.009456711901271928,0.009503354684203524,,0.07%
04/08/2024,0.009487846069185374,0.009496585977341146,0.009482717746906264,0.009519004692869313,,0.09%
04/05/2024,0.009496585977341146,0.00948775605081642,0.009475260095889632,0.00954007307695977,,-0.08%
04/04/2024,0.00948856627763545,0.009464140372129998,0.009452957357709358,0.009494512171964604,,-0.26%
04/03/2024,0.009463782105880794,0.009538617091294103,0.00946073793755913,0.009547359677681137,,0.79%
04/02/2024,0.009538981046044661,0.009554383551173279,0.009531707224080905,0.009568645462548321,,0.16%
04/01/2024,0.009554018420147513,0.009496766351057465,0.009487035965353345,0.009564710045814962,,-0.54%
03/29/2024,0.00950209045990118,0.009501187648456057,0.009484336618075248,0.009513209090822606,,-0.02%
03/28/2024,0.00950037526482296,0.00949496292216979,0.00947804411081729,0.009528891599329166,,-0.06%
03/27/2024,0.00949496292216979,0.009503083750677094,0.009487486005958142,0.00952154248988336,,0.09%
03/26/2024,0.009503806274412902,0.00948586605957124,0.009474362375412134,0.009511218482199754,,-0.18%
03/25/2024,0.009487035965353345,0.009495233392836795,0.009473554572411114,0.0095121232010197,,0.06%
03/22/2024,0.009492619488347809,0.009495594044363415,0.00947804411081729,0.009535524596885699,,0.03%
03/21/2024,0.009495503878913335,0.009400263207369806,0.009395405646638794,0.009501909883886661,,-1.00%
03/20/2024,0.009400263207369806,0.009466738613880133,0.009398054602697242,0.0094801107276933,,0.70%
03/19/2024,0.0094663801508941,0.009472926376416203,0.009457427390601209,0.009508414947228297,,0.08%
03/18/2024,0.009473644321497594,0.009474900987284682,0.009460200934667852,0.009485236229808302,,-0.05%
03/15/2024,0.009468979622755851,0.009453851026215529,0.009447063380348219,0.009481728708778185,,-0.16%
03/14/2024,0.009453851026215529,0.009432093641825677,0.009414334265352426,0.00947319559306941,,-0.21%
03/13/2024,0.00943360627900834,0.009442157344109981,0.009421341222136384,0.009450098753531973,,0.09%
03/12/2024,0.009442513974920684,0.009432894389314416,0.009420542434833397,0.009477235679896888,,-0.10%
03/11/2024,0.009432894389314416,0.009394434736861882,0.009392052445220855,0.009447777410364212,,-0.38%
03/08/2024,0.00939717145139313,0.009441622448401533,0.009379015390964257,0.009448937939375615,,0.47%
03/07/2024,0.009440909348388437,0.009477684791159216,0.009437434527797963,0.0094948727687049,,0.48%
03/06/2024,0.009485956042079701,0.009494512171964604,0.009461633077869241,0.009506787846522417,,0.09%
03/05/2024,0.00949496292216979,0.009502361336792194,0.00947202909807339,0.009520273422252687,,0.08%
03/04/2024,0.00950281283259845,0.009537434430138294,0.00949225906273434,0.009542348944616206,,0.40%
03/01/2024,0.009540437142829886,0.009553562045608706,0.009528710003239762,0.009577901864817493,,0.14%
02/29/2024,0.009553470775932896,0.009523809523809525,0.009511580349074998,0.00956580797597069,,-0.32%
02/28/2024,0.009523083955508152,0.009509590421940528,0.009503264371311545,0.009556392270789933,,-0.15%
02/27/2024,0.00950850535804277,0.009513209090822606,0.00949947277926075,0.009530798776245438,,0.04%
02/26/2024,0.0095121232010197,0.009525260992151185,0.009500104501149513,0.009535069987413707,,0.09%
02/23/2024,0.009520726621855779,0.009535251826000726,0.009495323553150074,0.009542531060938603,,0.14%
02/22/2024,0.009534160898499323,0.00954080123648784,0.009490907710413424,0.00956837079350499,,0.07%
02/21/2024,0.009540710210468067,0.009557031585989391,0.009537798294641665,0.009568553904448421,,0.17%
02/20/2024,0.009557031585989391,0.009565350474441384,0.009519729639678233,0.009583041849143756,,0.06%
02/19/2024,0.009562606383996022,0.009557396947367415,0.009537798294641665,0.009570293808019907,,-0.03%
02/16/2024,0.009559955259409387,0.009562697828311324,0.00953952703024984,0.009598310697317272,,0.03%
02/15/2024,0.009562423500611995,0.009584143992179339,0.0095580363970026,0.009604302727621973,,0.22%
02/14/2024,0.009583776583000296,0.009555844354407156,0.009542804248456452,0.009609286414390867,,-0.29%
02/13/2024,0.009556392270789933,0.009542986382158433,0.009497487914446628,0.009573500550476281,,-0.15%
02/12/2024,0.009542531060938603,0.009542531060938603,0.00952018278750952,0.009558401835213151,,-0.02%
02/09/2024,0.009540255106421546,0.009547359677681137,0.009525623928367307,0.009561234929103444,,0.11%
02/08/2024,0.009550368644229668,0.009544443702098823,0.009533524639394431,0.00958543014617781,,-0.07%
02/07/2024,0.009543714986495642,0.009555844354407156,0.009530435445595509,0.009567638419808839,,0.13%
02/06/2024,0.009556300947029424,0.0096065170611743,0.009553470775932896,0.009611133537089363,,0.55%
02/05/2024,0.009608455440787892,0.009536615836504258,0.009528710003239762,0.009617511565057657,,-0.74%
02/02/2024,0.009537343468350326,0.009459842966606754,0.009442603136832761,0.009549821418339478,,-0.82%
02/01/2024,0.009459485025635204,0.009485056293809104,0.00944849154832431,0.009546812796547873,,0.29%
01/31/2024,0.009486945962355798,0.009473285335354301,0.009444921937720185,0.00951049483104606,,-0.14%
01/30/2024,0.00947319559306941,0.009463423866754991,0.009452689290103034,0.009518823473418685,,-0.09%
01/29/2024,0.009464229942930693,0.009474900987284682,0.009454208540931996,0.009500736307063797,,0.07%
01/26/2024,0.009470773193923553,0.009459663992734978,0.00942853640829334,0.009489466691971912,,-0.11%
01/25/2024,0.009460827443968249,0.009452331890277332,0.009441711593477667,0.009489106505731421,,-0.09%
01/24/2024,0.0094519745174767,0.009477684791159216,0.009416905228265783,0.009486675963609111,,0.35%
01/23/2024,0.009484786402610213,0.009468083091897214,0.009439305267132339,0.00950814372510055,,-0.18%
01/22/2024,0.009467634890128097,0.00948136910969944,0.009448402275175268,0.009482897594188881,,0.07%
01/19/2024,0.009473913578960333,0.009462886558915931,0.00945653304585473,0.009503625633179058,,-0.12%
01/18/2024,0.009462886558915931,0.009482987520388423,0.00945903763751076,0.009507510933637574,,0.22%
01/17/2024,0.009483437176970422,0.009526894422956005,0.009472836640932127,0.009551372054595643,,0.43%
01/16/2024,0.009524172349422835,0.00948586605957124,0.009477684791159216,0.009539163033835412,,-0.40%
01/15/2024,0.00948586605957124,0.009466021715053815,0.009454655472354587,0.009495233392836795,,-0.24%
01/12/2024,0.009463065654749511,0.009435119401436026,0.009414600161931122,0.009483796932940072,,-0.31%
01/11/2024,0.009433339307781561,0.009452242544543693,0.00942658107331052,0.00948676596148373,,0.20%
01/10/2024,0.009452242544543693,0.009466290539389235,0.00944768815070952,0.009482987520388423,,0.16%
01/09/2024,0.00946700747893591,0.00944715262819786,0.009430581489654652,0.009482717746906264,,-0.21%
01/08/2024,0.009446795646916566,0.00945599652019328,0.00943129303027445,0.009490997788597515,,0.12%
01/05/2024,0.009458232445520581,0.00947193937958797,0.009420364944937967,0.009528528414071731,,0.15%
01/04/2024,0.009472657175064177,0.009479751251327165,0.009435475500787861,0.009487305984592615,,0.08%
01/03/2024,0.009480470231323474,0.009518370454978107,0.009469338282640809,0.009521905142780968,,0.38%
01/02/2024,0.009516468248303689,0.00943716733985127,0.009402296040693137,0.00952253985182928,,-0.82%
01/01/2024,0.00943868160495342,0.009436365866777386,0.009420897434689627,0.009449830848027821,,0.00%
12/29/2023,0.009438859785737884,0.009443138143667902,0.009411144677527128,0.009464498665505689,,0.05%
12/28/2023,0.009443138143667902,0.009383239657324089,0.009364435745924129,0.009458411365227097,,-0.63%
12/27/2023,0.00938350380031904,0.009454029780193806,0.009377080539744755,0.009456622472717644,,0.68%
12/26/2023,0.00944733112895607,0.009474182851729039,0.009444832732012316,0.00947939180222197,,0.28%
12/25/2023,0.009474182851729039,0.009458232445520581,0.009444475926030864,0.009485596122288305,,-0.11%
12/22/2023,0.009463782105880794,0.009471490812653912,0.009434674315042644,0.009483796932940072,,0.06%
12/21/2023,0.00946924861512239,0.009513480602013052,0.00946154355621576,0.009523809523809525,,0.47%
12/20/2023,0.009513480602013052,0.009450991881597974,0.009446438692612885,0.009524807360771128,,-0.66%
12/19/2023,0.009450277365640683,0.00951094710011223,0.009428625306430322,0.009515019458214792,,0.63%
12/18/2023,0.009509771290000475,0.009499924000607996,0.009476786611195876,0.009525079534414112,,-0.10%
12/15/2023,0.009499924000607996,0.009403445422402769,0.009394699510536156,0.009508234130757236,,-1.03%
12/14/2023,0.009401942441308373,0.00950814372510055,0.009384472451881117,0.009514747859181731,,1.12%
12/13/2023,0.009507330151546842,0.009544352606562697,0.009494241742383244,0.009598310697317272,,0.39%
12/12/2023,0.009544079330387393,0.009555022597628443,0.009508776600802541,0.00958056295387917,,0.12%
12/11/2023,0.009555113896957651,0.00955557041977621,0.009523900227621215,0.00957047699257331,,-0.03%
12/08/2023,0.009552193183554944,0.009531979792202841,0.009519004692869313,0.009587360024543641,,-0.27%
12/07/2023,0.00952662214558584,0.009553653317028432,0.009511942243486697,0.009564527081958433,,0.28%
12/06/2023,0.009553653317028432,0.009527075949849473,0.0095085957705766,0.009562149188651642,,-0.26%
12/05/2023,0.00952925481227368,0.00948775605081642,0.009481998425988262,0.00953952703024984,,-0.41%
12/04/2023,0.009490097083693166,0.009446170994587343,0.009436900167033134,0.009511761292838596,,-0.44%
12/01/2023,0.009448759377893683,0.009500104501149513,0.009443227317367983,0.009515109994671539,,0.54%
11/30/2023,0.009500104501149513,0.009448402275175268,0.009434763328961893,0.009514657329616275,,-0.53%
11/29/2023,0.009449830848027821,0.009448937939375615,0.009425959091337543,0.00947696623356931,,0.02%
11/28/2023,0.009451259852938397,0.00950245163252119,0.009434407283362423,0.009518008071270845,,0.55%
11/27/2023,0.009503264371311545,0.009525896148680187,0.00948622599984822,0.009532615845114058,,0.16%
11/24/2023,0.00951873286628084,0.00957542562766915,0.009507330151546842,0.009582399049426014,,0.57%
11/23/2023,0.009573133956863458,0.009609101741169235,0.009549547828910302,0.009611780197810437,,0.35%
11/22/2023,0.009606793924663522,0.009569469564302052,0.009561143512764126,0.009641899839944464,,-0.39%
11/21/2023,0.009569469564302052,0.009595915978159696,0.00955812775393556,0.009602181615663079,,0.29%
11/20/2023,0.009597389510053267,0.009643666522011669,0.009584327707332968,0.00965195065922823,,0.43%
11/17/2023,0.009638275519744008,0.009685792879005076,0.009634653923231077,0.009706476160894548,,0.55%
11/16/2023,0.00969133110432718,0.009678106188181098,0.009646550393579256,0.009710340541642794,,-0.11%
11/15/2023,0.009680448398369812,0.009641435031190042,0.00962704815449487,0.009694243558175155,,-0.40%
11/14/2023,0.009641899839944464,0.009787800485474903,0.00963855421686747,0.009799790284487912,,1.51%
11/13/2023,0.009787321503724076,0.009822989725152748,0.009781577377167842,0.009828686002968264,,0.32%
11/10/2023,0.009819035181603056,0.009818360333824251,0.009788758589635663,0.0098542555602637,,0.00%
11/09/2023,0.009819131596001649,0.009781099004284121,0.009753242953281966,0.009832068273882093,,-0.37%
11/08/2023,0.009782342871117634,0.009768009768009768,0.009762860127502953,0.009812387157547687,,-0.15%
11/07/2023,0.009768009768009768,0.009734160087996808,0.009727437209392812,0.009799310128566949,,-0.35%
11/06/2023,0.009733781087263348,0.009721857652560251,0.009667066238737868,0.009738710399968835,,-0.18%
11/03/2023,0.00971637889991158,0.00984532986777722,0.009704968944099378,0.009859988168014198,,1.29%
11/02/2023,0.009842132199519705,0.009883864591055103,0.009825885312266634,0.009895307645114686,,0.42%
11/01/2023,0.009883864591055103,0.009878787280073497,0.009870986210232264,0.009929401952120423,,-0.04%
10/31/2023,0.009879568065284186,0.009869135266367962,0.009845232938211318,0.00991099922694206,,-0.09%
10/30/2023,0.009870401626642189,0.009910311679302314,0.009864656907232766,0.009937493167973446,,0.35%
10/27/2023,0.009905403397553365,0.009904422324567919,0.009875177753199557,0.00992526277133187,,-0.01%
10/26/2023,0.009904422324567919,0.009930782446348948,0.009894230674093936,0.009956490138096519,,0.26%
10/25/2023,0.009929894941711516,0.009901382232959721,0.009878787280073497,0.00993492623317272,,-0.24%
10/24/2023,0.009906188395890914,0.00982520952259307,0.00980276830176842,0.009912374608461203,,-0.83%
10/23/2023,0.009823954731216599,0.009888947123799728,0.0098159509202454,0.009904618523617563,,0.63%
10/20/2023,0.009886111989876621,0.009908642317829612,0.009878201772149398,0.009953517075258543,,0.24%
10/19/2023,0.009909526027370111,0.009887773767736193,0.009869330069874857,0.009933051234678268,,-0.22%
10/18/2023,0.009887773767736193,0.009859599305884209,0.00983303506460304,0.009894915992163227,,-0.26%
10/17/2023,0.009862030197536465,0.009839517470063269,0.009834098754019688,0.009901480271300559,,-0.25%
10/16/2023,0.009837484751898634,0.009892273145446093,0.009834872490878156,0.009895993112388793,,0.50%
10/13/2023,0.009886991685039993,0.0098542555602637,0.009824147755182238,0.009905795881170073,,-0.26%
10/12/2023,0.009860863219966275,0.009765434268861936,0.00974725371126685,0.009867187654174808,,-0.97%
10/11/2023,0.009765529633499673,0.009783682773869741,0.00975048508663306,0.009801423166643798,,0.19%
10/10/2023,0.009783682773869741,0.009811328159492951,0.009778516599031927,0.009838065442811326,,0.30%
10/09/2023,0.009812579727210283,0.0098393238416656,0.009806132755425242,0.009877713901894545,,0.16%
10/06/2023,0.009828492800629023,0.009857072449482503,0.00980786394531135,0.009918076686568942,,0.29%
10/05/2023,0.009857072449482503,0.009896776619854913,0.009853090421810802,0.009918076686568942,,0.46%
10/04/2023,0.009902166594050778,0.009952031209569874,0.009864073073053325,0.009980239126529473,,0.48%
10/03/2023,0.009949555752335658,0.009941346058256287,0.009935123642613732,0.009975559878298169,,-0.04%
10/02/2023,0.009945498667303179,0.009870596480145294,0.00983777508878592,0.009946290033817385,,-0.74%
09/29/2023,0.009872155585172022,0.00985590664485226,0.009810846872302017,0.009883473843386474,,-0.16%
09/28/2023,0.00985678097247001,0.009903539525026244,0.00983477576711251,0.009918765312093951,,0.47%
09/27/2023,0.009902754946426095,0.009879275256367193,0.009870401626642189,0.009924376252952501,,-0.25%
09/26/2023,0.009877713901894545,0.009852216748768473,0.00984348853233586,0.00988464617909002,,-0.28%
09/25/2023,0.009850178780744871,0.009841357320001576,0.009821639035122181,0.009862613789906601,,-0.04%
09/22/2023,0.009846202319765266,0.009779472886411423,0.009779472886411423,0.009864462288160673,,-0.64%
09/21/2023,0.009782725663024232,0.009765243545174017,0.009750294946422128,0.009841841605401204,,-0.14%
09/20/2023,0.009768773139781374,0.009685792879005076,0.009680729539778117,0.009779090349015734,,-0.85%
09/19/2023,0.009685792879005076,0.009694431518535752,0.009671647565162726,0.009711094925952901,,0.09%
09/18/2023,0.00969405560510295,0.00971798410137801,0.009670712247957063,0.009721101595232772,,0.25%
09/15/2023,0.009718078541510774,0.00970487475859124,0.00966772044819552,0.009720062208398134,,-0.13%
09/14/2023,0.009705345704413991,0.009656237929702587,0.00963771817384516,0.009715151750670345,,-0.54%
09/13/2023,0.009653068710543082,0.00966183574879227,0.009636046522832613,0.009691143264170874,,0.10%
09/12/2023,0.009662489250480709,0.009641620949313999,0.009616216787991268,0.009682885499878963,,-0.21%
09/11/2023,0.009642085775995063,0.009648411871405966,0.009603657072613252,0.009657263710900152,,0.19%
09/08/2023,0.009660342362533327,0.00963985501658055,0.009611964973999635,0.009673144449066057,,-0.20%
09/07/2023,0.009641435031190042,0.009607163100807963,0.009604026007702429,0.009656144687672,,-0.37%
09/06/2023,0.009605963382067588,0.00958423584887577,0.009558219112614938,0.00963122056458215,,-0.23%
09/05/2023,0.009583868432654156,0.009577901864817493,0.0095580363970026,0.00962065747573189,,-0.08%
09/04/2023,0.009576434310448847,0.009606240213642783,0.009561143512764126,0.009609840476648087,,0.29%
09/01/2023,0.009604671712320873,0.00953952703024984,0.009516377685997602,0.009615014807122802,,-0.69%
08/31/2023,0.009538799065197692,0.00951556270280043,0.009500826571911756,0.009563063623062284,,-0.24%
08/30/2023,0.009515924900320686,0.009577901864817493,0.009498029158949518,0.009589566551591868,,0.62%
08/29/2023,0.009574875526618154,0.00960208941465663,0.00956580797597069,0.009618621651517337,,0.28%
08/28/2023,0.009601351870343344,0.009617974069941908,0.009595915978159696,0.009632797749778446,,0.17%
08/25/2023,0.009617234083477592,0.009608732416019679,0.00956837079350499,0.009639111659469464,,-0.08%
08/24/2023,0.009609101741169235,0.009518098664610758,0.00951556270280043,0.009616771649757177,,-0.92%
08/23/2023,0.009520726621855779,0.009457069632403703,0.009444119147007159,0.009589750474692647,,-0.66%
08/22/2023,0.009457785175867515,0.009433517286920429,0.009406010440671589,0.009473644321497594,,-0.25%
08/21/2023,0.009434318276161365,0.009443048971651968,0.009423205586076271,0.009468083091897214,,0.06%
08/18/2023,0.009440107239618242,0.009437345463468036,0.009424804199692752,0.009485686099675589,,-0.05%
08/17/2023,0.009435831627020448,0.009437612661501147,0.009416639201468997,0.009476068189786694,,0.02%
08/16/2023,0.009437612661501147,0.009454208540931996,0.009408576858664358,0.009469517622772296,,0.20%
08/15/2023,0.009456085936908994,0.009477774618519572,0.009419655052231987,0.009484696442290363,,0.23%
08/14/2023,0.00947813394498891,0.009507510933637574,0.00946029043091623,0.009523900227621215,,0.25%
08/11/2023,0.00950145847387574,0.009544170420707033,0.00948082976222079,0.009553653317028432,,0.47%
08/10/2023,0.009545719222214798,0.009488026111047857,0.009435564529825819,0.009551007153704359,,-0.62%
08/09/2023,0.00948649597298246,0.009464677822366926,0.009445457207356123,0.009492979941333385,,-0.23%
08/08/2023,0.009464677822366926,0.009449027222647429,0.009446795646916566,0.00951031393546301,,-0.17%
08/07/2023,0.00944822373393802,0.00948208833513493,0.009444921937720185,0.00950850535804277,,0.38%
08/04/2023,0.009484336618075248,0.009504348239319489,0.009452063858143426,0.009514566801773514,,0.20%
08/03/2023,0.009503625633179058,0.009508867018494746,0.00949415160261279,0.009576434310448847,,0.05%
08/02/2023,0.00950850535804277,0.009504528908024674,0.009460021947250917,0.009527529797349442,,-0.05%
08/01/2023,0.009504167577482726,0.009470235051233972,0.009463065654749511,0.009532161512944675,,-0.34%
07/31/2023,0.009471670234329122,0.00946190165299422,0.009443673211132202,0.009477056047309463,,-0.12%
07/28/2023,0.009460021947250917,0.009513209090822606,0.009436276822616867,0.00952018278750952,,0.55%
07/27/2023,0.009512485136741973,0.009430225759604685,0.009389054240566347,0.009523174645499823,,-0.88%
07/26/2023,0.009428803107733504,0.00946880030300161,0.009408134272892343,0.009488656311379746,,0.42%
07/25/2023,0.00946880030300161,0.0095297088673941,0.009466290539389235,0.009542348944616206,,0.60%
07/24/2023,0.009525986892242036,0.009484876364636588,0.009470773193923553,0.009549821418339478,,-0.42%
07/21/2023,0.009486315989185598,0.009468620990039011,0.009446260225576694,0.009521451830975188,,-0.19%
07/20/2023,0.009468531336104457,0.00941876783679159,0.009400086480795622,0.00949225906273434,,-0.53%
07/19/2023,0.00941876783679159,0.009343262106531875,0.00934038220843997,0.009471131989695408,,-0.76%
07/18/2023,0.009347541596560104,0.00931923023158287,0.009285395929282425,0.009356550052864508,,-0.26%
07/17/2023,0.009322792362768497,0.009309340060883084,0.009291003521290335,0.009339771549187907,,-0.16%
07/14/2023,0.009307607107288788,0.009280828592376727,0.009264148671057874,0.009309773400115441,,-0.31%
07/13/2023,0.009278761842019801,0.009394169978111584,0.009274545083563651,0.009395935318381269,,1.21%
07/12/2023,0.00939125861647978,0.0093845605210308,0.009357863412625629,0.00941885655081473,,-0.08%
07/11/2023,0.009384208254349581,0.009421962594808498,0.009380951040816517,0.009434585302803016,,0.41%
07/10/2023,0.009422672835376483,0.00943075936474405,0.00941566389846148,0.009493250299037385,,0.06%
07/07/2023,0.00942853640829334,0.009485956042079701,0.009418235587744992,0.009506245603361408,,0.58%
07/06/2023,0.009483347242242623,0.009556940250009558,0.009480739876939996,0.009568096140230017,,0.72%
07/05/2023,0.009552010698251982,0.009595731818487137,0.009545992592309748,0.009602642647256524,,0.45%
07/04/2023,0.009594995250477351,0.009613443439305525,0.009572309223877168,0.009628253146031714,,0.21%
07/03/2023,0.009614922359501947,0.009601075320435888,0.009586349038968508,0.009645619923992514,,-0.29%
06/30/2023,0.009586716645416112,0.009651764342521813,0.009576250897773522,0.009675390643897247,,0.73%
06/29/2023,0.009656704166867848,0.009647201829109468,0.009624639076034648,0.009674267416099915,,-0.10%
06/28/2023,0.009646829569461996,0.009561326347190882,0.009560595051436001,0.009666599000473664,,-0.85%
06/27/2023,0.009565075994528776,0.009593338385824882,0.009555296500850421,0.009601351870343344,,0.31%
06/26/2023,0.009594811126142981,0.00959554766588303,0.009562240624223067,0.009604302727621973,,0.00%
06/23/2023,0.009594719066625729,0.009574692173646617,0.009564984504725102,0.009608917075045643,,-0.25%
06/22/2023,0.00957093498463865,0.009556026986220208,0.009502000171036003,0.009590762177870275,,-0.15%
06/21/2023,0.00955684891577549,0.009553653317028432,0.009516287125415149,0.009609563437533032,,-0.04%
06/20/2023,0.009553379508000956,0.009543623904869156,0.009510133046761324,0.009589014824616918,,-0.11%
06/19/2023,0.009543259595747523,0.009523174645499823,0.009509047859037875,0.00955904141932647,,-0.21%
06/16/2023,0.009523174645499823,0.009552649427318666,0.009500465522810617,0.009557945041816009,,0.29%
06/15/2023,0.009551189600664763,0.009632890541464777,0.00954426151276545,0.009640784374216687,,0.88%
06/14/2023,0.009635210914766924,0.009640877319836106,0.009601351870343344,0.009655771737556124,,0.06%
06/13/2023,0.009641249120236017,0.009703085581214826,0.009630571285488655,0.00970732417609086,,0.58%
06/12/2023,0.009697251798840208,0.00964785335262904,0.009625102266711583,0.009712887058549283,,-0.50%
06/09/2023,0.009648970454852466,0.009650739729200244,0.009632704959879784,0.009675858732462506,,0.04%
06/08/2023,0.009652695997992239,0.00974525893152981,0.009646922631680495,0.009748013842179656,,0.95%
06/07/2023,0.00974449923018456,0.00975495551740284,0.009695371429679472,0.009775075512458334,,0.10%
06/06/2023,0.009754479744822811,0.00974782379833702,0.009717795226618985,0.009773642441064935,,-0.13%
06/05/2023,0.009741936112382974,0.009740322989110319,0.009734065335046529,0.009782917070211996,,0.06%
06/02/2023,0.009747348721147847,0.009703085581214826,0.009682510481317597,0.009756478301592257,,-0.49%
06/01/2023,0.009699603286225595,0.009721385102949467,0.009686261974641366,0.009776509004164793,,0.22%
05/31/2023,0.009721290598539862,0.00974060761910328,0.009717417499125433,0.009794415224439024,,0.21%
05/30/2023,0.009741366713749939,0.009798445966469718,0.009720062208398134,0.009806421244630985,,0.59%
05/29/2023,0.00979883001969565,0.009810558122651598,0.009787321503724076,0.009816818172893801,,0.12%
05/26/2023,0.00981017314955609,0.009807479183625433,0.009763432041631274,0.009826754321315212,,-0.01%
05/25/2023,0.009809114629313559,0.009782821365681862,0.009756192743343838,0.009819902979358563,,-0.28%
05/24/2023,0.009781290347822684,0.009726207265476827,0.009691143264170874,0.009788950232977016,,-0.58%
05/23/2023,0.009724599346506924,0.00970506313143567,0.009699697369442073,0.009757715913858883,,-0.19%
05/22/2023,0.009706287733193562,0.009689546916786172,0.009670151144462388,0.009725734292939117,,-0.15%
05/19/2023,0.00969142502713599,0.0097414616088998,0.009664170089393574,0.009755241003228984,,0.51%
05/18/2023,0.009740797381673664,0.009717039800995024,0.009707512644035219,0.009751340809361287,,-0.24%
05/17/2023,0.009717417499125433,0.009730087376184637,0.009697627960200935,0.0097700138734197,,0.15%
05/16/2023,0.009731602405652115,0.009706570377488523,0.00969264618933615,0.009751530990365487,,-0.30%
05/15/2023,0.009702332440718749,0.009767055721052888,0.009699697369442073,0.009776509004164793,,0.64%
05/12/2023,0.009764290038471303,0.009735676386116925,0.009701673538685424,0.009776031126883107,,-0.29%
05/11/2023,0.009735676386116925,0.009668374746205162,0.009653348263845314,0.009742600494924106,,-0.70%
05/10/2023,0.009667533522172488,0.00964785335262904,0.009628531263841012,0.009680260979836017,,-0.20%
05/09/2023,0.00964785335262904,0.009690861517588915,0.009643201542912247,0.009699415125267946,,0.44%
05/08/2023,0.009690110273454913,0.009679605072113058,0.009649435990466358,0.009695089437200058,,-0.04%
05/05/2023,0.009686261974641366,0.009733591597963734,0.009673799481484347,0.009743739647276626,,0.48%
05/04/2023,0.009732454817078512,0.009738710399968835,0.009706287733193562,0.009746778689643073,,-0.02%
05/03/2023,0.00973093952221087,0.009812579727210283,0.009719684304653784,0.009812579727210283,,0.81%
05/02/2023,0.00981017314955609,0.009783491336718422,0.00976591111067707,0.009828009828009828,,-0.27%
05/01/2023,0.009783491336718422,0.009734728644439037,0.009726301865504699,0.009797773945759524,,-0.47%
04/28/2023,0.00973785689245511,0.009798734003566739,0.009713736194352434,0.009821349649868884,,0.56%
04/27/2023,0.009792113431841994,0.009811424422597673,0.009785214540828807,0.009831101673253505,,0.17%
04/26/2023,0.009809018411527558,0.009829555507499952,0.009771827820393805,0.009834292176820573,,0.20%
04/25/2023,0.009828782606986297,0.009776509004164793,0.009754574895626048,0.009846202319765266,,-0.58%
04/24/2023,0.009772209789799768,0.009797293987400679,0.009770586626021026,0.009828009828009828,,0.31%
04/21/2023,0.009802864396976797,0.00979038779726065,0.009780525018582998,0.009850858009732648,,-0.20%
04/20/2023,0.009783682773869741,0.009767437317471015,0.009764385380762209,0.009810558122651598,,-0.14%
04/19/2023,0.00976982297080777,0.009799982360031751,0.00975695426915534,0.009818167537210855,,0.33%
04/18/2023,0.009802383939774152,0.009855615236781155,0.009790100250626566,0.009863002889859846,,0.52%
04/17/2023,0.009853284592418882,0.00984222906803933,0.009801038910124474,0.009872837848511177,,-0.12%
04/14/2023,0.009841841605401204,0.009777656100279641,0.009755526505765517,0.009850372836611864,,-0.66%
04/13/2023,0.009776891339629652,0.009772591789068379,0.009749629514078465,0.009793743756488355,,-0.03%
04/12/2023,0.009774120084839362,0.00980622891660783,0.009761621210050565,0.009824630348283146,,0.33%
04/11/2023,0.009806613580198487,0.009850469867412675,0.009776700168159243,0.009853284592418882,,0.44%
04/10/2023,0.009850081755678572,0.00983032852957946,0.009802864396976797,0.009879958504174282,,-0.14%
04/07/2023,0.009836613844050324,0.009821542571476277,0.009806709750811505,0.009860474288813292,,-0.15%
04/06/2023,0.009822314333703307,0.009794703024604294,0.009777273705000098,0.00983361523030327,,-0.30%
04/05/2023,0.009793168285803823,0.0097414616088998,0.00972781571625907,0.0098159509202454,,-0.52%
04/04/2023,0.009742220836661925,0.009798349957867094,0.009720723610665578,0.009813542688910696,,0.59%
04/03/2023,0.009799982360031751,0.009868745682423763,0.00978942937416178,0.009907366126715212,,0.66%
03/31/2023,0.009864364981504316,0.009834679045249359,0.00980478669686541,0.00987478769206462,,-0.31%
03/30/2023,0.00983342183412984,0.009879470460383323,0.009827526902854896,0.009890707680134513,,0.47%
03/29/2023,0.009879958504174282,0.009856586664038243,0.009824147755182238,0.009886307464162135,,-0.22%
03/28/2023,0.00985853009316311,0.009903539525026244,0.009850178780744871,0.009906286529431577,,0.44%
03/27/2023,0.009901872444079175,0.009930782446348948,0.009883180802909609,0.00993917226573371,,0.28%
03/24/2023,0.009929204769989972,0.009890805507200506,0.009887578235462787,0.009950050745258801,,-0.36%
03/23/2023,0.009893251812938396,0.0098773236403864,0.009848335631278314,0.00993384062146107,,-0.14%
03/22/2023,0.009878982464806126,0.009898637947418435,0.00980622891660783,0.009908838684106223,,0.19%
03/21/2023,0.009897854145221317,0.0098699145265402,0.009862711062016728,0.009928317547308434,,-0.27%
03/20/2023,0.009871083647562829,0.009924474747174006,0.009860085388339464,0.009962044610035763,,0.79%
03/17/2023,0.009949357768956014,0.00999460291442621,0.009931374204248642,0.01000330108935949,,0.46%
03/16/2023,0.009994902599674166,0.00999520230289461,0.009978048293753742,0.010039555850049195,,0.01%
03/15/2023,0.00999550202408916,0.009997200783780542,0.009960953063989163,0.010048130545312044,,0.03%
03/14/2023,0.009998400255959047,0.009977152321184488,0.009941247228877336,0.010015624374023478,,-0.20%
03/13/2023,0.009978048293753742,0.010133560325084615,0.009963334927466922,0.010133560325084615,,1.64%
03/10/2023,0.010141576406636647,0.010222544800302588,0.010078917927371318,0.010231539744416138,,0.81%
03/09/2023,0.01022338087205439,0.01030163177847371,0.010208352473994221,0.010317042722873915,,0.77%
03/08/2023,0.010302056290435572,0.010305878473081046,0.010281930535277303,0.010345541071798055,,0.00%
03/07/2023,0.010302056290435572,0.010164770936886936,0.010130480589999189,0.010313318619665435,,-1.32%
03/06/2023,0.010166527724121105,0.010166941174078367,0.010137772325909105,0.010186515091322108,,-0.03%
03/03/2023,0.010163531217286133,0.010167044541822138,0.010136333688105013,0.010217948848948062,,0.03%
03/02/2023,0.010167044541822138,0.010083694665725522,0.010079324282100129,0.010179153094462542,,-0.81%
03/01/2023,0.010085016690702624,0.010065222642724856,0.010020843354176688,0.010133457637080347,,-0.20%
02/28/2023,0.010064817424211926,0.010028078620136383,0.009969493350347936,0.010068566940867307,,-0.36%
02/27/2023,0.010028883183568678,0.010084914984166683,0.010018433918409874,0.01011510995124517,,0.68%
02/24/2023,0.010096726641222915,0.010076480486895537,0.010031096398836392,0.010118897040222615,,-0.22%
02/23/2023,0.010074044225054148,0.010014320478283946,0.01000530281048956,0.010093771133833312,,-0.52%
02/22/2023,0.01002174719140535,0.00996551930321089,0.009944114078876713,0.010032807279804962,,-0.56%
02/21/2023,0.009965618615775574,0.010040563878067392,0.009935518485032142,0.010075363720630314,,0.76%
02/20/2023,0.010040967145955499,0.010026469880484478,0.01002566570420276,0.010061273153504843,,-0.03%
02/17/2023,0.010037641154328732,0.010076378952459643,0.010024761160065362,0.010135409065109867,,0.40%
02/16/2023,0.010077699059750677,0.010045203415369162,0.010018233184395601,0.010092752394505505,,-0.33%
02/15/2023,0.010044396231342533,0.009908445959335738,0.00989981388349899,0.010070087811165713,,-1.35%
02/14/2023,0.009908838684106223,0.009975261351847418,0.009843294747617923,0.009981833063823841,,0.66%
02/13/2023,0.00997446536865624,0.010039555850049195,0.009957679860592481,0.010065425264217413,,0.78%
02/10/2023,0.010052574967077817,0.009992805180270205,0.009988912307338853,0.010062488050795439,,-0.58%
02/09/2023,0.00999410347894742,0.010021847627828666,0.009940357852882704,0.010034720131655529,,0.28%
02/08/2023,0.01002194806626512,0.010019136550812052,0.009998900120986693,0.010048433449225265,,-0.06%
02/07/2023,0.010015825003505539,0.010050352264846883,0.00997565939108575,0.0101037656734665,,0.39%
02/06/2023,0.010054596458771128,0.010098358006988065,0.010013317712557701,0.010108463816753767,,0.34%
02/03/2023,0.010088374157620759,0.009970288540150352,0.009943718552990076,0.010094280580623019,,-1.17%
02/02/2023,0.009970288540150352,0.009881422924901186,0.009818553138009584,0.00997207818109294,,-0.89%
02/01/2023,0.009881422924901186,0.009927430483168043,0.00986747974699782,0.009966810520965185,,0.45%
01/31/2023,0.009926247977526975,0.009931374204248642,0.009887284951552304,0.009951734089665125,,0.04%
01/30/2023,0.009930092151255164,0.009894034886367009,0.009868648291243547,0.00994292759560125,,-0.36%
01/27/2023,0.009894034886367009,0.009895797254905843,0.009883571527407145,0.00993226197334181,,0.02%
01/26/2023,0.009896188977624716,0.009891588193400332,0.009875080235026909,0.009940160235382994,,-0.05%
01/25/2023,0.009891588193400332,0.00993917226573371,0.009885330170027679,0.00997337109916523,105.04K,0.45%
01/24/2023,0.009935913358835511,0.009915913057274314,0.009878299351983562,0.009989211651416469,104.25K,-0.20%
01/23/2023,0.009915618090053644,0.009955300699857639,0.00988523245124109,0.00996780399310228,107.93K,0.45%
01/20/2023,0.009960556197458066,0.00993374194125185,0.00992614944810609,0.009992505620784412,152.60K,-0.27%
01/19/2023,0.009934136673852359,0.009941049576014235,0.009926937738246506,0.009985122167969726,177.73K,0.09%
01/18/2023,0.009943421929222722,0.009967108541812021,0.009900597996118966,0.009996801023672425,171.75K,0.24%
01/17/2023,0.009967108541812021,0.010037338900710643,0.009963235660413076,0.01005631536604988,170.49K,0.77%
01/16/2023,0.010043891807197452,0.010070696287941348,0.01000920847179405,0.010073130930555835,123.07K,0.15%
01/13/2023,0.010058743059467289,0.01009733834161315,0.010032203372826773,0.010114189196023101,171.80K,0.39%
01/12/2023,0.0100981540574383,0.010084406482256487,0.010031800808563144,0.010159917095076503,139.11K,-0.12%
01/11/2023,0.01008613559800698,0.010078105316200556,0.01004490070615652,0.010115212267729438,141.65K,-0.09%
01/10/2023,0.01007688664510213,0.00998223162770269,0.009974863344372182,0.010096726641222915,180.99K,-0.90%
01/09/2023,0.00998631874332165,0.010049847242321917,0.009965122072745391,0.01005570862578686,149.12K,0.64%
01/06/2023,0.010049847242321917,0.01016208525989533,0.01001983928177792,0.010210437108812628,171.66K,1.17%
01/05/2023,0.010167251283615474,0.010035022227574235,0.010014621347166864,0.010199710328226677,142.16K,-1.30%
01/04/2023,0.01003461943705785,0.010095095802459165,0.009989910190707385,0.010105705681427735,187.89K,0.61%
01/03/2023,0.010096318882135573,0.010029285513700003,0.00999900009999,0.010138800174387364,165.42K,-0.67%
01/02/2023,0.010028883183568678,0.00999000999000999,0.0099879146233058,0.010040765507962327,20.94K,-0.40%
12/30/2022,0.009988712754587317,0.010012515644555695,0.009985421284924011,0.010069479407914611,144.89K,0.31%
12/29/2022,0.01002004008016032,0.010055809744079642,0.009990509016434387,0.010056719900237338,122.51K,0.34%
12/28/2022,0.01005378776454029,0.010037641154328732,0.009960456985766506,0.010063601964415103,112.68K,-0.13%
12/27/2022,0.010040866325946602,0.010028179183505652,0.009971382133277492,0.01005095835887952,122.21K,-0.14%
12/26/2022,0.010026972556176114,0.010028782606079449,0.009998100360931423,0.010039051911937436,9.96K,-0.11%
12/23/2022,0.01001552406229656,0.010005202705406812,0.009987515605493134,0.010044598015187433,146.89K,-0.10%
12/22/2022,0.010005202705406812,0.009989211651416469,0.009949555752335658,0.010059350165979279,150.14K,-0.21%
12/21/2022,0.009983726525763006,0.009936406995230525,0.009917978319299393,0.010006704492009647,143.99K,-0.48%
12/20/2022,0.009936110807507725,0.009950050745258801,0.009895503483217227,0.009995302207962258,173.87K,0.19%
12/19/2022,0.009955399808856324,0.009948071069019716,0.009877226079827741,0.009981036031540075,146.32K,-0.01%
12/16/2022,0.009954309718392578,0.009909526027370111,0.009871375971096611,0.009961449191628398,134.31K,-0.45%
12/15/2022,0.009909918837764719,0.009755241003228984,0.009750104813626747,0.009928317547308434,150.70K,-1.54%
12/14/2022,0.009757620701768081,0.009819131596001649,0.009721668627203172,0.009833518531265673,173.67K,0.66%
12/13/2022,0.009821542571476277,0.009858044164037854,0.009733781087263348,0.009873227755617865,146.13K,0.39%
12/12/2022,0.009859599305884209,0.009905697757350028,0.009838452608173787,0.00993492623317272,131.89K,0.40%
12/09/2022,0.009898833917364534,0.009932656588331115,0.009836517086030177,0.009949852742179415,148.52K,0.34%
12/08/2022,0.00993226197334181,0.009968002711296737,0.00992063492063492,0.0099879146233058,178.73K,0.37%
12/07/2022,0.009968797663313827,0.00998861298120143,0.009930683826888321,0.010013618521188816,186.43K,0.18%
12/06/2022,0.009986917138548502,0.010020441701070183,0.009886502946177878,0.010025464680287931,161.15K,0.29%
12/05/2022,0.010016326612378177,0.010010511036588418,0.009925164261468528,0.010052069721155585,169.49K,-0.26%
12/02/2022,0.009990109791306606,0.010057832537088258,0.009982430921578023,0.010138800174387364,154.07K,0.78%
12/01/2022,0.010067654639175257,0.010193160389378727,0.010011312783445293,0.010214921957996241,177.37K,1.23%
11/30/2022,0.010191913735642141,0.010250943086763982,0.010165390910107448,0.01032322001878826,192.96K,0.55%
11/29/2022,0.010247581570749302,0.010240655401945725,0.010147133434804667,0.010257041458961577,137.81K,-0.04%
11/28/2022,0.010243697565073089,0.01013243087149038,0.010105297196790557,0.010256410256410256,132.11K,-1.23%
11/25/2022,0.010118180346446496,0.010112757243262376,0.01010274491579362,0.010154655401768941,116.14K,-0.05%
11/24/2022,0.010112757243262376,0.010162911470878177,0.010078816343808583,0.010168388513788335,152.55K,0.49%
11/23/2022,0.010162498348594019,0.010295798284720006,0.010124941781584755,0.010304816471218647,134.74K,1.32%
11/22/2022,0.010296222316032248,0.010347360905601026,0.010287324986883662,0.01035432500155315,143.04K,0.51%
11/21/2022,0.010348645879686643,0.01030163177847371,0.010289971393879525,0.010396631491396788,152.67K,-0.44%
11/18/2022,0.010303011570281994,0.010337520028945056,0.010241599328151083,0.010345541071798055,166.12K,0.33%
11/17/2022,0.010337092589338322,0.01029897937114432,0.010261567351797314,0.010397171969224371,160.73K,-0.33%
11/16/2022,0.01030290541932825,0.010392957731840905,0.010289018530522373,0.010420900157355592,170.40K,0.92%
11/15/2022,0.010397820616798718,0.010504422361814324,0.010298767237561663,0.010517348366129931,181.74K,1.03%
11/14/2022,0.010504422361814324,0.01052232838082411,0.010414388519178096,0.010556317956296843,161.88K,-0.10%
11/11/2022,0.010493840115851995,0.010584474692521011,0.010477128428640278,0.010647586192210226,178.33K,0.87%
11/10/2022,0.010585371017254154,0.01082215945369739,0.010569148655075834,0.010828839364996859,174.78K,2.23%
11/09/2022,0.01082169099743526,0.01064588589739495,0.010613457864572278,0.010852696352408755,163.49K,-1.59%
11/08/2022,0.01065008094061515,0.01061413378054217,0.010591313005073238,0.010729959118855758,157.16K,-0.35%
11/07/2022,0.010613232578378724,0.010790629417413917,0.010580890911014707,0.010792143319663286,158.44K,1.02%
11/04/2022,0.010720986330742428,0.010824150845366181,0.010715816545220747,0.010901202402625008,164.61K,0.95%
11/03/2022,0.0108232136285906,0.010605578534309046,0.010564235836000802,0.010839168418998894,148.02K,-1.98%
11/02/2022,0.010609291617598693,0.010533522936746195,0.01044964836933237,0.010613908465653393,136.58K,-0.71%
11/01/2022,0.010533522936746195,0.01053152612345055,0.010465615221190777,0.010581786628854416,136.17K,-0.02%
10/31/2022,0.01053152612345055,0.010470984900839773,0.010438631286665691,0.01054407423028258,140.68K,-0.61%
10/28/2022,0.010466929735500686,0.01049637350295473,0.01045664153587151,0.010542517974993148,148.38K,0.25%
10/27/2022,0.010493619879113498,0.010505857015286021,0.010443100765479286,0.01051403097433525,177.92K,0.03%
10/26/2022,0.01049637350295473,0.010559327582019577,0.010437759639271026,0.010603779186902211,158.46K,0.64%
10/25/2022,0.010563454672216002,0.010710881184195024,0.010538518284329224,0.010723975592231552,148.99K,1.43%
10/24/2022,0.010714668381013608,0.010666552890102505,0.010617965597791462,0.010731801547525784,167.14K,0.03%
10/21/2022,0.010717539252987513,0.010746448298837233,0.010702054794520547,0.010886012562458497,156.39K,0.20%
10/20/2022,0.010738831615120275,0.010732607809045442,0.010681250133515627,0.010814902936246146,187.29K,-0.02%
10/19/2022,0.010736871490385132,0.010733990253536848,0.01067566269176159,0.010794822802983689,168.37K,-0.03%
10/18/2022,0.010733990253536848,0.010713290908701335,0.010670536514575954,0.010784926986044305,186.66K,-0.23%
10/17/2022,0.010709045931097998,0.010862245008798418,0.010641807404569593,0.010862834982673777,164.25K,1.48%
10/14/2022,0.010867557081843573,0.010737909114337257,0.01070125311673997,0.010896332294549654,196.30K,-1.17%
10/13/2022,0.010739869617982838,0.010958063491019866,0.01067680251118395,0.010977189400425915,166.13K,2.10%
10/12/2022,0.010965393219000833,0.011082419957221859,0.01092896174863388,0.011119141602268305,184.36K,1.07%
10/11/2022,0.011082911259129549,0.010978273995762386,0.010876895299005852,0.011101859561476546,176.77K,-0.94%
10/10/2022,0.010978756106933085,0.010892296967584524,0.010863897097166696,0.011015035523489564,185.59K,-0.81%
10/07/2022,0.010889924641721479,0.010913456291607553,0.01081993464759473,0.010949424607736864,161.26K,0.22%
10/06/2022,0.010913813613891103,0.010811745880724819,0.01075812507396211,0.010960585733701608,179.78K,-0.94%
10/05/2022,0.010811745880724819,0.010694615261215979,0.010682048816963094,0.010910479515574709,177.29K,-1.07%
10/04/2022,0.010695530337871803,0.010834118806946836,0.010683760683760684,0.010868147632917446,167.08K,1.31%
10/03/2022,0.010835175313136566,0.010991185069574201,0.010821222581727283,0.011041671267363027,175.63K,1.43%
09/30/2022,0.01098961481400077,0.011040574109853712,0.010909646309266652,0.01113536145383279,175.59K,0.45%
09/29/2022,0.011038624145886458,0.011280824853913319,0.011034726283614535,0.011379671355091265,177.55K,2.16%
09/28/2022,0.011276626935351098,0.011402248523408817,0.011223848433150758,0.011583861364347192,193.85K,1.10%
09/27/2022,0.011400688601591536,0.011464603038119806,0.011311065615491635,0.011500201253521938,193.24K,0.55%
09/26/2022,0.011463551637568351,0.011334398766817414,0.011224226370197434,0.0118517113871243,186.93K,-1.13%
09/23/2022,0.011334398766817414,0.010956742779506508,0.01094115844985667,0.011364798672591514,163.68K,-3.30%
09/22/2022,0.010960705869457993,0.011102229327648991,0.01087476619252686,0.011150633913537985,176.93K,1.28%
09/21/2022,0.011100750410727766,0.011015035523489564,0.010996140354735487,0.011120378092855158,139.69K,-0.77%
09/20/2022,0.011015035523489564,0.01097357562988324,0.01094487068635284,0.01103923343563023,129.68K,-0.39%
09/19/2022,0.010972130787798991,0.010989977140847547,0.010964551604662127,0.011043866236692141,103.33K,0.19%
09/16/2022,0.010992876615952862,0.010922396373764402,0.010907147453726427,0.011043744271057658,137.77K,-0.64%
09/15/2022,0.010922515673809991,0.010908456235273584,0.010875357527378714,0.010934219734079776,128.86K,-0.12%
09/14/2022,0.010909408273695234,0.010930514717938069,0.01086271698277173,0.0109471471734466,148.97K,0.19%
09/13/2022,0.010930514717938069,0.010785275941284958,0.010757314974182445,0.01093457841732912,135.85K,-1.31%
09/12/2022,0.01078713741734356,0.010825791365348806,0.010743677345881948,0.010826729028625871,103.86K,0.42%
09/09/2022,0.01083282780136927,0.010907623337950893,0.010797037292966811,0.010915243137040878,143.47K,0.69%
09/08/2022,0.0109080992637033,0.010891703789223748,0.010855523833302577,0.010942475406786523,147.04K,-0.18%
09/07/2022,0.010888976000696894,0.010864959419376569,0.010860239576885066,0.010983941477559808,144.26K,-0.19%
09/06/2022,0.010867793294571538,0.010881511224278828,0.010781438675176816,0.010897994768962511,169.54K,0.15%
09/05/2022,0.010883879885501583,0.010889924641721479,0.01087500271875068,0.010947866260865757,125.33K,0.14%
09/02/2022,0.01089894498212573,0.010868738248176768,0.010809408509166379,0.01091190816538088,129.37K,-0.29%
09/01/2022,0.010866848505264988,0.010820637119113574,0.010816423657681824,0.010912741717229037,151.40K,-0.43%
08/31/2022,0.010820168794633196,0.010773308051970437,0.01074379277372498,0.010841636219738283,134.92K,-0.49%
08/30/2022,0.01076681237752751,0.01067885479961129,0.010663368131458002,0.01080345278350961,152.20K,-0.82%
08/29/2022,0.01067885479961129,0.010643053279124716,0.010638524223919657,0.010733759821390236,105.22K,-0.34%
08/26/2022,0.010643053279124716,0.010579099930177941,0.010533079135023542,0.010659162616184872,103.28K,-0.59%
08/25/2022,0.010579995344802048,0.010618303832145853,0.010553198674518247,0.010635469290082425,139.14K,0.36%
08/24/2022,0.010618303832145853,0.010575407946361531,0.010574625129539158,0.010659957999765482,118.00K,-0.34%
08/23/2022,0.010582570506375998,0.0106332075070445,0.010551305724083354,0.010684331427960896,132.29K,0.56%
08/22/2022,0.010642260416112381,0.010581674655831031,0.010568255075404499,0.01066143545566975,140.64K,-0.61%
08/19/2022,0.01057719767724739,0.010509721492380452,0.010498687664041995,0.010611655842777706,144.51K,-0.66%
08/18/2022,0.010507512871703267,0.010458391290251733,0.010388746909347796,0.010520999915832,143.45K,-0.47%
08/17/2022,0.010458391290251733,0.010431879824744418,0.010381628669905735,0.010468682934999947,128.47K,-0.25%
08/16/2022,0.010431879824744418,0.010427528675703858,0.010404311546704953,0.010494060361835202,126.19K,-0.04%
08/15/2022,0.010427528675703858,0.010350359674998706,0.010336237816159674,0.010434165631945241,103.37K,-0.76%
08/12/2022,0.010348431695176597,0.010291771728503062,0.010273057878408086,0.010373551592858847,148.91K,-0.59%
08/11/2022,0.010287536649349314,0.010339443944704653,0.010263463097718431,0.010371399827834762,145.68K,0.52%
08/10/2022,0.010340620023576613,0.010405394156330641,0.010290394945358003,0.010426332745983254,172.60K,0.59%
08/09/2022,0.01040149781568546,0.010400307849112334,0.010361620557455185,0.010418185985456211,145.03K,-0.01%
08/08/2022,0.010400307849112334,0.010436997067203824,0.010358078783547227,0.010459922805769694,117.16K,0.35%
08/05/2022,0.010436997067203824,0.010387991481846985,0.010373228771187319,0.010487457001426293,138.39K,-0.50%
08/04/2022,0.010384647337376422,0.010407885013686368,0.010287854159379438,0.010443318886742207,142.87K,0.21%
08/03/2022,0.010406585287169721,0.010450522003574079,0.01034618329298322,0.01048020289672808,136.34K,0.43%
08/02/2022,0.010451832728869006,0.010340299248260245,0.0103125741216265,0.010464739061731496,156.97K,-1.10%
08/01/2022,0.010336985734959687,0.010359473738734071,0.010302056290435572,0.0103777501037775,139.10K,0.20%
07/29/2022,0.010357327809425169,0.010317042722873915,0.010286372613561554,0.010442664550286652,137.23K,-0.45%
07/28/2022,0.010310660191572067,0.010308215647871353,0.010273902233546345,0.010372045263605531,155.26K,-0.09%
07/27/2022,0.010301419535612007,0.0104086433374274,0.010274324463166546,0.010416449657298807,122.26K,1.07%
07/26/2022,0.010411244143675169,0.01041612416019999,0.010373659204547813,0.010473726656681713,129.95K,0.04%
07/25/2022,0.010415256267380458,0.010433403584917471,0.010371184700428328,0.010472629782064575,133.68K,0.17%
07/22/2022,0.010433403584917471,0.010437759639271026,0.010381844230809161,0.010502767479230778,121.81K,0.04%
07/21/2022,0.010437759639271026,0.010444736897077563,0.010409835212308588,0.01052997356976634,145.64K,0.03%
07/20/2022,0.01044124710255393,0.010436888137432944,0.010388531061707874,0.010456313522104648,140.28K,-0.02%
07/19/2022,0.010439067164958139,0.010453908716469089,0.010391661730627345,0.010484927916120577,128.13K,0.16%
07/18/2022,0.010456094857692548,0.010552864575088909,0.010390042183571266,0.01056669167450363,122.88K,1.12%
07/15/2022,0.010573283427435555,0.010584250635055038,0.010556986613740974,0.010610192150579848,137.01K,0.09%
07/14/2022,0.010582906489438259,0.010554312492084265,0.010538407225131993,0.01062383137854836,150.68K,-0.26%
07/13/2022,0.010555315128933174,0.010586491636671608,0.010490757642516942,0.010598834128245893,143.15K,0.30%
07/12/2022,0.010586491636671608,0.010591313005073238,0.010557989758749933,0.010638297872340425,140.96K,0.00%
07/11/2022,0.010586827868765683,0.010484598125353855,0.010474165470866109,0.010597598584160829,129.53K,-0.97%
07/08/2022,0.010484598125353855,0.010503760346203941,0.010462877709885328,0.010580331164365445,155.18K,0.20%
07/07/2022,0.010505084460879065,0.010601755650735761,0.010498026371042244,0.010623605651758208,155.25K,0.99%
07/06/2022,0.010609291617598693,0.01054529732465807,0.010515468253801341,0.010647699564509087,165.19K,-0.60%
07/05/2022,0.01054529732465807,0.0104625493047636,0.010427963627262869,0.010599508182820318,153.91K,-0.76%
07/04/2022,0.010464629552113854,0.010462768239220733,0.010414930844859189,0.010477567527922718,119.45K,0.06%
07/01/2022,0.010470546353108704,0.010399334442595675,0.010394362097998046,0.010574513308024999,119.73K,-0.68%
06/30/2022,0.010399767045218186,0.010445282388209366,0.010376027226695443,0.010467696688020769,133.59K,0.44%
06/29/2022,0.010445282388209366,0.010390689941812137,0.010363231255505466,0.010459594586113842,145.63K,-0.53%
06/28/2022,0.010390258094011055,0.010394254056357646,0.010328444536252842,0.010398577474601474,155.25K,0.03%
06/27/2022,0.010393821912255356,0.010419705747509691,0.010352395544328957,0.010422420711434437,129.31K,0.25%
06/24/2022,0.010419705747509691,0.010437759639271026,0.010369786589791982,0.010450849654076876,117.00K,0.16%
06/23/2022,0.010436016781114985,0.01042589793045926,0.01040290449093387,0.010491748240009232,160.56K,-0.09%
06/22/2022,0.010426332745983254,0.010426224038702143,0.010378073206928401,0.010509058808693093,121.58K,-0.02%
06/21/2022,0.010424485030439497,0.010469559755012302,0.010390905879174546,0.01048327916972429,112.86K,0.47%
06/20/2022,0.010473836356780761,0.010493619879113498,0.010445173285424806,0.01051690592627649,111.35K,0.19%
06/17/2022,0.010493619879113498,0.010380335492443117,0.010366776554498145,0.010520999915832,165.37K,-1.07%
06/16/2022,0.010381089806807919,0.010503208730267097,0.01033816125463925,0.010635695521308617,180.03K,1.17%
06/15/2022,0.010502877788514052,0.010685244745530896,0.010480422570638049,0.01069415778160391,144.71K,1.71%
06/14/2022,0.01068250526113384,0.010549969932585692,0.010501223392525228,0.010740215663530523,141.14K,-1.19%
06/13/2022,0.010555203715431708,0.010381628669905735,0.010380766515799528,0.010575743474766277,118.84K,-1.56%
06/10/2022,0.010390474013424493,0.01028446839582862,0.010261567351797314,0.010411894548332015,115.48K,-1.00%
06/09/2022,0.010286584236838316,0.010261146170027192,0.010231330379889297,0.01029230135858378,107.63K,-0.25%
06/08/2022,0.010261146170027192,0.01022463523613795,0.01021982851127758,0.010282353425051925,107.92K,-0.33%
06/07/2022,0.010227144887961628,0.010254727429344928,0.010217948848948062,0.010354217790617008,113.50K,0.26%
06/06/2022,0.010253886222878471,0.010311404413281088,0.010236043155157942,0.010323859471624872,103.45K,0.60%
06/03/2022,0.010315552758894585,0.010270736617230188,0.01023677664377041,0.01032087603595793,74.71K,-0.42%
06/02/2022,0.010272002629632673,0.010323646311877356,0.01025483258985797,0.01033687888279013,86.90K,0.49%
06/01/2022,0.01032204789430223,0.010224530694041143,0.010213148407259506,0.010347146774276993,104.28K,-0.93%
05/31/2022,0.010226099049995397,0.01018983665691839,0.010187449062754686,0.010249682259849945,118.02K,-0.34%
05/30/2022,0.01019149825215805,0.01021054136290306,0.010183091994053074,0.010225157978690771,89.16K,0.18%
05/27/2022,0.010209707389786209,0.010223485390639378,0.010171801731240654,0.01024191400888998,111.85K,0.16%
05/26/2022,0.01022588990806925,0.010264305876315114,0.010204498142781338,0.01026831096552928,124.07K,0.38%
05/25/2022,0.010264305876315114,0.010299934080421886,0.010243068003728477,0.010331539089378144,139.20K,0.35%
05/24/2022,0.010299934080421886,0.010242438519762786,0.010224112547030918,0.010335596829038892,128.85K,-0.55%
05/23/2022,0.010243697565073089,0.010291453976617815,0.01023216788941073,0.010293890575943179,112.43K,0.39%
05/20/2022,0.010284045332071824,0.010365379632029024,0.010275380189066997,0.010382059800664452,124.18K,0.79%
05/19/2022,0.010365379632029024,0.010414713907808952,0.010303860856662992,0.01043144454644079,141.39K,0.47%
05/18/2022,0.010413954699297057,0.010331112144222325,0.010320343461030383,0.010429703796412183,128.21K,-0.78%
05/17/2022,0.01033228632831873,0.010431118111550376,0.010320982557539478,0.010444736897077563,132.50K,0.94%
05/16/2022,0.010429377470458788,0.010547966879383999,0.010419271484537801,0.010549413452612035,120.63K,0.91%
05/13/2022,0.010524764771507357,0.010584810796507013,0.01052133200063128,0.010608391237468838,124.69K,0.57%
05/12/2022,0.010584362662602272,0.01053396677586879,0.010533522936746195,0.01061199367525177,159.41K,-0.40%
05/11/2022,0.010542184551482758,0.01050685046650416,0.010441683199331732,0.010563901037375081,137.05K,-0.33%
05/10/2022,0.01050729206069012,0.010481411217206285,0.010444409629745677,0.010526759021432483,142.78K,-0.25%
05/09/2022,0.01048064225375731,0.010530971587438657,0.010417534794566214,0.010570265842185931,111.02K,0.45%
05/06/2022,0.010528088941295376,0.010570042385869968,0.010504643052229085,0.01060220525869381,143.23K,0.39%
05/05/2022,0.01056881354499144,0.01038507871889669,0.010373551592858847,0.010602879742137965,140.36K,-1.74%
05/04/2022,0.01038507871889669,0.010460798158899524,0.010371077140071768,0.01052853232259423,113.93K,0.74%
05/03/2022,0.010462002008704386,0.010464958087842858,0.010393929944912172,0.010475701610115337,103.57K,0.03%
05/02/2022,0.010465396167571923,0.01038055099964706,0.010370539371752724,0.010483059376048307,75.20K,-0.70%
04/29/2022,0.010392093695116754,0.010469888600385292,0.010356576944188407,0.010477018659570233,125.46K,0.75%
04/28/2022,0.010469888600385292,0.01039371388184426,0.010391229802047073,0.01050773369199731,110.44K,-0.69%
04/27/2022,0.010397820616798718,0.010370754472387866,0.010344363873343608,0.010436670284712365,106.56K,-0.27%
04/26/2022,0.010369894123381,0.010225785340314136,0.01021054136290306,0.010374843080498408,123.86K,-1.39%
04/25/2022,0.010226203624166565,0.010166941174078367,0.010166114307789277,0.010262831104588513,134.05K,-0.41%
04/22/2022,0.010184647662114129,0.01006299434459718,0.010054899752649466,0.010196590260216984,116.08K,-1.18%
04/21/2022,0.010064918725781288,0.01003290793803676,0.01002747528227343,0.010076785102480905,146.29K,-0.31%
04/20/2022,0.010033310591162659,0.010063703241518814,0.010021345465842244,0.010076785102480905,124.53K,0.30%
04/19/2022,0.010063298145334153,0.010070594870038972,0.010021847627828666,0.010093669250645995,106.04K,0.11%
04/18/2022,0.010074450186881051,0.010031096398836392,0.010026570411590715,0.01008471157724889,77.26K,-0.43%
04/15/2022,0.010031096398836392,0.010031398276605777,0.010018032458425166,0.010044497122251575,129.90K,0.00%
04/14/2022,0.010031398276605777,0.010015825003505539,0.009986119294181089,0.010066945185483466,115.85K,-0.16%
04/13/2022,0.010015122835481578,0.01011214367333731,0.010013618521188816,0.010114496095804507,116.29K,0.95%
04/12/2022,0.01011020119300374,0.010119204225779685,0.010061678086671294,0.010140959334753067,97.16K,0.11%
04/11/2022,0.010121559934817153,0.010093363613424174,0.010079121100640024,0.010139622603246707,82.40K,-0.20%
04/08/2022,0.01010152027880196,0.010073333870577806,0.010064209657615588,0.010139622603246707,93.94K,-0.26%
04/07/2022,0.010075363720630314,0.010074957685177723,0.01004944326084335,0.01009214124960893,92.75K,-0.01%
04/06/2022,0.010074247201877839,0.010128531059140494,0.010048736371401296,0.010155171013079861,104.32K,0.63%
04/05/2022,0.010137464012002757,0.010105705681427735,0.01008135654733701,0.01014651568651325,89.77K,-0.31%
04/04/2022,0.010105705681427735,0.010034115994380895,0.010029486690871161,0.010122072190618864,102.32K,-0.71%
04/01/2022,0.010034115994380895,0.010025062656641603,0.01000920847179405,0.01006198180793689,145.17K,-0.08%
03/31/2022,0.010026268824319718,0.010042681395932713,0.01000050002500125,0.010078105316200556,103.33K,0.16%
03/30/2022,0.01004237883869931,0.010099275881919266,0.010005503026664666,0.010101622320544679,108.86K,0.52%
03/29/2022,0.010094586273381586,0.010043387433713644,0.010020642523598614,0.010128325889013804,122.68K,-0.51%
03/28/2022,0.010043387433713644,0.009938777132861574,0.009937591922725286,0.010063095609471386,96.86K,-0.98%
03/25/2022,0.009944806324896822,0.009931966032676168,0.009916798064241018,0.009976256509507373,97.30K,-0.07%
03/24/2022,0.009937986961361106,0.009894915992163227,0.009887773767736193,0.009964526286420344,93.94K,-0.43%
03/23/2022,0.009895307645114686,0.009900401956319426,0.009876445664734175,0.009930979691146532,96.50K,0.05%
03/22/2022,0.00990049997524875,0.009953418003742484,0.00989814805649863,0.009992206079258178,109.78K,0.54%
03/21/2022,0.009954210631096954,0.009973172166871117,0.009929303360076257,0.010001700289049138,84.55K,0.22%
03/18/2022,0.009976256509507373,0.010015022533800702,0.009960655411126052,0.010020441701070183,90.49K,0.40%
03/17/2022,0.010015825003505539,0.009979741125515204,0.009962342345932376,0.010076785102480905,120.91K,-0.36%
03/16/2022,0.00998003992015968,0.010033411259494114,0.009968698287377635,0.010063298145334153,129.68K,0.55%
03/15/2022,0.010034921526913659,0.010060260963169384,0.009996801023672425,0.010061475616013844,128.85K,0.25%
03/14/2022,0.010060260963169384,0.010024560172422436,0.009984823068935219,0.010061880565477688,104.27K,-0.35%
03/11/2022,0.010024560172422436,0.010013317712557701,0.009960258568312433,0.010033813953021683,132.11K,-0.10%
03/10/2022,0.010014420765902901,0.00993620953478667,0.00992614944810609,0.010018634660468472,132.28K,-0.82%
03/09/2022,0.009932557931644137,0.009923292945531046,0.009899421873762571,0.009956688405436351,136.50K,-0.10%
03/08/2022,0.009922209874583266,0.009913946940555975,0.009861932938856016,0.009940851931010488,140.84K,-0.09%
03/07/2022,0.009913553810770085,0.009892468863454252,0.009822989725152748,0.009929204769989972,143.15K,-0.21%
03/04/2022,0.009892468863454252,0.009862905611993293,0.009837097662705595,0.00990962422704931,131.38K,-0.33%
03/03/2022,0.009859890949606097,0.00986144667422711,0.009823761714835845,0.009885037019463638,121.58K,0.02%
03/02/2022,0.00986144667422711,0.009904520423121113,0.009859599305884209,0.009948763866089639,113.11K,0.41%
03/01/2022,0.00990226464792498,0.009866214136311615,0.009841551028442082,0.00991719145138097,124.02K,-0.36%
02/28/2022,0.009866214136311615,0.009935123642613732,0.009855032472331996,0.010006404098623118,125.24K,0.70%
02/25/2022,0.009935123642613732,0.009885525613396864,0.009878592103053472,0.009956391007387641,110.83K,-0.49%
02/24/2022,0.009886307464162135,0.009891881732662004,0.009831488290697446,0.009954805184462541,147.32K,0.06%
02/23/2022,0.009891881732662004,0.009864073073053325,0.009838355813976369,0.009898833917364534,100.14K,-0.30%
02/22/2022,0.00986232198508817,0.009863975774075499,0.00981730004614131,0.009891783884305696,111.65K,0.04%
02/21/2022,0.009866603520404136,0.009848626609019372,0.009827430323519007,0.009872837848511177,80.47K,-0.16%
02/18/2022,0.009850760971285032,0.009780142398873327,0.00977545773580848,0.009873812674025947,103.75K,-0.75%
02/17/2022,0.009777273705000098,0.009807190632171508,0.009769536630877597,0.009824823398799407,116.04K,0.31%
02/16/2022,0.00980786394531135,0.00982714059690052,0.009793072380597964,0.0098405825624877,108.71K,0.19%
02/15/2022,0.009826368076095394,0.009768964001367656,0.009750104813626747,0.009849887711280092,101.81K,-0.61%
02/14/2022,0.009766864934024828,0.009785980604186442,0.009754099160172062,0.00980872976949485,104.77K,0.20%
02/11/2022,0.009785980604186442,0.009823954731216599,0.009747538746466517,0.009839807926949266,119.58K,0.37%
02/10/2022,0.009822024908655169,0.009876933409714952,0.009758382450525,0.009883669213358766,109.58K,0.56%
02/09/2022,0.009876933409714952,0.009882985452245415,0.009836130072984086,0.009887871536772994,89.20K,0.06%
02/08/2022,0.009882594774083884,0.009894622272794737,0.009865630117795624,0.009917388156655063,114.96K,0.13%
02/07/2022,0.009895699329071585,0.00990118616210222,0.009881813510415432,0.009922603691208573,104.90K,0.06%
02/04/2022,0.00990118616210222,0.0098513432306495,0.00982434078673321,0.0099079550971475,116.65K,-0.50%
02/03/2022,0.009852119683549916,0.00984377922371957,0.009795566526590065,0.009873130275953991,111.56K,-0.11%
02/02/2022,0.009841551028442082,0.009897658214066551,0.00983777508878592,0.009907856930545923,80.14K,0.53%
02/01/2022,0.009893643334157803,0.009974564859608,0.009885330170027679,0.009992305924438182,85.82K,0.81%
01/31/2022,0.00997337109916523,0.009944509636229837,0.009928613270584499,0.009997100840756182,87.25K,-0.33%
01/28/2022,0.009939962625740527,0.009936604463522725,0.009916601382374234,0.009982630223411264,103.91K,-0.08%
01/27/2022,0.009932163324493707,0.009914733293674401,0.009887284951552304,0.009955102487780112,104.95K,-0.16%
01/26/2022,0.009916503044366434,0.009906090264294488,0.009867285016527703,0.009930881067768333,97.64K,-0.15%
01/25/2022,0.0099016763538067,0.009933445912387007,0.00989129467155956,0.00995391338104576,125.86K,0.32%
01/24/2022,0.009933445912387007,0.00991384865518643,0.009883571527407145,0.00996393057133178,123.41K,-0.20%
01/21/2022,0.00991384865518643,0.009873910167165299,0.009860474288813292,0.00993433405191683,97.34K,-0.39%
01/20/2022,0.009874690181595551,0.009866895578644092,0.009840388892169018,0.009892371003482114,101.20K,-0.05%
01/19/2022,0.009869817112288909,0.009864364981504316,0.009835452873427557,0.009880739474542275,122.91K,-0.06%
01/18/2022,0.009864364981504316,0.009868161364174627,0.009830811730124556,0.009881325283347004,137.03K,0.04%
01/17/2022,0.009868161364174627,0.009861057697048585,0.009826850887364635,0.009872545438390381,96.62K,-0.07%
01/14/2022,0.009861057697048585,0.009862808336045605,0.009808152536388245,0.009886502946177878,99.05K,0.02%
01/13/2022,0.009862808336045605,0.00989129467155956,0.00983671060397403,0.009891686037885157,92.83K,0.26%
01/12/2022,0.009888751545117428,0.009937591922725286,0.009878787280073497,0.009941543722909294,78.66K,0.47%
01/11/2022,0.00993532105990005,0.009950248756218905,0.009930289368632201,0.009979541939024998,77.35K,0.14%
01/10/2022,0.009948763866089639,0.009907660603178377,0.009900401956319426,0.009969791531659073,75.30K,-0.41%
01/07/2022,0.009907660603178377,0.009935024936912592,0.00990069601893013,0.009949456759660923,66.99K,0.28%
01/06/2022,0.009935024936912592,0.009929993545504195,0.009904128040567308,0.009963831292408557,97.79K,-0.05%
01/05/2022,0.009930387980258389,0.00991384865518643,0.00989824603080334,0.009944509636229837,63.91K,-0.14%
01/04/2022,0.009916798064241018,0.009975858422617266,0.009895111814763506,0.009983028850953379,67.00K,0.60%
01/03/2022,0.009976156984806313,0.009921914532628215,0.009913062442380325,0.010017932098456236,48.28K,-0.54%
12/31/2021,0.009921914532628215,0.009957084963805997,0.009904422324567919,0.00998861298120143,69.46K,0.35%
12/30/2021,0.009957084963805997,0.009941247228877336,0.00992871184892472,0.009992505620784412,58.13K,-0.16%
12/29/2021,0.009941543722909294,0.009961449191628398,0.009932755246977959,0.009981334903730025,63.02K,0.20%
12/28/2021,0.009961449191628398,0.009923982295615584,0.009919946035493567,0.009980936411454122,61.86K,-0.40%
12/27/2021,0.009921422335105961,0.009959464977541407,0.009916601382374234,0.009961548423086886,44.83K,0.38%
12/24/2021,0.009959464977541407,0.00994184023462743,0.00991768322919766,0.009961647656522389,95.09K,-0.21%
12/23/2021,0.009938480803824328,0.00992368684813782,0.009895111814763506,0.009952328347216832,78.49K,-0.13%
12/22/2021,0.009925853871579302,0.0099601593625498,0.009915028208255253,0.009998800143982722,74.91K,0.30%
12/21/2021,0.009955201592832254,0.009998300288950879,0.009952625502607587,0.010036532980047372,96.83K,0.43%
12/20/2021,0.009998000399920017,0.009931374204248642,0.00992368684813782,0.010004101681689493,96.17K,-0.61%
12/17/2021,0.009936604463522725,0.009852507955900175,0.009835646349499856,0.009944114078876713,102.48K,-0.83%
12/16/2021,0.00985367295659457,0.009877616333626368,0.009809691975671964,0.009910115254640412,95.19K,0.20%
12/15/2021,0.009873520206159102,0.009931768748696456,0.00986611679509062,0.009944114078876713,105.61K,0.59%
12/14/2021,0.009932064677605181,0.009984324610361733,0.009931768748696456,0.009998500224966254,103.70K,0.53%
12/13/2021,0.009984324610361733,0.009977351412294092,0.009946883641355164,0.009993404353126937,102.25K,-0.33%
12/10/2021,0.009950941856646732,0.010005803365952253,0.009947675228299147,0.010017831740498086,105.70K,0.54%
12/09/2021,0.010005002501250625,0.010045707971269274,0.0100035012254289,0.010054899752649466,121.53K,0.36%
12/08/2021,0.010041168792047394,0.010013317712557701,0.009983925879334271,0.010059046603562915,147.97K,-0.28%
12/07/2021,0.010012916662494618,0.009998800143982722,0.009974863344372182,0.01003542505042801,140.70K,-0.14%
12/06/2021,0.009998500224966254,0.01003482082827411,0.009975858422617266,0.01005530417295123,130.83K,0.45%
12/03/2021,0.010043589177028302,0.010020140482369563,0.009997800483893543,0.010056416496545621,100.13K,-0.23%
12/02/2021,0.010020140482369563,0.01003885035085782,0.009993703966501104,0.010050655302725739,108.15K,0.17%
12/01/2021,0.010037238153549668,0.010012515644555695,0.010000400016000641,0.010067451927917045,135.30K,-0.24%
11/30/2021,0.010012816404998398,0.01000740548005524,0.009949555752335658,0.010080340312288943,155.94K,-0.05%
11/29/2021,0.010007806088749224,0.009984823068935219,0.009962143853357242,0.010026168299261071,101.03K,-0.20%
11/26/2021,0.009987515605493134,0.01007688664510213,0.00996502277007703,0.010093159865559111,144.30K,0.88%
11/25/2021,0.010075363720630314,0.010054596458771128,0.010041067967989077,0.010092956125919721,116.86K,-0.20%
11/24/2021,0.010055000854675072,0.010040563878067392,0.010029889069426891,0.010072217801637742,108.84K,-0.14%
11/23/2021,0.010040563878067392,0.010028179183505652,0.010006704492009647,0.010069276623167391,136.65K,-0.14%
11/22/2021,0.010026670944712938,0.009995801763259432,0.009989610804763047,0.010041370446238504,154.74K,-0.30%
11/19/2021,0.009997000899730081,0.00999520230289461,0.009969791531659073,0.010045102510271117,89.05K,-0.05%
11/18/2021,0.009991806718490839,0.009987515605493134,0.009965618615775574,0.010004301849795413,121.52K,-0.03%
11/17/2021,0.009988912307338853,0.009999600015999359,0.009967903351209107,0.010033813953021683,127.58K,0.12%
11/16/2021,0.010001100121013311,0.010012615896028997,0.009974564859608,0.010022048506714773,116.16K,0.14%
11/15/2021,0.010014922234128852,0.010020441701070183,0.009993703966501104,0.010033813953021683,102.50K,0.11%
11/12/2021,0.010026369351394167,0.010062488050795439,0.010009509033581903,0.010078714762293512,87.12K,0.36%
11/11/2021,0.010062488050795439,0.010024359192838598,0.009995601935148535,0.010075262208698981,95.64K,-0.37%
11/10/2021,0.010025464680287931,0.009943718552990076,0.00992683919513188,0.010030190874532342,106.27K,-0.80%
11/09/2021,0.009945103031267404,0.00997635603619422,0.009925459796925093,0.009985520994557892,95.07K,0.31%
11/08/2021,0.009975559878298169,0.009986019572598362,0.009953715224207436,0.010036532980047372,92.52K,0.11%
11/05/2021,0.009986418470879605,0.00993680193966374,0.009935715918010471,0.010024660665236482,139.17K,-0.50%
11/04/2021,0.00993680193966374,0.009814024240639875,0.009806902097696359,0.009959068229576441,193.42K,-1.24%
11/03/2021,0.009814024240639875,0.009831681610822715,0.009800174443105087,0.009866603520404136,190.33K,0.19%
11/02/2021,0.009832358291136128,0.009772114294648792,0.009765720368362972,0.00985678097247001,175.63K,-0.55%
11/01/2021,0.009778516599031927,0.009753242953281966,0.009740417863926362,0.009787129924149743,138.44K,-0.33%
10/29/2021,0.0097458287852799,0.009696217505551085,0.00966846822457918,0.00975714466918401,176.16K,-0.50%
10/28/2021,0.009696969696969697,0.009688795876448475,0.009679698767774346,0.009730466089325679,186.60K,-0.08%
10/27/2021,0.009688795876448475,0.009691800736576855,0.009672115291614276,0.009725166786610392,161.10K,0.03%
10/26/2021,0.009691800736576855,0.00968110442039228,0.009648318780452506,0.009706947262155523,147.35K,-0.12%
10/25/2021,0.009680354688195775,0.009693585754306375,0.009658103148541626,0.009698474429972166,142.37K,0.15%
10/22/2021,0.009694995443352141,0.009681760531335017,0.009667440061871617,0.009720534629404616,99.44K,-0.14%
10/21/2021,0.00968110442039228,0.009669590106075404,0.009654653060042288,0.00970157941712911,80.74K,-0.12%
10/20/2021,0.009669216116649422,0.009651298582224238,0.009630478538478577,0.009717700791992615,78.75K,-0.20%
10/19/2021,0.009649529102979774,0.00968541763520843,0.009627511577082672,0.009693491789612454,71.58K,0.38%
10/18/2021,0.009686074330934416,0.00969067369563532,0.009658569565847298,0.009707795359673817,76.32K,0.06%
10/15/2021,0.009691612878215192,0.009751816275781365,0.009683729397865706,0.009756478301592257,79.59K,0.61%
10/14/2021,0.009750770310854558,0.009723275577076406,0.009677169621429125,0.009756192743343838,70.43K,-0.31%
10/13/2021,0.009720818104051636,0.00974915426086787,0.00971628449280995,0.009764290038471303,108.26K,0.29%
10/12/2021,0.009749249307803298,0.009752291788570313,0.009706570377488523,0.009781577377167842,83.67K,0.05%
10/11/2021,0.009754099160172062,0.009777369301015868,0.00971100062150404,0.009779568525436657,79.08K,0.24%
10/08/2021,0.009777369301015868,0.009814216874564494,0.00976781894370806,0.009818938769097837,74.50K,0.37%
10/07/2021,0.009813061184436485,0.00984901460608866,0.009793839674844523,0.009861641174324231,89.74K,0.34%
10/06/2021,0.009846493171456985,0.009837968656231861,0.009812290875550715,0.009869524881072225,103.01K,-0.08%
10/05/2021,0.009838646202282565,0.009850081755678572,0.0098322616168171,0.009879372857411011,112.48K,0.11%
10/04/2021,0.009849790691947795,0.009954706087302773,0.009846299268419964,0.00996502277007703,79.19K,1.07%
10/01/2021,0.009955102487780112,0.010007806088749224,0.009929106181861509,0.010028581457152885,89.70K,0.51%
09/30/2021,0.010006303971502047,0.010026268824319718,0.00997337109916523,0.010033008598288368,107.66K,0.18%
09/29/2021,0.01002445968162316,0.009956787542067427,0.009945597581230668,0.010035626473982638,98.03K,-0.68%
09/28/2021,0.009956490138096519,0.009889827323614929,0.00985678097247001,0.009970785598197281,108.14K,-0.68%
09/27/2021,0.009888653758677294,0.009901970492127933,0.009860960457548565,0.009942729875914732,77.40K,0.18%
09/24/2021,0.009906286529431577,0.009874495166434617,0.009858627284736873,0.009917879953981037,71.96K,-0.30%
09/23/2021,0.009876250580229722,0.009939863823865613,0.009859404886321062,0.009950248756218905,90.36K,0.65%
09/22/2021,0.009940160235382994,0.009928416119776412,0.009893839106388453,0.009952823616059876,97.45K,-0.14%
09/21/2021,0.009926247977526975,0.009940160235382994,0.009914340101522843,0.009948466941244355,85.00K,0.14%
09/20/2021,0.009939765023954834,0.00987147341612209,0.009865435460321217,0.009954012462423603,78.03K,-0.60%
09/17/2021,0.009879665672113656,0.009854644000985464,0.009844748319009224,0.009891881732662004,68.64K,-0.23%
09/16/2021,0.009856489512695158,0.009838549404275834,0.009826657757163635,0.009873617693522907,86.17K,-0.17%
09/15/2021,0.009839614287119946,0.009833325138895718,0.009806998273968304,0.009855615236781155,77.33K,-0.08%
09/14/2021,0.00983158494980976,0.0098256922200169,0.009769918421181183,0.009837581528956921,85.89K,-0.09%
09/13/2021,0.009823182711198428,0.009825112988799371,0.009797965942270385,0.009845814544237245,71.45K,0.03%
09/10/2021,0.009826561194909841,0.009825885312266634,0.009805267389641716,0.009837194432147952,88.50K,0.00%
09/09/2021,0.009826561194909841,0.009840873082259857,0.009807382997920834,0.009862905611993293,83.82K,0.13%
09/08/2021,0.009839807926949266,0.009878201772149398,0.009822314333703307,0.009891881732662004,96.22K,0.36%
09/07/2021,0.009875372795323023,0.009890022944853232,0.009846493171456985,0.009893643334157803,95.12K,0.15%
09/06/2021,0.009890022944853232,0.009881813510415432,0.009875080235026909,0.00990226464792498,57.74K,-0.11%
09/03/2021,0.009879372857411011,0.009902068542118447,0.009860863219966275,0.009911686869988404,80.09K,0.23%
09/02/2021,0.009902068542118447,0.009944410743941368,0.009896678674636792,0.009951932167630346,74.24K,0.47%
09/01/2021,0.009948763866089639,0.009967108541812021,0.009924080782017565,0.009984025559105431,83.12K,0.16%
08/31/2021,0.00996502277007703,0.009914143517141554,0.009889338304374055,0.009975161847000967,73.03K,-0.50%
08/30/2021,0.009914929901445596,0.009892468863454252,0.009870206780832058,0.009933939303630854,49.98K,-0.23%
08/27/2021,0.009891686037885157,0.009844651400893894,0.009831101673253505,0.009923982295615584,104.00K,-0.50%
08/26/2021,0.00984251968503937,0.009804209927742972,0.009787129924149743,0.009852896258855291,70.68K,-0.39%
08/25/2021,0.009804209927742972,0.009824919926902596,0.00978645945469848,0.009837581528956921,57.51K,0.21%
08/24/2021,0.009824919926902596,0.009833711931242686,0.009810943125962698,0.009848238642518785,47.47K,0.07%
08/23/2021,0.0098322616168171,0.009865435460321217,0.009821831968098691,0.009880251353594435,59.51K,0.41%
08/20/2021,0.009873032798214956,0.009854838232830409,0.009849790691947795,0.009884157672083185,82.11K,-0.17%
08/19/2021,0.009856586664038243,0.009784640072014952,0.009783874218513046,0.00986241925144238,84.15K,-0.73%
08/18/2021,0.009784640072014952,0.009784831554124795,0.00976591111067707,0.009803633226473731,68.27K,0.01%
08/17/2021,0.009785597557514849,0.009734633880419757,0.009731507702488346,0.009795950354123605,65.16K,-0.54%
08/16/2021,0.00973321264149658,0.009732928443510083,0.009707701119297939,0.009745543850074553,68.66K,-0.19%
08/13/2021,0.009714679852725453,0.009746588693957116,0.009706947262155523,0.00976352736716721,61.05K,0.32%
08/12/2021,0.009745923767384292,0.009706099312808168,0.009695841453600551,0.0097551458394303,71.48K,-0.41%
08/11/2021,0.009705722493982452,0.009703556353403522,0.00969555943377933,0.009734728644439037,67.28K,-0.02%
08/10/2021,0.009703556353403522,0.009695935463853554,0.009679511378265624,0.009717606359201601,109.47K,-0.08%
08/09/2021,0.009695935463853554,0.009704215511218073,0.009686449625618723,0.009722802889617018,63.48K,0.14%
08/06/2021,0.009709114917084158,0.009687857239735715,0.0096759523556106,0.009724031972617127,63.64K,-0.22%
08/05/2021,0.009687857239735715,0.009706570377488523,0.009670057633543495,0.009713736194352434,74.68K,0.18%
08/04/2021,0.009705157320600167,0.009677918860328275,0.009661275674840106,0.009709397726059053,73.14K,-0.28%
08/03/2021,0.009677918860328275,0.00968720030224065,0.009662022454540184,0.009700356003065312,72.67K,0.10%
08/02/2021,0.00968720030224065,0.009676326866321545,0.009651298582224238,0.00969283408775892,65.02K,-0.13%
07/30/2021,0.009674922600619196,0.009646829569461996,0.009607809227339982,0.009685699065330039,79.29K,-0.30%
07/29/2021,0.009645712962873651,0.009656704166867848,0.009629458439257376,0.009673799481484347,86.48K,0.11%
07/28/2021,0.009656704166867848,0.00966940310774616,0.009648691155044818,0.009702520714881726,89.63K,0.15%
07/27/2021,0.009671460487248179,0.009734918178012714,0.009659595842509949,0.009750294946422128,79.32K,0.66%
07/26/2021,0.009734918178012714,0.009768773139781374,0.00972062911911659,0.009779281613972637,65.93K,0.42%
07/23/2021,0.009775839989051058,0.009755907201810696,0.009743929531901625,0.009793072380597964,75.42K,-0.21%
07/22/2021,0.009755526505765517,0.00978837532546348,0.009745543850074553,0.009810846872302017,90.19K,0.35%
07/21/2021,0.009789812720882649,0.0098440699322728,0.009781290347822684,0.009865532788098222,81.09K,0.56%
07/20/2021,0.009844748319009224,0.00976657876745776,0.00974725371126685,0.009863878477017163,110.50K,-0.77%
07/19/2021,0.009769059434957601,0.00972157411728107,0.009710623422023694,0.00978339562095212,111.64K,-0.35%
07/16/2021,0.009734918178012714,0.009699132897518961,0.009673518742442563,0.009740892265731542,96.12K,-0.37%
07/15/2021,0.009699132897518961,0.009689828586932297,0.009658476278782259,0.009716945381050014,92.12K,-0.11%
07/14/2021,0.009688514266337257,0.00970374467507011,0.009657356974543207,0.009710529126732117,81.68K,0.16%
07/13/2021,0.00970374467507011,0.009661275674840106,0.009650274067783526,0.009714962985991024,77.17K,-0.42%
07/12/2021,0.009663422977687157,0.00965661091583298,0.009639669166554204,0.00968860813455539,108.22K,-0.06%
07/09/2021,0.009657636776280844,0.009703556353403522,0.009648132603934509,0.00973842588084062,99.47K,0.49%
07/08/2021,0.009704968944099378,0.009686918784872907,0.009682416731216111,0.009727247967005175,100.65K,-0.19%
07/07/2021,0.009686261974641366,0.009714868606402098,0.009673238019694712,0.009725639703951527,93.63K,0.28%
07/06/2021,0.009713358782333344,0.009719589833309034,0.009672957313239377,0.009734160087996808,123.60K,0.04%
07/05/2021,0.009717417499125433,0.009708832124583735,0.009695465430818007,0.009728383531792357,67.46K,-0.09%
07/02/2021,0.009708455093540964,0.0097400383757512,0.009692458298198172,0.009753338079957865,73.93K,0.33%
07/01/2021,0.009740797381673664,0.009723842862699339,0.009710434833271834,0.009751816275781365,77.35K,-0.17%
06/30/2021,0.009723842862699339,0.009725355948027698,0.009697063729102827,0.009749534459729549,81.85K,0.03%
06/29/2021,0.009726774893248646,0.009696405542465408,0.009693961631299864,0.009742790335151987,78.37K,-0.31%
06/28/2021,0.009696405542465408,0.009704309683930634,0.009665664659430305,0.00971203807118924,64.60K,0.12%
06/25/2021,0.00970817233947537,0.00968101069751682,0.009673518742442563,0.009722708357640103,80.41K,-0.28%
06/24/2021,0.009680729539778117,0.009658476278782259,0.00963122056458215,0.009709397726059053,91.99K,-0.23%
06/23/2021,0.009658476278782259,0.009644131545954287,0.009631035047336537,0.009670244657189827,78.31K,-0.16%
06/22/2021,0.00964348052499108,0.009681573061991113,0.009632797749778446,0.00972100709633518,87.68K,0.38%
06/21/2021,0.009680260979836017,0.009768677711784933,0.009673518742442563,0.009782151486397918,102.10K,0.91%
06/18/2021,0.009768677711784933,0.009683166782864667,0.009665384392337283,0.009782534263326257,123.43K,-0.88%
06/17/2021,0.009682885499878963,0.009756383113652107,0.009654093818483728,0.009768582285652883,97.10K,0.76%
06/16/2021,0.00975600238046458,0.009678293523285975,0.00965101914762199,0.009760954230885611,78.42K,-0.80%
06/15/2021,0.009677918860328275,0.00968147933004163,0.009663516360333198,0.009718550769709221,78.87K,0.05%
06/14/2021,0.009683166782864667,0.009669777111637577,0.00966772044819552,0.009702332440718749,81.97K,-0.06%
06/11/2021,0.009677731539727088,0.00965195065922823,0.009650274067783526,0.009686918784872907,69.93K,-0.26%
06/10/2021,0.009652323314221733,0.009703273884608666,0.009650274067783526,0.00972582888376662,77.92K,0.53%
06/09/2021,0.009703650513323113,0.00968110442039228,0.009657730047129724,0.009711566475672525,74.98K,-0.22%
06/08/2021,0.009682135491804073,0.009683448082193107,0.009676420498529185,0.009717700791992615,86.93K,0.03%
06/07/2021,0.009685511443431771,0.009683916950728231,0.009677731539727088,0.009732549538677152,79.31K,0.09%
06/04/2021,0.00969414958072803,0.009705534095541276,0.009658103148541626,0.009728572818367545,82.47K,0.11%
06/03/2021,0.009705157320600167,0.009671928195605077,0.009645433851614645,0.009722802889617018,84.85K,-0.34%
06/02/2021,0.009672583063307056,0.009696875666660202,0.009639111659469464,0.009703368039046353,111.53K,0.28%
06/01/2021,0.009699226971610363,0.009702050043174123,0.009643294535144988,0.00970817233947537,100.08K,0.04%
05/31/2021,0.009702708996351781,0.00973918463546232,0.009698286312808526,0.009744404275844595,94.90K,0.31%
05/28/2021,0.009732738987405835,0.00968063582416093,0.009677169621429125,0.009757715913858883,98.30K,-0.53%
05/27/2021,0.009681291871587344,0.009737193156700649,0.00967923030760594,0.00976810518295661,136.35K,0.59%
05/26/2021,0.009738236210657525,0.009706193522086444,0.009698944754810677,0.00974411942392766,122.08K,-0.33%
05/25/2021,0.00970591089973794,0.009698098202942403,0.009666879338012102,0.009733496856080515,119.66K,-0.08%
05/24/2021,0.009698098202942403,0.009686824949386339,0.00968110442039228,0.009719211966293773,98.35K,0.07%
05/21/2021,0.009704592213035209,0.009651391730687566,0.009642643627176827,0.009711094925952901,111.42K,-0.55%
05/20/2021,0.00965101914762199,0.00967923030760594,0.009645340818117808,0.009696969696969697,106.90K,0.26%
05/19/2021,0.009675858732462506,0.009647108761504177,0.00962936571368044,0.009695089437200058,121.45K,-0.29%
05/18/2021,0.00964776027245275,0.009649715333397665,0.00961769656167348,0.009663142840577468,119.39K,-0.02%
05/17/2021,0.009646271233854553,0.009682416731216111,0.009638461316035508,0.00970242657688688,81.55K,0.32%
05/14/2021,0.009676888686749437,0.009684854824026187,0.009672115291614276,0.009715434911443811,85.23K,0.08%
05/13/2021,0.009684854824026187,0.009675390643897247,0.00964348052499108,0.009710057677742606,99.82K,-0.09%
05/12/2021,0.009675765111126163,0.009637625289128758,0.00962139798912782,0.009678855572117152,94.62K,-0.40%
05/11/2021,0.009636603675400642,0.009642550647497276,0.009614552586795373,0.00966295609152752,119.46K,0.02%
05/10/2021,0.009638089730615392,0.009764671418806757,0.009621212850091883,0.009766101860442404,115.72K,1.36%
05/07/2021,0.009768868569642264,0.009783299907058651,0.009734633880419757,0.009800942850702238,91.24K,0.14%
05/06/2021,0.009782534263326257,0.009744879066050791,0.009715718088723938,0.009787704685374233,103.79K,-0.40%
05/05/2021,0.009743454834215116,0.009761335350675974,0.009716567719618721,0.009763432041631274,110.14K,0.19%
05/04/2021,0.0097617165002294,0.009737951719235376,0.009733591597963734,0.009785406045423856,102.09K,-0.24%
05/03/2021,0.009737951719235376,0.009760668410572756,0.009713453132588635,0.00977421561919656,74.30K,0.37%
04/30/2021,0.00977373796608513,0.009679605072113058,0.00966183574879227,0.009788471138692847,104.77K,-0.96%
04/29/2021,0.009679605072113058,0.009630942291393791,0.009604026007702429,0.009694713472743312,86.13K,-0.47%
04/28/2021,0.009634004181157814,0.009633911368015415,0.009621953448989213,0.009700073720560276,92.41K,0.01%
04/27/2021,0.009635303752950812,0.00962528755546572,0.009617326575558527,0.00966734660337777,109.06K,-0.12%
04/26/2021,0.009623620213451896,0.009619917076314802,0.009595731818487137,0.009641620949313999,106.95K,-0.06%
04/23/2021,0.009617881565406404,0.009619917076314802,0.009586992368754073,0.009640412609659694,87.29K,0.02%
04/22/2021,0.009619917076314802,0.009515291072753916,0.009503083750677094,0.009630664034285164,101.51K,-1.07%
04/21/2021,0.009516739945564246,0.009516377685997602,0.009490097083693166,0.009539709038874314,95.25K,0.00%
04/20/2021,0.009516377685997602,0.009550824713714028,0.009497217315326609,0.009585797682154121,96.70K,0.36%
04/19/2021,0.009550824713714028,0.009702520714881726,0.009539982064833717,0.009715057367413753,87.40K,1.55%
04/16/2021,0.009699321047526674,0.009707983845914881,0.00969057978738868,0.009795470574406395,105.10K,0.06%
04/15/2021,0.009705534095541276,0.009668094321928205,0.00963855421686747,0.009712604046270846,109.31K,-0.40%
04/14/2021,0.009666785890359315,0.009662209167504059,0.009634839579920994,0.009682510481317597,97.40K,-0.04%
04/13/2021,0.00966286271970934,0.009705345704413991,0.00962936571368044,0.009713075742564642,95.37K,0.42%
04/12/2021,0.009703838838644566,0.00975981105005807,0.00967127341657076,0.00978081200301249,97.01K,0.58%
04/09/2021,0.009760477872996663,0.009763432041631274,0.009729235379391533,0.009775553296316571,91.27K,0.03%
04/08/2021,0.00976305075810089,0.009789333542172448,0.009722897423432183,0.009794703024604294,101.74K,0.27%
04/07/2021,0.009789333542172448,0.009842422810799107,0.009700826510418687,0.009851246182642104,123.94K,0.54%
04/06/2021,0.009842422810799107,0.009810846872302017,0.00979508678446891,0.00986027983474171,98.21K,-0.30%
04/05/2021,0.009812964889211627,0.009855129594954173,0.009801999607920017,0.009866019455790366,73.46K,0.39%
04/02/2021,0.009850858009732648,0.009858044164037854,0.009844748319009224,0.009868940470551082,78.90K,0.07%
04/01/2021,0.009858044164037854,0.009919650828290844,0.009854838232830409,0.009925755349982133,129.61K,0.62%
03/31/2021,0.00991896207980797,0.009909427829637116,0.00988992513326674,0.009940950752529973,128.71K,-0.10%
03/30/2021,0.009908740499995045,0.009987116619560766,0.009873130275953991,0.009991207737191272,104.76K,0.79%
03/29/2021,0.009987116619560766,0.009984224924619102,0.0099352223502762,0.010017530678687703,117.36K,0.01%
03/26/2021,0.00998861298120143,0.01002234984014352,0.009966909859267233,0.010047726701833709,100.66K,0.32%
03/25/2021,0.010020240886590913,0.010064007085060988,0.010009809613421152,0.010070087811165713,113.68K,0.44%
03/24/2021,0.010064007085060988,0.01002224939365391,0.010014922234128852,0.010070594870038972,124.90K,-0.41%
03/23/2021,0.01002224939365391,0.009966115208291807,0.009962143853357242,0.010033511929845685,120.09K,-0.57%
03/22/2021,0.009965320684019612,0.009959365787586646,0.00995391338104576,0.01000030000900027,92.42K,-0.10%
03/19/2021,0.009955102487780112,0.009878787280073497,0.009869817112288909,0.00997327163202617,126.39K,-0.76%
03/18/2021,0.00987976328087179,0.009865240810528185,0.0098542555602637,0.009911785112498761,132.68K,-0.13%
03/17/2021,0.009867382380802021,0.009927824714326844,0.009862808336045605,0.009948961825833474,119.34K,0.60%
03/16/2021,0.009926740653973674,0.009919060466592603,0.009912964174547474,0.009978546125829466,105.71K,-0.05%
03/15/2021,0.00992181608921697,0.00988288777980926,0.009861349427055598,0.00994253216409155,122.94K,-0.42%
03/12/2021,0.00987976328087179,0.00983245496735625,0.009821253191907287,0.009921127040031747,140.57K,-0.50%
03/11/2021,0.009830811730124556,0.009868940470551082,0.009828299605885186,0.009880544220375658,128.76K,0.39%
03/10/2021,0.009869622289554979,0.009890805507200506,0.009850858009732648,0.009908544137609861,143.68K,0.20%
03/09/2021,0.009889338304374055,0.009858918870956612,0.009847365829640572,0.009897168420115005,163.01K,-0.30%
03/08/2021,0.009859210474425208,0.009874300158976232,0.009840776240429845,0.009915028208255253,162.60K,0.11%
03/05/2021,0.009870109360811717,0.009893349690338154,0.009834582325288645,0.00992871184892472,152.58K,0.23%
03/04/2021,0.00989295819235868,0.009824630348283146,0.009807575371216728,0.009905109055250699,169.49K,-0.69%
03/03/2021,0.00982434078673321,0.009782821365681862,0.009771254922269667,0.009855615236781155,155.27K,-0.44%
03/02/2021,0.009781386022399374,0.009783874218513046,0.009760858955588092,0.0098322616168171,154.08K,0.03%
03/01/2021,0.009784544333770377,0.009702991432258565,0.009660715665816524,0.009798253951145907,164.31K,-0.80%
02/26/2021,0.009706476160894548,0.009808537350910232,0.009666038374172346,0.009854546887934093,179.64K,1.05%
02/25/2021,0.009808537350910232,0.009772591789068379,0.009712604046270846,0.009819324430479183,191.75K,-0.41%
02/24/2021,0.009768773139781374,0.00979134640804457,0.00970393300404654,0.009811135638950209,139.19K,0.22%
02/23/2021,0.009789908562254028,0.009814120556656918,0.00977822974928619,0.009830811730124556,148.39K,0.25%
02/22/2021,0.009814216874564494,0.009832164944399108,0.009794415224439024,0.009877128521196318,122.99K,0.19%
02/19/2021,0.009832745007423723,0.00985794698396112,0.009823761714835845,0.0098773236403864,141.46K,0.26%
02/18/2021,0.00985794698396112,0.009909526027370111,0.009844166838939586,0.009933544586714877,156.09K,0.55%
02/17/2021,0.009912374608461203,0.00986845351464972,0.009864170373950699,0.009927923277008916,187.33K,-0.41%
02/16/2021,0.009871278527994945,0.009904029949786569,0.009852410884943544,0.009905501515541733,173.12K,0.32%
02/15/2021,0.009902656882841665,0.009948763866089639,0.00989197958295414,0.009948763866089639,127.22K,0.49%
02/12/2021,0.009950842836388241,0.009953814301640388,0.009937591922725286,0.009995901680311073,139.61K,0.04%
02/11/2021,0.009954606992115951,0.009931374204248642,0.009912374608461203,0.0099657179303197,163.13K,-0.24%
02/10/2021,0.009931078316483604,0.009934630133720122,0.009903343368721281,0.009945597581230668,193.61K,0.04%
02/09/2021,0.009934630133720122,0.009978346987038127,0.009929106181861509,0.009982032341784786,160.78K,0.44%
02/08/2021,0.009978745272569428,0.010003201024327784,0.009975858422617266,0.010019638491443229,141.02K,0.20%
02/05/2021,0.009998800143982722,0.010025263664434373,0.00998591985300726,0.010034418053924963,156.79K,0.27%
02/04/2021,0.010025565191237656,0.010063703241518814,0.010013919347893571,0.01010774860007682,149.16K,0.38%
02/03/2021,0.010064007085060988,0.010036633713052641,0.010013819070317039,0.01007475467972355,139.40K,-0.29%
02/02/2021,0.010034418053924963,0.01000890792805597,0.00998362685196278,0.01006755328252575,153.96K,-0.25%
02/01/2021,0.010009609224855862,0.010002300529121698,0.009947378368431,0.010016928609349801,157.90K,0.02%
01/29/2021,0.010011112334691508,0.009991706883286872,0.009978745272569428,0.010040664692002611,191.97K,-0.20%
01/28/2021,0.009991307562420693,0.00999820032394169,0.009972376517047778,0.010040765507962327,200.02K,0.08%
01/27/2021,0.009999600015999359,0.009984823068935219,0.009968499541449021,0.010021245039483706,178.71K,-0.17%
01/26/2021,0.00998223162770269,0.010022148949177682,0.009978844848920289,0.010050655302725739,129.74K,0.39%
01/25/2021,0.010020943772484492,0.010015624374023478,0.009988213907589045,0.010039253481111145,145.83K,-0.10%
01/22/2021,0.010011212558065032,0.009979044007584073,0.009975360858679063,0.010042076299695725,178.78K,-0.33%
01/21/2021,0.00997864569820584,0.010043992687973324,0.009968002711296737,0.010046919112254226,182.15K,0.65%
01/20/2021,0.010043589177028302,0.010024359192838598,0.009983527180152748,0.010065425264217413,166.26K,-0.19%
01/19/2021,0.010024359192838598,0.010056618763639289,0.010019538099293622,0.010067350575349085,158.36K,0.32%
01/18/2021,0.010056618763639289,0.010059046603562915,0.010051665560983454,0.010092752394505505,139.96K,0.07%
01/15/2021,0.010063500689349797,0.009996801023672425,0.009988812529966438,0.010072725075041802,160.61K,-0.67%
01/14/2021,0.009996001599360255,0.010019638491443229,0.009979840721742081,0.010043387433713644,166.76K,0.24%
01/13/2021,0.010020341292824433,0.009993803841618198,0.009971580994166625,0.010052777079668259,163.75K,-0.28%
01/12/2021,0.009992305924438182,0.010070087811165713,0.009989012086704625,0.010081966386724067,162.77K,0.76%
01/11/2021,0.010068668317928272,0.010050251256281407,0.01004944326084335,0.010113370887650562,160.62K,-0.17%
01/08/2021,0.010051665560983454,0.010038951130385897,0.010010611247922798,0.010071203408095232,146.51K,-0.13%
01/07/2021,0.010038951130385897,0.010047827659659982,0.01001351824963701,0.010074044225054148,163.54K,0.08%
01/06/2021,0.010047020053852027,0.010035022227574235,0.010009108288542573,0.010092854259184497,156.66K,-0.10%
01/05/2021,0.010036532980047372,0.010082271334086143,0.010018735034514541,0.01009000282520079,162.09K,0.46%
01/04/2021,0.010082576299896149,0.01000740548005524,0.00998631874332165,0.010103255268847623,137.71K,-0.80%
01/01/2021,0.010001700289049138,0.010011613471627087,0.009994303247149125,0.010013819070317039,1.93K,0.08%
12/31/2020,0.010009509033581903,0.010034921526913659,0.010002400576138274,0.010050857338130943,156.37K,0.25%
12/30/2020,0.01003461943705785,0.01009000282520079,0.010023454884429565,0.010096420818819729,151.22K,0.55%
12/29/2020,0.01009000282520079,0.01010897474778108,0.010072927998710665,0.010121150167505035,134.99K,0.18%
12/28/2020,0.010108157282927322,0.010029285513700003,0.01000720518773517,0.01012935182277686,106.57K,-0.74%
12/25/2020,0.01003290793803676,0.01003230401894099,0.010002700729196883,0.010033713276609407,1.69K,0.00%
12/24/2020,0.010032706623592912,0.010043185698503565,0.009984523987818881,0.010053989925902096,159.47K,0.12%
12/23/2020,0.01004429534246025,0.010133046905874127,0.009988313673002586,0.010140959334753067,174.69K,0.89%
12/22/2020,0.01013335495115723,0.010032203372826773,0.010028078620136383,0.010175424315193944,172.10K,-1.02%
12/21/2020,0.01003039208802672,0.01005813602623162,0.010007705933568848,0.010265570303758225,170.78K,0.21%
12/18/2020,0.010051362462181749,0.010010511036588418,0.010005402917575491,0.010098561964776216,161.01K,-0.39%
12/17/2020,0.010012315147631587,0.010052170766276979,0.009977152321184488,0.010063500689349797,158.72K,0.39%
12/16/2020,0.010051463493084592,0.010100397955679455,0.0100173299808669,0.010127197601879608,147.63K,0.46%
12/15/2020,0.0100981540574383,0.010192537024390741,0.01009214124960893,0.010223276355606445,124.31K,0.93%
12/14/2020,0.010191809861595222,0.010211166932157007,0.010111632421938197,0.010216591744993871,111.19K,0.61%
12/11/2020,0.010254411960746111,0.010199086161879896,0.010185477546114749,0.010319917440660475,140.97K,-0.53%
12/10/2020,0.010199814363378587,0.010119409026512852,0.01011101898849366,0.010242648339154573,141.03K,-0.75%
12/09/2020,0.010123096857790734,0.01015651184757107,0.010069479407914611,0.010172112137364202,122.48K,0.33%
12/08/2020,0.01015651184757107,0.010122174648001376,0.01012176483091592,0.010221499902895751,142.41K,-0.34%
12/07/2020,0.01012176483091592,0.010081254914611771,0.010074450186881051,0.010227667887168368,138.99K,-0.36%
12/04/2020,0.010085626973000777,0.010068262821932704,0.010014621347166864,0.01011030341020534,154.89K,-0.17%
12/03/2020,0.010068262821932704,0.01014569213911773,0.010028179183505652,0.010151768945738795,170.86K,0.74%
12/02/2020,0.010142605026675052,0.010135922723725153,0.010090410074265418,0.010199918400652794,149.81K,-0.02%
12/01/2020,0.010140753660812072,0.010141884970740662,0.010112654976437515,0.010196902181117377,143.17K,0.02%
11/30/2020,0.01014301653311695,0.010160226776261647,0.010093771133833312,0.010164460978634302,137.55K,0.14%
11/27/2020,0.01015723398204201,0.01013993104846887,0.010103969849753968,0.010177909864430242,153.20K,-0.19%
11/26/2020,0.010138389009986313,0.010131712259371834,0.01010774860007682,0.010171284429797794,135.82K,-0.13%
11/25/2020,0.010125659433570612,0.010102540789008435,0.01009754225821435,0.010171698266742616,155.02K,-0.23%
11/24/2020,0.010102540789008435,0.01010590993613065,0.010096828586141093,0.010152902714886187,146.32K,0.04%
11/23/2020,0.01010672703751617,0.010164254350300862,0.01007455168245013,0.010164254350300862,149.02K,0.49%
11/20/2020,0.010156305542295935,0.010174906645231529,0.010145486273157072,0.010189109879360938,152.32K,0.17%
11/19/2020,0.010174078482841416,0.010163221334634225,0.010156821321199317,0.010210332856851134,168.18K,-0.09%
11/18/2020,0.010165390910107448,0.010137772325909105,0.010117463754186101,0.010171284429797794,156.41K,-0.28%
11/17/2020,0.010136950197163682,0.010189109879360938,0.01011306405614773,0.010199294208840748,162.72K,0.51%
11/16/2020,0.010188694624444716,0.010167251283615474,0.010132841552756641,0.010206477030323444,141.25K,-0.21%
11/13/2020,0.010166837808436443,0.010207102101642322,0.010155274141625453,0.01021982851127758,161.14K,0.41%
11/12/2020,0.010208560899170044,0.01015713081368775,0.010144457068657686,0.010221395424903407,180.67K,-0.51%
11/11/2020,0.010156305542295935,0.010143736749743872,0.010108259458803788,0.01017967119662035,169.63K,-0.14%
11/10/2020,0.010142193553621778,0.010261040879986865,0.010131712259371834,0.010267256691684549,180.56K,1.17%
11/09/2020,0.010261040879986865,0.010269576379974325,0.010233005536055995,0.010304179375154562,167.92K,0.13%
11/06/2020,0.010273902233546345,0.010290712631849755,0.010245901639344263,0.010317042722873915,190.86K,0.16%
11/05/2020,0.010290394945358003,0.010351859711597189,0.010282564882984412,0.01040074053272593,190.13K,0.61%
11/04/2020,0.010353467376224298,0.010260514462195135,0.01019773406349109,0.01037064692095493,182.64K,-0.90%
11/03/2020,0.010260514462195135,0.010388962765957447,0.010252834908852298,0.010425680536297006,147.11K,1.26%
11/02/2020,0.010389394506088185,0.010358937173046047,0.010352502717531964,0.010447792381469796,139.85K,-0.27%
10/30/2020,0.010361405835543767,0.010398685606139385,0.010322154440074732,0.01042828986474508,175.80K,0.37%
10/29/2020,0.010399875201497582,0.010382275379472165,0.010320662999391082,0.010432859333757602,172.62K,-0.21%
10/28/2020,0.010377965503642665,0.010411244143675169,0.010353681769237141,0.010452160461567406,167.80K,0.33%
10/27/2020,0.010412545034257273,0.01038400033228801,0.010363875674947403,0.010433403584917471,137.42K,-0.31%
10/26/2020,0.010380012248414453,0.010390042183571266,0.010336772032829587,0.010426332745983254,137.94K,0.04%
10/23/2020,0.010383784681840837,0.010374843080498408,0.010345112968633618,0.010418837257762034,156.81K,-0.09%
10/22/2020,0.010374843080498408,0.01033185932140348,0.010318959023413718,0.010386157329511227,161.03K,-0.41%
10/21/2020,0.01033185932140348,0.010511599550103539,0.010302586979590574,0.010523767929869612,153.12K,1.80%
10/20/2020,0.010517348366129931,0.010524543234823608,0.01048536766941733,0.01055386693684566,147.64K,0.09%
10/19/2020,0.010526980651409563,0.010536075522589346,0.010469121326647055,0.010563901037375081,129.35K,0.15%
10/16/2020,0.010542295690309523,0.010543518372080764,0.010519450463907766,0.010602767322271113,133.30K,0.01%
10/15/2020,0.010543518372080764,0.010492628928177955,0.010469998220100304,0.010563119923100488,144.87K,-0.51%
10/14/2020,0.010490207391400129,0.010531193394835502,0.010448010698762954,0.010597373970730054,142.86K,0.39%
10/13/2020,0.010530749789385004,0.010430900499640135,0.01042372439672695,0.010542184551482758,154.33K,-0.92%
10/12/2020,0.010434056761268781,0.010496042991792093,0.010417751849150954,0.010519450463907766,127.88K,0.59%
10/09/2020,0.01049571250144316,0.010546965637985952,0.01049339965161913,0.010589742775147992,163.25K,0.49%
10/08/2020,0.010546965637985952,0.010554980895484579,0.010523878680726568,0.010594005911455298,170.39K,0.07%
10/07/2020,0.010554201099747754,0.010572612704051425,0.010536408559778313,0.010625524635278867,167.61K,0.17%
10/06/2020,0.010572612704051425,0.010538296168275514,0.010461454769900302,0.01058324249383526,151.41K,-0.34%
10/05/2020,0.010537074697322528,0.010548968310899194,0.010521774812975454,0.010582458516762615,123.78K,0.07%
10/02/2020,0.010544852530237365,0.010593332556488946,0.010509831947787155,0.01063637427273791,168.74K,0.47%
10/01/2020,0.01059490385124755,0.010522106946695007,0.01049890811355619,0.010660980810234541,183.76K,-0.71%
09/30/2020,0.010520114458845313,0.010539517922450227,0.010505746643413947,0.010592995911103579,162.04K,0.19%
09/29/2020,0.010539851177301376,0.01056579851022241,0.010508175360430414,0.010570824524312896,150.24K,0.21%
09/28/2020,0.010562227362506204,0.010646225912913872,0.010500782308281968,0.010653371259335015,152.52K,0.80%
09/25/2020,0.010646225912913872,0.010608391237468838,0.01060006996046174,0.010697360961050909,167.06K,-0.33%
09/24/2020,0.010610867650647794,0.010681136045629813,0.010580555055918232,0.01069324293978635,180.28K,0.66%
09/23/2020,0.01068102196018115,0.01068056564275644,0.010640108954715698,0.010724665658548096,164.86K,0.01%
09/22/2020,0.010682277034172604,0.010607716052656702,0.010582346529519455,0.010702627495050035,148.72K,-0.73%
09/21/2020,0.010604341417376274,0.010522660549493334,0.010490207391400129,0.010638863769349433,135.59K,-0.72%
09/18/2020,0.01052775642982724,0.010471423485308592,0.01045445516606902,0.010544296589974484,173.80K,-0.54%
09/17/2020,0.010471423485308592,0.01048679712242287,0.010452597470471413,0.010557655355898561,181.66K,0.14%
09/16/2020,0.010485917412914455,0.010540073358910577,0.010453362323991511,0.010558770114457067,138.95K,0.52%
09/15/2020,0.010540851068315257,0.010607378492479369,0.010510605200647455,0.010634338278300633,116.79K,0.63%
09/14/2020,0.010606928445660704,0.010635921762159517,0.010546520702820139,0.010652576858342033,95.63K,0.33%
09/11/2020,0.010641694157709908,0.010637845198076677,0.010568478456156667,0.010658708164570456,142.96K,-0.07%
09/10/2020,0.010633772862611654,0.010490757642516942,0.010440702032804686,0.010660526203573408,145.02K,-1.34%
09/09/2020,0.010491197884974506,0.010444300545192488,0.010434274504893676,0.010548078140162863,128.71K,-0.44%
09/08/2020,0.010444627805688144,0.010338054378166029,0.010326311441553077,0.01044593705278332,127.23K,-1.01%
09/07/2020,0.010339657757328232,0.010274324463166546,0.010270420162888863,0.010361513195387055,97.48K,-0.65%
09/04/2020,0.010272424703126927,0.010258830288170543,0.010244747005972688,0.010355611705983472,134.87K,-0.13%
09/03/2020,0.010259146028684572,0.010220768601798855,0.010217218055867748,0.010289759631215015,139.35K,-0.35%
09/02/2020,0.01022306732912143,0.01023530977165024,0.010216904890832372,0.010275380189066997,121.13K,0.12%
09/01/2020,0.01023530977165024,0.010212626891889131,0.010162395073270868,0.010255148084338337,126.04K,-0.26%
08/31/2020,0.010208769332856924,0.01024380249948781,0.010176977641180123,0.010258409331049129,110.59K,0.34%
08/28/2020,0.010243382774727526,0.01024999743750064,0.010216382991765595,0.01029654036243822,145.65K,0.06%
08/27/2020,0.010249577204940297,0.0102014792144861,0.010176149141641819,0.010283093565868356,135.23K,-0.49%
08/26/2020,0.010199502264289503,0.010244012374766949,0.010187137719914837,0.010259672306066545,114.37K,0.44%
08/25/2020,0.010244012374766949,0.010317255610007738,0.01022641277892541,0.010328337860588096,115.69K,0.75%
08/24/2020,0.010320449971618764,0.010201895512186164,0.010186722625729623,0.010330258359761578,104.97K,-1.20%
08/21/2020,0.010196902181117377,0.01008694950473078,0.010069783600350428,0.010220768601798855,138.59K,-1.06%
08/20/2020,0.010088475933940659,0.010201999591920016,0.010079730669596509,0.010208977775055384,143.92K,1.09%
08/19/2020,0.010198878123406425,0.010130172719444866,0.010068465565847765,0.010203873390338973,126.04K,-0.69%
08/18/2020,0.010128633647320976,0.010213669975895739,0.010114291493880854,0.010217113665389528,114.76K,0.81%
08/17/2020,0.01021022860701851,0.010201791434575912,0.010177702688949049,0.01022641277892541,105.65K,-0.08%
08/14/2020,0.010202207757758779,0.010234890742541324,0.010158678559093033,0.010244747005972688,115.10K,0.29%
08/13/2020,0.01023174911751164,0.010257251877077093,0.01018278091746856,0.010261251462228334,117.33K,0.25%
08/12/2020,0.010257672739208929,0.010266729635941767,0.010225157978690771,0.010293148880105402,102.90K,0.12%
08/11/2020,0.010269892782319353,0.010212209717938767,0.01019700615899172,0.010275802540178387,110.06K,-0.51%
08/10/2020,0.01021732244847915,0.010221082003740915,0.01019045969163669,0.01025073292740431,99.21K,-0.06%
08/07/2020,0.010211375472276114,0.010151047588111093,0.01014909013406948,0.010243068003728477,124.18K,-0.56%
08/06/2020,0.01015372743334078,0.010194719135487817,0.010116747263419865,0.010197110138986613,128.12K,0.40%
08/05/2020,0.01019430342324709,0.010192329253004189,0.010152490405896566,0.010223485390639378,109.65K,-0.02%
08/04/2020,0.010192744804248336,0.010172836491999064,0.010161155933098949,0.01025010250102501,114.67K,-0.20%
08/03/2020,0.010172836491999064,0.010193887744908153,0.010165597584654015,0.010224008015622284,120.85K,0.28%
07/31/2020,0.01020085483163489,0.010196486290824182,0.010134484610785118,0.010213044099924424,150.97K,-0.02%
07/30/2020,0.010198774107352296,0.010265464922906357,0.010192225370487392,0.010324712198647463,148.63K,0.67%
07/29/2020,0.01026662423128651,0.01032290032207449,0.010252834908852298,0.01035818607445464,131.55K,0.55%
07/28/2020,0.01032290032207449,0.010377642407197933,0.010305772263044532,0.010413737802909597,136.74K,0.53%
07/27/2020,0.010377642407197933,0.010461454769900302,0.010368281353682814,0.01046605335594001,134.76K,0.75%
07/24/2020,0.010455766878221683,0.010490757642516942,0.010443646085721448,0.010510273792632299,151.32K,0.33%
07/23/2020,0.010490317437005644,0.01052531865402225,0.010474384891747231,0.010541406645302748,148.78K,0.33%
07/22/2020,0.01052531865402225,0.010536519576853373,0.010514362619338016,0.010591761727728173,133.13K,0.12%
07/21/2020,0.010537740919101762,0.01056535198470137,0.01050762328069014,0.010576638321275965,132.54K,0.26%
07/20/2020,0.01056535198470137,0.010625863351397301,0.010558770114457067,0.0106662115749728,122.21K,0.55%
07/17/2020,0.01062383137854836,0.010597037068435665,0.010571159761937482,0.010664732795119819,124.08K,-0.24%
07/16/2020,0.010598272481585501,0.01057775709238613,0.010541184407480024,0.010614697109617977,135.82K,-0.18%
07/15/2020,0.010579435692900142,0.010564793880871384,0.01052531865402225,0.010584586724811329,136.97K,-0.13%
07/14/2020,0.010565575242744091,0.010590752155218064,0.01055308730569128,0.01061751465217022,131.64K,0.22%
07/13/2020,0.010588733587462939,0.010544518959045089,0.010503319048819426,0.010598384806155542,116.55K,-0.50%
07/10/2020,0.010536186532646374,0.010555203715431708,0.010499679759767327,0.010576750187737316,120.93K,0.18%
07/09/2020,0.010555537962992285,0.010580555055918232,0.010512815121633271,0.010592210488406825,132.43K,0.23%
07/08/2020,0.010579659546555792,0.010657912967482707,0.010569260363159786,0.01066427786842414,121.10K,0.74%
07/07/2020,0.010657912967482707,0.010727426812130575,0.010614809782608696,0.010731340881043086,124.95K,0.64%
07/06/2020,0.01072570092455542,0.010731571209340759,0.010687071849184042,0.010753497575086297,116.53K,0.05%
07/03/2020,0.010731571209340759,0.010730189387842697,0.010685244745530896,0.010764494391698423,121.42K,-0.01%
07/02/2020,0.010730189387842697,0.010618191084966765,0.01059019136475796,0.010739638933339062,141.28K,-1.03%
07/01/2020,0.010619431435640935,0.010674181290295034,0.010604566326260088,0.010711799046649885,127.71K,0.52%
06/30/2020,0.010674181290295034,0.010768551522134759,0.010672928117829127,0.010800769014753851,135.98K,0.88%
06/29/2020,0.010768203648267397,0.010720641523188747,0.010679653124866505,0.01080905799059612,133.77K,-0.44%
06/26/2020,0.010720641523188747,0.010651101856487053,0.010643846260284617,0.010736640934517228,138.87K,-0.62%
06/25/2020,0.010654165778819518,0.010641014727164383,0.010609404175861484,0.01067703050427615,151.85K,-0.12%
06/24/2020,0.010641354431592052,0.01057954761854383,0.010538518284329224,0.010646112571994337,159.90K,-0.59%
06/23/2020,0.010578316566701575,0.010583354500042334,0.01054919087705973,0.010641807404569593,157.29K,0.08%
06/22/2020,0.010586827868765683,0.010612669404735372,0.010575967172197897,0.010631172724663258,150.95K,0.23%
06/19/2020,0.010610867650647794,0.010533522936746195,0.010527202290719217,0.010628234969018695,152.96K,-0.72%
06/18/2020,0.010534410652396051,0.010439503079653408,0.010429595018825418,0.010560888804401779,159.72K,-0.91%
06/17/2020,0.010439067164958139,0.010430900499640135,0.010416775174741403,0.010486687150662234,168.42K,-0.11%
06/16/2020,0.010427528675703858,0.010441138084051161,0.010368173853539176,0.010451505016722408,165.17K,0.14%
06/15/2020,0.010441901261381671,0.01049339965161913,0.010439503079653408,0.010551639724813235,153.48K,0.41%
06/12/2020,0.010484598125353855,0.010446373541425094,0.010421117352202502,0.010541740019607636,179.36K,-0.38%
06/11/2020,0.010444627805688144,0.01037344398340249,0.010359044481737004,0.010458719434392453,172.23K,-0.69%
06/10/2020,0.010372260426714793,0.010403120936280884,0.010312680471908258,0.010423941709317961,160.53K,0.32%
06/09/2020,0.010405502429684818,0.010424159030970177,0.010373228771187319,0.01048316927173423,150.67K,0.18%
06/08/2020,0.010424159030970177,0.010438086489984656,0.010395874916833001,0.01048712705154423,135.90K,0.24%
06/05/2020,0.01044964836933237,0.010511820542199703,0.010381844230809161,0.010546520702820139,144.87K,0.69%
06/04/2020,0.01052133200063128,0.010557655355898561,0.010489877268435959,0.01060996700300262,143.38K,0.34%
06/03/2020,0.01055732097422958,0.01060996700300262,0.010513367747090425,0.010614697109617977,153.61K,0.50%
06/02/2020,0.010609629299552273,0.01059445486232506,0.010538407225131993,0.010638411046926031,150.35K,-0.09%
06/01/2020,0.010600407055630937,0.01071937741855953,0.010581226787433734,0.010735257807216242,132.29K,1.06%
05/29/2020,0.010713290908701335,0.01072765697244065,0.010672586394586864,0.010774701002047193,146.82K,0.14%
05/28/2020,0.010728002231424465,0.010742754012418624,0.010704689724568334,0.010784345444153267,150.97K,0.21%
05/27/2020,0.010750607409318626,0.010746217331499313,0.010702971144789793,0.0107887667360744,145.52K,-0.05%
05/26/2020,0.0107452935614201,0.01081010961451149,0.010713750026784376,0.0108242680088759,133.97K,0.61%
05/25/2020,0.01081046020129077,0.01081303186600491,0.010791560999298547,0.010826846247956433,87.28K,0.05%
05/22/2020,0.010815721733111251,0.01081665765278529,0.010776442696265962,0.010837641295748393,133.52K,0.02%
05/21/2020,0.010818061836041455,0.010813148788927335,0.010797037292966811,0.010858706510880424,118.52K,-0.05%
05/20/2020,0.01081279802774564,0.010799485944469044,0.010760903485456639,0.010828839364996859,130.47K,-0.22%
05/19/2020,0.010788883134817883,0.01083141978250509,0.010750722986120818,0.010854109908716936,129.82K,0.41%
05/18/2020,0.01083317986328527,0.010909408273695234,0.010796221322537112,0.010921203516627533,108.41K,0.55%
05/15/2020,0.010893246187363835,0.010837758751490192,0.010799252691713734,0.010901558922925977,133.07K,-0.56%
05/14/2020,0.010832358421075437,0.010848457891710694,0.010813148788927335,0.010883406070763907,147.54K,0.15%
05/13/2020,0.010848810970317653,0.010866494251624541,0.01076356747680451,0.01087500271875068,135.52K,0.16%
05/12/2020,0.010865667749611552,0.010678398667335845,0.010669739551657544,0.010871337718106213,141.51K,-1.70%
05/11/2020,0.010681478316599017,0.01066791836908864,0.010622928528936858,0.01073410547332038,126.34K,-0.12%
05/08/2020,0.01066871505995818,0.010671447475135527,0.010610192150579848,0.010729498610529931,135.12K,0.03%
05/07/2020,0.010671903013745411,0.010642486936347286,0.010595016104424478,0.010750145126959213,132.04K,-0.25%
05/06/2020,0.010645545903593935,0.010621010482937347,0.01059535287822761,0.010681250133515627,111.52K,-0.22%
05/05/2020,0.010621913006532476,0.010624847267820526,0.010582570506375998,0.010636261141483546,103.05K,0.02%
05/04/2020,0.0106239442455406,0.010561892691170256,0.010557655355898561,0.010661662792929186,95.41K,-0.63%
05/01/2020,0.010556875164951175,0.010571606778514266,0.010497365161344502,0.01059389367968303,124.32K,0.18%
04/30/2020,0.010575743474766277,0.01062868682574268,0.010539406842182922,0.010702283867377298,145.66K,0.53%
04/29/2020,0.010632076976237307,0.01058077895694681,0.0105410732920826,0.010670194944461637,130.51K,-0.48%
04/28/2020,0.01058077895694681,0.010552085092014182,0.01049945927784719,0.010598609462438527,125.52K,-0.25%
04/27/2020,0.010554201099747754,0.010600182323135959,0.010533744851632203,0.010608728862107742,115.79K,0.43%
04/24/2020,0.01060006996046174,0.010673611629967232,0.010586603711663261,0.01067748651967327,132.68K,0.60%
04/23/2020,0.01066370926463061,0.010611092836451227,0.010597261667585095,0.010691413725636941,135.98K,-0.50%
04/22/2020,0.010610755061330164,0.01056669167450363,0.0105550923042822,0.010635016856501717,123.83K,-0.42%
04/21/2020,0.01056669167450363,0.010500120751388642,0.010463315615452225,0.010611655842777706,126.12K,-0.63%
04/20/2020,0.010500120751388642,0.01046156421308114,0.010446482669285252,0.010519229150887825,115.92K,-0.48%
04/17/2020,0.010449866764198757,0.010451941970818179,0.01039846934531237,0.010546409474894271,122.86K,0.02%
04/16/2020,0.010451941970818179,0.010437541750167,0.010393605853678817,0.01050089257586895,126.26K,-0.16%
04/15/2020,0.010435472257297004,0.010427419943483384,0.010387344059997299,0.010507402465036618,127.69K,-0.14%
04/14/2020,0.010420465794821029,0.01048020289672808,0.010399442589877182,0.010488997042102835,116.57K,0.59%
04/13/2020,0.010482290170756506,0.010573507020808663,0.01044768322624458,0.010584922835912525,89.47K,0.95%
04/10/2020,0.010581674655831031,0.010520335809119027,0.0105000105000105,0.010584250635055038,59.35K,-0.57%
04/09/2020,0.010521110608435826,0.01063219001850001,0.010497916163641517,0.010636034886194428,140.78K,1.04%
04/08/2020,0.010630042626470933,0.010713750026784376,0.01059535287822761,0.01073998496402105,139.42K,0.85%
04/07/2020,0.01072018181428357,0.01076044031721778,0.010669625709530109,0.010820637119113574,161.88K,0.39%
04/06/2020,0.010761829941563262,0.010695072779970267,0.010645205931508746,0.010775862068965518,136.74K,-0.60%
04/03/2020,0.010696788823995036,0.010558993094418516,0.010545408529126417,0.010745870899107019,160.69K,-1.27%
04/02/2020,0.010560665744368525,0.010575967172197897,0.010490757642516942,0.010598946464721407,163.32K,0.13%
04/01/2020,0.010573954235926067,0.010678740762889239,0.010521442700223056,0.010766000968940087,140.53K,1.07%
03/31/2020,0.01068684342705695,0.010682162924348922,0.01063354671317071,0.0108242680088759,147.12K,-0.08%
03/30/2020,0.010678740762889239,0.010655301012253596,0.010620784876002336,0.010771335322439924,140.66K,-0.40%
03/27/2020,0.010636148012635743,0.010942834631883043,0.010611430633077951,0.011007275809309953,168.01K,2.87%
03/26/2020,0.010941397872992253,0.011014792866820139,0.010916911387430268,0.011252011297019342,156.81K,0.72%
03/25/2020,0.011020376676474802,0.011133129968159248,0.010931948619841488,0.011249479711563341,144.24K,1.04%
03/24/2020,0.011134617525887985,0.01134365606034825,0.011094961777856675,0.011383557589417845,148.35K,1.86%
03/23/2020,0.011342112128120498,0.011374105710938477,0.01123507139887874,0.011499936750347875,127.00K,0.44%
03/20/2020,0.011391727327614686,0.011640901471409946,0.011142806204314494,0.01172003187848671,153.71K,2.18%
03/19/2020,0.011640494953845438,0.011548811049902413,0.011330802787377487,0.011690573890272274,163.85K,-0.78%
03/18/2020,0.011550278361708516,0.01120322652924042,0.011123594255775927,0.011703982865369085,147.58K,-3.00%
03/17/2020,0.01120322652924042,0.011012973282526815,0.010991064264752756,0.011237343941386013,149.02K,-1.68%
03/16/2020,0.011014792866820139,0.011023413730764143,0.01087382019050933,0.011075300971303896,143.81K,0.13%
03/13/2020,0.011029249569859265,0.010664164142814486,0.010641694157709908,0.011039599041762804,161.74K,-3.30%
03/12/2020,0.010665074015613668,0.010588060902526312,0.010484708053304256,0.010781554915849964,150.38K,-0.76%
03/11/2020,0.010584362662602272,0.010451177325125675,0.01044146514638934,0.010599620533584897,129.37K,-1.29%
03/10/2020,0.010448010698762954,0.010264938051098862,0.010262199189286265,0.010469888600385292,129.72K,-1.77%
03/09/2020,0.01026262045750762,0.010357005996706472,0.01022306732912143,0.010369679058433142,133.24K,0.90%
03/06/2020,0.01035496831379696,0.010501885088373363,0.01034821751953226,0.010510826150935463,132.03K,1.33%
03/05/2020,0.010492188565612902,0.010564012634559111,0.01048943713680324,0.010630268626888201,121.00K,0.69%
03/04/2020,0.010564459046874506,0.010684673903752457,0.01056278519520027,0.010706408856341406,117.70K,1.14%
03/03/2020,0.010684673903752457,0.01075974563961308,0.010629590654463898,0.010805554054784158,132.56K,0.69%
03/02/2020,0.010758819542319817,0.010770059235325796,0.010698047606311848,0.010865785813630043,131.93K,-0.06%
02/28/2020,0.010752341322322936,0.010830950524218005,0.01071857314354313,0.010833884055772836,139.16K,0.73%
02/27/2020,0.01083059860718502,0.010819700510689863,0.01078016019318047,0.010864369214723394,142.37K,-0.05%
02/26/2020,0.010825556974906359,0.010705950367214096,0.010695873531991357,0.010833531948085715,132.66K,-1.11%
02/25/2020,0.010705606526137737,0.010746332813927246,0.01069816205575882,0.010772379618657763,125.45K,0.42%
02/24/2020,0.01075049183500145,0.010734220695577501,0.01072420560446985,0.010794356710311849,120.45K,-0.23%
02/21/2020,0.010725470848170235,0.010828135828135828,0.010713520462824084,0.010833884055772836,107.11K,0.98%
02/20/2020,0.01083059860718502,0.010808240202330255,0.010788184780028912,0.01086826575083414,115.40K,-0.20%
02/19/2020,0.01080905799059612,0.0107473722674806,0.010738370344916455,0.010828370330265296,102.53K,-0.58%
02/18/2020,0.01074610185155335,0.010776791102681265,0.010704460548710649,0.010789930836543338,105.79K,0.27%
02/17/2020,0.010775513722616726,0.010724895700389314,0.010708816568680996,0.010785159620362382,92.84K,-0.57%
02/14/2020,0.010714553578125167,0.010742407803285028,0.010710881184195024,0.010765305573198694,116.49K,0.29%
02/13/2020,0.010745639956587614,0.010820520034192843,0.010732607809045442,0.010828487585138984,123.89K,0.69%
02/12/2020,0.01082005171984722,0.01083130246412131,0.010787602886762533,0.01083728894379782,107.47K,0.09%
02/11/2020,0.010830012129613585,0.010861183217299692,0.010817125673366073,0.010887197744172628,110.24K,0.29%
02/10/2020,0.010861537124733893,0.010841636219738283,0.010819466383917944,0.010888620302921417,121.90K,-0.14%
02/07/2020,0.010845869350657802,0.010858588600653687,0.010793075162975434,0.010863188997762183,112.77K,0.12%
02/06/2020,0.010858588600653687,0.010806137886319428,0.010793191654704213,0.010871574095213245,120.41K,-0.51%
02/05/2020,0.010803686217737491,0.010791328088747882,0.010740907821529075,0.01084751646110623,105.40K,-0.12%
02/04/2020,0.010790978741771878,0.0107887667360744,0.010758356553452895,0.01086401512270905,111.62K,-0.02%
02/03/2020,0.010789232346118574,0.01057775709238613,0.01057775709238613,0.010799952480209086,113.60K,-1.88%
01/31/2020,0.010586491636671608,0.010669284197723174,0.010579323769624645,0.010699077739498856,119.15K,0.81%
01/30/2020,0.010672586394586864,0.010770523232018612,0.01064690600911375,0.010778417297204078,113.53K,0.91%
01/29/2020,0.010769711264041013,0.010780508840017248,0.010759166810122223,0.010801002333016504,104.21K,0.10%
01/28/2020,0.010780508840017248,0.010718113612004287,0.010711225364181662,0.010818998160770312,111.85K,-0.56%
01/27/2020,0.01072018181428357,0.010722250814891062,0.010674751011432658,0.010740677092283898,111.02K,0.00%
01/24/2020,0.01072018181428357,0.01067338378286068,0.010642260416112381,0.010738255033557046,113.51K,-0.45%
01/23/2020,0.010672472491702154,0.010705033506754875,0.010667235585897914,0.010713635243574498,86.08K,0.31%
01/22/2020,0.010705033506754875,0.010766580534022395,0.010689128087821877,0.010779927774483911,111.54K,0.57%
01/21/2020,0.01076646461601404,0.010817242684839636,0.010738485658752402,0.010832358421075437,103.05K,0.49%
01/20/2020,0.010819349324331633,0.010820520034192843,0.010811044563125689,0.010854227721697602,104.86K,-0.05%
01/17/2020,0.010813850379566147,0.010771335322439924,0.01072880792215177,0.01081759373444971,113.62K,-0.39%
01/16/2020,0.010772147535332644,0.01084492836924812,0.010769479295676053,0.010846339902599868,121.20K,0.68%
01/15/2020,0.010845398839542324,0.010840460936399015,0.010811745880724819,0.010871574095213245,107.36K,-0.03%
01/14/2020,0.010842106404432252,0.010887079214388364,0.010828370330265296,0.010897519724510701,110.05K,0.43%
01/13/2020,0.010889094571786356,0.010794706276042228,0.01078725378093245,0.010900608253940569,115.52K,-0.91%
01/10/2020,0.010789697996353083,0.010747256762711318,0.010731801547525784,0.010812096573646596,116.66K,-0.40%
01/09/2020,0.010746910263299303,0.01067566269176159,0.010662231178496412,0.010790512980987115,116.31K,-0.67%
01/08/2020,0.010674751011432658,0.010604791244684348,0.010557543892988736,0.010687757174157004,124.93K,-0.66%
01/07/2020,0.010604791244684348,0.010566580020710497,0.010541184407480024,0.01062405711493105,112.41K,-0.36%
01/06/2020,0.010566580020710497,0.010656436487638534,0.01054396305395346,0.01066427786842414,102.31K,0.75%
01/03/2020,0.010646339256246739,0.01066825979346249,0.010621348911311735,0.010679995300802068,114.41K,0.15%
01/02/2020,0.01066177646519463,0.010591873914332924,0.010581898604247573,0.010686500812174062,93.97K,-0.66%
01/01/2020,0.010591873914332924,0.010568143388569496,0.010562115803037665,0.010606253447032369,11.06K,-0.28%
12/31/2019,0.010561781138771242,0.010689813676547618,0.010546854400675,0.010705377311023327,112.10K,1.23%
12/30/2019,0.010691413725636941,0.010716046207591248,0.010655073946213187,0.010716046207591248,102.88K,0.09%
12/27/2019,0.010701367634783725,0.01079528893590837,0.010671333596559562,0.010816072684008436,90.20K,0.87%
12/26/2019,0.01079447322970639,0.010824150845366181,0.010775745951013459,0.010832006412547796,103.02K,0.27%
12/25/2019,0.010824150845366181,0.01083670174145797,0.010799602574625254,0.010858116985352401,34.43K,0.12%
12/24/2019,0.010837054055225628,0.010854581175985326,0.010819817577875637,0.010872874353063977,112.87K,0.16%
12/23/2019,0.010854581175985326,0.010830481306589266,0.01077806878563499,0.010876067214095383,103.54K,-0.30%
12/20/2019,0.01082169099743526,0.010798902831472322,0.010749798441279225,0.010843517203240043,113.81K,-0.21%
12/19/2019,0.010799369316831897,0.010769131361864352,0.010713750026784376,0.010826142970044063,112.52K,-0.28%
12/18/2019,0.01076959527860943,0.010722480753147048,0.010715357250010715,0.010790512980987115,108.97K,-0.44%
12/17/2019,0.010721676012394257,0.010578652279699566,0.010571159761937482,0.010744716285766474,104.01K,-1.34%
12/16/2019,0.010577868982514782,0.010591425182172513,0.010498246792785604,0.01059411814560556,113.22K,0.20%
12/13/2019,0.010598946464721407,0.010761598312581385,0.01047943411055803,0.01076773985140519,143.55K,1.56%
12/12/2019,0.010764030914296785,0.010711799046649885,0.010689813676547618,0.010856113077273813,128.58K,-0.43%
12/11/2019,0.010717883861010481,0.010733644609026994,0.010699077739498856,0.010775049295850528,108.65K,0.15%
12/10/2019,0.010734451147512827,0.0107143239797285,0.010679653124866505,0.010742754012418624,82.86K,-0.14%
12/09/2019,0.010719262514738986,0.01067748651967327,0.010661321790675608,0.010724550641328129,93.30K,-0.38%
12/06/2019,0.010678740762889239,0.01066712179719668,0.010644639359618496,0.010711569566288548,100.00K,-0.11%
12/05/2019,0.01066712179719668,0.010676574527828492,0.010629025743500352,0.010700108071091518,100.46K,0.09%
12/04/2019,0.01067691650651292,0.010728232416427069,0.01065836735128913,0.010738946938863176,101.27K,0.47%
12/03/2019,0.010727426812130575,0.010790163686783127,0.010709848776935269,0.01080345278350961,89.71K,0.58%
12/02/2019,0.010790163686783127,0.010789581580026327,0.010775862068965518,0.010828722102504684,95.48K,-0.13%
11/29/2019,0.010775862068965518,0.01083141978250509,0.01076368333243636,0.010837758751490192,99.87K,0.51%
11/28/2019,0.01083059860718502,0.010860711376595167,0.010784345444153267,0.010862362998446682,110.84K,0.27%
11/27/2019,0.01085988575400187,0.010872756134952649,0.01085823488533704,0.010922277076324873,101.55K,0.13%
11/26/2019,0.010873583715721028,0.01081408426334458,0.010804853540210262,0.01089360218743532,103.21K,-0.55%
11/25/2019,0.010813616505904235,0.010841166075823116,0.010793075162975434,0.01086826575083414,104.86K,0.39%
11/22/2019,0.010855405992184108,0.010791560999298547,0.01076356747680451,0.01087086499472763,108.26K,-0.58%
11/21/2019,0.01079191038397617,0.010785043301948858,0.01074575542660649,0.01081046020129077,110.75K,-0.07%
11/20/2019,0.010784578053383662,0.010772031497420098,0.010764146779905491,0.010811628988139643,102.45K,-0.13%
11/19/2019,0.010770291228674823,0.010729843988068415,0.010718228491194975,0.01079365764676676,99.38K,-0.38%
11/18/2019,0.010729843988068415,0.010814552061253622,0.010717079810093346,0.0108191152127579,97.59K,0.83%
11/15/2019,0.010818412938821874,0.01078713741734356,0.010782136156815388,0.01083106783497785,104.14K,-0.29%
11/14/2019,0.01078713741734356,0.010785159620362382,0.010775049295850528,0.010839990894407648,108.43K,-0.02%
11/13/2019,0.010785159620362382,0.010841753762088555,0.010780973737547975,0.010868383871318334,87.39K,0.55%
11/12/2019,0.010844340338777193,0.010869565217391304,0.010824150845366181,0.010900132981622375,89.98K,0.23%
11/11/2019,0.010869210786604785,0.010967678252190792,0.01083693661475774,0.010967678252190792,91.22K,0.94%
11/08/2019,0.010971528882549784,0.010985510112162058,0.01093457841732912,0.010988890231975473,106.13K,0.11%
11/07/2019,0.010983700188919643,0.010957463128136573,0.010944750897469574,0.011021834253656493,127.12K,-0.27%
11/06/2019,0.010953982320272535,0.01096611470555982,0.010922277076324873,0.010979720456317182,94.35K,0.11%
11/05/2019,0.010965633703971751,0.010964311167150924,0.010945709281961471,0.010992634934593822,108.62K,-0.01%
11/04/2019,0.010964311167150924,0.010917984103415145,0.010914647456887142,0.010971528882549784,101.27K,-0.36%
11/01/2019,0.010925140934318053,0.01088755334901141,0.010851283164234171,0.010932785236366817,113.46K,-0.36%
10/31/2019,0.010885775557079563,0.010922157781491311,0.01086295298513948,0.010938884452563528,123.30K,0.34%
10/30/2019,0.010922992900054615,0.010961546893497612,0.010918341722259223,0.010973936899862825,105.33K,0.37%
10/29/2019,0.010963229328831101,0.010987803538072738,0.010933980624986333,0.011022077220673008,107.17K,0.22%
10/28/2019,0.010987803538072738,0.011009941977605778,0.010981046713372718,0.011025844579694804,92.93K,0.22%
10/25/2019,0.011011639302743,0.010964792052718721,0.01095110332365986,0.011026574043444702,110.24K,-0.43%
10/24/2019,0.010964311167150924,0.010950383810952573,0.010883998345632251,0.011023170704821535,128.06K,-0.17%
10/23/2019,0.010945349868108535,0.01097140850942444,0.01093649179216291,0.010998317257459608,125.52K,0.23%
10/22/2019,0.010970084579352108,0.010879972147271303,0.0108503412432321,0.010980323260716796,120.81K,-0.83%
10/21/2019,0.010879143593816296,0.010882813860351732,0.010844693149407338,0.010925976509150505,116.36K,-0.33%
10/18/2019,0.010843517203240043,0.010906671611024463,0.010831771752905624,0.010948345704963981,132.60K,0.58%
10/17/2019,0.010906671611024463,0.010920130167951602,0.010818295902029512,0.011013094569443068,145.37K,0.12%
10/16/2019,0.010920130167951602,0.010937687991512353,0.010877960164909876,0.01104508604122026,132.39K,0.15%
10/15/2019,0.010936850624494171,0.011133129968159248,0.010926931608335064,0.011139206665701269,129.27K,1.80%
10/14/2019,0.011133997661860491,0.011167569378524764,0.011104448442045884,0.011225612357154083,119.76K,0.12%
10/11/2019,0.011147153574334793,0.011322591967753258,0.011087703736556159,0.011355377906976745,136.15K,1.56%
10/10/2019,0.011321181931393637,0.011519410206197442,0.011296243998870375,0.011531232342800474,126.33K,1.75%
10/09/2019,0.011519410206197442,0.011491611123879569,0.011439815132587457,0.011545077756098686,96.12K,-0.25%
10/08/2019,0.011491082919654349,0.011462237658035602,0.011451080982044705,0.011535355865728458,98.66K,-0.25%
10/07/2019,0.011462237658035602,0.01145488493568082,0.011408492481803456,0.011490818835750236,76.56K,-0.12%
10/04/2019,0.011448327971699732,0.011415264491678272,0.011392246437074927,0.011489102586196991,109.12K,-0.26%
10/03/2019,0.011418653512377822,0.011421522717408684,0.011337225780851426,0.011485539705510762,114.54K,0.06%
10/02/2019,0.011425307055127105,0.01143026964006081,0.01139744013494569,0.011502846954621268,104.54K,0.01%
10/01/2019,0.011426090334670186,0.011518216058696828,0.011392376221832349,0.011529371072807978,116.57K,0.79%
09/30/2019,0.011515828506281883,0.011540947280952821,0.011447279554013989,0.01156697858952263,100.98K,0.22%
09/27/2019,0.011540947280952821,0.011436151963587294,0.011420609632142163,0.011550812022085152,118.75K,-0.92%
09/26/2019,0.011435236537867786,0.01140029868782562,0.011374364457385943,0.011459216647949945,125.08K,-0.26%
09/25/2019,0.011405369648030293,0.011281206637861986,0.011271796837133807,0.011409143287430546,112.02K,-1.09%
09/24/2019,0.011281206637861986,0.011364152916041639,0.01127141568981064,0.011377858686995108,116.42K,0.72%
09/23/2019,0.011362216086625536,0.011284134506883321,0.011265067027148813,0.011375140767366995,96.12K,-0.77%
09/20/2019,0.01127459270533852,0.01118155490702537,0.0111605897255611,0.011307100859339666,131.96K,-0.78%
09/19/2019,0.011186808515398642,0.011269002355221491,0.01115834811814459,0.011283497884344146,125.31K,0.74%
09/18/2019,0.011269891358247306,0.011188560815422313,0.011179554830126665,0.011292927239669794,120.05K,-0.71%
09/17/2019,0.011189437171310282,0.01123292595255212,0.011165324966783158,0.011256824449822705,122.56K,0.45%
09/16/2019,0.011239238429204037,0.01126138807869458,0.011184056009752497,0.011288592876897895,124.62K,0.26%
09/13/2019,0.011268621396858308,0.011423740818168316,0.011263163822717802,0.01143811408374987,129.64K,1.38%
09/12/2019,0.011424654404204272,0.011335426608780423,0.011321694631252406,0.01144269498352252,138.55K,-0.80%
09/11/2019,0.011332728921124207,0.01126697087488029,0.011253277517076849,0.011354346443818693,117.51K,-0.58%
09/10/2019,0.011267351721651343,0.011283625203105255,0.011226368494319459,0.011326439307274972,111.86K,0.14%
09/09/2019,0.011283625203105255,0.01134442818409738,0.011259612894508686,0.011424784928423724,121.74K,0.72%
09/06/2019,0.011364411209855218,0.01127459270533852,0.011262275880709974,0.011368157790030125,138.87K,-0.81%
09/05/2019,0.011272305073664515,0.011337482852057186,0.011263163822717802,0.011399388992749988,151.80K,0.58%
09/04/2019,0.011337482852057186,0.011472231463742013,0.011331316359021426,0.011473679379503419,138.72K,1.12%
09/03/2019,0.011464603038119806,0.011514767689561863,0.0114356288452302,0.011570056693277797,135.44K,0.43%
09/02/2019,0.01151383963524156,0.01151914481868866,0.01141982710381765,0.011548677676406051,99.71K,-0.02%
08/30/2019,0.011511056369643042,0.011452261248983612,0.011425829229556334,0.01152963693173302,129.66K,-0.59%
08/29/2019,0.011442825920289274,0.011401078542030076,0.011360150862803458,0.011461186691270013,132.61K,-0.36%
08/28/2019,0.011401078542030076,0.011373200191069762,0.011345071700853148,0.011452785890167783,126.20K,-0.24%
08/27/2019,0.011374105710938477,0.011364023773537735,0.011352928487903455,0.01143026964006081,116.27K,-0.09%
08/26/2019,0.011363507232872353,0.011409533806448668,0.011264686334809008,0.011411356582070476,117.89K,0.22%
08/23/2019,0.011388613664058673,0.01134790404212342,0.01133311422645829,0.011450032060089769,141.06K,-0.37%
08/22/2019,0.011347002689239636,0.011541746497079938,0.011327594019030357,0.01154747745355027,128.41K,1.72%
08/21/2019,0.011541746497079938,0.011484352569623888,0.01147657630775587,0.011561762937612727,123.02K,-0.50%
08/20/2019,0.011484352569623888,0.01154081408902584,0.011455672276127524,0.011564035848511131,126.31K,0.49%
08/19/2019,0.01154081408902584,0.011568852022813778,0.011509069146487432,0.011582922139597378,111.59K,0.22%
08/16/2019,0.011566443434308385,0.011522064754003917,0.011513972205271096,0.011606448542810385,110.13K,-0.38%
08/15/2019,0.011522595810384163,0.011631694039919975,0.011475127660795227,0.011643747889570696,114.79K,0.96%
08/14/2019,0.011632641191182458,0.01161022163913109,0.011586008735850585,0.01170781965274607,124.26K,-0.19%
08/13/2019,0.011610760853158708,0.011617370292060688,0.011562163974609487,0.011671880106447546,123.95K,0.06%
08/12/2019,0.011617910170318563,0.011682925404521292,0.011581044146940288,0.011715500779080802,111.63K,0.87%
08/09/2019,0.011719207781553968,0.011710698894510025,0.011658544547298715,0.011726628828744314,113.98K,-0.13%
08/08/2019,0.011704530823881926,0.011576619858533706,0.011538550296540743,0.011706449082799714,123.76K,-1.10%
08/07/2019,0.01157608381084679,0.01156657721846951,0.011544144809752493,0.01164022395790895,132.00K,-0.07%
08/06/2019,0.01156845052173712,0.011628177399474405,0.011558555642886863,0.0116831983923919,130.19K,0.52%
08/05/2019,0.01162912397809073,0.011814605214966741,0.011597430009509893,0.011824943535894618,130.79K,1.50%
08/02/2019,0.011803031018365516,0.011939300595771099,0.011788560381006272,0.01198336708648396,129.97K,1.18%
08/01/2019,0.011941866991485448,0.011945290569193094,0.011900370101510157,0.01199760047990402,135.93K,-0.01%
07/31/2019,0.01194101140366589,0.011948145050480913,0.01185733257446405,0.011965014298192087,126.37K,0.09%
07/30/2019,0.011951286555997753,0.011902636433970125,0.011893859200494785,0.012003505023466853,131.67K,-0.40%
07/29/2019,0.011903061467409418,0.011720856091328911,0.011718383800506235,0.011910717263393602,114.98K,-1.50%
07/26/2019,0.011724566484154248,0.011623987260109964,0.011606448542810385,0.011730205278592375,113.92K,-0.89%
07/25/2019,0.011620610314453715,0.011612918210217045,0.011580239479352434,0.011646866992778943,124.62K,-0.07%
07/24/2019,0.011612513644703532,0.01164551065564225,0.011570993832660286,0.011662759642186535,117.41K,0.29%
07/23/2019,0.01164646005846523,0.011631017597729625,0.011620610314453715,0.01168306189686193,122.48K,-0.16%
07/22/2019,0.011627771770095696,0.011609817261476304,0.011577289987959618,0.011648902090977926,106.67K,-0.10%
07/19/2019,0.011616290686058128,0.011575949806681638,0.011565908328610588,0.011645917523612097,116.08K,-0.38%
07/18/2019,0.01157179721582559,0.0116831983923919,0.01156350096555233,0.011699601043604414,127.81K,0.96%
07/17/2019,0.0116831983923919,0.011740672036067344,0.011659767970617385,0.01175253854832644,116.56K,0.49%
07/16/2019,0.011740672036067344,0.011655283339937993,0.011643341173183058,0.011749224551179624,116.31K,-0.72%
07/15/2019,0.01165623433693511,0.011600389773096378,0.011593396401409757,0.011667930692491687,108.23K,-0.49%
07/12/2019,0.011599044238754727,0.01167733196319305,0.01159232124640638,0.011678286561795653,135.53K,0.65%
07/11/2019,0.011675014301892519,0.011693581393173287,0.011620340243562332,0.011699464164541264,138.50K,0.15%
07/10/2019,0.011692077448321016,0.011697685028132933,0.011649716329407379,0.011728691898992507,125.65K,0.06%
07/09/2019,0.01169864295741694,0.011654875817298167,0.01160927813508556,0.011727866583789744,118.34K,-0.37%
07/08/2019,0.01165582674779122,0.011671471422402222,0.011600524343700335,0.01167883211678832,106.26K,0.08%
07/05/2019,0.011665344594279314,0.011599044238754727,0.011552146388799039,0.011700422385248108,127.88K,-0.55%
07/04/2019,0.01160092807424594,0.011560292706611332,0.011532163203173651,0.011613457674753504,114.58K,-0.35%
07/03/2019,0.011559891799412757,0.011527776176697754,0.011517818064545852,0.011573940116433838,116.60K,-0.29%
07/02/2019,0.011526846024390806,0.011484088794974564,0.011453966508601929,0.011530966410294847,122.99K,-0.36%
07/01/2019,0.01148488015527558,0.01142426284943964,0.011411877482083351,0.011494781369258357,122.26K,-0.53%
06/28/2019,0.01142426284943964,0.011417349804763319,0.011388613664058673,0.011461449414893007,130.57K,-0.06%
06/27/2019,0.011417740885788338,0.011380189366351056,0.011365702855064557,0.0114433496973234,128.29K,-0.33%
06/26/2019,0.011380577905746054,0.011357570388542484,0.011335940599671258,0.0114187838995147,127.70K,-0.14%
06/25/2019,0.011364669515410491,0.01133452723686895,0.011274846943952737,0.011385760967334253,115.47K,-0.31%
06/24/2019,0.011329134000996964,0.011291142099023316,0.011259739674818718,0.011339925610087998,115.10K,-0.49%
06/21/2019,0.011273448773448774,0.011325284830913497,0.011266843931677858,0.011372036163074998,143.41K,0.46%
06/20/2019,0.011325797902462229,0.0113574413956024,0.011290377211502637,0.011373976342129208,151.88K,0.28%
06/19/2019,0.01135782838321313,0.011439422537950284,0.011327722334870128,0.011455409817286212,120.30K,0.72%
06/18/2019,0.011439946003454864,0.011422044545973729,0.011409794167313221,0.011483297543722655,122.32K,-0.16%
06/17/2019,0.011422044545973729,0.01136531533067385,0.011344299489506523,0.01142426284943964,117.26K,-0.44%
06/14/2019,0.011372165487752177,0.011345972746973462,0.011318619128466328,0.01138342800550958,147.45K,-0.22%
06/13/2019,0.011347260204023739,0.011360150862803458,0.011313241017286632,0.0113748819855994,151.72K,0.12%
06/12/2019,0.011361054305839582,0.011326824185035,0.011299945760260352,0.011369967368193654,150.54K,-0.30%
06/11/2019,0.011326824185035,0.01133671167341201,0.011312089229759844,0.011371001671537246,147.58K,0.09%
06/10/2019,0.01133671167341201,0.011347002689239636,0.011301095076112875,0.011355248963833532,123.65K,-0.14%
06/07/2019,0.011321053763684323,0.011383946358844757,0.011272432139958518,0.011400818578773956,118.99K,0.56%
06/06/2019,0.011383946358844757,0.011362603399690937,0.01133671167341201,0.011400168722497092,150.82K,-0.20%
06/05/2019,0.011360796164595214,0.011366348787778901,0.011318106707110035,0.011374235082690688,146.26K,0.04%
06/04/2019,0.011365444502534494,0.011415264491678272,0.011349835994869875,0.011444004486049758,159.62K,0.44%
06/03/2019,0.011415264491678272,0.011382002777208676,0.011353057378351992,0.011460792628418181,128.32K,-0.36%
05/31/2019,0.011374235082690688,0.011358602437556082,0.011332857353324493,0.011427396039264532,170.10K,-0.13%
05/30/2019,0.011358989504293699,0.011339154099104206,0.01131721008137074,0.011380707424773524,145.58K,-0.18%
05/29/2019,0.011338254135628195,0.011352799600381453,0.011290377211502637,0.011358473421172193,157.09K,0.13%
05/28/2019,0.01135318627172716,0.011348032818510911,0.011306461642828877,0.011359376597412334,149.84K,-0.05%
05/27/2019,0.011347517730496455,0.011326567596955418,0.011292162110279254,0.011359118532401886,135.02K,-0.09%
05/24/2019,0.011337097249620207,0.011341468947058023,0.011294712944870505,0.011378764948852453,158.81K,0.04%
05/23/2019,0.011341983486072044,0.01133863981676758,0.011286809106197587,0.011398739299433483,156.48K,-0.03%
05/22/2019,0.011339025524146455,0.01130058424020522,0.011267859557398476,0.011359763716914687,143.73K,-0.34%
05/21/2019,0.011300073450477427,0.01128553532936835,0.011205360644532345,0.011311449449132411,151.53K,-0.11%
05/20/2019,0.011287700921076395,0.011185306980750086,0.011157227652073012,0.011326054455669823,112.25K,-0.91%
05/17/2019,0.011184806558770567,0.011142557885588216,0.011117534575532531,0.011192317593204026,128.74K,-0.38%
05/16/2019,0.011142557885588216,0.011083893993637845,0.011065129351362118,0.011156854213385994,129.93K,-0.58%
05/15/2019,0.011077386622947914,0.011015156855833626,0.010995052226498075,0.011094223237959994,142.89K,-0.55%
05/14/2019,0.011016370326304889,0.010936013385680383,0.010916911387430268,0.011025479884011952,136.72K,-0.73%
05/13/2019,0.010936013385680383,0.010987803538072738,0.010867557081843573,0.010995052226498075,128.38K,0.46%
05/10/2019,0.010986596352450011,0.010951822930926853,0.010929081192144178,0.011028276500948432,150.03K,-0.34%
05/09/2019,0.010949304719150335,0.011027546811936217,0.010926573426573428,0.01103484805014235,149.29K,0.70%
05/08/2019,0.011025844579694804,0.01097959990337952,0.010975743606629349,0.011054120976299965,148.88K,-0.40%
05/07/2019,0.010981287885443206,0.011005095359151286,0.010975261759992975,0.011039842792638633,155.97K,0.22%
05/06/2019,0.011005095359151286,0.011036065863241072,0.010968279735006362,0.011044110176043115,132.31K,-0.17%
05/03/2019,0.010986234248486647,0.011053998784060133,0.010982011465219968,0.011116422290649979,138.66K,0.60%
05/02/2019,0.011052166224580016,0.011018433839814008,0.0109846654070917,0.011073093490128338,132.07K,-0.30%
05/01/2019,0.011018919484755325,0.011016734419583347,0.010973936899862825,0.011039599041762804,125.76K,-0.02%
04/30/2019,0.011016370326304889,0.011070886888748658,0.01099432692730551,0.011085245538188671,148.13K,0.51%
04/29/2019,0.011072235262854864,0.011075668970405813,0.01105570972128556,0.011099641481580144,120.70K,0.08%
04/26/2019,0.011081191893000011,0.011048258794414,0.011032048099729715,0.011091270061334724,189.06K,-0.30%
04/25/2019,0.011048258794414,0.011079227556254777,0.011018798069506577,0.011086597412388164,181.54K,0.27%
04/24/2019,0.0110783683779053,0.011078859320644346,0.011023049195868563,0.011090778018077967,184.36K,0.00%
04/23/2019,0.011078000199404003,0.011049479569512277,0.011002673649696875,0.011085122656882199,166.57K,-0.26%
04/22/2019,0.011049479569512277,0.011087089084760797,0.011008972312434634,0.011099887891132301,130.40K,0.32%
04/19/2019,0.011084999778300004,0.011086105783621387,0.011071254594570657,0.011100503962879914,165.83K,0.01%
04/18/2019,0.011086105783621387,0.011043256435457689,0.011025723011786498,0.011103215491206254,176.77K,-0.41%
04/17/2019,0.011040330326683374,0.011021348351757353,0.011004126547455296,0.01106133510314695,156.34K,-0.17%
04/16/2019,0.011021712774165105,0.01099843822177251,0.01096130658774526,0.011029249569859265,168.27K,-0.19%
04/15/2019,0.011000616034497932,0.011053021343384215,0.010978273995762386,0.011063293099824094,138.93K,0.42%
04/12/2019,0.01104667219000276,0.011092500360506262,0.011005700953093703,0.011102722387529422,165.90K,0.46%
04/11/2019,0.011097177987637744,0.011045452035124538,0.011030466147499394,0.011115433779803256,178.77K,-0.46%
04/10/2019,0.011046306115235065,0.011058154836284018,0.011020983953447363,0.011086720326393048,165.87K,0.03%
04/09/2019,0.011050090058233975,0.011004247639588882,0.010956022525582313,0.011075914316726845,162.11K,-0.41%
04/08/2019,0.011004732034774953,0.011090163025396473,0.010984062125855384,0.011102968933892923,135.72K,0.76%
04/05/2019,0.011088810281544893,0.011084631158898187,0.011007275809309953,0.011139082585158286,191.94K,-0.03%
04/04/2019,0.011084999778300004,0.011100750410727766,0.010973696050566792,0.011110493861452141,194.12K,0.14%
04/03/2019,0.0111000111000111,0.011048502927853275,0.011024507480128325,0.011137345747761394,206.73K,-0.48%
04/02/2019,0.011046916253327883,0.011028641381668192,0.011026574043444702,0.011177555468619012,201.68K,-0.16%
04/01/2019,0.011029492863918118,0.011086474501108647,0.010989252511044198,0.011111234569272993,154.64K,0.55%
03/29/2019,0.011090286018476416,0.011080086867881044,0.010993964313591838,0.011139703015517605,201.99K,-0.12%
03/28/2019,0.011077141211396163,0.010972612359550563,0.010949304719150335,0.011085614198454666,206.43K,-0.95%
03/27/2019,0.010971769636724707,0.01097333479644464,0.010905125408942203,0.011023292216453366,187.38K,0.01%
03/26/2019,0.010972491962649638,0.011001947344680008,0.01094439154655197,0.011038745998454575,178.92K,0.19%
03/25/2019,0.01099323915791788,0.010946548006086281,0.010924186148131964,0.011029006286533583,143.55K,-0.46%
03/22/2019,0.010942834631883043,0.011086105783621387,0.010939482781254102,0.011108519123315671,198.62K,1.31%
03/21/2019,0.011086474501108647,0.011016127610822244,0.010988286486605279,0.011188811188811189,192.54K,-0.64%
03/20/2019,0.01101527819085071,0.010919891674674588,0.01090429302016204,0.01106023403455217,192.30K,-0.87%
03/19/2019,0.010919891674674588,0.010992272432479966,0.010888501742160278,0.011018312435267415,177.67K,0.66%
03/18/2019,0.010991426687183996,0.010912860806460412,0.010901321240134305,0.01104923539291081,138.92K,-0.78%
03/15/2019,0.010905957924814327,0.010886842162562327,0.010865549688158723,0.010959624742448819,202.09K,-0.17%
03/14/2019,0.010887316276537834,0.010781089968195785,0.010778765831312313,0.010919653191814628,221.33K,-0.96%
03/13/2019,0.01078236867074959,0.010984786071291263,0.010745639956587614,0.010998317257459608,193.84K,1.89%
03/12/2019,0.010985630794920244,0.010886131069018071,0.01078004398257945,0.011030344477658037,216.47K,-0.92%
03/11/2019,0.010884946119516709,0.01097201040146586,0.01086885637893181,0.011037040307271203,176.18K,0.80%
03/08/2019,0.010972491962649638,0.010899538949502435,0.01087098317171805,0.010996140354735487,173.15K,-0.66%
03/07/2019,0.010899538949502435,0.010834705729392389,0.010813733441470668,0.010913932726518673,171.58K,-0.59%
03/06/2019,0.010834705729392389,0.010764030914296785,0.01076368333243636,0.010873110796999022,188.67K,-0.64%
03/05/2019,0.010765189682642208,0.010702283867377298,0.01068604402650139,0.0108191152127579,178.88K,-0.67%
03/04/2019,0.0106928999144568,0.010639882535696806,0.010610192150579848,0.010710537026326501,161.14K,-0.24%
03/01/2019,0.010666780445658088,0.010644186145527314,0.01061762738498455,0.010706752748958768,199.40K,-0.22%
02/28/2019,0.010643279833113372,0.010552085092014182,0.010539184688672484,0.010651782575814062,200.00K,-0.85%
02/27/2019,0.010552864575088909,0.01062608917414035,0.010519229150887825,0.010647019366928228,196.57K,0.69%
02/26/2019,0.010625298836529778,0.010785624919107813,0.010592995911103579,0.010785624919107813,182.36K,1.45%
02/25/2019,0.010779114387961884,0.010767623908432127,0.01074494718858457,0.010817944806845597,154.34K,0.05%
02/22/2019,0.010784461747514181,0.010771799429094632,0.01075719925560181,0.010839755888697386,165.20K,-0.17%
02/21/2019,0.01076646461601404,0.010790396547073105,0.010726966521137488,0.01080660499697415,190.95K,0.23%
02/20/2019,0.010790745856353591,0.010737447923377571,0.01072110127152261,0.01080672178094775,183.88K,-0.51%
02/19/2019,0.010735718810052926,0.010840225910307972,0.010727196661696399,0.010870037827731641,154.15K,0.96%
02/18/2019,0.010838933448948623,0.010874884454352673,0.010825322594613319,0.010874884454352673,139.70K,0.34%
02/15/2019,0.010876067214095383,0.010999043083251756,0.010866966594944686,0.011006791190164332,173.80K,1.05%
02/14/2019,0.010990460280476547,0.010983458910880213,0.010941876750700281,0.011012488161575226,163.33K,-0.06%
02/13/2019,0.010983458910880213,0.010996140354735487,0.010895501247534892,0.011007760471132149,167.15K,0.12%
02/12/2019,0.010996986825609784,0.010930992643441951,0.010902985237357988,0.011022563186843469,177.49K,-0.53%
02/11/2019,0.010938286189319857,0.010850105788531437,0.010843517203240043,0.010943792680791455,136.59K,-0.80%
02/08/2019,0.010850929924694545,0.010825674168858865,0.010808590667862817,0.010896569759839601,161.63K,-0.23%
02/07/2019,0.010826494597579195,0.010806137886319428,0.010772611711983453,0.010882103292924456,172.62K,-0.19%
02/06/2019,0.010805787579827754,0.010795871658677722,0.010757546418812797,0.010811161443073829,190.13K,-0.05%
02/05/2019,0.010800419056259383,0.010697246528743501,0.010674523115679808,0.010812447289319464,176.58K,-0.97%
02/04/2019,0.010696102340307191,0.010698276507654618,0.010643166554913418,0.01071627587980625,138.08K,0.06%
02/01/2019,0.010702398407483117,0.010749798441279225,0.010683418266508553,0.010776094312377422,169.81K,0.44%
01/31/2019,0.010749798441279225,0.010702971144789793,0.010686615014694095,0.010765653259839806,179.80K,-0.44%
01/30/2019,0.010702512950040668,0.010712143285628589,0.010678056593699945,0.010752110101607442,188.18K,0.15%
01/29/2019,0.01071857314354313,0.010688671077524931,0.010629364682872905,0.01072834751263263,185.63K,-0.26%
01/28/2019,0.010691070817653097,0.010689927949885616,0.010647926316349891,0.010705033506754875,158.86K,-0.05%
01/25/2019,0.010685587279876901,0.010780276406287058,0.010670650376140425,0.01078853394612206,191.94K,0.88%
01/24/2019,0.010779462967154976,0.010749105136997344,0.01072443562657515,0.0108181788677694,179.91K,-0.29%
01/23/2019,0.010747834311386255,0.010829191167711683,0.010733644609026994,0.010852931919558068,183.75K,0.77%
01/22/2019,0.010830481306589266,0.010897400969868687,0.010814201209027695,0.010905125408942203,182.85K,0.60%
01/21/2019,0.01089573867660358,0.010900370612600829,0.010868147632917446,0.01094415199238287,170.40K,0.10%
01/18/2019,0.010907147453726427,0.010838698489085431,0.010815721733111251,0.010923231528815485,177.45K,-0.64%
01/17/2019,0.010837876209777931,0.010933502438171044,0.010822627950518944,0.010946548006086281,191.80K,0.90%
01/16/2019,0.01093565460828485,0.010935893790599506,0.010890636230968613,0.010975141304944301,,0.01%
01/15/2019,0.010936731011100782,0.010987079194866836,0.010903698534542917,0.011100750410727766,,0.44%
01/14/2019,0.010985027407643382,0.011056076419600214,0.010932904763466606,0.011064762052292065,,0.63%
01/11/2019,0.0110538765945217,0.011131023274969669,0.011038867853712924,0.011159717882331934,,0.77%
01/10/2019,0.011138462223905368,0.011080823526804513,0.011069906459290419,0.011161212554131881,,-0.51%
01/09/2019,0.011081683086027106,0.011211139388096012,0.011067333657975121,0.01121642084010992,,1.15%
01/08/2019,0.011208877430925293,0.011209128714425028,0.011150882592357185,0.011230781325456813,10.74K,0.00%
01/07/2019,0.011209128714425028,0.011294585375770856,0.011205235085832101,0.011328748966251656,10.31K,0.78%
01/04/2019,0.011296371605440333,0.011289994806602388,0.01126455944308018,0.011353572969413474,0.00K,-0.04%
01/03/2019,0.011291779584462511,0.011333371111237037,0.011273067514401344,0.011485012059262664,11.72K,0.33%
01/02/2019,0.01132926235172828,0.011299818072929025,0.011200967763614775,0.011352412955373665,9.81K,-0.34%
01/01/2019,0.011291014610572905,0.011263544412155617,0.011233935472274647,0.01131490512452053,6.79K,-0.23%
12/31/2018,0.011265320836337418,0.011274974067559645,0.011182680264805869,0.011302500113025,,-0.11%
12/28/2018,0.011252770994857483,0.01123999640320115,0.01122586439155815,0.011308635273895147,,-0.11%
12/27/2018,0.01124050177599928,0.011297392561796737,0.011213528000179418,0.011300456538444153,,0.49%
12/26/2018,0.011295988794379116,0.011263163822717802,0.011227376835676112,0.011299179679555266,,-0.38%
12/25/2018,0.011252517750846751,0.011210133961100835,0.011172809849949164,0.011272050949670293,,-0.37%
12/24/2018,0.011210510975090245,0.011264686334809008,0.011193445118538585,0.011296882060551289,,0.68%
12/21/2018,0.011287063896068716,0.011288720310665582,0.011210133961100835,0.011334398766817414,,0.02%
12/20/2018,0.01128961242760536,0.011283497884344146,0.011194071619670223,0.011326695889542061,,-0.05%
12/19/2018,0.011284007176628565,0.011196954428395476,0.011174557766876375,0.011298541358310642,,-0.76%
12/18/2018,0.011198709908618527,0.011061824537339188,0.011051799785595083,0.011220448144698898,,-1.25%
12/17/2018,0.011059255490920352,0.011043134483291738,0.01102560144655891,0.011093730932649959,,-0.09%
12/14/2018,0.01104923539291081,0.011046306115235065,0.011025723011786498,0.011090901024799255,,-0.04%
12/13/2018,0.01104484205875856,0.01101989090308006,0.010994447803859051,0.011089917047420485,,-0.21%
12/12/2018,0.011022077220673008,0.011078859320644346,0.01098382083191459,0.011126688474976078,,0.50%
12/11/2018,0.011077141211396163,0.010977912440170377,0.010964311167150924,0.011094715586965929,,-0.89%
12/10/2018,0.010978756106933085,0.011086720326393048,0.010900251795816484,0.011112469301803552,,0.99%
12/07/2018,0.011087089084760797,0.011039720915855249,0.011016006257091555,0.011114321915219952,,-0.42%
12/06/2018,0.01104020843913533,0.011130403811050266,0.011015642211940955,0.011143923775561376,,0.81%
12/05/2018,0.011129908289555695,0.011142930367828131,0.011085491308974814,0.011190188442773375,,0.15%
12/04/2018,0.011146532313797178,0.011156729739378793,0.01103484805014235,0.011200215044128846,,0.10%
12/03/2018,0.011157227652073012,0.011244419956596538,0.01109853277396728,0.011276626935351098,,0.87%
11/30/2018,0.011254164040695057,0.011202850005041282,0.011180804794329096,0.011279297976493944,,-0.47%
11/29/2018,0.011200716845878136,0.011038014923396176,0.01102718200363897,0.011227881074283663,,-1.46%
11/28/2018,0.011037527593818985,0.011083648293672345,0.011017826843833322,0.01111370430878316,,0.39%
11/27/2018,0.01108070074351502,0.011001826303166325,0.010986354947155632,0.011099271887764162,,-0.71%
11/26/2018,0.011001826303166325,0.011011275546159266,0.010967678252190792,0.011102722387529422,,0.39%
11/23/2018,0.01104508604122026,0.010984786071291263,0.010979720456317182,0.011058521696819569,,-0.55%
11/22/2018,0.010984786071291263,0.010976586940056859,0.010904887570609147,0.011053021343384215,,-0.08%
11/21/2018,0.010975743606629349,0.010947506705347857,0.010930873158147874,0.010988165745492105,,-0.26%
11/20/2018,0.010947506705347857,0.010865667749611552,0.010845751719051647,0.010953862331858213,,-0.74%
11/19/2018,0.010866494251624541,0.010829542993285682,0.010805554054784158,0.010908694229300752,,-0.42%
11/16/2018,0.010820754206568197,0.010886842162562327,0.010790512980987115,0.010904174117852314,,0.58%
11/15/2018,0.010883879885501583,0.0106453192531244,0.01063094668580237,0.010927648042311854,,-2.23%
11/14/2018,0.01064090149717484,0.010614922457991446,0.010563231503781636,0.010733298986776574,,-0.22%
11/13/2018,0.010617740120192818,0.010681706509431947,0.010554312492084265,0.010709848776935269,,0.60%
11/12/2018,0.010681706509431947,0.01064577256371495,0.010602542489689028,0.010689470871191877,,-0.46%
11/09/2018,0.01063219001850001,0.010577645204624547,0.010522217662594568,0.010647812939222285,,-0.51%
11/08/2018,0.010577645204624547,0.010514252068679095,0.01049945927784719,0.010591425182172513,,-0.59%
11/07/2018,0.010515468253801341,0.010464520044788145,0.010425137090552742,0.010517016532749989,,-0.49%
11/06/2018,0.010464191536561886,0.010491968398191184,0.010456532195662631,0.01051502597211415,,0.28%
11/05/2018,0.010493619879113498,0.010596363328105794,0.01047987340312929,0.0106315118009781,,1.41%
11/02/2018,0.010641354431592052,0.010463644068683359,0.010456860223149397,0.010659844366272252,,-1.68%
11/01/2018,0.010462111463335531,0.010591313005073238,0.010442773600668337,0.01059625104637979,,1.23%
10/31/2018,0.01059086432043719,0.010681250133515627,0.010536741618022042,0.010688442587030644,,0.85%
10/30/2018,0.010681250133515627,0.010649513849692762,0.010602092853129208,0.01069919221098807,,-0.30%
10/29/2018,0.010649513849692762,0.010612218908851652,0.010584026587074786,0.010651215303666148,,-0.40%
10/26/2018,0.010607265977194377,0.010654392806153977,0.010599845242259464,0.010665870281685634,,0.44%
10/25/2018,0.010654392806153977,0.010599283488436181,0.010559327582019577,0.01067087810655939,,-0.50%
10/24/2018,0.010601306080909168,0.010472300764477957,0.010462987182840701,0.010619093129446745,,-1.22%
10/23/2018,0.010472300764477957,0.010485037850986643,0.010419705747509691,0.010491087820896148,,0.14%
10/22/2018,0.010487457001426293,0.010429377470458788,0.01041938004688721,0.010493509764210835,,-0.58%
10/19/2018,0.010426115333687822,0.010447028342787894,0.010399550739408058,0.010479983232026828,,0.20%
10/18/2018,0.010447028342787894,0.010360976418417671,0.010353788969073232,0.010448993239501374,,-0.83%
10/17/2018,0.0103597957048287,0.0103260981805415,0.010316829844525375,0.010372798373545215,,-0.36%
10/16/2018,0.01032258064516129,0.010306515779275658,0.010263884469716409,0.01033474230320067,,-0.16%
10/15/2018,0.010306515779275658,0.010338695670154253,0.010266518828795533,0.010386912490262268,,0.19%
10/12/2018,0.010326524711373635,0.010203144609168546,0.010195862518989794,0.010337520028945056,,-1.19%
10/11/2018,0.010203873390338973,0.010206893736029314,0.010147236400166414,0.010245166842542031,,0.03%
10/10/2018,0.010206477030323444,0.01023447174774074,0.010188071805530085,0.010258409331049129,,0.27%
10/09/2018,0.010234052787244277,0.010314488762364495,0.010228190939868464,0.010339443944704653,,0.79%
10/08/2018,0.010314488762364495,0.010341582468949399,0.010308109389656844,0.010368388856055658,,0.14%
10/05/2018,0.0103292980209065,0.010430791697089808,0.010327271225124186,0.010467148853323843,,0.98%
10/04/2018,0.010430356509585499,0.01053518752633797,0.010413629358103886,0.010551973746689317,,1.02%
10/03/2018,0.010536408559778313,0.01056535198470137,0.010468463752944255,0.010572165602401996,,0.27%
10/02/2018,0.01056535198470137,0.010513036164844407,0.01050177479994119,0.010597149366820326,,-0.49%
10/01/2018,0.010513478279153875,0.010582906489438259,0.010459594586113842,0.010586155425933965,,0.67%
09/28/2018,0.010583802548579654,0.01053341198280947,0.010520335809119027,0.010610079575596816,,-0.46%
09/27/2018,0.010534632604687911,0.010458719434392453,0.010444409629745677,0.010539406842182922,,-0.69%
09/26/2018,0.010461454769900302,0.010430247718383311,0.010419922892570595,0.010492078480747036,,-0.24%
09/25/2018,0.010436125692697843,0.01048723703253141,0.010426658881428035,0.010504091343578324,,0.49%
09/24/2018,0.01048723703253141,0.010592434883006556,0.010446373541425094,0.01060332944544587,,0.93%
09/21/2018,0.010585146921839275,0.010465396167571923,0.010434274504893676,0.010607716052656702,,-1.12%
09/20/2018,0.01046660107596659,0.010513809889289582,0.010441356123333299,0.010521774812975454,,0.45%
09/19/2018,0.010514141520344864,0.010459922805769694,0.010407776690743324,0.010546965637985952,,-0.52%
09/18/2018,0.010459922805769694,0.010476030841434798,0.010401389625653987,0.010510384259648533,,0.16%
09/17/2018,0.010476469848719775,0.010646679300726103,0.010470875260463022,0.010646679300726103,,1.63%
09/14/2018,0.010647132727156576,0.010590639992374739,0.010578092769873593,0.010656890745556077,,-0.53%
09/13/2018,0.010590976488032196,0.010621236099457256,0.010577309555541453,0.010651101856487053,,0.28%
09/12/2018,0.010620784876002336,0.010562338924331404,0.010537518835814918,0.010676460539801844,,-0.57%
09/11/2018,0.010560777273207308,0.010595016104424478,0.01054474133749499,0.010612218908851652,,0.32%
09/10/2018,0.010595016104424478,0.010768899418479432,0.010573507020808663,0.010785043301948858,,1.74%
09/07/2018,0.010779230578521305,0.010747025760620747,0.010705835751067908,0.010791328088747882,,-0.30%
09/06/2018,0.010747025760620747,0.010799952480209086,0.010722135849461212,0.010809525353741717,,0.47%
09/05/2018,0.010797853386746714,0.010866848505264988,0.010733414191720244,0.010898588632772056,,0.63%
09/04/2018,0.010865549688158723,0.010913932726518673,0.010852107479272476,0.010940081175402322,,0.40%
09/03/2018,0.010908932233712964,0.010857291757144097,0.010857291757144097,0.010956382640707344,,-0.41%
08/31/2018,0.010863897097166696,0.01086484137331595,0.01081747671538137,0.010879498672701162,,-0.01%
08/30/2018,0.010863188997762183,0.010882576994232234,0.010834118806946836,0.01088767188911995,,0.19%
08/29/2018,0.010883406070763907,0.011078491109510884,0.010877131917855899,0.011097547442015314,,1.78%
08/28/2018,0.01107763204537398,0.01105375440768457,0.011026938811516535,0.011090778018077967,,-0.21%
08/27/2018,0.011054120976299965,0.011130651588343981,0.011046062078868883,0.011156605268149008,,0.59%
08/24/2018,0.011119388878387242,0.011128793527493684,0.01109446940700061,0.01114529000044581,,0.08%
08/23/2018,0.011128793527493684,0.01108401684770561,0.011046550162384287,0.011141316457952672,,-0.39%
08/22/2018,0.011085368422219513,0.011091639122429513,0.011058277120424637,0.011124336711423582,,0.09%
08/21/2018,0.011095084877399313,0.011191190294999777,0.011073583965450417,0.01120787240958049,,0.87%
08/20/2018,0.0111916912883875,0.01119682905801077,0.011174058306236242,0.011281461174851366,,-0.05%
08/17/2018,0.011186307959058114,0.011219944573473807,0.01118055477912814,0.011234692731153802,,0.27%
08/16/2018,0.01121692409507465,0.01126455944308018,0.011167569378524764,0.011274719823212393,,0.41%
08/15/2018,0.011263163822717802,0.011230655196424159,0.011217930740495608,0.011295733601418745,,-0.27%
08/14/2018,0.01123292595255212,0.011183305561457857,0.011154240842368268,0.011251884690685691,,-0.42%
08/13/2018,0.011185432093241762,0.011369321024148437,0.011163579936814138,0.01139211665527455,,1.63%
08/10/2018,0.011368157790030125,0.011340697226065458,0.011311961267844619,0.011409533806448668,,-0.24%
08/09/2018,0.011340697226065458,0.011306589480349146,0.011284516514889919,0.011345715290620497,,-0.30%
08/08/2018,0.011306589480349146,0.011261641722130252,0.011238859480539914,0.011337739934921374,,-0.41%
08/07/2018,0.011260754020089185,0.011224100388353874,0.011208751793400288,0.011274719823212393,,-0.32%
08/06/2018,0.011224604332697272,0.011212773591675638,0.011197205177587674,0.011244546394998426,,-0.08%
08/03/2018,0.011215791834903545,0.011192442862579186,0.01116420309918278,0.011226620562678223,,-0.20%
08/02/2018,0.011193319826727409,0.011146283828971421,0.011093854004881295,0.011197581322434353,,-0.42%
08/01/2018,0.011146283828971421,0.011127059896963425,0.01110494169905608,0.011160838848647863,,-0.16%
07/31/2018,0.011127926644707558,0.011097670598941282,0.011068926203469002,0.011148023455441351,,-0.26%
07/30/2018,0.01109853277396728,0.01113189064030635,0.011080455185099005,0.01113275814082939,,0.17%
07/27/2018,0.011117040199217361,0.011110246980790382,0.011096685420065026,0.011132510269740725,,-0.06%
07/26/2018,0.011110246980790382,0.011030466147499394,0.011010426874249916,0.011114074864408286,,-0.71%
07/25/2018,0.011031682993557498,0.011034117491283047,0.011020741034627168,0.011077877478675086,,0.02%
07/24/2018,0.011033630505781622,0.011088072560346836,0.011020255229111106,0.011092254278837088,,0.47%
07/23/2018,0.011085982883242428,0.011182180077827973,0.011045940064729209,0.011182180077827973,,-0.09%
07/20/2018,0.011076282356589834,0.01113300602295626,0.011069293779056896,0.011171436870210247,,0.51%
07/19/2018,0.01113300602295626,0.011150012265013491,0.011101859561476546,0.011174557766876375,,0.13%
07/18/2018,0.011147402097941076,0.01114342704955482,0.011132634203905329,0.011208249271463798,,-0.04%
07/17/2018,0.011142557885588216,0.011022198708198311,0.011009214712714542,0.011180054782268434,,-1.08%
07/16/2018,0.011021712774165105,0.01103557870574733,0.010962628399785132,0.011040696005476185,,0.08%
07/13/2018,0.01103058782002493,0.011051189107948015,0.011025236766959571,0.011137717881606059,,0.19%
07/12/2018,0.011051189107948015,0.011018312435267415,0.011012003083360863,0.011066966212552154,,-0.30%
07/11/2018,0.011017826843833322,0.010953262429214542,0.010936372186618255,0.011023292216453366,,-0.57%
07/10/2018,0.010955302366345312,0.0109846654070917,0.010924902222125112,0.010994206053409854,,0.27%
07/09/2018,0.0109846654070917,0.010924305487278647,0.010897757241559686,0.011040452216922805,,-0.41%
07/06/2018,0.01093960245484679,0.01097562314100383,0.010933382898002471,0.010996382190259406,,0.33%
07/05/2018,0.010975984545813758,0.011001826303166325,0.010924782869940461,0.011013822347045541,,0.24%
07/04/2018,0.011002673649696875,0.01105522082803604,0.010986475648476724,0.011067456145205025,,0.50%
07/03/2018,0.011057298923019085,0.011071867491889856,0.011033873993158999,0.011096439152675906,,0.13%
07/02/2018,0.011071867491889856,0.011081437484070434,0.011046306115235065,0.011105188343994314,,-0.12%
06/29/2018,0.011058766284033354,0.011107532017461041,0.011050334272611746,0.011158597141167412,,0.44%
06/28/2018,0.011107532017461041,0.011109259567849803,0.01103655306374713,0.011131023274969669,,0.03%
06/27/2018,0.011110617305897515,0.011057054400707651,0.011024993660628644,0.011116051578479325,,-0.47%
06/26/2018,0.011058277120424637,0.011051189107948015,0.011028033260548313,0.011108395725489325,,-0.01%
06/25/2018,0.011057543456145782,0.011099887891132301,0.01104667219000276,0.011122975618437446,,0.42%
06/22/2018,0.011103585347708774,0.011106051687564554,0.011075178310370797,0.01112817431172242,,0.02%
06/21/2018,0.011106051687564554,0.011150882592357185,0.011090163025396473,0.011209505660800359,,0.43%
06/20/2018,0.01115374319621665,0.011112098853231398,0.011100380743059487,0.011172934683023843,,-0.42%
06/19/2018,0.011107038530316662,0.011097301136363638,0.011065006915629323,0.011128793527493684,,-0.09%
06/18/2018,0.011097301136363638,0.01107898206312804,0.011053510042113874,0.01111926523895301,,-0.34%
06/15/2018,0.011059377799405004,0.011139454835080371,0.011048136731740191,0.011153369990742703,,0.72%
06/14/2018,0.011139082585158286,0.01105277701022382,0.010994689564940133,0.011143675407022744,,-0.78%
06/13/2018,0.011051921929223493,0.011081805891088013,0.011044110176043115,0.011106175033318524,,0.27%
06/12/2018,0.011082297138550879,0.01107603699396356,0.011038136762514488,0.011107161897991826,,-0.01%
06/11/2018,0.011081437484070434,0.011048014671763485,0.011029492863918118,0.011114939590303328,,-0.36%
06/08/2018,0.011041427435738892,0.011050822733752528,0.01099662403642082,0.011093484796379087,,0.08%
06/07/2018,0.011050334272611746,0.011154116426667261,0.011035213365850428,0.01115747662508647,,0.94%
06/06/2018,0.011154116426667261,0.011124584218664827,0.011094346321114761,0.01116046516818821,,-0.26%
06/05/2018,0.011124584218664827,0.011198960736443659,0.011109629827134159,0.011207746794584417,,0.68%
06/04/2018,0.011199838722322398,0.011191315539141626,0.011123841729979865,0.011217930740495608,,-0.15%
06/01/2018,0.01118255521386637,0.011150136589173217,0.011148023455441351,0.011230655196424159,,-0.29%
05/31/2018,0.011150136589173217,0.011157601115760111,0.011095207979673578,0.0111731843575419,,0.05%
05/30/2018,0.011155982953658047,0.01112532680647494,0.011111481493827572,0.011186307959058114,,-0.30%
05/29/2018,0.011121985941809768,0.01114665656036472,0.011072235262854864,0.011158846175305473,,0.20%
05/28/2018,0.011144172155171453,0.011093607863149254,0.011078245649019021,0.011159219747355266,,-0.45%
05/25/2018,0.011093607863149254,0.010936252583689673,0.010925618390000873,0.01110654508701978,,-1.43%
05/24/2018,0.01093541543643243,0.010957223001402524,0.01090001417001842,0.010967678252190792,,0.22%
05/23/2018,0.01095926441417252,0.010941397872992253,0.010918937805730259,0.0109846654070917,,-0.16%
05/22/2018,0.010942235936491263,0.010930275770857699,0.010893246187363835,0.010970927043335162,,-0.10%
05/21/2018,0.010931112131348243,0.010917864902339699,0.010907385390648007,0.010972732759093651,,-0.14%
05/18/2018,0.010916196360540134,0.01091726893600297,0.010877250231141567,0.010927767457108512,,0.02%
05/17/2018,0.010918103307093493,0.010937927262783703,0.010872637919412008,0.010958303654594269,,0.19%
05/16/2018,0.010939123776185528,0.010876422092188554,0.010867911404786228,0.01096274858032406,,-0.59%
05/15/2018,0.010875120985720965,0.010918103307093493,0.01084728112898502,0.010941517588489524,,0.40%
05/14/2018,0.01091846093374678,0.01094558947472116,0.010877131917855899,0.01096719711343372,,0.39%
05/11/2018,0.010961426739304388,0.011001584228128851,0.010921919199641762,0.011016370326304889,,0.35%
05/10/2018,0.010999285046471978,0.010961066292528937,0.010916434692429451,0.011049113308656981,,-0.35%
05/09/2018,0.010960585733701608,0.010996986825609784,0.010924902222125112,0.01100376328704417,,0.32%
05/08/2018,0.010996140354735487,0.010986354947155632,0.010968039133963629,0.011048747072082027,,-0.09%
05/07/2018,0.010986354947155632,0.011056443142241142,0.01097140850942444,0.011064639624687424,,0.66%
05/04/2018,0.011059010882066707,0.011048380859784998,0.01100957833314984,0.011093361732339367,,-0.10%
05/03/2018,0.011048380859784998,0.011043378390317165,0.011016491688057023,0.011076895810718003,,-0.06%
05/02/2018,0.011041305523965154,0.010996019440962372,0.01097104740589584,0.01106133510314695,,-0.41%
05/01/2018,0.010996140354735487,0.010934219734079776,0.01092347016800297,0.01106353789814907,,-0.64%
04/30/2018,0.010925857133492122,0.010887434811484065,0.010882221714385208,0.010988286486605279,,-0.30%
04/27/2018,0.010893008866909217,0.010754654076551627,0.010739869617982838,0.01091167003109826,,-1.29%
04/26/2018,0.010752341322322936,0.010725470848170235,0.010698505418792994,0.010771335322439924,,-0.24%
04/25/2018,0.010726506269642914,0.010772611711983453,0.010703200256876806,0.010777255679613743,,0.44%
04/24/2018,0.010773308051970437,0.010782484931477309,0.010764030914296785,0.010820637119113574,,0.08%
04/23/2018,0.01078167115902965,0.010773191989054437,0.01075199449497882,0.010804736796611633,,0.03%
04/20/2018,0.010784694361761786,0.010776907243159358,0.010747834311386255,0.010795405475429657,,-0.10%
04/19/2018,0.010773424117387229,0.010713290908701335,0.01066825979346249,0.010791095188250655,,-0.56%
04/18/2018,0.010713290908701335,0.010655982268445507,0.010628573857959739,0.01074610185155335,,-0.53%
04/17/2018,0.010655982268445507,0.010653711753174805,0.010597598584160829,0.010664391596459422,,-0.03%
04/16/2018,0.010652917301402989,0.010752456936409971,0.010647359454855196,0.010772147535332644,,1.01%
04/13/2018,0.010760787689658883,0.010765653259839806,0.010720066893217414,0.010782601194712213,,0.04%
04/12/2018,0.010765189682642208,0.010809291667117053,0.010750145126959213,0.010817359698844706,,0.41%
04/11/2018,0.010808941156124345,0.01086130118388183,0.010774701002047193,0.01086625809536228,,0.49%
04/10/2018,0.0108617730758369,0.010894670327275898,0.010843869960311435,0.010910598555436751,,0.30%
04/09/2018,0.010894670327275898,0.010923947477660527,0.010868147632917446,0.010940679635018928,,0.31%
04/06/2018,0.0109286034337672,0.011004853140234843,0.010915481427308351,0.011008729922828803,,0.70%
04/05/2018,0.011004853140234843,0.010920130167951602,0.010904649742650267,0.011028763013940356,,-0.79%
04/04/2018,0.010917864902339699,0.01094331363536879,0.010900845905642277,0.010956982885192732,,0.23%
04/03/2018,0.010943193880565982,0.010932307154101803,0.01091726893600297,0.010967798543476353,,-0.11%
04/02/2018,0.010931470610741264,0.01094415199238287,0.010908456235273584,0.010955062334304683,,0.22%
03/30/2018,0.010955902492467817,0.01095710294198214,0.010921203516627533,0.010962147703978164,,0.00%
03/29/2018,0.010955902492467817,0.010901677768208527,0.01088624957815783,0.01095926441417252,,-0.49%
03/28/2018,0.010901677768208527,0.010876303796917655,0.010819583446037328,0.010907504363001745,,-0.23%
03/27/2018,0.010876303796917655,0.010840931019155925,0.010833297222342591,0.01094115844985667,,-0.32%
03/26/2018,0.010841636219738283,0.010881866457734831,0.010826260176684567,0.010889094571786356,,0.42%
03/23/2018,0.010886842162562327,0.010896569759839601,0.01085646665436267,0.01092347016800297,,0.09%
03/22/2018,0.010896569759839601,0.010848928668294006,0.010802635843145728,0.010912741717229037,,-0.43%
03/21/2018,0.010849399485738464,0.010956022525582313,0.010839755888697386,0.01095710294198214,,0.98%
03/20/2018,0.010955182349010198,0.010933143825507025,0.010905720050166313,0.010970204923427969,,-0.20%
03/19/2018,0.010933143825507025,0.011044354126170702,0.010887790431809768,0.011055465269255856,,0.96%
03/16/2018,0.011038014923396176,0.011040696005476185,0.011013943652664273,0.011088687321194916,,0.02%
03/15/2018,0.01103996467211305,0.011046062078868883,0.011002673649696875,0.011073093490128338,,0.06%
03/14/2018,0.011046916253327883,0.011043866236692141,0.010990701866221177,0.011073338722358179,,-0.03%
03/13/2018,0.011043866236692141,0.01106586402266289,0.01101624896722666,0.011102352588513506,,0.20%
03/12/2018,0.011066231394898467,0.011084999778300004,0.011053265687347326,0.011109629827134159,,0.19%
03/09/2018,0.011087457867660104,0.01112099644128114,0.011049723756906077,0.011140323514994875,,0.30%
03/08/2018,0.011120625423973844,0.011087334937301121,0.011046794220317263,0.011136973638783397,,-0.30%
03/07/2018,0.011087703736556159,0.011094223237959994,0.011064149941360004,0.011125698137558131,,0.06%
03/06/2018,0.011094223237959994,0.011104448442045884,0.011055343047294759,0.011137097672346585,,0.09%
03/05/2018,0.011104448442045884,0.011125574357776221,0.011072848268760172,0.011169190903810928,,0.02%
03/02/2018,0.011106668443733618,0.011128298149364018,0.011095700416088766,0.01114591112250471,,0.19%
03/01/2018,0.011128298149364018,0.011144296349128516,0.011120625423973844,0.011187559433909491,,0.14%
02/28/2018,0.011144172155171453,0.011073706591070162,0.011009941977605778,0.011147402097941076,,-0.62%
02/27/2018,0.011074565046457801,0.011054120976299965,0.011007760471132149,0.011123841729979865,,-0.19%
02/26/2018,0.011053265687347326,0.01105791027611602,0.010976345974425114,0.011082788429568878,,0.10%
02/23/2018,0.011063905115949726,0.011028276500948432,0.011018798069506577,0.011113210273051576,,-0.36%
02/22/2018,0.011023535247753954,0.01108622868672535,0.010999769004850899,0.01110407852804335,,0.58%
02/21/2018,0.011086966162579271,0.011015035523489564,0.011004853140234843,0.011104325134639942,,-0.64%
02/20/2018,0.01101624896722666,0.01111370430878316,0.010996865893220431,0.011141564721349466,,0.88%
02/19/2018,0.011113333777866684,0.011090286018476416,0.011077263915812794,0.011150758251561105,,-0.21%
02/16/2018,0.011089671080355756,0.011099641481580144,0.011045208036493366,0.011126069493430056,,0.09%
02/15/2018,0.011100134311625171,0.011141316457952672,0.011094715586965929,0.011172185726415516,,0.40%
02/14/2018,0.011144917360437772,0.011199086154569786,0.01112891737891738,0.011303394409341127,,0.50%
02/13/2018,0.011201093226698926,0.011242523721725054,0.011171936096525528,0.01124745526324669,,0.37%
02/12/2018,0.011242144551494644,0.011238480557428635,0.01120473287916816,0.0112696373430703,,-0.14%
02/09/2018,0.011225990413004188,0.011177680407761782,0.011114445444744535,0.011285917432228067,,-0.43%
02/08/2018,0.011177680407761782,0.01120661638631448,0.01106353789814907,0.011239238429204037,,0.26%
02/07/2018,0.01120699316373417,0.0111617108670417,0.011145786892554615,0.011235955056179775,,-0.40%
02/06/2018,0.0111617108670417,0.011168567184515898,0.011119636165504664,0.011245052177042102,,0.07%
02/05/2018,0.011169440411035406,0.011035213365850428,0.011021105416873312,0.011172560192168036,,-1.15%
02/02/2018,0.011041427435738892,0.010957583195450413,0.010919533954290832,0.01106035636468207,,-0.77%
02/01/2018,0.010956742779506508,0.011087334937301121,0.010946068719419421,0.011098040086120791,,1.20%
01/31/2018,0.011087703736556159,0.011097670598941282,0.011049723756906077,0.011125821920094347,,0.10%
01/30/2018,0.011098902318560694,0.011171811285763762,0.011082788429568878,0.011218182430082678,,0.65%
01/29/2018,0.011171436870210247,0.011104448442045884,0.011104448442045884,0.01121440827174754,,-0.66%
01/26/2018,0.011097547442015314,0.01112953667738812,0.011021591297351512,0.011159095220559518,,0.32%
01/25/2018,0.01113300602295626,0.011028154879407125,0.01096611470555982,0.011179679813970129,,-0.94%
01/24/2018,0.011028884648895456,0.011202724502599033,0.011013822347045541,0.011206239634228338,,1.57%
01/23/2018,0.011201846064231386,0.011189938007743438,0.011176306230790724,0.011267986523488118,,-0.11%
01/22/2018,0.011189437171310282,0.01129330984324886,0.011186307959058114,0.011306333808199353,,1.08%
01/19/2018,0.0113104259506413,0.011267478676296605,0.011253277517076849,0.011317978609020429,,-0.36%
01/18/2018,0.011269510339775737,0.011317338162064282,0.011251125112511251,0.01134365606034825,,0.46%
01/17/2018,0.011320797436971461,0.011325926177613174,0.011226116437279688,0.011375270162666365,,0.04%
01/16/2018,0.011325028312570783,0.011416046394812548,0.011318491018777377,0.01142308834616527,,0.80%
01/15/2018,0.011415525114155252,0.011449900958356709,0.011393154992480517,0.011490686798349936,,0.30%
01/12/2018,0.011450294272562804,0.011598640639317072,0.011436805928840194,0.011627095784015069,,1.29%
01/11/2018,0.011597699016515122,0.011636160532470708,0.011582787977066081,0.011673106330325563,,0.32%
01/10/2018,0.011635348187794521,0.011598909702487966,0.011584934950590252,0.011647680946723507,,-0.31%
01/09/2018,0.011599716966906008,0.011608739058763438,0.011589365598127158,0.011637379262190153,,0.10%
01/08/2018,0.011611300117274131,0.01163345315790086,0.0115931275939623,0.01166548067613126,,0.19%
01/05/2018,0.01163385918376844,0.011639140100329388,0.011617505256921129,0.011666841669291706,,0.03%
01/04/2018,0.011637921001792239,0.011651345147797313,0.01162966494935281,0.011675423234092236,,0.11%
01/03/2018,0.01165093790050099,0.011596085161649427,0.011568316694237822,0.011667794553473502,,-0.46%
01/02/2018,0.011596892032935173,0.011625744047619046,0.01158332464583985,0.01163588973830884,,0.28%
01/01/2018,0.01162912397809073,0.011590574544780184,0.011590574544780184,0.01164646005846523,,-0.33%
12/29/2017,0.011590574544780184,0.011606852685825711,0.011564570780955465,0.011628718282670885,,0.15%
12/28/2017,0.01160820003250296,0.011640765962400325,0.011584398132595023,0.01164510381610052,,0.28%
12/27/2017,0.01164117249889409,0.01167392395605935,0.011605775033656748,0.011679650544855699,,0.28%
12/26/2017,0.01167392395605935,0.011683334891111318,0.011659632022013384,0.011691120593908927,,0.08%
12/25/2017,0.011683744406407365,0.011693034459372552,0.011659360134315828,0.011694675414283876,,0.05%
12/22/2017,0.011689480636375326,0.011669019919017,0.011651209395535257,0.01170179154428543,,-0.17%
12/21/2017,0.01166942843139543,0.011661263614525269,0.011653653420347278,0.011716324354723437,,-0.07%
12/20/2017,0.011660855673589328,0.011662487608606916,0.011620880397898943,0.011671471422402222,,0.01%
12/19/2017,0.011662079582031068,0.01163710841130196,0.011631829337799954,0.011716324354723437,,-0.21%
12/18/2017,0.01163710841130196,0.01170179154428543,0.011584263935869515,0.011725941299937852,,0.67%
12/15/2017,0.011714540087156177,0.011571529409041994,0.011556952662721894,0.011735298604672997,,-1.22%
12/14/2017,0.011571663310884306,0.011560827292801074,0.011534557534372982,0.01160079349427501,,-0.10%
12/13/2017,0.011559891799412757,0.011658408627222384,0.011558689244639658,0.011662759642186535,,0.85%
12/12/2017,0.011658408627222384,0.01164903778947859,0.011595009507907797,0.011672016340822877,,-0.08%
12/11/2017,0.01164903778947859,0.011580105378958948,0.011565373272422366,0.01165650607886792,,-0.58%
12/08/2017,0.011580910027909992,0.011492271447451588,0.011469731378891105,0.011620205212824058,,-0.75%
12/07/2017,0.01149398864393922,0.011570726063060458,0.011481979033906284,0.01162641987652742,,0.67%
12/06/2017,0.011571529409041994,0.011558555642886863,0.011549477963596046,0.011606179129768688,,-0.12%
12/05/2017,0.011558154856158761,0.011522728582128248,0.011519410206197442,0.011612243950020902,,-0.30%
12/04/2017,0.011523259699703851,0.011497821162889632,0.011468415982384513,0.011580105378958948,,-0.17%
12/01/2017,0.011504170261719874,0.011464865918393085,0.011442825920289274,0.01152963693173302,,-0.35%
11/30/2017,0.011463551637568351,0.011587754061507798,0.0114476726881425,0.011589499913078751,,1.08%
11/29/2017,0.011587485515643106,0.011640088464672332,0.011554682535097349,0.011640088464672332,,0.44%
11/28/2017,0.011638733705772812,0.011650530681672551,0.011597026522399656,0.01174301584132837,,0.06%
11/27/2017,0.0116452394261226,0.011591918114690439,0.011580507689457105,0.011648902090977926,,-0.46%
11/24/2017,0.011591918114690439,0.011636025133814289,0.011571529409041994,0.011652838631490631,,0.39%
11/23/2017,0.011636972990585689,0.01156697858952263,0.011560426348523735,0.011649987767512844,,-0.61%
11/22/2017,0.011565640794328211,0.01164171459172507,0.011562297659790954,0.011661399601180133,,0.66%
11/21/2017,0.01164171459172507,0.011606313834726092,0.01159084323384526,0.011663575819074613,,-0.31%
11/20/2017,0.011605909729234127,0.011636431339236883,0.011572600710557683,0.01166548067613126,,0.30%
11/17/2017,0.011640359454299948,0.011607661056297156,0.011562431348063871,0.011694675414283876,,-0.29%
11/16/2017,0.011606717968360087,0.011631017597729625,0.011589499913078751,0.011664392110205177,,0.22%
11/15/2017,0.011631829337799954,0.011613187936220373,0.011599716966906008,0.01167555955119149,,-0.16%
11/14/2017,0.011612648496742652,0.01165080215772856,0.011592052488813669,0.01168770453482936,,0.33%
11/13/2017,0.01165080215772856,0.011639140100329388,0.011626284704459844,0.011707545513083182,,-0.18%
11/10/2017,0.011629394457430602,0.01170781965274607,0.011594202898550725,0.011725528821349841,,0.67%
11/09/2017,0.01170781965274607,0.011744532919925775,0.011689617281930189,0.011771076111778139,,0.31%
11/08/2017,0.011744532919925775,0.0116743328118798,0.011651345147797313,0.011770106284059745,,-0.61%
11/07/2017,0.011673378859510884,0.011749224551179624,0.011667658417632166,0.011755992617236637,,0.63%
11/06/2017,0.011747430249632892,0.011837541579364797,0.011743981209630064,0.01186211477782259,,0.84%
11/03/2017,0.011845674551937361,0.011858457451854662,0.011796069549626064,0.011871972646975022,,0.11%
11/02/2017,0.011858457451854662,0.011693581393173287,0.01164510381610052,0.011872818369624581,,-1.40%
11/01/2017,0.011692761011657683,0.011627771770095696,0.011616425625834932,0.011698506100770932,,-0.56%
10/31/2017,0.01162682541158962,0.011674877997524926,0.011620205212824058,0.011704393829443573,,0.39%
10/30/2017,0.01167256131012828,0.011718795776546002,0.011666433337999908,0.011733370880120149,,0.33%
10/27/2017,0.01171083603658465,0.011717834544176235,0.01170069619142339,0.011763183588006258,,0.07%
10/26/2017,0.011719207781553968,0.011612109107377172,0.011597699016515122,0.011731306163628257,,-0.91%
10/25/2017,0.011612109107377172,0.01169919041602321,0.011605101602664532,0.01171303074670571,,0.72%
10/24/2017,0.011695632850693551,0.011652295502213937,0.011627095784015069,0.011714265632687487,,-0.36%
10/23/2017,0.011653110215116416,0.01165881639695938,0.011630341234211812,0.011693991627101996,,0.04%
10/20/2017,0.011657593173313437,0.011691257277807655,0.01164605315258659,0.01175654545668301,,0.30%
10/19/2017,0.011692214154594455,0.01164022395790895,0.011619125079881486,0.011703708905352106,,-0.44%
10/18/2017,0.011640765962400325,0.011658544547298715,0.011635483570697198,0.011688660830128693,,0.15%
10/17/2017,0.011658000886008067,0.011664936367772114,0.011588022619820153,0.011690300557627337,,0.06%
10/16/2017,0.011664936367772114,0.011613053071652538,0.01159985152190052,0.011687294741886095,,-0.28%
10/13/2017,0.011632776511097669,0.01158976855232201,0.011549611355577884,0.011637650125686622,,-0.37%
10/12/2017,0.01158976855232201,0.011605236282610712,0.01156497201276773,0.011714265632687487,,0.14%
10/11/2017,0.011606179129768688,0.011607256856986988,0.011587888339107965,0.011648902090977926,,0.01%
10/10/2017,0.011606852685825711,0.011643747889570696,0.01158708272018354,0.011655555037530886,,0.31%
10/09/2017,0.011642798928862498,0.011699327288680901,0.01160442824982013,0.011710973181871413,,0.52%
10/06/2017,0.011702887102248125,0.011701243842220429,0.01167160764723733,0.011738466956215518,,-0.02%
10/05/2017,0.011700833099316672,0.011611030478955007,0.011587216982225208,0.01171152179514206,,-0.79%
10/04/2017,0.01160820003250296,0.011537219068715677,0.011503640902345591,0.011611030478955007,,-0.64%
10/03/2017,0.011534158410131605,0.011532429190884768,0.011479342922411121,0.01157340431687981,,-0.02%
10/02/2017,0.01153203021391916,0.011435890398426421,0.01142308834616527,0.011551479166907323,,-0.89%
09/29/2017,0.011429093901435495,0.011362603399690937,0.011359634674148878,0.011469862935137925,,-0.58%
09/28/2017,0.011362603399690937,0.011367124003955759,0.011338254135628195,0.011421261821005986,,0.05%
09/27/2017,0.011368028556487735,0.011350866638667861,0.011332472065456359,0.011390429760914879,,-0.15%
09/26/2017,0.011350866638667861,0.011401598504110277,0.011316825856683716,0.011408362329587588,,0.45%
09/25/2017,0.011401598504110277,0.011437983254792516,0.011352412955373665,0.011465260261407935,,0.32%
09/22/2017,0.011437983254792516,0.011360796164595214,0.011303522177510511,0.011474600970751241,,-0.67%
09/21/2017,0.011361183380860949,0.011527377521613832,0.011355377906976745,0.01154521104645793,,1.45%
09/20/2017,0.011526447433636478,0.0115115864117234,0.011388354268924598,0.011562431348063871,,-0.12%
09/19/2017,0.011512381566374637,0.011549744750641012,0.011480133628755438,0.011569521253210542,,0.33%
09/18/2017,0.011550678602367888,0.011489102586196991,0.011465260261407935,0.011575949806681638,,-0.65%
09/15/2017,0.011475127660795227,0.011639952974589982,0.011460792628418181,0.011654739982750984,,1.44%
09/14/2017,0.011640765962400325,0.011825363038645287,0.01163209994300271,0.011856067342462506,,1.59%
09/13/2017,0.011825363038645287,0.011757513050839486,0.011725941299937852,0.011849183591250562,,-0.58%
09/12/2017,0.01175654545668301,0.01188241165426935,0.011742877944526645,0.011885094902482797,,1.07%
09/11/2017,0.01188198809424793,0.0118735232305482,0.011829839587375195,0.011901361515757403,,-0.03%
09/08/2017,0.0118783185052324,0.011923783177926693,0.011854099740395217,0.011935453069798528,,0.38%
09/07/2017,0.011923783177926693,0.011968307920626182,0.011909156950779456,0.01199083899900476,,0.37%
09/06/2017,0.011968307920626182,0.011970027052261138,0.011928903733746868,0.011976621634569322,,0.01%
09/05/2017,0.011969167424713937,0.01207904527226168,0.011959004532462719,0.012087075290391984,,0.89%
09/04/2017,0.01207525297654986,0.012051677593521019,0.012028772824596435,0.012099652739966361,,-0.12%
09/01/2017,0.012060398475565634,0.012095115992162364,0.012017786323759164,0.012116365574982128,,0.30%
08/31/2017,0.012096140121687169,0.012091752215813595,0.012073357721515932,0.012170928520136801,,-0.04%
08/30/2017,0.012090875016624954,0.012091752215813595,0.012077294685990338,0.012135922330097087,,0.00%
08/29/2017,0.012090728829133821,0.012101263371896027,0.012033549536106665,0.01211152290288981,,0.08%
08/28/2017,0.012099945550245024,0.012109029703449863,0.012066510606462823,0.012157759081846034,,0.18%
08/25/2017,0.012122240674966362,0.012197055630770733,0.012120771365889725,0.012205541315757353,,0.63%
08/24/2017,0.012198543493906826,0.012197948305095083,0.012164266251459712,0.012221801249068088,,0.00%
08/23/2017,0.012198543493906826,0.012170928520136801,0.012150225386680924,0.012219411757517992,,-0.23%
08/22/2017,0.012170336022977594,0.012090728829133821,0.012081234218887802,0.012180861430520365,,-0.66%
08/21/2017,0.01209058264517767,0.012122534579529888,0.01207525297654986,0.012151849511495649,,0.22%
08/18/2017,0.012116952828702638,0.01211122953202209,0.01207233744597629,0.0121580547112462,,-0.06%
08/17/2017,0.012109909538975745,0.012089705615668259,0.012068986325838494,0.01212591550662075,,-0.18%
08/16/2017,0.012087805821487285,0.012117833816027048,0.012070880208584812,0.01213577505127365,,0.25%
08/15/2017,0.012117833816027048,0.01203528746284105,0.012025012025012025,0.012141079341953501,,-0.69%
08/14/2017,0.01203470809815508,0.011999472023230977,0.011970313622216901,0.012042679255280716,,-0.44%
08/11/2017,0.0119819312476785,0.012022698855439069,0.01196343972819065,0.012051387114656897,,0.36%
08/10/2017,0.012024578237918306,0.012043839576056847,0.011989401369189637,0.01207233744597629,,0.14%
08/09/2017,0.012040939193257074,0.01208517632272255,0.012033549536106665,0.012108149995762148,,0.37%
08/08/2017,0.012085614493068901,0.012016919823110941,0.011998176277205863,0.012122093728028705,,-0.57%
08/07/2017,0.012017064231208316,0.012060689389005475,0.011998608161453272,0.012060689389005475,,0.25%
08/04/2017,0.012046741356463076,0.011947574045090144,0.011927765452420145,0.012063890363364378,,-0.83%
08/03/2017,0.011947145826861964,0.011880717595342758,0.011845253606879724,0.011976908520372722,,-0.52%
08/02/2017,0.011884812398236293,0.011816420097367301,0.01180205591814094,0.011888768680227788,,-0.58%
08/01/2017,0.011816420097367301,0.011786337277827543,0.011775788977861516,0.011828300391516743,,-0.25%
07/31/2017,0.011786892975011787,0.011876202465499633,0.011777869383428537,0.01190291978622356,,0.73%
07/28/2017,0.0118735232305482,0.011936450338398366,0.011858035597822864,0.011943007965986314,,0.53%
07/27/2017,0.011936022917164,0.011841887123131943,0.011815303180679616,0.011947003094273802,,-0.78%
07/26/2017,0.011842728564661299,0.011924067537918534,0.011837541579364797,0.01194086881761517,,0.69%
07/25/2017,0.011924351911473612,0.011918809072597467,0.0118697179755009,0.011939158050574274,,-0.05%
07/24/2017,0.011918951132300357,0.011961150184201713,0.011893293371867604,0.011961150184201713,,0.27%
07/21/2017,0.011951429390955158,0.011973180076628353,0.011936877790245184,0.011993427601674283,,0.19%
07/20/2017,0.011974040280671505,0.011948430573644152,0.011912419888976247,0.012000768049155145,,-0.18%
07/19/2017,0.0119521436169577,0.011925205113527954,0.011909015124449208,0.011956287811760204,,-0.24%
07/18/2017,0.01192335666336787,0.011903061467409418,0.01184006440995039,0.011957288565244945,,-0.16%
07/17/2017,0.011904478464798458,0.011850026070057354,0.011836420666390483,0.011913129459977842,,-0.43%
07/14/2017,0.011852694710142352,0.01198925762516785,0.011835440041660749,0.011995729520290776,,1.15%
07/13/2017,0.01198925762516785,0.012038040207054292,0.011976334762509281,0.012045145204225437,,0.40%
07/12/2017,0.012037170783379075,0.012055891111191484,0.012007252380437785,0.012099213551119176,,0.14%
07/11/2017,0.012054437841291272,0.012040359284321045,0.011979491111217596,0.012076711269986957,,-0.11%
07/10/2017,0.012040794210786143,0.012009703840703288,0.011993427601674283,0.012066656208897951,,-0.32%
07/07/2017,0.012002640580927804,0.011911994186946837,0.011903628225883249,0.01203528746284105,,-0.76%
07/06/2017,0.011911142874158776,0.011930042232349503,0.011891454800580304,0.011951715071112704,,0.17%
07/05/2017,0.01193089624892622,0.011949001660911231,0.011918951132300357,0.011970027052261138,,0.13%
07/04/2017,0.01194614677035922,0.011919945645047858,0.011901928112354201,0.011960291831120679,,-0.22%
07/03/2017,0.011920371915603767,0.011890182276494299,0.011859019970589631,0.01192634290621124,,-0.35%
06/30/2017,0.011879165132274504,0.011888768680227788,0.011851149561507467,0.011951286555997753,,0.09%
06/29/2017,0.011889616797650613,0.011992420790060682,0.011884671151149249,0.01199616122840691,,0.84%
06/28/2017,0.011989688867573886,0.012101116933092924,0.011936450338398366,0.012111962985841116,,0.94%
06/27/2017,0.012101995619077585,0.012195121951219513,0.01205952581944478,0.01220569029281451,,0.81%
06/26/2017,0.01219988288112434,0.01217759809055262,0.012153178663879537,0.0122158292715701,,-0.09%
06/23/2017,0.012189473170969552,0.012206137245807191,0.012159089527376191,0.012213889635293256,,0.13%
06/22/2017,0.012205094406405232,0.012228975334156752,0.012195121951219513,0.01224934772223379,,0.20%
06/21/2017,0.01223002225864051,0.012268734357363696,0.012192891544229714,0.012293469708890638,,0.31%
06/20/2017,0.01226737981034631,0.01217418828599603,0.012153621779290228,0.012294981188678781,,-0.77%
06/19/2017,0.012172706357804531,0.01213224143160449,0.012119155537242165,0.012191405059433098,,-0.25%
06/16/2017,0.01214166899381989,0.012140931937935556,0.012092044643828825,0.012165006143328102,,0.01%
06/15/2017,0.01214299591995337,0.012209117769150001,0.012112549812861105,0.012239752267414108,,0.54%
06/14/2017,0.012208074420421667,0.012185314259254745,0.012143290831815423,0.012231667787902882,,-0.19%
06/13/2017,0.012184868829887046,0.012250548212032487,0.012181009805712894,0.012274607519424567,,0.56%
06/12/2017,0.012253550466247596,0.012226284065483978,0.012169891687963976,0.012271594939194247,,-0.33%
06/09/2017,0.012212845470866257,0.012014609765474818,0.012007540735581945,0.0123108741951766,,-1.61%
06/08/2017,0.012015909063600207,0.011974470429045276,0.011965873329264937,0.012056327160493827,,-0.34%
06/07/2017,0.011975330818513862,0.012021831646269625,0.01196888090963495,0.012060107576159579,,0.38%
06/06/2017,0.012021253576322938,0.012043839576056847,0.011995729520290776,0.012055891111191484,,0.18%
06/05/2017,0.012043259387720691,0.012078461687119528,0.012003649109329235,0.012086344847591192,,0.03%
06/02/2017,0.012046886482188678,0.012039344578081168,0.012023421625326134,0.012081672103419113,,-0.06%
06/01/2017,0.012039779431240818,0.012025445843404644,0.012021398088597703,0.012090144114517844,,-0.12%
05/31/2017,0.012025879693099551,0.012032101647194714,0.01199760047990402,0.012137984609035516,,0.05%
05/30/2017,0.012032101647194714,0.012066656208897951,0.011999040076793857,0.01211152290288981,,0.28%
05/29/2017,0.01206621941213379,0.012104778966736068,0.012055891111191484,0.012118127506937628,,0.34%
05/26/2017,0.01210727041588474,0.011968307920626182,0.011961865572554695,0.012135185971725016,,-1.12%
05/25/2017,0.01197117341441808,0.01190150315984909,0.011887355420039703,0.011980782824349744,,-0.59%
05/24/2017,0.011900086870634156,0.01188905137259098,0.011863944286917628,0.01194628948248674,,-0.10%
05/23/2017,0.011887779362815026,0.011923641003016681,0.011829839587375195,0.0119495728027723,,0.31%
05/22/2017,0.011924209723000609,0.011904903629805117,0.011880294156083304,0.011949858394178028,,-0.36%
05/19/2017,0.011881564564421843,0.0119115685153421,0.011851570925726206,0.011936022917164,,0.30%
05/18/2017,0.01191667858334525,0.012025301233795907,0.01181655972680114,0.012034273611244825,,0.89%
05/17/2017,0.012022554311889103,0.012086490929088558,0.012005522540368569,0.012102435009923997,,0.54%
05/16/2017,0.012087513598452797,0.012102874432677761,0.012045870675532427,0.01212650368645712,,0.15%
05/15/2017,0.012106244400861964,0.01207627374497325,0.012053711337720884,0.012125621438098703,,-0.26%
05/12/2017,0.012074961360123647,0.012049208969431157,0.01203528746284105,0.012108296604833632,,-0.22%
05/11/2017,0.012048337931782312,0.011960864052819176,0.011956287811760204,0.012090436464756379,,-0.72%
05/10/2017,0.011961865572554695,0.011952572193536048,0.011906604593568054,0.011985521490040032,,-0.08%
05/09/2017,0.011952572193536048,0.012007396556278669,0.01194200960137572,0.012012589193474763,,0.46%
05/08/2017,0.012007396556278669,0.011974183660028977,0.011966732483695328,0.012028917517712581,,-0.25%
05/05/2017,0.011977769260252971,0.012050370548894379,0.011971316725126597,0.01207233744597629,,0.61%
05/04/2017,0.012050370548894379,0.01211225639224331,0.012040069350799461,0.01213621689846841,,0.51%
05/03/2017,0.01211225639224331,0.012044855040169592,0.01203456326569909,0.012115925172046137,,-0.55%
05/02/2017,0.012045290291496025,0.012076419583121997,0.012041084179219496,0.012115044462213176,,0.27%
05/01/2017,0.012077440548798897,0.012008838505139782,0.012003793198650773,0.01208211001969384,,-0.55%
04/28/2017,0.012010713556492391,0.01208590662428542,0.011988395233414054,0.012103753373921253,,0.63%
04/27/2017,0.012086929194768777,0.01213621689846841,0.012072774685806038,0.012148601695944799,,0.44%
04/26/2017,0.012139605462822459,0.012103167398908293,0.012100970497833926,0.012192296906814275,,-0.28%
04/25/2017,0.0121056581846355,0.012117980659702866,0.012100824066118903,0.012172854534388313,,0.12%
04/24/2017,0.01211988995139924,0.012036301485279604,0.012026892130804477,0.012143143374093819,,-0.39%
04/21/2017,0.012072045970351055,0.0120775864151308,0.012059671253361633,0.012129151201998884,,0.04%
04/20/2017,0.012076711269986957,0.012101263371896027,0.012045145204225437,0.012112109687265329,,0.20%
04/19/2017,0.012101263371896027,0.012054147229354259,0.012038909756332468,0.012114017129220219,,-0.37%
04/18/2017,0.012056908608632746,0.012342174444293596,0.012000336009408263,0.012378229170534862,,2.37%
04/17/2017,0.012343240841315295,0.012377309915462972,0.012296039445694542,0.012408333436736113,,0.32%
04/14/2017,0.012383134171258746,0.012407101825084678,0.012371338083927158,0.012414186932826836,,0.22%
04/13/2017,0.012410643367752185,0.012326200571935706,0.01229241189413775,0.012415574096146206,,-0.67%
04/12/2017,0.012327264210253819,0.0124024854580858,0.012316332688778589,0.01241387871640494,,0.60%
04/11/2017,0.012400947432383834,0.01246758428086974,0.012395874652915511,0.012506565947122239,,0.54%
04/10/2017,0.012467739723465534,0.012566602995878156,0.01245454092562148,0.012583839832886608,,0.86%
04/07/2017,0.012574662055957244,0.012413108242303872,0.012383594214384784,0.012582414817051689,,-1.28%
04/06/2017,0.012413108242303872,0.012347203358439314,0.012304209269991265,0.012448959267005278,,-0.52%
04/05/2017,0.012348270624699011,0.012352846713525132,0.012323921964926118,0.012397104036497074,,0.02%
04/04/2017,0.012351320973778147,0.01232331447866218,0.01231345121410629,0.012391266635275459,,-0.23%
04/03/2017,0.01232331447866218,0.012294074256208506,0.012275963663147559,0.012349338075479154,,-0.35%
03/31/2017,0.012280637119453756,0.012364913321957613,0.01227475818726371,0.012402177822425618,,0.68%
03/30/2017,0.012363843177013143,0.012396796667741057,0.012299971710065067,0.012421125850847122,,0.27%
03/29/2017,0.012396796667741057,0.012349185571211578,0.012333649897014024,0.0124340992738486,,-0.39%
03/28/2017,0.012348575591805485,0.012252199269768924,0.012213292948044652,0.01235941169200346,,-0.79%
03/27/2017,0.012250698289802518,0.012239452651677417,0.012189473170969552,0.012273101044440899,,0.04%
03/24/2017,0.012256103539562703,0.012201520309430556,0.012198245892240696,0.012262866813003544,,-0.44%
03/23/2017,0.01220211584688785,0.012237805027290305,0.01218798751950078,0.012257906349595489,,0.29%
03/22/2017,0.012237805027290305,0.012263317963308153,0.012211950614871714,0.012297249105375127,,0.21%
03/21/2017,0.01226391954868776,0.012384361028892715,0.012247247431139852,0.012408795354147021,,0.97%
03/20/2017,0.012383440862878159,0.012316332688778589,0.012302392815402597,0.01241156758098548,,-0.49%
03/17/2017,0.012322858903265557,0.01237286877335379,0.012301938785552604,0.01239172728286596,,0.41%
03/16/2017,0.012373787368837853,0.01239987104134117,0.012348728081007655,0.0124998437519531,,0.18%
03/15/2017,0.012395720997111797,0.012508912600227663,0.012377156719558384,0.012570868269871398,,0.91%
03/14/2017,0.012508912600227663,0.012366748287205362,0.012355136030047691,0.012542015752771786,,-1.14%
03/13/2017,0.012366289494837075,0.012347508272830543,0.012274908858801723,0.012394184648562893,,-0.18%
03/10/2017,0.012344612194007924,0.012324073845850485,0.012317242908347396,0.012366136571612297,,-0.16%
03/09/2017,0.012324529511085916,0.012310419539097893,0.01228878648233487,0.01236200907371466,,-0.14%
03/08/2017,0.01230723788660111,0.01230375510605837,0.012286823610360249,0.012350710783405586,,-0.04%
03/07/2017,0.01230269552058856,0.012257305353990978,0.012239003255574865,0.012332737251032868,,-0.37%
03/06/2017,0.012256854645960753,0.012179377877378024,0.01217181737405212,0.012276415777649558,,-0.63%
03/03/2017,0.012179377877378024,0.012206733234051904,0.012172854534388313,0.012253250174608814,,0.23%
03/02/2017,0.01220718026343095,0.012163822359538261,0.012155985607313041,0.01223032141284673,,-0.36%
03/01/2017,0.012163822359538261,0.012104632442835873,0.012075690427600197,0.012180713058942472,,-0.48%
02/28/2017,0.012105218559721097,0.012048918609554793,0.012025590456491413,0.012113430160018413,,-0.46%
02/27/2017,0.012049789731169191,0.012035142616440004,0.012012877805006967,0.012109909538975745,,-0.12%
02/24/2017,0.012035142616440004,0.011943150603129105,0.011927623182528418,0.012054583152514585,,-0.76%
02/23/2017,0.011943150603129105,0.012004946037767559,0.011937447773665991,0.012040504256318255,,0.45%
02/22/2017,0.011996305138017492,0.011967734986476459,0.01193588045022141,0.012018364060284113,,-0.22%
02/21/2017,0.011969740496026046,0.011993139923963492,0.011956859650381424,0.012046886482188678,,0.21%
02/20/2017,0.011994722322178242,0.012011002077903359,0.011964584828906437,0.012026892130804477,,0.11%
02/17/2017,0.012008117487421496,0.011935168166519466,0.011908164237401162,0.012042969314514186,,-0.59%
02/16/2017,0.011937447773665991,0.012001488184534883,0.011904903629805117,0.012007684918347743,,0.54%
02/15/2017,0.012001488184534883,0.011996592967597202,0.011976334762509281,0.012067093037287317,,-0.02%
02/14/2017,0.011999040076793857,0.011919519404977591,0.011900794973104202,0.012024433649175124,,-0.64%
02/13/2017,0.011921793037672867,0.011987532965715655,0.011904620183093058,0.011992276973628983,,0.44%
02/10/2017,0.011974470429045276,0.0119852341914761,0.011933743854121914,0.012021976172443227,,0.09%
02/09/2017,0.011985665144487193,0.011895274007636767,0.011861692663543087,0.011993859144118211,,-0.77%
02/08/2017,0.011893293371867604,0.011867323325223996,0.011860989206499821,0.011933743854121914,,-0.20%
02/07/2017,0.011869154441437593,0.011934740837102721,0.011831939136505083,0.012014754118056975,,0.55%
02/06/2017,0.011934740837102721,0.011914264949423945,0.011895132511776181,0.011973036721303624,,-0.13%
02/03/2017,0.011919519404977591,0.011877754154244516,0.011837681708414224,0.011947145826861964,,-0.36%
02/02/2017,0.011876343511359723,0.011717697238138761,0.011669156086631815,0.011887779362815026,,-1.32%
02/01/2017,0.011719619815533185,0.011772046099332524,0.011696864070742635,0.011802334501764449,,0.47%
01/31/2017,0.01177481837342659,0.011808048365766106,0.011753091062949556,0.011880294156083304,,0.28%
01/30/2017,0.011807630090564522,0.011699464164541264,0.011647952289987419,0.01183473969490041,,-0.95%
01/27/2017,0.011695085724978365,0.011647273955530708,0.01163385918376844,0.011735849499466018,,-0.41%
01/26/2017,0.011647273955530708,0.011642527825641505,0.011599986080016705,0.011688524206933632,,-0.05%
01/25/2017,0.011641579063784211,0.011721680420105027,0.011619800139437602,0.011746878267100518,,0.69%
01/24/2017,0.011721680420105027,0.0117236043049075,0.011699327288680901,0.011823545408326142,,0.01%
01/23/2017,0.011722642283570716,0.011882129277566541,0.011718658447980874,0.011888627339087429,,1.26%
01/20/2017,0.011870422468335648,0.011896689151409163,0.011860145168176859,0.011965873329264937,,0.23%
01/19/2017,0.011897679952409281,0.01195428680724908,0.011888627339087429,0.011965157461472194,,0.50%
01/18/2017,0.011957288565244945,0.011870422468335648,0.011860707847044311,0.01197289336941165,,-0.72%
01/17/2017,0.011870845204178538,0.012187096302434981,0.011852835198179406,0.0122192624453188,,2.66%
01/16/2017,0.012187096302434981,0.012157759081846034,0.012141374160727511,0.012241400416207615,,-1.18%
01/13/2017,0.012043404429564149,0.01207073450419458,0.011984516005321124,0.012098042536717559,,0.21%
01/12/2017,0.012068695012008352,0.011991126566340908,0.011942722701921583,0.012088828713385959,,-0.67%
01/11/2017,0.011987245570712762,0.012018941852359319,0.011949430012188417,0.012134155220113576,,0.26%
01/10/2017,0.012018941852359319,0.012073795035255483,0.012012444892909055,0.012124592310583555,,0.45%
01/09/2017,0.012073357721515932,0.011959862700776196,0.011955858968687604,0.012103460379322448,,-1.03%
01/06/2017,0.011948430573644152,0.011896972220569863,0.011858176212498519,0.011967448539971278,,-0.52%
01/05/2017,0.011886366337810532,0.011953858107704262,0.011867886685417928,0.012006099098341959,,0.58%
01/04/2017,0.011954715537543783,0.011971746677840296,0.011926627388307133,0.01199644905108088,,0.13%
01/03/2017,0.011969740496026046,0.01195428680724908,0.011892869035726178,0.011987820374499508,,-0.13%
01/02/2017,0.011954429713930497,0.011920371915603767,0.011902636433970125,0.011958718503725142,,-0.23%
12/30/2016,0.011926627388307133,0.012004369590530953,0.011888627339087429,0.012022120702091847,,0.64%
12/29/2016,0.012003505023466853,0.011987245570712762,0.011957717510881523,0.012047757309976748,,-0.13%
12/28/2016,0.011987964084059603,0.011990120141003813,0.011915116708568159,0.012013888054591108,,0.00%
12/27/2016,0.011988251513516754,0.01200999231360492,0.011966589282722638,0.012036011747147465,,0.18%
12/26/2016,0.012009559609449123,0.012014321070716295,0.011988395233414054,0.012036011747147465,,-0.15%
12/23/2016,0.011992133160646614,0.011999904000767994,0.011970886803294388,0.012061998673180146,,0.06%
12/22/2016,0.011999904000767994,0.011932319881631388,0.011901786458147368,0.012008117487421496,,-0.56%
12/21/2016,0.01193246226358809,0.011901928112354201,0.011871267970131891,0.011958432488669384,,-0.20%
12/20/2016,0.011908731481922546,0.011885942495810205,0.011864929640967229,0.011933459032435142,,-0.18%
12/19/2016,0.011886931507500652,0.011797322007904206,0.011787309782288388,0.011934740837102721,,-0.79%
12/16/2016,0.011792591893772332,0.0118654927739149,0.011781615966445958,0.011912136084242627,,0.63%
12/15/2016,0.011866337573571292,0.011797739553101625,0.01173805359595272,0.011902636433970125,,-0.60%
12/14/2016,0.011795373854374316,0.011719482467654228,0.011645646275140038,0.011828300391516743,,-0.64%
12/13/2016,0.011719482467654228,0.011696590443885607,0.011630747042882564,0.011727178909841448,,-0.17%
12/12/2016,0.011699327288680901,0.011783976149232274,0.011684153950412451,0.01180414561594032,,0.73%
12/09/2016,0.011784948264077121,0.011760970044809296,0.01173213196302032,0.011803448967788387,,-0.19%
12/08/2016,0.011762906849540658,0.011748120300751879,0.01168306189686193,0.011817676881078718,,-0.15%
12/07/2016,0.011745360582569885,0.011644697004983929,0.011624798019134418,0.011771491801155961,,-0.87%
12/06/2016,0.011643747889570696,0.011548811049902413,0.011508274449329068,0.011666705555685187,,-0.85%
12/05/2016,0.011544811184613075,0.011549477963596046,0.011504964392135207,0.011643070044709389,,0.03%
12/02/2016,0.011548277574399779,0.011642121194481636,0.011538683436219926,0.011662351596575934,,0.80%
12/01/2016,0.01164022395790895,0.011657864978607818,0.011529371072807978,0.011700148591887118,,0.14%
11/30/2016,0.01165650607886792,0.011666569445254623,0.011640494953845438,0.01176650546554179,,0.10%
11/29/2016,0.011668475280335119,0.01174370537391958,0.011633588496707694,0.011767336228098045,,0.65%
11/28/2016,0.011744670855599272,0.011702339297625595,0.01162452775356001,0.011765536390804058,,-0.40%
11/25/2016,0.011697548193898559,0.01167883211678832,0.01167269756040621,0.01177038336138608,,-0.16%
11/24/2016,0.01167883211678832,0.011686748395993783,0.011639682003887654,0.011736675938640658,,0.08%
11/23/2016,0.011688114356510864,0.011767751653369109,0.011649173491140804,0.011808606112134523,,0.68%
11/22/2016,0.011768167107972934,0.011728279226871833,0.01171152179514206,0.011809442830487259,,-0.31%
11/21/2016,0.011731443788787085,0.011879447368108436,0.011716873469483404,0.011929188338025481,,1.25%
11/18/2016,0.011878600700837441,0.011838242257789565,0.011793565430701008,0.011944149158534692,,-0.33%
11/17/2016,0.011839643863512585,0.01181781654021603,0.011791201405511207,0.01187140889880811,,-0.17%
11/16/2016,0.011819353008616309,0.011843570125778715,0.011785781633037904,0.011869999762600005,,0.20%
11/15/2016,0.011843149330269906,0.011814326051770376,0.011772739045466319,0.011926627388307133,,-0.28%
11/14/2016,0.01181000070860004,0.01175253854832644,0.01173199432171475,0.011857473172466949,,-0.55%
11/11/2016,0.011745084682060558,0.011912845621433592,0.011715912552428709,0.011941296585983308,,1.42%
11/10/2016,0.011911852293031567,0.01211842121208449,0.011882129277566541,0.012150520649809845,,1.73%
11/09/2016,0.01211842121208449,0.012192742879438157,0.011907738839471773,0.01221553082589204,,0.64%
11/08/2016,0.012196311835301005,0.012090290287869811,0.012048483095978215,0.012210459479590216,,-0.92%
11/07/2016,0.012084592145015106,0.011963869115271879,0.011951000896325068,0.012101995619077585,,-1.04%
11/04/2016,0.011959147551962496,0.012036301485279604,0.011928192282459595,0.01204253423090355,,0.65%
11/03/2016,0.012037170783379075,0.012175818823815902,0.011986096128490949,0.01217833960517823,,1.14%
11/02/2016,0.01217478115830868,0.012247097437907216,0.012136364188016554,0.012260160608103967,,0.59%
11/01/2016,0.01224664748025228,0.012249497770591406,0.012204498578175916,0.012281843750383806,,0.01%
10/31/2016,0.012247547428627418,0.012292562999385373,0.0122318174034298,0.012331976815883586,,0.34%
10/28/2016,0.012289541600098316,0.012291958600683432,0.012255202333390525,0.012365372012216989,,0.03%
10/27/2016,0.012293469708890638,0.012210459479590216,0.012186205215695831,0.012308904261342655,,-0.66%
10/26/2016,0.012212845470866257,0.012279883095512931,0.012205988257839294,0.012317849796139585,,0.56%
10/25/2016,0.012281542070422362,0.012225237780874837,0.012217918799711657,0.012383287515169527,,-0.47%
10/24/2016,0.012223295155908129,0.012225835635865712,0.012203604944900723,0.012269185939512914,,-0.10%
10/21/2016,0.012211503236048358,0.012211055890002808,0.012195568130541361,0.012278526085728669,,0.01%
10/20/2016,0.012212994626282366,0.012212845470866257,0.012187244829561381,0.012261814258037618,,-0.01%
10/19/2016,0.01221135411705804,0.012186056713907946,0.012160716022959431,0.012243798516051618,,-0.21%
10/18/2016,0.012186056713907946,0.012289088518304597,0.0121580547112462,0.0122969466681423,,0.85%
10/17/2016,0.01228923954185715,0.0122946788629881,0.012266476945156582,0.012345374188291647,,0.08%
10/14/2016,0.012298761514715468,0.012212398026476478,0.012209863127434342,0.012318001527432188,,-0.67%
10/13/2016,0.012216426206677499,0.012261814258037618,0.012190661952944045,0.012321188748290435,,0.36%
10/12/2016,0.012260761883743455,0.012342022116903634,0.01214963490347115,0.012363843177013143,,0.67%
10/11/2016,0.012342631449024933,0.012164266251459712,0.01214963490347115,0.012376850339125698,,-1.44%
10/10/2016,0.012164710175780063,0.012072045970351055,0.012057053979430667,0.012187096302434981,,-0.73%
10/07/2016,0.012075398790045041,0.011884247430031494,0.011874369174137624,0.01268456035313816,,-1.57%
10/06/2016,0.011886225053785168,0.01178508715071948,0.011766228570756215,0.011898246198510338,,-0.87%
10/05/2016,0.011782865357197563,0.011794817357253223,0.011767059294211783,0.011842167590355739,,0.10%
10/04/2016,0.01179523472517103,0.01170069619142339,0.011683880917885687,0.011825782571161646,,-0.80%
10/03/2016,0.011701106924715078,0.011606717968360087,0.011603216411589292,0.011726628828744314,,-1.05%
09/30/2016,0.011578630479586875,0.01154081408902584,0.011533094213846634,0.011599313320651417,,-0.33%
09/29/2016,0.011540281352059362,0.01157675387821255,0.011469336728257005,0.011585337596737568,,0.32%
09/28/2016,0.01157675387821255,0.011559490920019882,0.011538683436219926,0.011590708887755576,,-0.14%
09/27/2016,0.011560827292801074,0.011569521253210542,0.011542279369329854,0.011629529701818858,,0.08%
09/26/2016,0.011569655108581212,0.01156697858952263,0.011525650334820142,0.011614132075909967,,-0.13%
09/23/2016,0.011555083081047352,0.011475391023949141,0.01145882272055369,0.011620880397898943,,-0.69%
09/22/2016,0.011475391023949141,0.01149544205722431,0.011435498073118574,0.01150231771701998,,0.23%
09/21/2016,0.011501259387902975,0.01149372442646315,0.01144505230388903,0.011531631264558685,,-0.07%
09/20/2016,0.01149372442646315,0.011460661280155866,0.011427396039264532,0.011531232342800474,,-0.31%
09/19/2016,0.011458560117335655,0.011470389190305227,0.011408492481803456,0.011476444597463706,,0.07%
09/16/2016,0.011466837904779379,0.0112990520095364,0.011287573510322486,0.011472626313615713,,-1.47%
09/15/2016,0.011298286050006214,0.011311321501691044,0.011245431543435479,0.011340568616110411,,0.12%
09/14/2016,0.011311321501691044,0.011288592876897895,0.011279425200491784,0.011377988144136354,,-0.21%
09/13/2016,0.011288083170596801,0.011233935472274647,0.011215666042327923,0.011326824185035,,-0.48%
09/12/2016,0.011233935472274647,0.011265067027148813,0.011215288681530662,0.011286044805597877,,0.30%
09/09/2016,0.011267605633802818,0.011286809106197587,0.011244925727265572,0.0113170820035762,,0.18%
09/08/2016,0.011287700921076395,0.01127459270533852,0.011252391133115786,0.01132733739607168,,-0.11%
09/07/2016,0.011275355455580739,0.011226620562678223,0.01122170727054414,0.011306589480349146,,-0.44%
09/06/2016,0.011226242464384747,0.011307740148131396,0.011213402258379215,0.011316185540178117,,0.73%
09/05/2016,0.011307740148131396,0.01125479735737358,0.011246696282966878,0.011326054455669823,,-0.40%
09/02/2016,0.011262402720996498,0.011281715723327205,0.011240375428539312,0.01129713730540681,,0.18%
09/01/2016,0.011282606733459698,0.011363248980148405,0.011211390773025395,0.011375399560909575,,0.73%
08/31/2016,0.011365056995760833,0.011384075954554769,0.01134442818409738,0.0114195662848725,,0.17%
08/30/2016,0.011384464759389338,0.011366348787778901,0.011354733220542984,0.011415785748533072,,-0.11%
08/29/2016,0.011371518893778644,0.011337225780851426,0.011326695889542061,0.011400168722497092,,-0.29%
08/26/2016,0.011339025524146455,0.011312089229759844,0.011256190904997748,0.011360796164595214,,-0.24%
08/25/2016,0.011312089229759844,0.01125087194257555,0.011230402946857733,0.011331316359021426,,-0.54%
08/24/2016,0.01125087194257555,0.011289994806602388,0.011226116437279688,0.011317722421539889,,0.33%
08/23/2016,0.01128821059285682,0.011327594019030357,0.011279297976493944,0.01134224077308713,,0.33%
08/22/2016,0.01132541309444262,0.011405239567057105,0.011298924342402603,0.011430530948162543,,0.58%
08/19/2016,0.011391467790624823,0.011359118532401886,0.011347388965798968,0.011440076877316616,,-0.25%
08/18/2016,0.011363378105043068,0.011461580781221345,0.011353959693443088,0.011478815845357392,,0.87%
08/17/2016,0.011461974898274972,0.011463683052090976,0.011420348777451662,0.011506023403251603,,0.01%
08/16/2016,0.011462763213700294,0.011614401858304297,0.011456590976788946,0.011616290686058128,,1.31%
08/15/2016,0.011613457674753504,0.01157300249976854,0.011541080475954158,0.01162641987652742,,-0.41%
08/12/2016,0.011565373272422366,0.011562163974609487,0.011482110871262573,0.011590440204918982,,-0.01%
08/11/2016,0.01156390212313243,0.011511718929870608,0.011485012059262664,0.01156845052173712,,-0.45%
08/10/2016,0.0115115864117234,0.011518083390923752,0.0114370675358838,0.011543345261456771,,0.05%
08/09/2016,0.011517552750391596,0.01147842056932966,0.011467626889291531,0.01155681910111061,,-0.34%
08/08/2016,0.011478815845357392,0.011453704127914967,0.011424654404204272,0.01149240352127244,,-0.30%
08/05/2016,0.011444397395255152,0.011414091837782926,0.011366865586814436,0.011491611123879569,,-0.26%
08/04/2016,0.011414091837782926,0.011239238429204037,0.011188811188811189,0.011420740063956145,,-1.55%
08/03/2016,0.011237470220703915,0.011227502891081995,0.011167070542384616,0.01125809175344779,,-0.09%
08/02/2016,0.011226998686441154,0.011363248980148405,0.011219441047447017,0.011375270162666365,,1.24%
08/01/2016,0.011365832035734175,0.011334270299678107,0.011290504685559446,0.011384594366902707,,-0.20%
07/29/2016,0.011343270037886521,0.011334398766817414,0.01126455944308018,0.011367770098217532,,-0.07%
07/28/2016,0.011334784185709103,0.011275228323373548,0.011252897621137443,0.011377211445474714,,-0.51%
07/27/2016,0.01127700843520231,0.011310937676733402,0.011262656410140896,0.011386409182000365,,0.31%
07/26/2016,0.01131183330882436,0.011289230074508919,0.011269510339775737,0.01136854550828767,,-0.21%
07/25/2016,0.01128833801799361,0.011356409557554284,0.011279043537108053,0.011366736382649813,,0.62%
07/22/2016,0.011358215397196792,0.011254037385912196,0.01120699316373417,0.011395102384994929,,-0.93%
07/21/2016,0.011252644371427286,0.011272686281140797,0.01120749557303925,0.011312729082763926,,0.16%
07/20/2016,0.011271034568263021,0.011349191937534048,0.011253910733980058,0.011393674232066357,,0.69%
07/19/2016,0.011349320743153521,0.011237217664906169,0.011216798277099784,0.011384594366902707,,-1.00%
07/18/2016,0.011235955056179775,0.011313241017286632,0.011183180496533213,0.011316313597682419,,0.48%
07/15/2016,0.011289867344058707,0.011212522144731235,0.011083156926418921,0.011360796164595214,,-0.68%
07/14/2016,0.011212647866793744,0.011353830782506019,0.011089917047420485,0.011388873071009623,,1.22%
07/13/2016,0.011349835994869875,0.011270272402483968,0.011167195247241702,0.011363248980148405,,-0.66%
07/12/2016,0.01127459270533852,0.011465391715107947,0.011217679062202031,0.011481979033906284,,1.67%
07/11/2016,0.011462894610146955,0.011500598031097617,0.01142752662613704,0.011588962671951234,,0.29%
07/08/2016,0.011496102821143632,0.011477103179157582,0.011421914084362257,0.011522595810384163,,-0.17%
07/07/2016,0.011476708021071237,0.011471968245591897,0.01136609040588309,0.011522197513509776,,-0.04%
07/06/2016,0.011471968245591897,0.01139055950428285,0.011377340887887681,0.011572198949244335,,-0.74%
07/05/2016,0.011386927806877705,0.011186307959058114,0.011181304858276961,0.011411226364497392,,-1.77%
07/04/2016,0.011185056764163079,0.011227502891081995,0.011141937137190671,0.011248720458047897,,0.33%
07/01/2016,0.01122246288170402,0.011129165090034946,0.01109446940700061,0.011237722787854268,,-0.83%
06/30/2016,0.011129165090034946,0.01104350034787026,0.010969843899121316,0.011217930740495608,,-0.74%
06/29/2016,0.01104728236853734,0.01106941630967799,0.0109421162052741,0.011108395725489325,,0.19%
06/28/2016,0.011068681166638995,0.011138834432364998,0.010975502678022653,0.011155236267904154,,0.57%
06/27/2016,0.011131642807845581,0.010859178177395535,0.01085717387763965,0.011217553227290063,,-3.27%
06/24/2016,0.01076808769530619,0.009993903718731573,0.009895503483217227,0.011100996869518884,,-7.23%
06/23/2016,0.009989511013435893,0.010080543542907834,0.009948170034122223,0.010083999717648008,,0.91%
06/22/2016,0.010080543542907834,0.01009611501494225,0.010043891807197452,0.010118999433336032,,0.15%
06/21/2016,0.010095503462757687,0.010070493454179255,0.010019036168720569,0.010127197601879608,,-0.24%
06/20/2016,0.010071304838254844,0.010382059800664452,0.010056821038869613,0.01038507871889669,,3.11%
06/17/2016,0.010384108160870603,0.010458719434392453,0.010357113265390669,0.010475701610115337,,0.73%
06/16/2016,0.010459813396928998,0.010494721155258905,0.010423289798726275,0.01058727621144908,,0.33%
06/15/2016,0.010494390748145116,0.010528864883076954,0.010479653752240026,0.010545408529126417,,0.31%
06/14/2016,0.010526980651409563,0.010427637410191972,0.010427419943483384,0.010540628853917424,,-0.93%
06/13/2016,0.010428724879808947,0.01047548213406522,0.010399550739408058,0.010556317956296843,,0.45%
06/10/2016,0.01047548213406522,0.01036076172320189,0.010343507897268279,0.010536852642115799,,-1.10%
06/09/2016,0.01036033235946209,0.01036785136648281,0.010326844632622503,0.010380119994187134,,0.09%
06/08/2016,0.010369356477736992,0.010315233536887274,0.010280979160455242,0.010372690779715166,,-0.53%
06/07/2016,0.01031480793827619,0.010366131774267115,0.010207727249527893,0.010373121168428368,,0.52%
06/06/2016,0.010367958859939245,0.010282776349614395,0.010276013728754342,0.010404636305937926,,-0.86%
06/03/2016,0.010279288262080733,0.010306090899721735,0.010234890742541324,0.010332606606668664,,0.27%
06/02/2016,0.010307153164296022,0.010286795868822779,0.010258619805291396,0.010319597948463927,,-0.20%
06/01/2016,0.010286795868822779,0.010276964184779816,0.01022662194224004,0.010306197116326047,,-0.10%
05/31/2016,0.010276964184779816,0.010167974946109734,0.010116235546428463,0.010289018530522373,,-1.04%
05/30/2016,0.010169732841118264,0.010212209717938767,0.010147545308789804,0.010214713272998428,,0.30%
05/27/2016,0.010200646721002111,0.010185166323766067,0.010149605180358484,0.01022965577208327,,-0.16%
05/26/2016,0.01018454393612254,0.010110712299681513,0.010077292836052522,0.010208248264597796,,-0.68%
05/25/2016,0.010114905324486162,0.01010274491579362,0.010086746015735323,0.010163737816219293,,-0.12%
05/24/2016,0.01010274491579362,0.010242123806792578,0.010087560020982125,0.010248211687060608,,1.38%
05/23/2016,0.01024180911316175,0.010227144887961628,0.010203144609168546,0.010261462053113327,,-0.11%
05/20/2016,0.010230283685766606,0.010148369157076459,0.010142296418755135,0.01024642655873764,,-0.80%
05/19/2016,0.010148369157076459,0.010202207757758779,0.010109792344865236,0.010222962819084226,,0.53%
05/18/2016,0.010202207757758779,0.01034682559390779,0.01019336819465256,0.010373121168428368,,1.41%
05/17/2016,0.010346397384430741,0.010391229802047073,0.010319597948463927,0.010393605853678817,,0.41%
05/16/2016,0.010388315223037127,0.010422746602184608,0.010380335492443117,0.010452378961451627,,0.26%
05/13/2016,0.01041482237520439,0.01036591686534674,0.010359473738734071,0.01042894240095112,,-0.46%
05/12/2016,0.010366561618842262,0.010398577474601474,0.010327057924467899,0.010414171604719703,,0.31%
05/11/2016,0.01039846934531237,0.0103927417091903,0.010353467376224298,0.010420465794821029,,-0.08%
05/10/2016,0.010390474013424493,0.010397280071533286,0.010373013567901747,0.010417968912780764,,0.08%
05/09/2016,0.010398361218272001,0.010404311546704953,0.010388315223037127,0.010462877709885328,,0.06%
05/06/2016,0.010405069349787216,0.010372045263605531,0.010320023942455547,0.010422312085713096,,-0.32%
05/05/2016,0.010372045263605531,0.010356791466003832,0.010332820136599882,0.010406260406260406,,-0.15%
05/04/2016,0.010356684203985252,0.010336024144952403,0.010313531353135313,0.01038270656394709,,-0.19%
05/03/2016,0.010337413165729408,0.010272213662044172,0.010209290454313425,0.010353788969073232,,-0.62%
05/02/2016,0.01027284681130835,0.010304391731756074,0.010247056533010893,0.010327804515316135,,0.28%
04/29/2016,0.010301844030081385,0.010308746971805578,0.01025304515441086,0.010325138614985907,,0.06%
04/28/2016,0.010308003133632953,0.010361191122531447,0.01029219542820679,0.010376565564329518,,0.52%
04/27/2016,0.010361513195387055,0.010326951277443873,0.010284574167206606,0.010380119994187134,,-0.33%
04/26/2016,0.010327377878756584,0.010354110581901015,0.010276647346569655,0.010362050027977535,,0.27%
04/25/2016,0.010354861089538484,0.010407126800432938,0.010331966069823426,0.01041005194615921,,0.59%
04/22/2016,0.010415798683443047,0.010500561780055232,0.010394686236395953,0.010509831947787155,,0.81%
04/21/2016,0.010500561780055232,0.010544296589974484,0.010448993239501374,0.01055732097422958,,0.42%
04/20/2016,0.010544296589974484,0.010503208730267097,0.01047943411055803,0.010549747333551362,,-0.39%
04/19/2016,0.010502767479230778,0.010548189403288926,0.01045379943340407,0.01055264185388812,,0.43%
04/18/2016,0.010548189403288926,0.010547188119647301,0.010521442700223056,0.010617063744850724,,0.19%
04/15/2016,0.010568031704095112,0.010606928445660704,0.010557432432432432,0.010620784876002336,,0.39%
04/14/2016,0.010608728862107742,0.010587836693206844,0.010577645204624547,0.010644979295515269,,-0.19%
04/13/2016,0.010588173010746996,0.010568701846352212,0.01052598338999821,0.010596026490066225,,-0.18%
04/12/2016,0.010568701846352212,0.010593669223272173,0.010483828694239136,0.010607378492479369,,0.23%
04/11/2016,0.01059322033898305,0.010636600542466628,0.010549636037556704,0.010674295229657462,,0.41%
04/08/2016,0.010636713680941138,0.010656777177445996,0.010609291617598693,0.010690042225666791,,0.19%
04/07/2016,0.010656777177445996,0.010645205931508746,0.010620672076128978,0.01070973407730286,,-0.10%
04/06/2016,0.010646339256246739,0.0106315118009781,0.01059322033898305,0.010709848776935269,,-0.14%
04/05/2016,0.0106315118009781,0.010605915979933607,0.010573283427435555,0.01066803217478504,,-0.24%
04/04/2016,0.010605915979933607,0.010596363328105794,0.010564570655848546,0.010655755173369136,,-0.14%
04/01/2016,0.010591537361648043,0.010509831947787155,0.010487457001426293,0.010635356178078405,,-0.77%
03/31/2016,0.010509500588532034,0.010478445836913469,0.010461673658551895,0.01053740779768177,,-0.31%
03/30/2016,0.01047690889280027,0.010473287879263937,0.010418945811062837,0.01049273902459498,,-0.04%
03/29/2016,0.010473178190653736,0.010532635370696103,0.010450849654076876,0.010585258968360661,,0.57%
03/28/2016,0.010532635370696103,0.010588397234310643,0.010521996233125348,0.010618642088049779,,0.45%
03/25/2016,0.010580107282287842,0.010558658628007898,0.01055308730569128,0.01061199367525177,,-0.20%
03/24/2016,0.010558658628007898,0.010582794492713746,0.010537074697322528,0.010639656126313998,,0.24%
03/23/2016,0.010583578519569037,0.01054407423028258,0.010525540223351964,0.01062349279196014,,-0.38%
03/22/2016,0.010543407207473167,0.010464629552113854,0.010432532810315689,0.010573059843518714,,-0.73%
03/21/2016,0.010466381981076781,0.010402147003141448,0.010397712503249286,0.010476469848719775,,-0.61%
03/18/2016,0.01040290449093387,0.010365701965337093,0.01035432500155315,0.010421986222134215,,-0.34%
03/17/2016,0.01036709897469391,0.010440375018270656,0.01034928848641656,0.010526648209943472,,0.70%
03/16/2016,0.010440048024220912,0.010488556984330096,0.010428724879808947,0.010569707219110032,,0.45%
03/15/2016,0.010487457001426293,0.010414388519178096,0.01040820999604488,0.010505857015286021,,-0.69%
03/14/2016,0.01041547322702607,0.010380227742196664,0.010362694300518135,0.010424485030439497,,-0.28%
03/11/2016,0.010386157329511227,0.010404095051812393,0.010341796370029474,0.010465834283979947,,0.17%
03/10/2016,0.010403770326366276,0.010477018659570233,0.01038400033228801,0.010584586724811329,,0.69%
03/09/2016,0.010475921095362311,0.010451832728869006,0.01043874025282629,0.010507071258957277,,-0.24%
03/08/2016,0.010451177325125675,0.010463972542536048,0.010394362097998046,0.010477018659570233,,0.13%
03/07/2016,0.010464301037012232,0.010487786972071023,0.010455329604265776,0.010543518372080764,,0.34%
03/04/2016,0.01050023100508211,0.010507181658663696,0.010482839591588569,0.010574625129539158,,0.08%
03/03/2016,0.010508727498187244,0.010538962544527117,0.010481850675555276,0.010581786628854416,,0.29%
03/02/2016,0.010539629005059023,0.010582458516762615,0.010519339806233761,0.01062970364386241,,0.40%
03/01/2016,0.010581338750978773,0.010533744851632203,0.010493840115851995,0.010622251492426335,,-0.44%
02/29/2016,0.010535298517683499,0.010488556984330096,0.010476469848719775,0.01057440148887573,,-0.44%
02/26/2016,0.010488556984330096,0.010415147790947155,0.010358937173046047,0.010499018341785044,,-0.71%
02/25/2016,0.010414388519178096,0.010492298652788853,0.010375166002656042,0.010505194818837915,,0.75%
02/24/2016,0.010492628928177955,0.010401930598319049,0.010389826282104563,0.010516574120814404,,-0.87%
02/23/2016,0.01040149781568546,0.010312786824383554,0.01029230135858378,0.010413954699297057,,-0.86%
02/22/2016,0.010312042403118362,0.01011030341020534,0.01011030341020534,0.010379258090631682,,-1.80%
02/19/2016,0.010126582278481013,0.010176563374548414,0.010123506782749545,0.010240026214467108,,0.49%
02/18/2016,0.010176563374548414,0.010237929481141734,0.010140650826970075,0.010250312634535352,,0.59%
02/17/2016,0.01023677664377041,0.010208352473994221,0.010185477546114749,0.010259882832138058,,-0.27%
02/16/2016,0.010208769332856924,0.010166321011752267,0.010072420704868001,0.010238243936400028,,-0.40%
02/15/2016,0.010167974946109734,0.010121969735310491,0.010089392013237282,0.01018184780173906,,-0.48%
02/12/2016,0.010119204225779685,0.010117361392148928,0.010058439533690743,0.010185892538833716,,-0.31%
02/11/2016,0.01008827238335435,0.010147339367617811,0.010080035481724895,0.010185892538833716,,0.59%
02/10/2016,0.010147339367617811,0.010175424315193944,0.01010764643452772,0.010202103673777533,,0.29%
02/09/2016,0.010176459813160198,0.010183921624539178,0.010145589205093087,0.010233529134857446,,0.08%
02/08/2016,0.010184647662114129,0.01016900892838984,0.010133560325084615,0.010243697565073089,,-0.16%
02/05/2016,0.010168595310243844,0.010147339367617811,0.010130685847431872,0.010220350762438168,,-0.20%
02/04/2016,0.010148060198293096,0.010079121100640024,0.010067755997865637,0.010181744132769944,,-0.68%
02/03/2016,0.010079425875902109,0.01020866511494957,0.010047120997478173,0.010215756783262503,,1.28%
02/02/2016,0.01020866511494957,0.010213148407259506,0.010178324240697012,0.010270525645502538,,0.05%
02/01/2016,0.010213774296015606,0.010346076250581966,0.010192640913260626,0.010367528899486807,,1.24%
01/29/2016,0.010340299248260245,0.010231435061081668,0.010212835491645901,0.010413412475268145,,-1.05%
01/28/2016,0.010231435061081668,0.010311191767544492,0.01018962899560827,0.01031533994202779,,0.77%
01/27/2016,0.01031002237274855,0.010287430817027755,0.01024149443886852,0.010327164573694647,,-0.23%
01/26/2016,0.010285949393128987,0.010357864208400227,0.010271580590821316,0.010403120936280884,,0.70%
01/25/2016,0.010357864208400227,0.010369679058433142,0.010328017846814839,0.010388099393334996,,0.19%
01/22/2016,0.010377534712853615,0.010371937685398387,0.01030163177847371,0.010395010395010394,,-0.05%
01/21/2016,0.010371830109422806,0.010368926401360404,0.01033955084991108,0.010459703990377071,,-0.02%
01/20/2016,0.010369248955298168,0.010428181116649633,0.010346932651815369,0.010440702032804686,,0.59%
01/19/2016,0.010430791697089808,0.010376242555045967,0.010308959516715979,0.010455766878221683,,-0.52%
01/18/2016,0.010376565564329518,0.01034340091021928,0.010321089081319861,0.01038270656394709,,-0.27%
01/15/2016,0.010348431695176597,0.01030725940279739,0.010275380189066997,0.01035539723303786,,-0.41%
01/14/2016,0.010306197116326047,0.010372583188117169,0.010261777955648596,0.01037710395782745,,0.64%
01/13/2016,0.010372583188117169,0.010341903323887729,0.010334635497406007,0.010406152117131648,,-0.32%
01/12/2016,0.01033912324234905,0.010299403664527824,0.010274218902507936,0.0104277461469478,,-0.37%
01/11/2016,0.010300464550951249,0.010297600659046443,0.01025062785095587,0.010313744095381506,,0.02%
01/08/2016,0.010303011570281994,0.010227877101828743,0.010211479745529925,0.010316829844525375,,-0.74%
01/07/2016,0.010227144887961628,0.010247581570749302,0.010206997917772425,0.010313637723161335,,0.22%
01/06/2016,0.01025010250102501,0.010252099117294267,0.010203352821737222,0.010264938051098862,,0.00%
01/05/2016,0.01024999743750064,0.010206372859213293,0.010197214121102114,0.010268416404822048,,-0.44%
01/04/2016,0.010205331265052863,0.01023363386104772,0.010140753660812072,0.010276224926011181,,0.31%
01/01/2016,0.010237091028213423,0.010249577204940297,0.010212314008231124,0.010253465671396931,,0.10%
12/31/2015,0.010247581570749302,0.010155377272265665,0.010145074566298063,0.010257777960138275,,-0.92%
12/30/2015,0.010153005797366312,0.010192848697353936,0.010136950197163682,0.010195134881634484,,0.39%
12/29/2015,0.010192848697353936,0.010162704905537659,0.010105195080791034,0.010207414666013392,,-0.29%
12/28/2015,0.010163324626751903,0.010155996100097498,0.010118077969908837,0.010170560296166717,,-0.21%
12/25/2015,0.01014239928597509,0.010166631083457875,0.010133252267315195,0.010180707559175363,,0.24%
12/24/2015,0.010166734444896299,0.01018257354363742,0.010135306339634114,0.010186203805565742,,0.15%
12/23/2015,0.010182158821313295,0.010180189351521938,0.010142707900155184,0.01019773406349109,,0.00%
12/22/2015,0.01018257354363742,0.010140856496739714,0.010113984606515428,0.010202936405097387,,-0.42%
12/21/2015,0.010140136689042569,0.010120023478454471,0.01009733834161315,0.010153624336206809,,-0.07%
12/18/2015,0.01013335495115723,0.01010366358841716,0.01006674250279352,0.01014301653311695,,-0.29%
12/17/2015,0.010103969849753968,0.010026067776218167,0.010017129291087761,0.01014651568651325,,-0.77%
12/16/2015,0.010026369351394167,0.009947378368431,0.009920733340608537,0.010047827659659982,,-0.81%
12/15/2015,0.009944707426707507,0.009842325938465778,0.009813061184436485,0.009959663363378318,,-1.02%
12/14/2015,0.009843197858120146,0.009784735812133072,0.009775075512458334,0.009867577115115154,,-0.58%
12/11/2015,0.009786363680847107,0.009881422924901186,0.009771827820393805,0.009898441985231526,,0.98%
12/10/2015,0.009881813510415432,0.009853575862680566,0.009836613844050324,0.009915421454988945,,-0.29%
12/09/2015,0.009852896258855291,0.009965817246843327,0.009837194432147952,0.009986219017755496,,1.15%
12/08/2015,0.009966115208291807,0.009947279419078883,0.009936999423654034,0.01000720518773517,,-0.17%
12/07/2015,0.009948961825833474,0.009929007595690811,0.009914929901445596,0.009965320684019612,,-0.20%
12/04/2015,0.009929106181861509,0.009885623337979576,0.009866311479453407,0.009944410743941368,,-0.43%
12/03/2015,0.009886600690084728,0.010043891807197452,0.009870499052432091,0.01006198180793689,,1.59%
12/02/2015,0.010043891807197452,0.009981334903730025,0.009952031209569874,0.01008613559800698,,-0.62%
12/01/2015,0.00998113565361467,0.009993104757717175,0.009935518485032142,0.009997700528878358,,0.12%
11/30/2015,0.009993104757717175,0.009949852742179415,0.009939073479570234,0.010014621347166864,,-0.54%
11/27/2015,0.00993917226573371,0.009947576273041074,0.009903637606092718,0.0099772518657461,,0.07%
11/26/2015,0.00994658682872972,0.009959068229576441,0.00992132390146141,0.009971879300372948,,0.13%
11/25/2015,0.009959960956953048,0.01000530281048956,0.009955697147692767,0.01001181394044973,,0.43%
11/24/2015,0.01000300090027008,0.00995817566221868,0.009937888198757764,0.010016627601819018,,-0.45%
11/23/2015,0.00995817566221868,0.009965221377392898,0.009925361283150707,0.00998272987731225,,0.07%
11/20/2015,0.009964923469387755,0.009895209728970206,0.00986747974699782,0.009970885015753998,,-0.70%
11/19/2015,0.009895601405175399,0.009938678354552411,0.00986650617149961,0.009940555478240125,,0.44%
11/18/2015,0.009938974695370426,0.00996244159518615,0.009899911890784173,0.009965122072745391,,0.23%
11/17/2015,0.009961449191628398,0.00998272987731225,0.00994431185361973,0.01000010000100001,,0.25%
11/16/2015,0.009986019572598362,0.009923489892925543,0.009922209874583266,0.009988413440409126,,-0.49%
11/13/2015,0.0099372956643579,0.009937888198757764,0.009905501515541733,0.009954706087302773,,0.02%
11/12/2015,0.009939567430025446,0.009951932167630346,0.009926445042237024,0.009981434531770906,,0.10%
11/11/2015,0.009949357768956014,0.009990908273471141,0.00993966622600813,0.00999420336205001,,0.43%
11/10/2015,0.009992505620784412,0.009952526448839037,0.009944905225053206,0.010004101681689493,,-0.40%
11/09/2015,0.009952526448839037,0.010044799807139843,0.00994431185361973,0.010052574967077817,,0.94%
11/06/2015,0.01004641443468826,0.009983726525763006,0.009975460367495961,0.010097134433247845,,-0.61%
11/05/2015,0.009985321577281396,0.009906286529431577,0.009874300158976232,0.009987615356957373,,-0.80%
11/04/2015,0.009905599635473933,0.00988943610435333,0.009875470319273955,0.009959266599607604,,-0.17%
11/03/2015,0.009888849333491555,0.009893839106388453,0.009864754219648619,0.009911097455821282,,0.05%
11/02/2015,0.009893839106388453,0.009896091044037606,0.009833131754132373,0.009917879953981037,,0.13%
10/30/2015,0.009906777226300512,0.009978745272569428,0.009881715861142129,0.010015724687759783,,0.73%
10/29/2015,0.00997944234876155,0.010087153001936734,0.009974763847465911,0.010089901018071014,,1.09%
10/28/2015,0.010088170611141376,0.010040261448408116,0.010024560172422436,0.010096216947509768,,-0.47%
10/27/2015,0.010040563878067392,0.01003482082827411,0.010018433918409874,0.010069580803351156,,-0.06%
10/26/2015,0.01003482082827411,0.01006299434459718,0.010016928609349801,0.01006755328252575,,0.28%
10/23/2015,0.010062690562202522,0.010013718794748806,0.009976256509507373,0.010069682200829742,,-0.47%
10/22/2015,0.010015122835481578,0.009955003384701152,0.00990824960862414,0.010022952561365527,,-0.60%
10/21/2015,0.009955003384701152,0.009959762559260588,0.009908838684106223,0.009965618615775574,,0.05%
10/20/2015,0.009959762559260588,0.00996006015876336,0.009927233379329515,0.009973868464622688,,0.03%
10/19/2015,0.009962342345932376,0.010011112334691508,0.009951337957388371,0.010018032458425166,,0.51%
10/16/2015,0.010012716149509876,0.009989710598083974,0.009938777132861574,0.010018735034514541,,-0.26%
10/15/2015,0.009987116619560766,0.009982829533202892,0.009949456759660923,0.010012515644555695,,-0.07%
10/14/2015,0.00998053795099556,0.010073638295943346,0.009957084963805997,0.01007698818976984,,0.95%
10/13/2015,0.010075668268697923,0.010055607509527689,0.00999480270259465,0.010109792344865236,,-0.18%
10/12/2015,0.010057529066259003,0.010074957685177723,0.010035324341682724,0.010082576299896149,,0.29%
10/09/2015,0.010086847759206772,0.010051968678065598,0.010018735034514541,0.01009560538297679,,-0.35%
10/08/2015,0.010051261433309882,0.01005985614405714,0.009991607050077934,0.010074957685177723,,0.06%
10/07/2015,0.010057529066259003,0.01008420309585035,0.010026268824319718,0.010087865306822423,,0.26%
10/06/2015,0.010083898031623104,0.010136950197163682,0.010061070699143802,0.010140856496739714,,0.53%
10/05/2015,0.010136950197163682,0.01007698818976984,0.010044698910150168,0.010150326332991606,,-0.59%
10/02/2015,0.01007688664510213,0.010071203408095232,0.010018534288433602,0.01008827238335435,,-0.07%
10/01/2015,0.010070189218855422,0.010087661780875811,0.010047221943132723,0.010101724364348995,,0.18%
09/30/2015,0.010088781275221953,0.010025163159530422,0.01000300090027008,0.010106012066578409,,-0.63%
09/29/2015,0.010024962155767862,0.009944905225053206,0.009924671741482151,0.010029184928140889,,-0.80%
09/28/2015,0.009945201937325338,0.009952229299363057,0.009926937738246506,0.009980338732696587,,0.09%
09/25/2015,0.009954309718392578,0.009924080782017565,0.00990069601893013,0.00999110791395658,,-0.30%
09/24/2015,0.009924770241568908,0.00991099922694206,0.009861252181802045,0.009939369843951893,,-0.14%
09/23/2015,0.009910704551986602,0.009874592673052237,0.00985386715016308,0.009958869867447442,,-0.37%
09/22/2015,0.009873910167165299,0.009816625436839832,0.009801999607920017,0.009892371003482114,,-0.58%
09/21/2015,0.009816336346948592,0.009770777558478104,0.009758572906298182,0.009837484751898634,,-0.43%
09/18/2015,0.00977450223347376,0.009707983845914881,0.00969151895176531,0.009798157946306094,,-0.68%
09/17/2015,0.009707606880751757,0.009747633761904299,0.009682041748964022,0.00975714466918401,,0.41%
09/16/2015,0.009747348721147847,0.009808152536388245,0.00969057978738868,0.009825981861237483,,0.64%
09/15/2015,0.009809403293997626,0.009783012776614686,0.009735960744606278,0.009827720067221605,,-0.27%
09/14/2015,0.009783299907058651,0.009786938352075319,0.009734349599431515,0.009805651977800004,,0.01%
09/11/2015,0.009784065670648783,0.009765720368362972,0.009736529511420948,0.009790196097627836,,-0.19%
09/10/2015,0.009765434268861936,0.00976781894370806,0.00971732307184017,0.009799790284487912,,0.04%
09/09/2015,0.009769727522299404,0.009796622124691408,0.009762955441871364,0.009818745949767295,,0.29%
09/08/2015,0.009797581956773068,0.009787129924149743,0.009743644707739377,0.009811424422597673,,-0.07%
09/07/2015,0.009791058805099184,0.009876640756945748,0.009775171065493646,0.009885818792941526,,0.95%
09/04/2015,0.009884157672083185,0.009916404708308955,0.009841841605401204,0.009923982295615584,,0.32%
09/03/2015,0.009915519771546423,0.009874690181595551,0.009850081755678572,0.009942433311128566,,-0.44%
09/02/2015,0.009872058126678249,0.009843876124662847,0.009825499135356077,0.009901284196560294,,-0.29%
09/01/2015,0.009843585427556133,0.009813638995475913,0.00976781894370806,0.009860863219966275,,-0.30%
08/31/2015,0.009813927926513307,0.009817589192797816,0.009750104813626747,0.009830618444206326,,0.07%
08/28/2015,0.009821060281668008,0.009841454173268642,0.009788279514109805,0.009861154938466394,,0.23%
08/27/2015,0.009843391639023142,0.009798253951145907,0.009756763876557424,0.00986232198508817,,-0.44%
08/26/2015,0.009800558631842015,0.009617511565057657,0.009588279287399084,0.009803537116191521,,-1.87%
08/25/2015,0.00961686413294353,0.00948739599442141,0.009479481661942724,0.00964999469250292,,-1.34%
08/24/2015,0.00948775605081642,0.009643201542912247,0.009472118818258457,0.009669683607952348,,1.68%
08/21/2015,0.009647574117488157,0.009740797381673664,0.009636510812165131,0.009746303714316345,,0.98%
08/20/2015,0.009741651404746133,0.0097964301808421,0.009715057367413753,0.009805171247315834,,0.55%
08/19/2015,0.0097953746241025,0.009755431336396538,0.0097442143727162,0.009816625436839832,,-0.41%
08/18/2015,0.009755431336396538,0.009805555827932105,0.009733023174328179,0.009837000895167081,,0.51%
08/17/2015,0.009805555827932105,0.009812868595876633,0.009772591789068379,0.009821060281668008,,0.10%
08/14/2015,0.0098156618700799,0.009824630348283146,0.009796814076062465,0.009856975288562952,,0.08%
08/13/2015,0.009823954731216599,0.00987605550343193,0.009803633226473731,0.009905697757350028,,0.52%
08/12/2015,0.00987478769206462,0.009981534161800669,0.009851149136546779,0.009997800483893543,,1.08%
08/11/2015,0.009981534161800669,0.010060058549540759,0.009964923469387755,0.010075363720630314,,0.76%
08/10/2015,0.010057124466972402,0.010127197601879608,0.01004005983875664,0.01014425125281503,,0.67%
08/07/2015,0.010124121732439711,0.010116440227012918,0.010079324282100129,0.010156202392801284,,-0.07%
08/06/2015,0.010116747263419865,0.010062893081761006,0.010023053021950487,0.010144457068657686,,-0.53%
08/05/2015,0.010062893081761006,0.010071304838254844,0.010025163159530422,0.010087967072875475,,0.08%
08/04/2015,0.010070696287941348,0.00999610152040704,0.00999420336205001,0.010089595609007991,,-0.74%
08/03/2015,0.009996401295533608,0.009998600195972564,0.009980239126529473,0.010032203372826773,,0.06%
07/31/2015,0.010002500625156289,0.009993504222255534,0.009939073479570234,0.010037842666854039,,-0.09%
07/30/2015,0.009993504222255534,0.010040362256270207,0.009976754162800675,0.010047827659659982,,0.48%
07/29/2015,0.010041168792047394,0.010040463066156611,0.009976654628170083,0.010047827659659982,,-0.02%
07/28/2015,0.01003945505837943,0.010006504227748037,0.01000060003600216,0.010062589305480086,,-0.28%
07/27/2015,0.010011112334691508,0.010057124466972402,0.009979044007584073,0.010075668268697923,,0.44%
07/24/2015,0.01005479865265698,0.01008420309585035,0.010051362462181749,0.010116747263419865,,0.29%
07/23/2015,0.01008420309585035,0.010073536818777073,0.010023153484549309,0.010108872557443667,,-0.10%
07/22/2015,0.01007455168245013,0.01010897474778108,0.010041975457411983,0.010130070100085093,,0.34%
07/21/2015,0.010108668182966895,0.010101316201501056,0.010071609140992456,0.010129864867602666,,-0.07%
07/20/2015,0.010101316201501056,0.010091224671026076,0.010069073846587591,0.010121150167505035,,-0.11%
07/17/2015,0.010090410074265418,0.010094280580623019,0.010046919112254226,0.01013993104846887,,0.04%
07/16/2015,0.010094586273381586,0.010068262821932704,0.010061880565477688,0.010122379568989079,,-0.24%
07/15/2015,0.01006988500191328,0.01010652274978271,0.010061779325055843,0.010109894553799804,,0.36%
07/14/2015,0.010106420609012906,0.010175838489091501,0.010095503462757687,0.010199086161879896,,0.68%
07/13/2015,0.010175631397928242,0.010189317519512544,0.010101622320544679,0.010189317519512544,,-0.09%
07/10/2015,0.010166010958959814,0.010268627289903886,0.010142090690574954,0.010270209204161489,,1.01%
07/09/2015,0.010268627289903886,0.010258830288170543,0.010208560899170044,0.010294632378677757,,-0.11%
07/08/2015,0.01025714666694019,0.010189213698378895,0.010165804267604632,0.010278971280554243,,-0.66%
07/07/2015,0.010189213698378895,0.01012924922004781,0.010106624892617112,0.010215026303692733,,-0.60%
07/06/2015,0.010128325889013804,0.01014867813467296,0.010083592985852718,0.010153624336206809,,0.00%
07/03/2015,0.010128120727199067,0.010121047730861098,0.010066438494060801,0.010135614522308488,,-0.07%
07/02/2015,0.010121047730861098,0.010075972835177237,0.010059552551102528,0.010132841552756641,,-0.45%
07/01/2015,0.010075262208698981,0.010007505629221917,0.009991806718490839,0.010086847759206772,,-0.67%
06/30/2015,0.010008106566318719,0.009973470568288352,0.009959564169471944,0.010017028949213663,,-0.35%
06/29/2015,0.009973470568288352,0.01003089515708382,0.00993433405191683,0.010048534421254661,,0.32%
06/26/2015,0.010004902402177067,0.009998100360931423,0.009971879300372948,0.010014320478283946,,-0.07%
06/25/2015,0.009998100360931423,0.010022651191693226,0.009977351412294092,0.010034518744481014,,0.25%
06/24/2015,0.010022651191693226,0.009994303247149125,0.00993966622600813,0.01004641443468826,,-0.28%
06/23/2015,0.009994902599674166,0.009947675228299147,0.00993927105386091,0.010013819070317039,,-0.47%
06/22/2015,0.009947675228299147,0.009916896408100121,0.009896580731357315,0.009969393960541138,,-0.33%
06/19/2015,0.009914438396637023,0.009904226133291075,0.009868063984526875,0.009941939075797343,,-0.10%
06/18/2015,0.009904226133291075,0.009867285016527703,0.009839904749722022,0.009919847631140385,,-0.37%
06/17/2015,0.009867285016527703,0.009959167413604223,0.009856392363267198,0.009978844848920289,,0.93%
06/16/2015,0.009959167413604223,0.01000210044109263,0.009943916312000319,0.010025062656641603,,0.43%
06/15/2015,0.01000210044109263,0.010026268824319718,0.009996501224571401,0.01007475467972355,,0.25%
06/12/2015,0.010027173640565934,0.01007627742006993,0.01000450202591166,0.01008593214184855,,0.48%
06/11/2015,0.010075262208698981,0.010097746183051943,0.010059350165979279,0.01013993104846887,,0.22%
06/10/2015,0.010097746183051943,0.010154036737304915,0.010073739775154128,0.01017739194154106,,0.55%
06/09/2015,0.01015372743334078,0.010187345279693564,0.010143325184862101,0.010249682259849945,,0.33%
06/08/2015,0.010187345279693564,0.010275169026530487,0.010175320776987495,0.010287642483848402,,0.80%
06/05/2015,0.010268416404822048,0.010176563374548414,0.010163118044616089,0.010323539735304442,,-0.91%
06/04/2015,0.010174596068536079,0.010185581291124285,0.010100806044322338,0.01019492700432265,,0.10%
06/03/2015,0.010185270062435706,0.010232796111537478,0.010166424366885923,0.010256305063537809,,0.47%
06/02/2015,0.010232796111537478,0.01034457788949922,0.010209394684989128,0.010349181379752862,,1.09%
06/01/2015,0.01034457788949922,0.01025788318322631,0.010241599328151083,0.010362694300518135,,-0.82%
05/29/2015,0.010259882832138058,0.010239711649719943,0.010205956196036007,0.010293996541217161,,-0.20%
05/28/2015,0.01023929226011898,0.010202520022445543,0.010175631397928242,0.010271053091073427,,-0.35%
05/27/2015,0.010203456931208294,0.010160330007518644,0.01011214367333731,0.010221813349688235,,-0.42%
05/26/2015,0.010160742953524761,0.010179982083231533,0.010133046905874127,0.010189213698378895,,0.19%
05/25/2015,0.010179982083231533,0.010171801731240654,0.010133663015170094,0.01019045969163669,,-0.12%
05/22/2015,0.010168181725743802,0.010041975457411983,0.010021847627828666,0.010190252004932083,,-1.24%
05/21/2015,0.01004237883869931,0.010117668484474438,0.010005402917575491,0.01012935182277686,,0.77%
05/20/2015,0.01011981865284974,0.010109587933195843,0.010070189218855422,0.010137772325909105,,-0.08%
05/19/2015,0.010111530177861816,0.010025464680287931,0.01001401962747847,0.010160846195271142,,-0.83%
05/18/2015,0.010028078620136383,0.010018735034514541,0.009996201443451489,0.010050251256281407,,-0.03%
05/15/2015,0.010025364171353525,0.01000030000900027,0.009963334927466922,0.01003240466707465,,-0.25%
05/14/2015,0.01000030000900027,0.00992132390146141,0.009904814730440466,0.010009509033581903,,-0.79%
05/13/2015,0.009921422335105961,0.009951337957388371,0.009917486512218344,0.00999900009999,,0.27%
05/12/2015,0.009947873144721658,0.010023555355084448,0.009906580941719584,0.010033713276609407,,0.76%
05/11/2015,0.01002385677913434,0.010157646676418008,0.010018233184395601,0.010176977641180123,,1.31%
05/08/2015,0.010154861640010155,0.010236986231253518,0.010054091009631819,0.010238558410975734,,0.81%
05/07/2015,0.010237300628570258,0.010310234970254972,0.010206685378923195,0.010313637723161335,,0.72%
05/06/2015,0.01031097913057824,0.010394254056357646,0.010291983573994216,0.0104086433374274,,0.80%
05/05/2015,0.010393929944912172,0.010411460936198567,0.01037161496416607,0.010445827936322233,,0.18%
05/04/2015,0.01041243661429211,0.01036376826614157,0.01034543404268526,0.010422420711434437,,-0.45%
05/01/2015,0.01036516475429377,0.010253465671396931,0.010227040294538761,0.010396631491396788,,-1.07%
04/30/2015,0.010253886222878471,0.010205956196036007,0.010142605026675052,0.010279499593959766,,-0.46%
04/29/2015,0.010207206287639074,0.010339016345984843,0.010186411327289396,0.010348324606246248,,1.30%
04/28/2015,0.010339978492844735,0.010359366421149681,0.010330258359761578,0.010410160316468874,,0.19%
04/27/2015,0.010359473738734071,0.01035496831379696,0.01033474230320067,0.010424702374747201,,-0.17%
04/24/2015,0.010342010279958219,0.010495382031905962,0.010340299248260245,0.010526537400787385,,1.48%
04/23/2015,0.010494721155258905,0.010559327582019577,0.010488226965231528,0.010582458516762615,,0.62%
04/22/2015,0.01055955058552708,0.010659162616184872,0.010533522936746195,0.01067703050427615,,0.94%
04/21/2015,0.010659162616184872,0.010625524635278867,0.010616838305552607,0.01071960723359096,,-0.32%
04/20/2015,0.010625185940753963,0.010687300281075998,0.010616162045097457,0.010704116803322557,,0.57%
04/17/2015,0.010685587279876901,0.01074517810132703,0.010651782575814062,0.010753960145823699,,0.55%
04/16/2015,0.01074413907213615,0.010804736796611633,0.01071627587980625,0.0108242680088759,,0.56%
04/15/2015,0.010804386580951866,0.010865785813630043,0.010796920718211166,0.010898113536546824,,0.57%
04/14/2015,0.010865785813630043,0.01091846093374678,0.010845634089997072,0.010981287885443206,,0.48%
04/13/2015,0.01091846093374678,0.010972491962649638,0.010912265386294195,0.011004247639588882,,0.51%
04/10/2015,0.010974659511188666,0.010908456235273584,0.010882813860351732,0.01099722869836801,,-0.61%
04/09/2015,0.010907385390648007,0.010814902936246146,0.010788068396353634,0.010936252583689673,,-0.85%
04/08/2015,0.010814902936246146,0.010840695972681445,0.010735488303685493,0.010842576629910332,,0.24%
04/07/2015,0.010840695972681445,0.010804036387994554,0.01075141649912376,0.010853403084537156,,-0.35%
04/06/2015,0.010802869242070695,0.010821339681852614,0.010733759821390236,0.010831185148278926,,0.13%
04/03/2015,0.01081654065396805,0.010866021949364337,0.010785392264716667,0.010870037827731641,,0.45%
04/02/2015,0.010865313572949715,0.010856230933744423,0.010808707494757777,0.010879498672701162,,-0.08%
04/01/2015,0.010856230933744423,0.010834118806946836,0.010777720296602861,0.010884353741496598,,-0.21%
03/31/2015,0.010833766684000693,0.010801819026324034,0.010772611711983453,0.010835644937586686,,-0.31%
03/30/2015,0.010800652359402507,0.010745870899107019,0.01072788714262726,0.010832593106137748,,-0.46%
03/27/2015,0.01075049183500145,0.010716390719605636,0.010704002226432464,0.010795638562020943,,-0.31%
03/26/2015,0.010716735253772291,0.01076739202997642,0.010627783150712592,0.010768435561681599,,0.47%
03/25/2015,0.01076739202997642,0.010799602574625254,0.010726276158705982,0.010826729028625871,,0.30%
03/24/2015,0.010799602574625254,0.010748065348237317,0.010720756456575576,0.010807305738679347,,-0.49%
03/23/2015,0.010747025760620747,0.01070056605994457,0.010688442587030644,0.010812096573646596,,-0.28%
03/20/2015,0.010717079810093346,0.01084728112898502,0.010689470871191877,0.010865313572949715,,1.21%
03/19/2015,0.01084728112898502,0.010648833420298806,0.0106250730473772,0.01089573867660358,,-1.84%
03/18/2015,0.010648039695891986,0.010829660273557218,0.010527534767183568,0.010900608253940569,,1.71%
03/17/2015,0.010829660273557218,0.01074183083764797,0.010728117322691041,0.010840813494644639,,-0.81%
03/16/2015,0.01074183083764797,0.010746910263299303,0.010721905925997406,0.010785741250067411,,0.08%
03/13/2015,0.010750376263169211,0.010743215659311146,0.01069541594472609,0.010791328088747882,,-0.06%
03/12/2015,0.010743677345881948,0.010669056535330582,0.010649287030233325,0.010784345444153267,,-0.69%
03/11/2015,0.010669398032563003,0.010582682498359685,0.010552085092014182,0.010698963270459093,,-0.84%
03/10/2015,0.010579883409684824,0.010553421419224112,0.010549747333551362,0.010607378492479369,,-0.25%
03/09/2015,0.010553421419224112,0.010645092612305727,0.010540962179027702,0.010657345042203087,,0.88%
03/06/2015,0.010646792653713068,0.010518675909076566,0.010497695755781605,0.01065280381796489,,-1.21%
03/05/2015,0.01051801209571391,0.010514362619338016,0.010505857015286021,0.010560219652568774,,-0.03%
03/04/2015,0.010514362619338016,0.010530749789385004,0.010457844429106272,0.010560888804401779,,0.16%
03/03/2015,0.010530749789385004,0.010521221303368895,0.010495382031905962,0.010538851475966149,,-0.09%
03/02/2015,0.01052133200063128,0.010502657172264583,0.010458391290251733,0.010530306221304915,,-0.13%
02/27/2015,0.010507844105624848,0.010514694285263656,0.01046375355767621,0.010522549824273418,,0.07%
02/26/2015,0.01051502597211415,0.010410268689034864,0.010373874434623844,0.010524100189433803,,-1.00%
02/25/2015,0.010409943578105808,0.010407560051621497,0.010374304921570255,0.010437759639271026,,-0.02%
02/24/2015,0.010407885013686368,0.010407560051621497,0.010378180912449667,0.010438849221261847,,0.00%
02/23/2015,0.01040820999604488,0.010458063166701526,0.010394362097998046,0.010477238200010478,,0.45%
02/20/2015,0.01045467376190526,0.010440702032804686,0.010403986807744727,0.010474275180157533,,-0.13%
02/19/2015,0.01044124710255393,0.010440375018270656,0.010412653456480314,0.010462768239220733,,-0.01%
02/18/2015,0.010440048024220912,0.010478555635891148,0.010388099393334996,0.010494170488293753,,0.37%
02/17/2015,0.01047833604023681,0.010481521078338888,0.010436016781114985,0.010507071258957277,,0.02%
02/16/2015,0.01048053241104648,0.010457844429106272,0.010407343421518223,0.01049890811355619,,-0.19%
02/13/2015,0.010460907588342365,0.010459375784453183,0.010431553362611227,0.010477018659570233,,-0.02%
02/12/2015,0.010458719434392453,0.010519671786240269,0.010436125692697843,0.010564012634559111,,0.58%
02/11/2015,0.010519893117885922,0.01051812272545596,0.010480312732531938,0.01056278519520027,,-0.02%
02/10/2015,0.01051812272545596,0.010575407946361531,0.010503429369689204,0.010600519425451848,,0.54%
02/09/2015,0.010574960608271735,0.010567138313273383,0.01053196979431063,0.010605466057205885,,0.09%
02/06/2015,0.010584698759473305,0.01057093626782524,0.010550971744497668,0.010621348911311735,,-0.11%
02/05/2015,0.010572612704051425,0.010650874969378735,0.01055620652162439,0.01066871505995818,,0.74%
02/04/2015,0.010650534656839773,0.010704345964461572,0.010606253447032369,0.010721331160476884,,0.51%
02/03/2015,0.010704345964461572,0.010773656255723504,0.010679767181075451,0.01080672178094775,,0.64%
02/02/2015,0.010772843815310367,0.01068764294722442,0.010675548723204373,0.01080170234829009,,-0.67%
01/30/2015,0.01070033706061741,0.010738946938863176,0.01068604402650139,0.010758009337952106,,0.36%
01/29/2015,0.010739292924953821,0.010765769160377664,0.010672016904474776,0.010768667485085396,,0.27%
01/28/2015,0.010767971744842142,0.010714897994171095,0.010699650121441029,0.010772495664070496,,-0.49%
01/27/2015,0.010715242432360031,0.010785741250067411,0.010703658510478881,0.010814902936246146,,0.66%
01/26/2015,0.010785741250067411,0.01085964988488771,0.010768203648267397,0.010868738248176768,,0.67%
01/23/2015,0.01085823488533704,0.01081408426334458,0.010800419056259383,0.010889568881967963,,-0.40%
01/22/2015,0.010814435107982136,0.010727541891051084,0.01066791836908864,0.010842223956978056,,-0.81%
