Date,Price,Open,High,Low,Vol.,Change %
11/21/2025,0.011155609598286497,0.011274974067559645,0.011144047963982438,0.011286426942958398,,1.04%
11/20/2025,0.011272050949670293,0.011301095076112875,0.011265955409348489,0.011301605958206661,,0.25%
11/19/2025,0.011300456538444153,0.011292162110279254,0.011283752524739626,0.011310170104958378,,-0.07%
11/18/2025,0.011292799710904326,0.011285407967498025,0.011274338478189792,0.011300073450477427,,-0.09%
11/17/2025,0.011282097567579766,0.01127332168423426,0.011267859557398476,0.011291907090188463,,-0.06%
11/14/2025,0.011275355455580739,0.011264178785045676,0.011260246824610395,0.011282097567579766,,-0.14%
11/13/2025,0.01125910580181722,0.011287955751213455,0.011257331337033242,0.01128897518683254,,0.26%
11/12/2025,0.011287955751213455,0.011299307352459294,0.011278661899552237,0.011299562706923243,,0.14%
11/11/2025,0.011303649948568393,0.011273067514401344,0.011270653472488335,0.011309530541387227,,-0.27%
11/10/2025,0.011273067514401344,0.011280315848843767,0.011268113492439096,0.011283752524739626,,0.05%
11/07/2025,0.011278407488862573,0.011283497884344146,0.011270018370129944,0.011287955751213455,,-0.01%
11/06/2025,0.011277389960867457,0.011282606733459698,0.011274846943952737,0.01130467222102895,,0.13%
11/05/2025,0.011292162110279254,0.011272686281140797,0.01126455944308018,0.011293692472753967,,-0.20%
11/04/2025,0.011269891358247306,0.011271161605915106,0.01126392502731502,0.011320925598876964,,0.01%
11/03/2025,0.011270907533474595,0.011271161605915106,0.011260500416638515,0.011274338478189792,,-0.05%
10/31/2025,0.01126519393031351,0.011281970283290274,0.01125948611705362,0.011291014610572905,,0.15%
10/30/2025,0.011282606733459698,0.01132323300948887,0.01126570157156537,0.01132400235539249,,0.25%
10/29/2025,0.01131119355714415,0.011333756460241182,0.011300328839569232,0.011345457845951373,,0.20%
10/28/2025,0.011333499557993518,0.011334912664497921,0.011309274736211166,0.011343012704174229,,0.01%
10/27/2025,0.011334655709832815,0.0113913380265646,0.011323617669373011,0.011391467790624823,,0.44%
10/24/2025,0.011384853590782822,0.01139250600954692,0.011377988144136354,0.011411617026132604,,0.06%
10/23/2025,0.011392246437074927,0.01140042865611747,0.011368287026510845,0.01140042865611747,,0.04%
10/22/2025,0.011397310234784592,0.011363248980148405,0.011363248980148405,0.011413961557777474,,-0.32%
10/21/2025,0.011360925233751037,0.01137915339098771,0.011351768605548745,0.01137915339098771,,0.17%
10/20/2025,0.011379800853485065,0.011369321024148437,0.011362086988137982,0.011397570038067883,,-0.15%
10/17/2025,0.011363248980148405,0.011371518893778644,0.011348290380054245,0.01140042865611747,,0.01%
10/16/2025,0.011364798672591514,0.011395491943387195,0.011356151627336527,0.011414091837782926,,0.21%
10/15/2025,0.011388224575788634,0.011270272402483968,0.01126138807869458,0.011388354268924598,,-1.09%
10/14/2025,0.011263544412155617,0.011276118309033297,0.011257838269895414,0.011283243255441345,,0.13%
10/13/2025,0.011278407488862573,0.011270653472488335,0.011261514898984212,0.01129126959035274,,-0.10%
10/10/2025,0.011266716991335895,0.01125910580181722,0.01125796501024475,0.011300201143580355,,-0.12%
10/09/2025,0.011252897621137443,0.011264051904751176,0.011251504888778874,0.011274719823212393,,0.12%
10/08/2025,0.011266336187471833,0.011266463119232979,0.01125821849950464,0.011270780501549733,,0.02%
10/07/2025,0.011269002355221491,0.011271288646430946,0.011263163822717802,0.011275101194033216,,0.02%
10/06/2025,0.011271288646430946,0.011265955409348489,0.011256317608257635,0.01127459270533852,,-0.02%
10/03/2025,0.011269510339775737,0.011267732594170075,0.01125923257070798,0.011278534692772714,,0.02%
10/02/2025,0.01127141568981064,0.01127789870191386,0.011250745361880225,0.011288592876897895,,0.04%
10/01/2025,0.011276118309033297,0.01126303696528732,0.011254164040695057,0.011285153252381167,,-0.18%
09/30/2025,0.011256064204590223,0.011269129347066646,0.011251504888778874,0.011277389960867457,,0.15%
09/29/2025,0.011273448773448774,0.011278916321719809,0.011261007634963176,0.011283625203105255,,0.03%
09/26/2025,0.011276881265717152,0.01126455944308018,0.011262275880709974,0.011281843001872785,,-0.10%
09/25/2025,0.011265320836337418,0.011269891358247306,0.011258979035781035,0.011286809106197587,,-0.01%
09/24/2025,0.011264178785045676,0.011262529564140105,0.011243661385893703,0.011277389960867457,,-0.03%
09/23/2025,0.011260246824610395,0.0113245153107447,0.011258598754798978,0.011330674401740392,,0.57%
09/22/2025,0.011324643556844049,0.01134031140495118,0.011319131596223938,0.011348676744291616,,0.23%
09/19/2025,0.011350737797956869,0.0113369687213033,0.011319515977496801,0.011356925453141325,,-0.12%
09/18/2025,0.011337097249620207,0.011377729232799717,0.011326182736632273,0.01138511282646811,,0.53%
09/17/2025,0.01139666077839193,0.011379282877593053,0.011375270162666365,0.011407451347220003,,-0.16%
09/16/2025,0.011378764948852453,0.011354733220542984,0.011343012704174229,0.011379412367145361,,-0.27%
09/15/2025,0.01134790404212342,0.011327722334870128,0.011324771805848111,0.011348805538217103,,-0.18%
09/12/2025,0.011327978975271023,0.011325284830913497,0.011308251631215299,0.011333756460241182,,0.01%
09/11/2025,0.01132926235172828,0.011350093638272515,0.011299562706923243,0.011352799600381453,,0.24%
09/10/2025,0.01135666749948895,0.011335298118340513,0.01132926235172828,0.011360925233751037,,-0.22%
09/09/2025,0.011331701568307496,0.011363378105043068,0.011330032517193325,0.011370225926389158,,0.30%
09/08/2025,0.01136609040588309,0.011343913423252753,0.011338382693092657,0.011373717613339097,,-0.23%
09/05/2025,0.011339539841473234,0.011347517730496455,0.011316441658085031,0.011354733220542984,,-0.01%
09/04/2025,0.011338768382978242,0.011353444067257804,0.011335298118340513,0.011363765497335197,,0.14%
09/03/2025,0.011354217524099328,0.01135782838321313,0.01133851125347242,0.011366865586814436,,0.09%
09/02/2025,0.011363894633968953,0.011365573677331363,0.011337097249620207,0.01138627953316254,,0.00%
09/01/2025,0.011363507232872353,0.011341083073433513,0.011319515977496801,0.011372553479432737,,-0.20%
08/29/2025,0.0113412116950575,0.01141669806258634,0.011323361226546487,0.0114187838995147,,0.67%
08/28/2025,0.01141669806258634,0.011407841750419237,0.011403028644407955,0.011425959780621572,,-0.08%
08/27/2025,0.011407581478650711,0.011405890001596823,0.011378764948852453,0.011414612987546657,,0.03%
08/26/2025,0.011410965938266673,0.011412528673978293,0.011388873071009623,0.011417871252083763,,0.03%
08/25/2025,0.011414482695644233,0.011453441759248654,0.011412528673978293,0.011458166235075739,,0.32%
08/22/2025,0.011450687613791208,0.011459216647949945,0.011421914084362257,0.011470652335998349,,0.04%
08/21/2025,0.011455541045203566,0.011491214966158372,0.011449114411000308,0.011504037917308975,,0.32%
08/20/2025,0.01149187524420235,0.011484616356390616,0.011471705039520023,0.011496895838123706,,-0.06%
08/19/2025,0.011485012059262664,0.011455147370470922,0.011444004486049758,0.011504699669815118,,-0.28%
08/18/2025,0.011453310579422981,0.011422696898737792,0.011420870498749415,0.011455278592375365,,-0.23%
08/15/2025,0.011426873721618502,0.0114035487843817,0.01140328870846352,0.011440338634023568,,-0.20%
08/14/2025,0.011403678826789523,0.011432360439459935,0.011402508551881414,0.011443611603822165,,0.28%
08/13/2025,0.011435105774728416,0.011416176722415664,0.011398999167873061,0.011444266422522317,,-0.18%
08/12/2025,0.011414743282423579,0.011408232180341333,0.011394583015234558,0.0114187838995147,,-0.06%
08/11/2025,0.011407711613050422,0.011423218834603215,0.011394323348107973,0.011432229742088898,,0.20%
08/08/2025,0.011430008343906091,0.0114370675358838,0.011394842694196607,0.0114370675358838,,0.05%
08/07/2025,0.0114356288452302,0.01140055862737274,0.01138978108840748,0.01144885225256168,,-0.32%
08/06/2025,0.01139925904816187,0.011391467790624823,0.011382909699377355,0.011411747252621849,,-0.12%
08/05/2025,0.011385631333257429,0.011366607181422416,0.011366607181422416,0.011397829853195951,,0.17%
08/04/2025,0.011405109489051095,0.011456853489757573,0.011398999167873061,0.011473811026332397,,0.50%
08/01/2025,0.011461974898274972,0.011429877700308608,0.011406020097407411,0.011471836641046231,,-0.32%
07/31/2025,0.01142543759425986,0.01140055862737274,0.011390040548544351,0.011428440817819224,,-0.19%
07/30/2025,0.011403678826789523,0.011486595143467572,0.011383557589417845,0.011487650775416428,,0.67%
07/29/2025,0.011480001836800294,0.011524720525527256,0.011480001836800294,0.011529371072807978,,0.47%
07/28/2025,0.011534424489890076,0.011563233542627862,0.011530700490054772,0.0115738061618944,,0.22%
07/25/2025,0.011560292706611332,0.01156978896704924,0.011541879710529656,0.01157340431687981,,0.14%
07/24/2025,0.01157675387821255,0.011573940116433838,0.011568049048527967,0.011595412854674692,,0.00%
07/23/2025,0.01157675387821255,0.011583727180057455,0.011564570780955465,0.011589634231143665,,0.07%
07/22/2025,0.01158453233242974,0.011601601020940891,0.011568584352332805,0.011603620329542817,,0.15%
07/21/2025,0.011601601020940891,0.011609817261476304,0.011579166763159723,0.011610086843449588,,0.05%
07/18/2025,0.011607661056297156,0.01162655505173817,0.011595009507907797,0.011631694039919975,,0.13%
07/17/2025,0.011623176614168652,0.011638462791834454,0.01160954769202192,0.011655555037530886,,0.17%
07/16/2025,0.011643476742155207,0.01163345315790086,0.011616965416293956,0.011664120000466564,,-0.12%
07/15/2025,0.01162912397809073,0.011626690230092199,0.011623581923005393,0.01166289566373539,,-0.03%
07/14/2025,0.01162560889126568,0.011651752423564504,0.011619530106202506,0.011653653420347278,,0.22%
07/11/2025,0.011651616661811826,0.01166384790342334,0.011638598247227103,0.011669973159061734,,0.09%
07/10/2025,0.011661943579516963,0.011666569445254623,0.011659632022013384,0.011691393964902435,,0.08%
07/09/2025,0.011671335200746964,0.011660447761194029,0.01163710841130196,0.011677195604703575,,-0.09%
07/08/2025,0.011660447761194029,0.011658000886008067,0.011650259218267607,0.011677877428998505,,0.00%
07/07/2025,0.011660447761194029,0.011685655857434998,0.011622095928779795,0.011685655857434998,,0.31%
07/04/2025,0.011696316829830286,0.01169864295741694,0.011691120593908927,0.011722367449330067,,0.07%
07/03/2025,0.011705078833705944,0.011687841138863241,0.011667522284967565,0.011739431576723055,,-0.22%
07/02/2025,0.01167883211678832,0.011679923379702629,0.01165881639695938,0.01168688497767805,,-0.01%
07/01/2025,0.01167815018101133,0.011668611435239206,0.011668611435239206,0.01170179154428543,,-0.08%
06/30/2025,0.011668611435239206,0.011698779817265059,0.011648902090977926,0.011703982865369085,,0.29%
06/27/2025,0.011702065414545668,0.011676786548341896,0.011671198982271449,0.011706586125354124,,-0.22%
06/26/2025,0.011676786548341896,0.011625068297276246,0.011620475277438846,0.011680332655874039,,-0.46%
06/25/2025,0.011622501162250115,0.011636431339236883,0.01160793053814366,0.01165623433693511,,0.11%
06/24/2025,0.011635483570697198,0.011606717968360087,0.011592186866052281,0.011641579063784211,,-0.73%
06/23/2025,0.01155001155001155,0.011522330276075033,0.011511321384581736,0.011551212299730856,,0.00%
06/20/2025,0.01155001155001155,0.011536154307600018,0.01153429144847632,0.011556685542586386,,-0.30%
06/19/2025,0.011515430677107323,0.011571931123865951,0.011505361498458282,0.011571931123865951,,0.47%
06/18/2025,0.011570056693277797,0.011585471818339802,0.011550945444884666,0.011592455629876076,,0.13%
06/17/2025,0.011585069162862902,0.01162385214460072,0.011573538262117496,0.011642798928862498,,0.55%
06/16/2025,0.011648766395638702,0.011607795795656363,0.011592858798979828,0.011657457275419086,,-0.30%
06/13/2025,0.011613322803920658,0.011605775033656748,0.011598640639317072,0.01163819189050789,,0.62%
06/12/2025,0.011684836587560322,0.0117000117000117,0.011673378859510884,0.011709464760365804,,0.13%
06/11/2025,0.011700285486965882,0.01168770453482936,0.011678013803412315,0.011707956727391935,,-0.15%
06/10/2025,0.011682788915369877,0.011673242593327575,0.011669292257424588,0.011695222501608094,,-0.09%
06/09/2025,0.01167269756040621,0.011654604151369999,0.011653246011676553,0.011700559286733907,,-0.14%
06/06/2025,0.011656913715524677,0.011649852046879005,0.011627230974943318,0.011679377722754932,,-0.06%
06/05/2025,0.011650259218267607,0.011648359328588568,0.0116308823187327,0.01167365140142185,,-0.05%
06/04/2025,0.011644832605531296,0.011669700788871775,0.011621825788831424,0.011675286920176064,,0.19%
06/03/2025,0.011667386155479588,0.011710698894510025,0.011667386155479588,0.011715226279595592,,0.42%
06/02/2025,0.011715912552428709,0.011695359281437124,0.01168306189686193,0.011724429020306711,,-0.20%
05/30/2025,0.011692487576731948,0.011713991191078625,0.011675014301892519,0.01173048048048048,,0.12%
05/29/2025,0.011706997272269636,0.011688114356510864,0.011679514132212099,0.01171152179514206,,0.01%
05/28/2025,0.011707682581309855,0.011693307919877454,0.011663575819074613,0.0117204439704176,,0.10%
05/27/2025,0.011719207781553968,0.011754334410813987,0.011700833099316672,0.011759172154280339,,0.28%
05/26/2025,0.01175253854832644,0.011759587003304444,0.011739293764087153,0.011794539128383559,,-0.13%
05/23/2025,0.011737089201877934,0.011634265237978895,0.011621825788831424,0.011749362597079108,,-0.92%
05/22/2025,0.011628583057154486,0.011681014846569871,0.011612378795796319,0.0116918040453642,,0.46%
05/21/2025,0.011682242990654207,0.011690847235699171,0.011668339128608434,0.011697821865568631,,0.07%
05/20/2025,0.011690437222352116,0.011713716762328687,0.011674196523424274,0.011717285339332584,,0.18%
05/19/2025,0.011710973181871413,0.011700970010413864,0.011676786548341896,0.011718383800506235,,-0.13%
05/16/2025,0.011695906432748537,0.011703434958160222,0.011668611435239206,0.011729930089616666,,-0.05%
05/15/2025,0.011689617281930189,0.011709601873536299,0.011663031688457098,0.011716736185968036,,0.18%
05/14/2025,0.01171028748755782,0.011759448717044145,0.011692897733916418,0.0117638754911418,,0.14%
05/13/2025,0.011726766344180592,0.011787170843254202,0.01169864295741694,0.011816140848398913,,0.46%
05/12/2025,0.011780644401248748,0.011807072436389399,0.01177038336138608,0.011821448836769435,,-0.61%
05/09/2025,0.011708367970588579,0.011643612314284384,0.011634400595681311,0.011725528821349841,,-0.15%
05/08/2025,0.011690983913206136,0.011795512986859798,0.011653653420347278,0.01183039939428355,,0.96%
05/07/2025,0.011803448967788387,0.011813767764953275,0.011777314536739332,0.011838102115468848,,0.49%
05/06/2025,0.011861692663543087,0.011852554225435581,0.011815163580939777,0.011869436201780416,,0.01%
05/05/2025,0.011863099827985052,0.01183558012095963,0.011830819284235433,0.011888627339087429,,-0.27%
05/02/2025,0.011830539354289162,0.011812372278724738,0.011808466670602822,0.011938160329493226,,-0.07%
05/01/2025,0.011821728336682822,0.011819073621009585,0.011800106200955809,0.01182704134733655,,-0.01%
04/30/2025,0.01182047069114292,0.011734334663224596,0.0117277290425482,0.011839083181398433,,-0.65%
04/29/2025,0.011743291644647994,0.011742602160638799,0.011708505058074185,0.01177232326799694,,-0.01%
04/28/2025,0.011742188509094325,0.011712070459815885,0.011706997272269636,0.011771768943719172,,-0.26%
04/25/2025,0.011711658956491186,0.011724291559682505,0.011674060238150829,0.011752952929423518,,0.07%
04/24/2025,0.011719757166631508,0.011693854879260949,0.01167256131012828,0.011731719048792218,,-0.03%
04/23/2025,0.011716461628588167,0.011734196970230341,0.011691393964902435,0.011735987231245892,,0.20%
04/22/2025,0.01173984503404555,0.01174274005096349,0.011731719048792218,0.011757927782807556,,0.01%
04/21/2025,0.011741223435481977,0.011712619175900114,0.011712481992058937,0.011761246692149367,,-0.30%
04/18/2025,0.011705626894848354,0.011708367970588579,0.011695222501608094,0.011710973181871413,,0.06%
04/17/2025,0.01171234481143125,0.011681970047428799,0.011678013803412315,0.01172154302392367,,-0.24%
04/16/2025,0.01168401743255401,0.011666841669291706,0.011658680470544344,0.011693854879260949,,-0.11%
04/15/2025,0.011671198982271449,0.011624798019134418,0.011624798019134418,0.011684290471461122,,-0.40%
04/14/2025,0.011625068297276246,0.0116230415175043,0.011613053071652538,0.011645646275140038,,-0.20%
04/11/2025,0.01160227404571296,0.011595009507907797,0.01159164937578968,0.01163670215860825,,0.00%
04/10/2025,0.01160227404571296,0.01160820003250296,0.011582922139597378,0.011611974267865022,,-0.53%
04/09/2025,0.011540680900173109,0.011580373582851784,0.011527244642713052,0.011580373582851784,,0.48%
04/08/2025,0.011595547309833025,0.011635618956750405,0.011586679952726347,0.011653381811401669,,0.45%
04/07/2025,0.011647680946723507,0.011680741960729345,0.011639682003887654,0.01168661181750187,,0.41%
04/04/2025,0.011695632850693551,0.011725803803850755,0.01167665020258988,0.01177412518249894,,0.30%
04/03/2025,0.011730618086266966,0.011654468323155098,0.011653246011676553,0.011736675938640658,,-0.24%
04/02/2025,0.011702750146284377,0.011680741960729345,0.011665072440099853,0.011705215844180166,,-0.14%
04/01/2025,0.01168633867009466,0.011701517686843983,0.011674060238150829,0.011702613193526116,,0.14%
03/31/2025,0.011702750146284377,0.011701517686843983,0.01168797774609037,0.011707271386258005,,-0.10%
03/28/2025,0.011691257277807655,0.011671335200746964,0.011663303747419494,0.011709190543657716,,-0.12%
03/27/2025,0.011676786548341896,0.01165569089107757,0.011639411045801082,0.01167883211678832,,0.02%
03/26/2025,0.01167883211678832,0.011680059801906185,0.011642121194481636,0.011682788915369877,,0.05%
03/25/2025,0.011684563523129594,0.011691530655193379,0.01165093790050099,0.011691667348680594,,0.03%
03/24/2025,0.01168770453482936,0.01162925921618793,0.011621690723566464,0.011699327288680901,,-0.50%
03/21/2025,0.01162925921618793,0.011584129742253113,0.011581580654127677,0.01163927557148843,,-0.38%
03/20/2025,0.011584800741427249,0.011582519661327124,0.011571663310884306,0.011602947148575737,,0.01%
03/19/2025,0.011586142973004287,0.011550812022085152,0.011537352177675224,0.011587351247378362,,-0.23%
03/18/2025,0.011559357299734134,0.01153948233882228,0.011522994134795985,0.011559490920019882,,-0.21%
03/17/2025,0.011535355865728458,0.011499936750347875,0.011497821162889632,0.011535222802828437,,-0.29%
03/14/2025,0.011502053116481292,0.011504434959676955,0.01149372442646315,0.011511321384581736,,0.05%
03/13/2025,0.011507877141903633,0.011474074329053502,0.011467758397266088,0.011504434959676955,,-0.29%
03/12/2025,0.011474469305794606,0.011470126056685362,0.011453310579422981,0.011474600970751241,,-0.03%
03/11/2025,0.011471047077177204,0.011450556497045758,0.011442956860052637,0.011475654399192113,,-0.13%
03/10/2025,0.011456065986940083,0.011475917786524978,0.011444135452787219,0.011476049484725378,,0.22%
03/07/2025,0.011481056257175661,0.011474600970751241,0.011465260261407935,0.011513176830882946,,0.10%
03/06/2025,0.011492799760949765,0.01151118887558707,0.011472363077346672,0.011511718929870608,,0.15%
03/05/2025,0.01151012891344383,0.011458560117335655,0.011448721177844434,0.011510658870113724,,-0.43%
03/04/2025,0.011460661280155866,0.011450294272562804,0.011440600402709134,0.01147657630775587,,-0.01%
03/03/2025,0.011460004584001832,0.011435236537867786,0.011435236537867786,0.011462763213700294,,-0.24%
02/28/2025,0.011433013971143073,0.011452130096197893,0.011420870498749415,0.011459216647949945,,0.16%
02/27/2025,0.011450818733539448,0.011480001836800294,0.01143811408374987,0.011480265423736598,,0.25%
02/26/2025,0.011479342922411121,0.011482901958983074,0.011468942104780257,0.01149240352127244,,-0.02%
02/25/2025,0.011477103179157582,0.01153429144847632,0.011459610602431728,0.011537485289706254,,0.54%
02/24/2025,0.011539349180706208,0.011540015002019503,0.011525783176966875,0.011559891799412757,,0.10%
02/21/2025,0.01155107887076653,0.011559490920019882,0.011523525276852695,0.01156657721846951,,0.01%
02/20/2025,0.011552546758933005,0.011507215023819935,0.011504037917308975,0.011555083081047352,,-0.38%
02/19/2025,0.011508804235239959,0.011504170261719874,0.011499804503323444,0.011518746760352474,,0.03%
02/18/2025,0.011511851451068875,0.011513441943469,0.01149597066228287,0.011515828506281883,,0.07%
02/17/2025,0.011519542904537548,0.011537219068715677,0.011506420582685138,0.011543078769969526,,0.22%
02/14/2025,0.011544677903486492,0.011523525276852695,0.011506817789540302,0.011552413299138191,,-0.08%
02/13/2025,0.011535355865728458,0.01150086256469235,0.01149240352127244,0.011534956686237644,,-0.24%
02/12/2025,0.01150747986191024,0.011521268261210194,0.01148976262150424,0.011583861364347192,,0.13%
02/11/2025,0.011522197513509776,0.011431706982486625,0.011419957517758034,0.01154214614665451,,-0.78%
02/10/2025,0.011432621843167295,0.011364411209855218,0.011364023773537735,0.011437852428827963,,-0.18%
02/07/2025,0.011412007714517216,0.011415785748533072,0.011408362329587588,0.011453572942079281,,0.05%
02/06/2025,0.011418131993605847,0.011450032060089769,0.011405629818878599,0.011450294272562804,,0.28%
02/05/2025,0.011450032060089769,0.011484352569623888,0.011428440817819224,0.011484352569623888,,0.31%
02/04/2025,0.011485012059262664,0.011497292387642709,0.011475522710059444,0.011501127110456826,,0.13%
02/03/2025,0.011499540018399266,0.011505361498458282,0.01145409770345341,0.011508539336187451,,0.49%
01/31/2025,0.011555884256263289,0.011538417159934,0.011536420479453635,0.011554015020219527,,-0.01%
01/30/2025,0.011554682535097349,0.01155361454831144,0.011539216025663216,0.011555884256263289,,-0.10%
01/29/2025,0.011543345261456771,0.011551879490793152,0.011540947280952821,0.01156269873388449,,0.05%
01/28/2025,0.011549477963596046,0.011574743908791018,0.011547877500115478,0.011575279832389948,,0.27%
01/27/2025,0.011580775911986104,0.011595009507907797,0.01156617587527036,0.01159635410626899,,0.17%
01/24/2025,0.01160092807424594,0.01156697858952263,0.011563634681653138,0.011607661056297156,,-0.27%
01/23/2025,0.011570056693277797,0.011564035848511131,0.011556551987149114,0.011578094245687159,,-0.02%
01/22/2025,0.01156737998843262,0.011567112386063944,0.011547210771238207,0.011587888339107965,,0.00%
01/21/2025,0.011567112386063944,0.011599447866281564,0.011544278078570357,0.011599447866281564,,0.28%
01/20/2025,0.011599716966906008,0.011552146388799039,0.011549477963596046,0.01160079349427501,,-0.42%
01/17/2025,0.011551212299730856,0.011546010853250202,0.011537884644229326,0.01155788768044752,,0.00%
01/16/2025,0.011551345731777752,0.011568985862699275,0.011540947280952821,0.011576485841957815,,0.22%
01/15/2025,0.01157675387821255,0.011556418434798687,0.01154747745355027,0.011587754061507798,,-0.17%
01/14/2025,0.011557353366079166,0.011540547714394526,0.011530966410294847,0.011564704521799469,,-0.14%
01/13/2025,0.01154121367402996,0.011603889623801898,0.011530168686367881,0.011615211280693196,,0.56%
01/10/2025,0.011605640341205824,0.011638462791834454,0.011601601020940891,0.011647545279832274,,0.32%
01/09/2025,0.011642798928862498,0.011638462791834454,0.011635077431440306,0.01165093790050099,,-0.03%
01/08/2025,0.011639140100329388,0.011658408627222384,0.011635618956750405,0.011659088259298123,,0.13%
01/07/2025,0.011654604151369999,0.011667930692491687,0.011653246011676553,0.01167555955119149,,0.12%
01/06/2025,0.011668611435239206,0.011652838631490631,0.011647545279832274,0.011682106517447227,,-0.07%
01/03/2025,0.011660311796737445,0.011650123491309007,0.011650123491309007,0.011667930692491687,,0.00%
01/02/2025,0.011660447761194029,0.011675150609442861,0.011655283339937993,0.011678422945765404,,0.13%
01/01/2025,0.011676104851421567,0.01167883211678832,0.011666433337999908,0.01167883211678832,,0.11%
12/31/2024,0.011688524206933632,0.011690710561387922,0.011670381738186656,0.011693718134618083,,0.09%
12/30/2024,0.011699464164541264,0.011704530823881926,0.011681560656503708,0.011706037974387188,,0.10%
12/27/2024,0.01171124748208179,0.011729792499970675,0.011651888188480944,0.011733095542597003,,0.16%
12/26/2024,0.011729654913552443,0.011736951444231876,0.01172071871447157,0.01173777803861729,,0.07%
12/25/2024,0.011737364726871523,0.01173970721170214,0.011735711770918908,0.011743153741368782,,0.03%
12/24/2024,0.01174039635578097,0.011750881316098707,0.011734610058907743,0.011754334410813987,,0.10%
12/23/2024,0.011751571772724602,0.01177024482109228,0.011745222630694965,0.01177523432716311,,0.17%
12/20/2024,0.011772046099332524,0.011749086508523963,0.011749086508523963,0.01177287764448264,,-0.17%
12/19/2024,0.01175253854832644,0.011759863585582408,0.011744257058298492,0.011765813253012047,,0.26%
12/18/2024,0.011783143035573308,0.011777591953549178,0.011768167107972934,0.011786892975011787,,-0.04%
12/17/2024,0.01177828555275494,0.011781060766711433,0.01177093755517627,0.011781754774556123,,0.01%
12/16/2024,0.011779950524207798,0.01178605944888386,0.011774402449075709,0.011793287260891102,,0.13%
12/13/2024,0.011794956476610602,0.011788560381006272,0.011779117979645684,0.01179718283273954,,-0.05%
12/12/2024,0.011788977306218685,0.011785920539323725,0.01177828555275494,0.011789255272744421,,0.04%
12/11/2024,0.011793148180906893,0.011779811758608096,0.011775927648700528,0.011792591893772332,,-0.10%
12/10/2024,0.011781338360037702,0.011785781633037904,0.011776621051887792,0.011795930404010616,,0.06%
12/09/2024,0.011788421412488655,0.011805817907064602,0.011776621051887792,0.0118098612341305,,0.19%
12/06/2024,0.011810837624604336,0.011808466670602822,0.011803866946811774,0.011830259437589467,,-0.02%
12/05/2024,0.011808606112134523,0.01180456364430489,0.01179843552744906,0.011810140186364011,,-0.01%
12/04/2024,0.011807351256892541,0.01180776951233912,0.011795791261677834,0.011814186475119323,,0.02%
12/03/2024,0.011809721762955264,0.011802752401860114,0.01179245283018868,0.011816140848398913,,-0.08%
12/02/2024,0.011800802454566911,0.011824244430780872,0.011797878741402297,0.011825922421948912,,0.21%
11/29/2024,0.011826062276043946,0.011837681708414224,0.011814744801512287,0.01184006440995039,,0.13%
11/28/2024,0.011842027355083192,0.011842588316102368,0.011830959254176328,0.011843850672730718,,0.04%
11/27/2024,0.011846937566639024,0.011859863848763016,0.011837261331218409,0.011860285832888572,,0.11%
11/26/2024,0.01185972319406065,0.011866478385209621,0.011853116184244838,0.011872959335114277,,0.07%
11/25/2024,0.011868027533823877,0.011847218273149464,0.011843009071744948,0.011871127044801633,,-0.20%
11/22/2024,0.011844692393338544,0.011834319526627219,0.01183109922742922,0.011848200850700822,,-0.08%
11/21/2024,0.011835019823658205,0.01185297568954686,0.011831239203994226,0.011854099740395217,,0.16%
11/20/2024,0.011853959222380275,0.011846797218372012,0.011845674551937361,0.011856770215793217,,-0.04%
11/19/2024,0.011849745230477545,0.011848060472500652,0.011842728564661299,0.011852413744058979,,-0.01%
11/18/2024,0.011848622005260788,0.011842167590355739,0.011839784042339069,0.011852413744058979,,-0.03%
11/15/2024,0.011844972993461574,0.011838102115468848,0.011836700874732193,0.011846797218372012,,-0.04%
11/14/2024,0.011839784042339069,0.011845253606879724,0.011835720203574387,0.011850587789154342,,0.05%
11/13/2024,0.011846095526914329,0.011851149561507467,0.011843850672730718,0.011853959222380275,,0.04%
11/12/2024,0.011851149561507467,0.011851009113426009,0.01184441180650969,0.01185339718363283,,0.00%
11/11/2024,0.011851290012917905,0.011851851851851851,0.01184427151808028,0.011854380786419622,,-0.02%
11/08/2024,0.011849043189762428,0.011860707847044311,0.011848200850700822,0.01186211477782259,,0.12%
11/07/2024,0.011863381300938393,0.011860848525103485,0.011849043189762428,0.011868027533823877,,-0.02%
11/06/2024,0.011860989206499821,0.011888486001307734,0.011854661845770848,0.011888486001307734,,0.24%
11/05/2024,0.01188933407839827,0.011883400078430442,0.011879306248515086,0.011892303301303397,,-0.02%
11/04/2024,0.011886366337810532,0.011896689151409163,0.011883682515537914,0.011897538399305184,,0.06%
11/01/2024,0.011893434823977166,0.011893717738290635,0.01188905137259098,0.011899378852423904,,0.02%
10/31/2024,0.011896123053496865,0.011891454800580304,0.011884671151149249,0.0118962645729241,,-0.02%
10/30/2024,0.011893434823977166,0.011895840024743348,0.011889192723814054,0.011896830684305701,,0.04%
10/29/2024,0.011897679952409281,0.011891737620701138,0.011890323654609878,0.011898670918458407,,-0.01%
10/28/2024,0.0118962645729241,0.011892444729863118,0.011890606420927468,0.011897113760201776,,-0.04%
10/25/2024,0.01189131339556454,0.011892161876107457,0.011889192723814054,0.011896972220569863,,0.05%
10/24/2024,0.011897679952409281,0.011891596208959129,0.011890606420927468,0.011897679952409281,,-0.01%
10/23/2024,0.011896830684305701,0.011889475436343748,0.011888486001307734,0.011896830684305701,,-0.02%
10/22/2024,0.011894849530153444,0.011894142134998512,0.011890040901740702,0.011897113760201776,,0.00%
10/21/2024,0.011894849530153444,0.011893434823977166,0.011891454800580304,0.011899520449325891,,0.01%
10/18/2024,0.011895557009456968,0.011898387768457374,0.011891737620701138,0.011900794973104202,,0.04%
10/17/2024,0.011899803653239721,0.011898670918458407,0.011893010477742232,0.01190547056372403,,0.01%
10/16/2024,0.011900511722004046,0.011897396849569314,0.011890182276494299,0.011908306043465319,,-0.01%
10/15/2024,0.011899095668729176,0.011895557009456968,0.011892444729863118,0.011902636433970125,,-0.01%
10/14/2024,0.011898387768457374,0.011894849530153444,0.011889899530348969,0.011901786458147368,,-0.07%
10/11/2024,0.011890465036087561,0.011909724289882689,0.0118876380451968,0.011912987539015036,,0.19%
10/10/2024,0.011913271384322134,0.011913413312048036,0.01190589579959996,0.011914690813773382,,-0.01%
10/09/2024,0.011911852293031567,0.011913555243155662,0.011907597046915932,0.011919945645047858,,0.01%
10/08/2024,0.01191256179641432,0.011909156950779456,0.011905328825182152,0.011916820592265983,,-0.04%
10/07/2024,0.011907597046915932,0.01190376992393491,0.011902211430883857,0.01191256179641432,,-0.05%
10/04/2024,0.01190150315984909,0.011908022434714267,0.011897679952409281,0.011913555243155662,,0.04%
10/03/2024,0.011906179307060364,0.011915116708568159,0.011899662049597791,0.011919661481613922,,0.08%
10/02/2024,0.011916110581506196,0.011917814749487533,0.011903061467409418,0.011926200670252476,,0.02%
10/01/2024,0.011918951132300357,0.01192591620851272,0.011911710402496695,0.011935168166519466,,0.17%
09/30/2024,0.011939585696376336,0.01194800229401644,0.01192805000238561,0.011951715071112704,,0.05%
09/27/2024,0.011946004061641383,0.011958575494487096,0.011943863839952225,0.01196200866049427,,0.13%
09/26/2024,0.011961579406944893,0.011956001912960305,0.011943293243679012,0.011962724151543789,,0.00%
09/25/2024,0.011961722488038277,0.011961007116799234,0.01195428680724908,0.011975187411682993,,0.00%
09/24/2024,0.011961722488038277,0.011965730148853682,0.011949144441258006,0.011973466797576571,,0.08%
09/23/2024,0.011971746677840296,0.011978773613157486,0.011965014298192087,0.011984659635666348,,0.05%
09/20/2024,0.011978199676588608,0.01195886151638364,0.011956430766287648,0.01198063928691235,,-0.16%
09/19/2024,0.01195886151638364,0.011949001660911231,0.011940441079893492,0.011967734986476459,,-0.04%
09/18/2024,0.01195457262402869,0.011938302850866722,0.011932177503072535,0.011954429713930497,,-0.12%
09/17/2024,0.01194072623496961,0.011917956785488697,0.011916962604571346,0.011948145050480913,,-0.11%
09/16/2024,0.011927480916030533,0.011922361581382039,0.01191625257688962,0.011928334565927904,,-0.05%
09/13/2024,0.011921793037672867,0.011915116708568159,0.011911142874158776,0.011927054136898726,,-0.05%
09/12/2024,0.011916110581506196,0.011902636433970125,0.011902636433970125,0.01191625257688962,,-0.05%
09/11/2024,0.011910433539780848,0.011907597046915932,0.01190376992393491,0.011915258680265947,,0.01%
09/10/2024,0.011911994186946837,0.01190405333015892,0.01190348653120499,0.011912277984919055,,0.03%
09/09/2024,0.011914974740253551,0.01191256179641432,0.011906888134785973,0.011915968589506797,,-0.07%
09/06/2024,0.011906888134785973,0.01190646282802305,0.011906179307060364,0.011918098824875455,,0.03%
09/05/2024,0.011910291683043318,0.011907738839471773,0.011904195038331507,0.011911001000524083,,0.00%
09/04/2024,0.011910433539780848,0.011905612305640878,0.011901928112354201,0.011913413312048036,,0.01%
09/03/2024,0.011911852293031567,0.01191625257688962,0.011906037551642438,0.01191937733172819,,0.08%
09/02/2024,0.011921793037672867,0.011922503725782414,0.011912419888976247,0.011926058437686345,,0.02%
08/30/2024,0.011923641003016681,0.01192122454818559,0.011918240867647934,0.011931608022813234,,-0.02%
08/29/2024,0.011921793037672867,0.011912703707233394,0.011911001000524083,0.011927623182528418,,-0.02%
08/28/2024,0.011918951132300357,0.011910007979705347,0.01190646282802305,0.011917530687641521,,-0.01%
08/27/2024,0.011917530687641521,0.011923214498628829,0.011909724289882689,0.011923214498628829,,0.08%
08/26/2024,0.011927480916030533,0.011932319881631388,0.011915684615659592,0.011935025719980426,,0.04%
08/23/2024,0.011931892756147908,0.011915258680265947,0.011912419888976247,0.011933316626690055,,-0.14%
08/22/2024,0.011914690813773382,0.011918951132300357,0.011906888134785973,0.011921650910218047,,0.07%
08/21/2024,0.011923214498628829,0.01193246226358809,0.011911710402496695,0.011940441079893492,,0.14%
08/20/2024,0.011940298507462687,0.011931750387781888,0.011921793037672867,0.01194200960137572,,-0.12%
08/19/2024,0.011926058437686345,0.01192392535622727,0.0119115685153421,0.01192947295588481,,-0.04%
08/16/2024,0.011921793037672867,0.01191256179641432,0.011907738839471773,0.011920798216648586,,-0.07%
08/15/2024,0.011913271384322134,0.011910007979705347,0.01190376992393491,0.011913839115516583,,-0.02%
08/14/2024,0.011910433539780848,0.011916110581506196,0.011906888134785973,0.011919519404977591,,0.06%
08/13/2024,0.011917530687641521,0.011911994186946837,0.01190717168950859,0.011917388661796428,,-0.02%
08/12/2024,0.011914690813773382,0.011916820592265983,0.011906888134785973,0.011919093195389694,,-0.02%
08/09/2024,0.01191256179641432,0.011902636433970125,0.011902494762902303,0.011922788024751708,,-0.05%
08/08/2024,0.011906179307060364,0.011912987539015036,0.011903203151968196,0.011915542633811543,,0.13%
08/07/2024,0.011921082434285033,0.011911142874158776,0.011905612305640878,0.011922077302749232,,-0.05%
08/06/2024,0.011914690813773382,0.011905328825182152,0.011904761904761904,0.011928476852790667,,-0.10%
08/05/2024,0.011902211430883857,0.011934171112145404,0.011879024019386567,0.011939300595771099,,0.27%
08/02/2024,0.01193402868940497,0.01193987081059783,0.011930042232349503,0.011945290569193094,,0.10%
08/01/2024,0.011946004061641383,0.01194614677035922,0.011938587903822736,0.011954429713930497,,0.01%
07/31/2024,0.011947574045090144,0.0119387304354055,0.011937447773665991,0.011954001004136084,,-0.02%
07/30/2024,0.011944577161968466,0.01194086881761517,0.011938302850866722,0.011947145826861964,,-0.03%
07/29/2024,0.011940583655729092,0.011943863839952225,0.011936877790245184,0.01194743130227001,,0.05%
07/26/2024,0.011947003094273802,0.011938872970391595,0.011937447773665991,0.01194728856286066,,-0.02%
07/25/2024,0.011944577161968466,0.011937590278026477,0.011931750387781888,0.0119548584544759,,0.01%
07/24/2024,0.011946004061641383,0.011948858883976581,0.011941866991485448,0.011951000896325068,,0.04%
07/23/2024,0.011950858071609541,0.011952572193536048,0.011943007965986314,0.011960864052819176,,0.03%
07/22/2024,0.011954429713930497,0.011941581781922833,0.011941581781922833,0.011956430766287648,,-0.09%
07/19/2024,0.011944006497539534,0.011952000764928049,0.011941581781922833,0.011962294846643379,,0.17%
07/18/2024,0.011964584828906437,0.011965157461472194,0.011950001195000119,0.011968164681946022,,0.00%
07/17/2024,0.011964584828906437,0.01197146003926639,0.011962867260024882,0.011976908520372722,,0.07%
07/16/2024,0.011972606675925482,0.01196315348725924,0.01195800349173702,0.011971746677840296,,-0.03%
07/15/2024,0.011968737657239291,0.01197504400828673,0.011957717510881523,0.011977051968428491,,0.05%
07/12/2024,0.011974183660028977,0.01197504400828673,0.011966875688095353,0.011979491111217596,,0.01%
07/11/2024,0.01197504400828673,0.011973466797576571,0.011960720992261413,0.011980065171554534,,0.00%
07/10/2024,0.011974613818704346,0.011977195419920471,0.011969597223053444,0.011981069909542922,,0.05%
07/09/2024,0.011981069909542922,0.011979060602067586,0.01197289336941165,0.011982936298710636,,-0.04%
07/08/2024,0.011976047904191617,0.011976765075753038,0.01197289336941165,0.011985521490040032,,0.00%
07/05/2024,0.011976047904191617,0.01197561764247991,0.01197146003926639,0.011982074816075152,,0.03%
07/04/2024,0.011979634621144056,0.011976765075753038,0.011967305321860676,0.011981357008494783,,-0.05%
07/03/2024,0.011973180076628353,0.011976478196821443,0.011966875688095353,0.011985377839036375,,0.02%
07/02/2024,0.011976047904191617,0.011984659635666348,0.011966446085177164,0.011987245570712762,,0.07%
07/01/2024,0.011984946906685202,0.011993283761093787,0.011979060602067586,0.011997744424048279,,0.10%
06/28/2024,0.011996880810989142,0.011982074816075152,0.011977195419920471,0.012000624032449688,,-0.10%
06/27/2024,0.011984946906685202,0.011964727981909333,0.011962294846643379,0.01198925762516785,,-0.15%
06/26/2024,0.011967448539971278,0.011982936298710636,0.011957145590204705,0.01198853895675734,,0.19%
06/25/2024,0.01198997637974653,0.011984803269454333,0.011974613818704346,0.011991270355181428,,-0.06%
06/24/2024,0.011983223487118035,0.011967018895922837,0.01196315348725924,0.011988970147464334,,-0.13%
06/21/2024,0.011967734986476459,0.011954001004136084,0.011954001004136084,0.011978343155574722,,-0.07%
06/20/2024,0.01195886151638364,0.011987245570712762,0.011949715596768797,0.011987964084059603,,0.19%
06/19/2024,0.011981787682722263,0.011991270355181428,0.011977338874848786,0.011999040076793857,,0.16%
06/18/2024,0.012000480019200769,0.011976334762509281,0.011967448539971278,0.01200163222198219,,-0.20%
06/17/2024,0.011976047904191617,0.011972750020952314,0.011966446085177164,0.01197561764247991,,-0.06%
06/14/2024,0.011969310687397513,0.01196945395351064,0.011962724151543789,0.011974040280671505,,0.01%
06/13/2024,0.011970313622216901,0.01197504400828673,0.011965300628178282,0.011977912728927858,,0.13%
06/12/2024,0.011986096128490949,0.011959147551962496,0.011958575494487096,0.011985665144487193,,-0.20%
06/11/2024,0.011961722488038277,0.011973036721303624,0.011956144860651132,0.011978917105893626,,0.12%
06/10/2024,0.011976047904191617,0.011971746677840296,0.011968737657239291,0.01198063928691235,,-0.03%
06/07/2024,0.011973036721303624,0.011980065171554534,0.01197189000227466,0.011995441732141787,,0.07%
06/06/2024,0.01198092636522656,0.01199184554502938,0.011972176661438816,0.011996592967597202,,0.11%
06/05/2024,0.011994722322178242,0.011970456912340343,0.011963869115271879,0.012008117487421496,,-0.18%
06/04/2024,0.011972606675925482,0.01203079884504331,0.011950858071609541,0.012035866883312272,,0.53%
06/03/2024,0.012036156614469868,0.012030219912419999,0.01202096456219647,0.01205516443244286,,-0.41%
05/31/2024,0.011986958189489834,0.012001776262886907,0.011975904480185866,0.012014176728539676,,0.17%
05/30/2024,0.012007684918347743,0.011995729520290776,0.011984372378418543,0.012012589193474763,,-0.07%
05/29/2024,0.011999040076793857,0.012019664170583073,0.011988826413782355,0.012023277064396673,,0.22%
05/28/2024,0.012025012025012025,0.012028338766133009,0.012017930752683002,0.012033259930447758,,0.07%
05/27/2024,0.01203340473153474,0.012038040207054292,0.012026892130804477,0.012043259387720691,,0.05%
05/24/2024,0.012039489525644112,0.012006964039142703,0.012004801920768308,0.012045580476523163,,-0.22%
05/23/2024,0.01201345506967804,0.012006819873688256,0.01200163222198219,0.012020675561966582,,0.02%
05/22/2024,0.01201634222542658,0.012001344150544862,0.012000768049155145,0.012017786323759164,,-0.04%
05/21/2024,0.012012012012012012,0.012005234282147016,0.011994290717618414,0.012015475933001707,,-0.04%
05/20/2024,0.012007684918347743,0.012004513697150127,0.012000768049155145,0.012015764683264443,,0.00%
05/17/2024,0.012007684918347743,0.011974470429045276,0.011973180076628353,0.012008694294669341,,-0.20%
05/16/2024,0.011983223487118035,0.011987532965715655,0.011972606675925482,0.011989832621936598,,0.05%
05/15/2024,0.011988826413782355,0.01197561764247991,0.01197189000227466,0.011989113884592789,,-0.08%
05/14/2024,0.011978630123859036,0.01197189000227466,0.01196888090963495,0.011980065171554534,,0.03%
05/13/2024,0.011981787682722263,0.011972319996168858,0.011966589282722638,0.011981069909542922,,-0.10%
05/10/2024,0.011970170335523875,0.011982792709668915,0.011967448539971278,0.011983797905232126,,0.12%
05/09/2024,0.011984516005321124,0.011979491111217596,0.011972176661438816,0.011985808802377984,,-0.03%
05/08/2024,0.011981500563130526,0.01198092636522656,0.01197103010714072,0.01198336708648396,,0.00%
05/07/2024,0.011982074816075152,0.0119799216513124,0.01197189000227466,0.011985808802377984,,-0.03%
05/06/2024,0.011978917105893626,0.011991701742394263,0.011969597223053444,0.01199184554502938,,0.12%
05/03/2024,0.011993859144118211,0.011987532965715655,0.011978630123859036,0.012003649109329235,,-0.07%
05/02/2024,0.011985377839036375,0.011986096128490949,0.01197561764247991,0.011990263905708565,,-0.02%
05/01/2024,0.011982505541908814,0.011979778134508949,0.01197146003926639,0.011983797905232126,,0.01%
04/30/2024,0.011983223487118035,0.0119819312476785,0.011970743502878963,0.01199083899900476,,0.05%
04/29/2024,0.011988970147464334,0.011992564609941836,0.011974183660028977,0.011997312601977157,,0.01%
04/26/2024,0.011990407673860911,0.01200941538165922,0.011987245570712762,0.012009559609449123,,0.11%
04/25/2024,0.012003360941063497,0.011999328037629894,0.011990120141003813,0.012011290613176387,,-0.01%
04/24/2024,0.012002064355069071,0.012007684918347743,0.011995873419543678,0.012011002077903359,,0.06%
04/23/2024,0.01200927115733346,0.01199270843327257,0.011989401369189637,0.012010569300984866,,-0.11%
04/22/2024,0.01199616122840691,0.011987101878378864,0.011982218387912339,0.01200393729143159,,0.00%
04/19/2024,0.01199644905108088,0.011969167424713937,0.011944434490749035,0.011995873419543678,,-0.21%
04/18/2024,0.011971746677840296,0.01196315348725924,0.011961007116799234,0.011977912728927858,,-0.14%
04/17/2024,0.01195457262402869,0.011951286555997753,0.01194072623496961,0.011963296606012754,,0.02%
04/16/2024,0.011956430766287648,0.01197117341441808,0.01194743130227001,0.011980495752914256,,0.18%
04/15/2024,0.011978343155574722,0.011978773613157486,0.011969740496026046,0.01198853895675734,,-0.07%
04/12/2024,0.011970313622216901,0.011995010075808464,0.011958575494487096,0.012002496519276009,,0.26%
04/11/2024,0.012001344150544862,0.01198853895675734,0.011984946906685202,0.012005522540368569,,-0.08%
04/10/2024,0.011991989351113458,0.012015331563074482,0.011986670822045884,0.012026892130804477,,0.25%
04/09/2024,0.012021831646269625,0.012008982719073868,0.012006099098341959,0.012024144482120098,,-0.11%
04/08/2024,0.01200912693647172,0.011998464196582839,0.011997312601977157,0.01201562030639832,,-0.03%
04/05/2024,0.012005810812433217,0.011987964084059603,0.01198020869523547,0.012013310748309126,,-0.06%
04/04/2024,0.011999040076793857,0.011979204101679485,0.011974183660028977,0.01199760047990402,,-0.20%
04/03/2024,0.011975474228779459,0.01199400299850075,0.011963869115271879,0.012000480019200769,,0.22%
04/02/2024,0.01200163222198219,0.01199414685633411,0.011983510689291536,0.012000480019200769,,-0.05%
04/01/2024,0.01199616122840691,0.011998608161453272,0.01198925762516785,0.012003360941063497,,0.01%
03/29/2024,0.01199760047990402,0.011991701742394263,0.011990551445460977,0.011999760004799905,,0.00%
03/28/2024,0.011997312601977157,0.011994290717618414,0.011986958189489834,0.012003360941063497,,0.07%
03/27/2024,0.012005666674670444,0.011995441732141787,0.011978917105893626,0.012006099098341959,,-0.02%
03/26/2024,0.012003505023466853,0.011988251513516754,0.011984516005321124,0.012011434886011483,,-0.12%
03/25/2024,0.011989688867573886,0.011981069909542922,0.011969167424713937,0.01199270843327257,,-0.21%
03/22/2024,0.011964298533177,0.012014609765474818,0.011942722701921583,0.012018364060284113,,0.49%
03/21/2024,0.01202298795296607,0.01203123308107848,0.012014176728539676,0.012043259387720691,,0.00%
03/20/2024,0.01202313250694336,0.012040504256318255,0.012014465416361298,0.012049644535486204,,0.20%
03/19/2024,0.012047176744130013,0.012057635497678906,0.012039054693425472,0.012062871687233863,,0.13%
03/18/2024,0.012062726176115802,0.012064035902570845,0.012057635497678906,0.012073649260488982,,0.02%
03/15/2024,0.01206520034265169,0.012049644535486204,0.012048918609554793,0.012074815557192364,,-0.04%
03/14/2024,0.012060543930531267,0.012073357721515932,0.01205516443244286,0.012076857118703429,,0.11%
03/13/2024,0.01207437816952427,0.012072920439454304,0.01205938038903561,0.01208108826443086,,0.04%
03/12/2024,0.012079337085980722,0.012086198769624964,0.01207160878330255,0.012088974854932303,,0.08%
03/11/2024,0.012088974854932303,0.012084008023781328,0.012079920755719844,0.012099945550245024,,-0.02%
03/08/2024,0.012086198769624964,0.01208999794470035,0.012081672103419113,0.012097749818533753,,0.04%
03/07/2024,0.012090728829133821,0.01207437816952427,0.012070006035003019,0.012096432761978493,,-0.09%
03/06/2024,0.012080212611741966,0.012063308241652191,0.012059962131718907,0.012077148826704992,,-0.13%
03/05/2024,0.012064035902570845,0.012060834850988385,0.012057199353734114,0.012068112426535365,,-0.02%
03/04/2024,0.012061125785480816,0.01207073450419458,0.012057635497678906,0.012072920439454304,,0.08%
03/01/2024,0.012071317342861628,0.012058944118852954,0.012057926277838736,0.012072045970351055,,-0.07%
02/29/2024,0.012062726176115802,0.012061271257990593,0.012054437841291272,0.012067966788955397,,0.00%
02/28/2024,0.012062726176115802,0.012059234962134001,0.012052984921715863,0.012068112426535365,,0.03%
02/27/2024,0.012066073820239633,0.01206258066850822,0.012059671253361633,0.012071317342861628,,0.04%
02/26/2024,0.012070588803321826,0.012066656208897951,0.012060689389005475,0.012069860351715731,,-0.02%
02/23/2024,0.012068695012008352,0.01207073450419458,0.01205327547761104,0.01207073450419458,,0.03%
02/22/2024,0.012071900237816435,0.012057926277838736,0.01205327547761104,0.012075544607061778,,-0.11%
02/21/2024,0.012058362474375979,0.01206345376681344,0.012050660978754684,0.012072191706404299,,0.05%
02/20/2024,0.012064181445288938,0.0120436945237321,0.012041954168322435,0.01206825806763052,,-0.16%
02/19/2024,0.012044419820297256,0.012050080133032886,0.012039344578081168,0.012055600429179376,,0.02%
02/16/2024,0.012046306000265019,0.012049499343302286,0.012041084179219496,0.012050660978754684,,0.03%
02/15/2024,0.012049934930351376,0.012043114349370748,0.012037315678603671,0.01205080619893471,,-0.06%
02/14/2024,0.012043259387720691,0.012033115132845591,0.01203079884504331,0.012046015780280672,,-0.08%
02/13/2024,0.012033983970733351,0.01204703161141095,0.01203065410666378,0.012053566047515158,,0.15%
02/12/2024,0.01205254911413764,0.012044564890093345,0.012039924389274835,0.012055309761184315,,-0.04%
02/09/2024,0.012048192771084338,0.012050515762074618,0.012039634476697288,0.012056181807221653,,0.03%
02/08/2024,0.012051387114656897,0.012050951422614815,0.012045145204225437,0.012063744827669405,,0.00%
02/07/2024,0.0120515323523386,0.012038040207054292,0.012034997773525413,0.01205778088600574,,-0.10%
02/06/2024,0.01203919963400833,0.01204180916140841,0.012036736118634072,0.012046015780280672,,0.03%
02/05/2024,0.012042969314514186,0.012046596234234017,0.012034418436729045,0.012054583152514585,,0.04%
02/02/2024,0.012048337931782312,0.01205516443244286,0.012044274753995688,0.012073503489242509,,0.06%
02/01/2024,0.012055891111191484,0.012036156614469868,0.012034997773525413,0.012060543930531267,,-0.18%
01/31/2024,0.012034418436729045,0.012033694344163659,0.012029062214309771,0.012048483095978215,,-0.03%
01/30/2024,0.01203079884504331,0.012028483448806774,0.012022554311889103,0.012035577166103,,-0.02%
01/29/2024,0.012028772824596435,0.012026602845494233,0.01202313250694336,0.012031088332250537,,0.02%
01/26/2024,0.012031522589183661,0.012023566189731874,0.01202313250694336,0.012036736118634072,,-0.03%
01/25/2024,0.012027326084864813,0.012027760070242118,0.012022554311889103,0.012037025891642694,,0.02%
01/24/2024,0.012029351617947793,0.012024433649175124,0.01202154260434699,0.01203847496599131,,-0.02%
01/23/2024,0.012026458208057726,0.012034273611244825,0.01202096456219647,0.012039344578081168,,0.06%
01/22/2024,0.012033694344163659,0.012037025891642694,0.012021398088597703,0.012039634476697288,,0.02%
01/19/2024,0.012035722022964157,0.01202110906752257,0.012020386575632274,0.012042969314514186,,-0.09%
01/18/2024,0.012024289063909096,0.012019664170583073,0.012018508503094766,0.012033983970733351,,-0.02%
01/17/2024,0.012021831646269625,0.012035866883312272,0.012016775418484204,0.012043114349370748,,0.12%
01/16/2024,0.012036011747147465,0.012072628935677034,0.012026458208057726,0.012073066196621957,,0.31%
01/15/2024,0.012073357721515932,0.012072191706404299,0.0120585078802349,0.012080942313500452,,-0.04%
01/12/2024,0.012068986325838494,0.012038330042856456,0.012033115132845591,0.012080358545041617,,-0.25%
01/11/2024,0.012039054693425472,0.01204761216326924,0.01203065410666378,0.012058362474375979,,0.05%
01/10/2024,0.012044855040169592,0.01203181211122207,0.012021398088597703,0.012054147229354259,,-0.10%
01/09/2024,0.012032391197102602,0.012040504256318255,0.012026602845494233,0.01204398463187561,,0.08%
01/08/2024,0.012041664157986633,0.012030219912419999,0.012022409771814664,0.012044419820297256,,-0.07%
01/05/2024,0.012033259930447758,0.012014176728539676,0.012006819873688256,0.01203847496599131,,-0.17%
01/04/2024,0.012013022115973717,0.012005666674670444,0.011999760004799905,0.012019953122182825,,-0.05%
01/03/2024,0.012007396556278669,0.012007829104576184,0.01199788837164659,0.012012877805006967,,0.01%
01/02/2024,0.01200912693647172,0.012022265235215619,0.011996305138017492,0.012022265235215619,,0.04%
01/01/2024,0.012013743722818904,0.01201345506967804,0.012013022115973717,0.012026458208057726,,0.06%
12/29/2023,0.012020675561966582,0.01202298795296607,0.012013166430407726,0.012033839155705845,,0.03%
12/28/2023,0.012023710757614015,0.01200941538165922,0.012002208406346767,0.012030075187969926,,-0.11%
12/27/2023,0.012010136555252633,0.012024578237918306,0.011995010075808464,0.012024578237918306,,0.13%
12/26/2023,0.012025301233795907,0.012023710757614015,0.012016631017327981,0.012032970338728114,,-0.01%
12/25/2023,0.012024433649175124,0.012022265235215619,0.012022265235215619,0.012032391197102602,,0.00%
12/22/2023,0.012024144482120098,0.01201619783468115,0.012008405884118882,0.01203340473153474,,-0.06%
12/21/2023,0.012017208642776457,0.012024144482120098,0.012006099098341959,0.012025590456491413,,0.09%
12/20/2023,0.012028049411226982,0.012032101647194714,0.012013888054591108,0.012035577166103,,0.04%
12/19/2023,0.012032825548095205,0.012026024316621167,0.012015187196616523,0.012038040207054292,,-0.05%
12/18/2023,0.012027326084864813,0.012045580476523163,0.01202313250694336,0.012061271257990593,,0.15%
12/15/2023,0.012045290291496025,0.012003649109329235,0.01200019200307205,0.01205879870247326,,-0.34%
12/14/2023,0.012003793198650773,0.012006675711695702,0.011994434582353788,0.012009703840703288,,-0.05%
12/13/2023,0.01199760047990402,0.011990551445460977,0.011984946906685202,0.011998176277205863,,-0.06%
12/12/2023,0.011990982780948727,0.011995010075808464,0.011985521490040032,0.012001344150544862,,0.06%
12/11/2023,0.01199760047990402,0.011989113884592789,0.011983079891193635,0.011997744424048279,,-0.09%
12/08/2023,0.01198681450404555,0.011997024737865009,0.011981069909542922,0.011999760004799905,,0.10%
12/07/2023,0.011998608161453272,0.011999472023230977,0.011990695220508886,0.012003216862119047,,0.01%
12/06/2023,0.01200019200307205,0.012001200120012,0.011993139923963492,0.012006819873688256,,0.01%
12/05/2023,0.012001920307249161,0.01198595246371253,0.011984803269454333,0.012002352461082373,,-0.13%
12/04/2023,0.011986670822045884,0.012016775418484204,0.011981644121206312,0.012017064231208316,,0.20%
12/01/2023,0.012010569300984866,0.011996736887566582,0.01199400299850075,0.01201345506967804,,-0.12%
11/30/2023,0.011996592967597202,0.011996305138017492,0.0119876766683849,0.012006243246488173,,0.01%
11/29/2023,0.011997312601977157,0.012005954953657014,0.011992852260053009,0.012010569300984866,,0.01%
11/28/2023,0.011999040076793857,0.01199644905108088,0.011990551445460977,0.012005954953657014,,0.01%
11/27/2023,0.012000480019200769,0.012001344150544862,0.011985665144487193,0.012003505023466853,,-0.01%
11/24/2023,0.011999040076793857,0.01199760047990402,0.01198853895675734,0.01200019200307205,,0.04%
11/23/2023,0.012004081387671808,0.012008261684038618,0.011995010075808464,0.012009848075421846,,0.02%
11/22/2023,0.012006675711695702,0.012002928714606363,0.011996305138017492,0.012011290613176387,,-0.03%
11/21/2023,0.012003649109329235,0.012001776262886907,0.011993283761093787,0.012015187196616523,,-0.01%
11/20/2023,0.012002352461082373,0.012009848075421846,0.011986958189489834,0.012014898474107893,,0.09%
11/17/2023,0.012012877805006967,0.01202486742583663,0.012004369590530953,0.01202486742583663,,0.11%
11/16/2023,0.01202616894362132,0.012021253576322938,0.012008694294669341,0.012026024316621167,,-0.04%
11/15/2023,0.01202096456219647,0.012051096649795132,0.012017353057815486,0.012053711337720884,,0.26%
11/14/2023,0.01205211333807383,0.012017930752683002,0.012007973294267393,0.012061853183123054,,-0.25%
11/13/2023,0.012022120702091847,0.012003505023466853,0.011998608161453272,0.012019086309058786,,-0.15%
11/10/2023,0.012003505023466853,0.012004513697150127,0.011976191331632715,0.012015764683264443,,-0.01%
11/09/2023,0.012002640580927804,0.012014609765474818,0.011998896101558658,0.012016919823110941,,0.12%
11/08/2023,0.012017353057815486,0.012014321070716295,0.012003360941063497,0.012018075185078358,,-0.02%
11/07/2023,0.012014898474107893,0.01201619783468115,0.012006675711695702,0.012017786323759164,,0.01%
11/06/2023,0.012016631017327981,0.012032680760946731,0.012010136555252633,0.012035866883312272,,0.09%
11/03/2023,0.012027904738994467,0.012012444892909055,0.012003216862119047,0.012028772824596435,,-0.11%
11/02/2023,0.012014321070716295,0.01201345506967804,0.012007540735581945,0.01202298795296607,,0.00%
11/01/2023,0.012013888054591108,0.012007973294267393,0.011999472023230977,0.01201562030639832,,-0.02%
10/31/2023,0.012011146343807053,0.012010569300984866,0.012005810812433217,0.01201619783468115,,0.01%
10/30/2023,0.012012012012012012,0.012007684918347743,0.012004081387671808,0.01201749747632553,,-0.02%
10/27/2023,0.012009848075421846,0.012008838505139782,0.012004657807229204,0.012020675561966582,,0.03%
10/26/2023,0.012013022115973717,0.012024578237918306,0.01200927115733346,0.012029206914388134,,0.12%
10/25/2023,0.012027904738994467,0.01204500012045,0.012018508503094766,0.01204703161141095,,0.16%
10/24/2023,0.012046741356463076,0.0120436945237321,0.01203340473153474,0.012054583152514585,,-0.07%
10/23/2023,0.01203789529438673,0.012025012025012025,0.012018364060284113,0.012035866883312272,,-0.10%
10/20/2023,0.012026458208057726,0.012026458208057726,0.012016919823110941,0.012046451115501374,,0.06%
10/19/2023,0.012034128789246304,0.01200710820805917,0.01200393729143159,0.012036301485279604,,-0.23%
10/18/2023,0.012006243246488173,0.012011290613176387,0.012003360941063497,0.012017641898306715,,0.06%
10/17/2023,0.01201345506967804,0.012017064231208316,0.012006387398095788,0.012021253576322938,,0.06%
10/16/2023,0.012020675561966582,0.01200999231360492,0.012005378409527468,0.01202168712357092,,-0.08%
10/13/2023,0.012011290613176387,0.012012012012012012,0.012005234282147016,0.012017641898306715,,-0.04%
10/12/2023,0.012006243246488173,0.012022843402464683,0.012004513697150127,0.012030075187969926,,0.16%
10/11/2023,0.012025012025012025,0.012016775418484204,0.012012589193474763,0.01203137783338948,,0.00%
10/10/2023,0.012024722830138765,0.012009703840703288,0.012007396556278669,0.012023566189731874,,-0.11%
10/09/2023,0.012011434886011483,0.01202110906752257,0.01199788837164659,0.012024722830138765,,0.16%
10/06/2023,0.012031088332250537,0.012016631017327981,0.012004369590530953,0.01203065410666378,,-0.10%
10/05/2023,0.012019230769230768,0.012017208642776457,0.012004081387671808,0.012022409771814664,,-0.06%
10/04/2023,0.012012012012012012,0.012014176728539676,0.011998176277205863,0.01202313250694336,,0.04%
10/03/2023,0.012017208642776457,0.012014465416361298,0.012008982719073868,0.012029785749515801,,0.05%
10/02/2023,0.01202298795296607,0.012024289063909096,0.012014321070716295,0.012030364640352249,,0.17%
09/29/2023,0.012043839576056847,0.012017930752683002,0.012017930752683002,0.012046451115501374,,-0.14%
09/28/2023,0.012026458208057726,0.012013888054591108,0.012008694294669341,0.012032101647194714,,-0.04%
09/27/2023,0.012021976172443227,0.012005234282147016,0.012003072786633378,0.012026024316621167,,-0.06%
09/26/2023,0.012014898474107893,0.012030509371766801,0.012003505023466853,0.012033839155705845,,0.12%
09/25/2023,0.012029351617947793,0.012039924389274835,0.012022265235215619,0.01204398463187561,,0.19%
09/22/2023,0.01205254911413764,0.01206621941213379,0.012049208969431157,0.01208181807198347,,-0.16%
09/21/2023,0.01203340473153474,0.012020242087675647,0.012016053447405734,0.012047467020059033,,0.22%
09/20/2023,0.012059816690786299,0.012010425048942482,0.012005234282147016,0.012059234962134001,,-0.47%
09/19/2023,0.012003360941063497,0.012012012012012012,0.011998464196582839,0.012023566189731874,,0.05%
09/18/2023,0.01200912693647172,0.012032825548095205,0.01199616122840691,0.012035866883312272,,0.24%
09/15/2023,0.012038185123210825,0.012039054693425472,0.012018941852359319,0.012050951422614815,,0.07%
09/14/2023,0.012046741356463076,0.012060543930531267,0.012033549536106665,0.012060834850988385,,0.09%
09/13/2023,0.01205778088600574,0.012066656208897951,0.01204253423090355,0.012069277653732424,,0.10%
09/12/2023,0.012070006035003019,0.012061998673180146,0.012046015780280672,0.012069568995691164,,-0.06%
09/11/2023,0.012062726176115802,0.012054728467241276,0.012038330042856456,0.012075107166576103,,-0.13%
09/08/2023,0.01204761216326924,0.012028917517712581,0.01202154260434699,0.012062435164410992,,-0.18%
09/07/2023,0.012026458208057726,0.01201634222542658,0.012008982719073868,0.012037170783379075,,-0.06%
09/06/2023,0.012019664170583073,0.012037315678603671,0.012010857815465181,0.012050225339213842,,0.20%
09/05/2023,0.012043404429564149,0.012084154048795814,0.012034128789246304,0.012090144114517844,,0.38%
09/04/2023,0.012089705615668259,0.0120962864400629,0.01207948299812768,0.012099213551119176,,0.03%
09/01/2023,0.012093506996093798,0.012099652739966361,0.012079628913799767,0.012110056190660726,,-0.02%
08/31/2023,0.012091606007109864,0.012095115992162364,0.012077440548798897,0.012109176333825774,,0.11%
08/30/2023,0.01210551163944944,0.012107563594977782,0.012074523961892802,0.01211122953202209,,0.04%
08/29/2023,0.012110349504686705,0.01209979914333422,0.012071171627918206,0.012110056190660726,,-0.03%
08/28/2023,0.012106537530266345,0.012108736453351093,0.012097457114514529,0.012117246476910587,,-0.04%
08/25/2023,0.012101116933092924,0.012105804733369651,0.012086052695189751,0.012116512383075656,,0.07%
08/24/2023,0.012109469605231292,0.012109616246261157,0.01209979914333422,0.012141963841231682,,0.09%
08/23/2023,0.012120036844912009,0.012036301485279604,0.012035142616440004,0.012128709869131222,,-0.64%
08/22/2023,0.012042389210019266,0.01203181211122207,0.012030509371766801,0.012061416734009575,,-0.06%
08/21/2023,0.012035142616440004,0.012020242087675647,0.012016775418484204,0.012045145204225437,,-0.06%
08/18/2023,0.012027904738994467,0.012035722022964157,0.01201619783468115,0.012045580476523163,,0.01%
08/17/2023,0.012029351617947793,0.012016053447405734,0.01200941538165922,0.012049789731169191,,-0.10%
08/16/2023,0.012017930752683002,0.01201345506967804,0.011984228754958475,0.012035866883312272,,0.00%
08/15/2023,0.01201749747632553,0.012021398088597703,0.011980782824349744,0.012023566189731874,,0.05%
08/14/2023,0.012023566189731874,0.01206345376681344,0.012004657807229204,0.01206345376681344,,0.36%
08/11/2023,0.012067093037287317,0.012078899370689343,0.012061125785480816,0.012088244182532489,,0.31%
08/10/2023,0.012104192892417934,0.012071463061323031,0.012068403712240982,0.012108003390240948,,-0.28%
08/09/2023,0.012070880208584812,0.012065928231858878,0.012065637065637066,0.012079774832997112,,-0.01%
08/08/2023,0.012069568995691164,0.01208313194780087,0.012050515762074618,0.012084884226809107,,0.12%
08/07/2023,0.012084592145015106,0.01208590662428542,0.01207948299812768,0.012095115992162364,,0.10%
08/04/2023,0.012096579087434074,0.012086052695189751,0.012063744827669405,0.012095701187797856,,-0.10%
08/03/2023,0.012084592145015106,0.01208912100001209,0.012073503489242509,0.012097018085042037,,0.02%
08/02/2023,0.012087513598452797,0.01214299591995337,0.012075690427600197,0.012147568664131874,,0.47%
08/01/2023,0.012144765606023802,0.012159533073929961,0.012142258702963926,0.012162195032959549,,0.12%
07/31/2023,0.012159533073929961,0.012161455482992203,0.012148749286260979,0.012164710175780063,,0.02%
07/28/2023,0.012161751292186076,0.012172113687541841,0.012142701022415426,0.012172113687541841,,0.09%
07/27/2023,0.012172854534388313,0.012204349630208207,0.01215835035502383,0.012212994626282366,,0.24%
07/26/2023,0.012202562538133007,0.012210161296230723,0.012183532737152464,0.01221553082589204,,0.12%
07/25/2023,0.012217470983506415,0.012222697549349142,0.012207329280500012,0.012244997918350355,,0.07%
07/24/2023,0.012226433549333659,0.012189918937039069,0.012187393360308097,0.012227031521287261,,-0.23%
07/21/2023,0.01219809709685289,0.01218264217143414,0.012181603342631958,0.012205839273508446,,-0.11%
07/20/2023,0.012184720360667724,0.01218561123025931,0.01218219693739569,0.012208819651316111,,0.02%
07/19/2023,0.01218769043266301,0.01218219693739569,0.012170484141859164,0.012191553691602458,,-0.01%
07/18/2023,0.012186205215695831,0.01218590821573932,0.012178191295028862,0.012200924830102123,,0.02%
07/17/2023,0.012189176011701608,0.012176263591754236,0.012164118283886192,0.012196906864419184,,-0.01%
07/14/2023,0.01218783897427147,0.012193634922570418,0.012165006143328102,0.012206137245807191,,0.01%
07/13/2023,0.012189176011701608,0.012194973232033755,0.012173447276799844,0.01220286035046615,,0.07%
07/12/2023,0.01219809709685289,0.012135185971725016,0.012132830225306656,0.01220077596935165,,-0.50%
07/11/2023,0.012137395314965408,0.012113870381586917,0.012111962985841116,0.012147125989990768,,-0.16%
07/10/2023,0.012118274357731459,0.012097018085042037,0.012093506996093798,0.012118274357731459,,-0.11%
07/07/2023,0.01210507202517855,0.012082255998840103,0.012080504481867161,0.012114604155309225,,-0.18%
07/06/2023,0.012083423959013026,0.01213621689846841,0.012074232380676399,0.01215111121912099,,0.44%
07/05/2023,0.012136364188016554,0.012188136068351068,0.012134007984177254,0.012196014342512867,,0.55%
07/04/2023,0.012203158177336295,0.012198841110094541,0.012188433176915108,0.012214784775492257,,0.01%
07/03/2023,0.0122040517451794,0.012186056713907946,0.012184423433083146,0.012231967022616906,,-0.18%
06/30/2023,0.012181603342631958,0.012181751735899622,0.012175077616119802,0.012195568130541361,,-0.01%
06/29/2023,0.01218026796589525,0.01218962175603691,0.012175225850439526,0.012195568130541361,,0.10%
06/28/2023,0.0121921482565228,0.012196460587137612,0.012180416326630044,0.012200180562672329,,0.05%
06/27/2023,0.012197650732468927,0.012190661952944045,0.01218769043266301,0.012204945443893866,,0.02%
06/26/2023,0.01219958521410272,0.012199436386038964,0.012182345345125844,0.012204796485018612,,-0.01%
06/23/2023,0.01219809709685289,0.012205988257839294,0.012181900132782711,0.012206137245807191,,0.04%
06/22/2023,0.012202562538133007,0.012200924830102123,0.012192594218271822,0.012213292948044652,,0.02%
06/21/2023,0.012205541315757353,0.012196311835301005,0.012175077616119802,0.0122040517451794,,-0.09%
06/20/2023,0.012195121951219513,0.012207776353537203,0.012169447385394229,0.012207776353537203,,0.11%
06/19/2023,0.012208521548040533,0.01219869230018542,0.01219348623965078,0.012213143785341784,,0.00%
06/16/2023,0.012208521548040533,0.012208074420421667,0.012190661952944045,0.012218814530614241,,0.01%
06/15/2023,0.01221001221001221,0.012188433176915108,0.012153769491607822,0.012209266833526647,,-0.06%
06/14/2023,0.012202562538133007,0.012159237372631988,0.012145503127467056,0.012210459479590216,,-0.34%
06/13/2023,0.012161159688187866,0.01213577505127365,0.012125180362057886,0.012172558184828123,,-0.20%
06/12/2023,0.012137395314965408,0.01212665074033203,0.0121206244545719,0.012135922330097087,,-0.06%
06/09/2023,0.012130033964095099,0.012119008665091196,0.01211754013935171,0.012135333236250668,,-0.06%
06/08/2023,0.012122975463097662,0.012102435009923997,0.012102435009923997,0.012124886329190664,,-0.01%
06/07/2023,0.012121212121212121,0.012119743061447096,0.012108443217455531,0.012127974385718098,,-0.01%
06/06/2023,0.012119743061447096,0.012119596175055447,0.012097310767816316,0.012123710340312548,,-0.01%
06/05/2023,0.012118274357731459,0.012127680217328029,0.012092337085988608,0.01213621689846841,,0.15%
06/02/2023,0.01213621689846841,0.01215406492701484,0.012129004087474377,0.012156281150470448,,0.16%
06/01/2023,0.012155690078525757,0.012096871748965718,0.012096579087434074,0.01215539456410755,,-0.50%
05/31/2023,0.012094823415578132,0.012099506340141323,0.012080650422218732,0.012103606874848705,,0.02%
05/30/2023,0.012097018085042037,0.01211284324769553,0.012078169915694374,0.012114163880408974,,0.10%
05/29/2023,0.012108589833627975,0.01210785678826991,0.012094530853148206,0.012119596175055447,,0.02%
05/26/2023,0.012110936175366356,0.01208532237597438,0.012084884226809107,0.012115044462213176,,-0.20%
05/25/2023,0.012087075290391984,0.012094823415578132,0.012074232380676399,0.012096871748965718,,0.08%
05/24/2023,0.0120962864400629,0.012065637065637066,0.01206316272000193,0.012110936175366356,,-0.19%
05/23/2023,0.012072920439454304,0.012072191706404299,0.012064181445288938,0.012084738184147242,,-0.01%
05/22/2023,0.012071463061323031,0.012075982079242594,0.012062289663823986,0.012088244182532489,,-0.05%
05/19/2023,0.012065928231858878,0.01208211001969384,0.012055019107205285,0.012103167398908293,,0.19%
05/18/2023,0.012088974854932303,0.012128121475264696,0.01207773228498617,0.012143585758002623,,0.39%
05/17/2023,0.012135922330097087,0.012154803578374172,0.01212709192335678,0.012156576707999026,,0.17%
05/16/2023,0.012155985607313041,0.012159680929972397,0.012148158946511656,0.012171372930866602,,0.03%
05/15/2023,0.012159976652844828,0.012158941685715675,0.012137689954847793,0.012168114672312672,,0.08%
05/12/2023,0.012169447385394229,0.012177301509985387,0.012158941685715675,0.012181009805712894,,0.10%
05/11/2023,0.012181751735899622,0.012206137245807191,0.012166190157552164,0.012209863127434342,,0.23%
05/10/2023,0.01221001221001221,0.01217952621643018,0.012178191295028862,0.012213740458015267,,-0.24%
05/09/2023,0.01218026796589525,0.01222688202281536,0.012171076653440763,0.012229274437147645,,0.40%
05/08/2023,0.012229423994129877,0.0122382543354016,0.012219561073366246,0.012246047588140926,,0.09%
05/05/2023,0.012239902080783353,0.012237206001125822,0.012220905080230242,0.012247097437907216,,-0.01%
05/04/2023,0.012238404112103782,0.012230620581688315,0.012220606386488898,0.012247097437907216,,-0.06%
05/03/2023,0.012231667787902882,0.012226732527999218,0.012214188000781709,0.012244398187829068,,0.01%
05/02/2023,0.012232415902140673,0.012225686166636102,0.012200924830102123,0.012237655265251177,,-0.02%
05/01/2023,0.012229423994129877,0.012225686166636102,0.012222846945510549,0.012237655265251177,,0.06%
04/28/2023,0.012236906510034264,0.012236906510034264,0.012214486380847685,0.012239003255574865,,0.03%
04/27/2023,0.012240651202643981,0.012235109871286644,0.01221538160852145,0.012255803122778637,,-0.06%
04/26/2023,0.01223391240518718,0.012194527096239208,0.012191256430887767,0.012243049008925182,,-0.27%
04/25/2023,0.01220032940889404,0.01221433718899244,0.012188730299964652,0.012217172457606411,,0.02%
04/24/2023,0.012202562538133007,0.012181009805712894,0.01217804298849175,0.012215232394796311,,-0.10%
04/21/2023,0.012190661952944045,0.012174336498660824,0.012162490878131841,0.012193932299287875,,-0.11%
04/20/2023,0.012177301509985387,0.012149487291636292,0.012142553579017668,0.01218769043266301,,-0.18%
04/19/2023,0.0121558378411232,0.012180564690979074,0.012152440209994167,0.012186650742776363,,0.23%
04/18/2023,0.012183235867446395,0.01219586560156107,0.01217804298849175,0.01220286035046615,,0.12%
04/17/2023,0.01219809709685289,0.012207776353537203,0.012180861430520365,0.012216127731831564,,0.20%
04/14/2023,0.012221950623319483,0.012239752267414108,0.012205541315757353,0.012262866813003544,,0.21%
04/13/2023,0.01224739742804654,0.012193932299287875,0.012191107805966328,0.012250698289802518,,-0.34%
04/12/2023,0.012205541315757353,0.012182048533281357,0.012176411854954581,0.012205541315757353,,-0.13%
04/11/2023,0.012189176011701608,0.012200180562672329,0.012171372930866602,0.012205988257839294,,0.09%
04/10/2023,0.01220032940889404,0.012218366648746396,0.012188433176915108,0.012230770171597707,,0.13%
04/07/2023,0.012215978499877841,0.012220158373252517,0.012208521548040533,0.012226433549333659,,0.05%
04/06/2023,0.012221950623319483,0.01220211584688785,0.012186353721103108,0.01222344456667889,,-0.12%
04/05/2023,0.01220703125,0.012176856666220181,0.012162934672877872,0.012218515939054042,,-0.21%
04/04/2023,0.012181751735899622,0.012162638806115376,0.012153769491607822,0.012183681177430948,,-0.12%
04/03/2023,0.012166930283489476,0.01213724800038839,0.012123563357742109,0.012166930283489476,,0.04%
03/31/2023,0.012171372930866602,0.012182048533281357,0.012153326365426218,0.012188581736629126,,0.10%
03/30/2023,0.012183235867446395,0.012159828789610642,0.012152735580779233,0.012190661952944045,,-0.12%
03/29/2023,0.012168706953199153,0.012170780390438635,0.012137395314965408,0.012170780390438635,,0.01%
03/28/2023,0.012169595482646157,0.012166190157552164,0.012152144853566653,0.01217833960517823,,-0.01%
03/27/2023,0.012168410805548794,0.012139752834632287,0.012129886828155892,0.0121654501216545,,-0.19%
03/24/2023,0.012145650642504918,0.0121558378411232,0.012117686975910038,0.012166190157552164,,0.12%
03/23/2023,0.01216012451967508,0.012117686975910038,0.012115044462213176,0.012187244829561381,,-0.33%
03/22/2023,0.012120477546815346,0.012095262285762666,0.012085760556911846,0.012136658777838462,,-0.21%
03/21/2023,0.012095262285762666,0.012118861796500072,0.012087075290391984,0.012118861796500072,,0.20%
03/20/2023,0.012119743061447096,0.012121946784653614,0.012087951938303093,0.012128268568379178,,-0.01%
03/17/2023,0.012118274357731459,0.012104339405676935,0.012091752215813595,0.012133124643589463,,-0.12%
03/16/2023,0.012103606874848705,0.012081234218887802,0.012069860351715731,0.012107710189848896,,-0.31%
03/15/2023,0.012065637065637066,0.012153621779290228,0.012059816690786299,0.012163822359538261,,0.77%
03/14/2023,0.012158793847650312,0.012150815927289517,0.012109616246261157,0.012160272390101538,,0.01%
03/13/2023,0.012160272390101538,0.012243348800763984,0.012148896880163282,0.012243348800763984,,0.34%
03/10/2023,0.012201073694485115,0.01218962175603691,0.01216397031991242,0.012218515939054042,,-0.07%
03/09/2023,0.0121921482565228,0.012200031720082473,0.012182048533281357,0.012230470995438034,,0.09%
03/08/2023,0.012202562538133007,0.01218962175603691,0.012150963571411212,0.012216127731831564,,-0.06%
03/07/2023,0.012195121951219513,0.012217172457606411,0.012191405059433098,0.01223615784643622,,0.23%
03/06/2023,0.01222344456667889,0.012228227640685757,0.0121991387408049,0.012253400318588408,,0.16%
03/03/2023,0.012242899118511263,0.012143585758002623,0.01213489145339595,0.012242149721491093,,-0.81%
03/02/2023,0.012143290831815423,0.01213224143160449,0.012102435009923997,0.012142553579017668,,-0.10%
03/01/2023,0.01213150551983501,0.012108296604833632,0.012101556260135054,0.012141079341953501,,-0.25%
02/28/2023,0.012100677637947725,0.012093360744951022,0.012082985947487343,0.012113283426605616,,0.00%
02/27/2023,0.012100384792236393,0.012066947424310073,0.012055309761184315,0.012102581480629818,,-0.31%
02/24/2023,0.01206316272000193,0.012100238374695982,0.012044419820297256,0.012102435009923997,,0.37%
02/23/2023,0.012108003390240948,0.012077440548798897,0.012072191706404299,0.012112109687265329,,-0.29%
02/22/2023,0.012072920439454304,0.012070880208584812,0.01205734473154322,0.012080796366096453,,-0.02%
02/21/2023,0.012070880208584812,0.01209321449734554,0.012063890363364378,0.012094823415578132,,0.18%
02/20/2023,0.01209292201274594,0.012088974854932303,0.01208269395744475,0.012105951285652027,,-0.07%
02/17/2023,0.012084592145015106,0.012091459801941888,0.012066801814846992,0.012091459801941888,,0.05%
02/16/2023,0.012090436464756379,0.01208912100001209,0.01207073450419458,0.012108003390240948,,-0.05%
02/15/2023,0.012084592145015106,0.012071171627918206,0.012052258593260378,0.012082401981513925,,-0.19%
02/14/2023,0.012061271257990593,0.012106977250989746,0.012041374161619324,0.012111669593653486,,0.39%
02/13/2023,0.012107710189848896,0.012109176333825774,0.01207904527226168,0.012109909538975745,,0.10%
02/10/2023,0.012119743061447096,0.012116071969467498,0.012100091960698901,0.012146240738491437,,0.00%
02/09/2023,0.012119596175055447,0.012098335269066975,0.012094969702100895,0.012135627776024853,,-0.17%
02/08/2023,0.012099213551119176,0.012086929194768777,0.012082985947487343,0.012125327383839365,,-0.25%
02/07/2023,0.012068549360366883,0.012083862002295935,0.012061853183123054,0.012103899876540222,,0.15%
02/06/2023,0.012086052695189751,0.012137689954847793,0.012070006035003019,0.012148306526070265,,0.65%
02/03/2023,0.012164562197406515,0.012188581736629126,0.012146830891820325,0.012233164107896507,,0.20%
02/02/2023,0.012189324589524495,0.012240201718524323,0.012154803578374172,0.012242149721491093,,0.38%
02/01/2023,0.01223540927444023,0.012230171833914267,0.012189027437500763,0.012243498702189137,,-0.01%
01/31/2023,0.01223406207563097,0.012255052145246878,0.012183384300490992,0.012262415695892091,,0.27%
01/30/2023,0.01226692836113837,0.012262716436945112,0.01223615784643622,0.012275812965713655,,0.01%
01/27/2023,0.012268433321064899,0.012268583837367652,0.012243049008925182,0.012274004885053945,,0.11%
01/26/2023,0.012282296298115895,0.012265273331616195,0.01225820686949913,0.012291807510294388,,-0.09%
01/25/2023,0.01227129376250138,0.012254601602901889,0.012227928588897041,0.012273402309854313,,-0.13%
01/24/2023,0.012255803122778637,0.012271745533084626,0.012229423994129877,0.012283503255128362,,0.14%
01/23/2023,0.012273251675298854,0.012355899324132306,0.012268583837367652,0.012364913321957613,,0.62%
01/20/2023,0.012348880573975969,0.012302998240671251,0.012298610257040954,0.01234979561088264,,-0.32%
01/19/2023,0.012309207287050714,0.012278978388998036,0.012276717205819165,0.012314209366187646,,-0.25%
01/18/2023,0.012278978388998036,0.012243648607284972,0.012220606386488898,0.012320885132387912,,-0.23%
01/17/2023,0.012250398137939484,0.012238404112103782,0.012211652358680655,0.012262866813003544,,0.00%
01/16/2023,0.012250698289802518,0.012311177317886909,0.01223256553596986,0.01231572595046615,,0.43%
01/13/2023,0.012303149606299212,0.012328176046353943,0.012266627413458943,0.012328176046353943,,0.22%
01/12/2023,0.012330456226880395,0.012246347526850117,0.0122318174034298,0.012328936012822093,,-0.66%
01/11/2023,0.01224934772223379,0.01225114854517611,0.012220457045093487,0.012270540885442232,,0.04%
01/10/2023,0.012254601602901889,0.012167670499482874,0.012148158946511656,0.01225430125974217,,-0.69%
01/09/2023,0.012169891687963976,0.012160420264124328,0.012127974385718098,0.012181009805712894,,-0.12%
01/06/2023,0.012155099064057373,0.012105951285652027,0.01207948299812768,0.01215436037678517,,-0.36%
01/05/2023,0.01211122953202209,0.012086052695189751,0.012076127910346825,0.012132094242108073,,-0.09%
01/04/2023,0.012100531213320264,0.012080358545041617,0.012059962131718907,0.012096725416429772,,-0.16%
01/03/2023,0.01208108826443086,0.012092190863140584,0.012042679255280716,0.012098628015583033,,0.04%
01/02/2023,0.01208532237597438,0.0120962864400629,0.012077294685990338,0.012112403100775193,,0.03%
12/30/2022,0.012089413300772513,0.012079191177358763,0.012073066196621957,0.012115484801124317,,-0.05%
12/29/2022,0.012083423959013026,0.012070443105966422,0.01206258066850822,0.012084008023781328,,0.03%
12/28/2022,0.01208663701411719,0.012071463061323031,0.012058362474375979,0.012085030273000834,,-0.11%
12/27/2022,0.012072920439454304,0.012095554883580285,0.012061416734009575,0.012098481640554111,,0.22%
12/26/2022,0.012099213551119176,0.012080942313500452,0.012070443105966422,0.012102581480629818,,-0.16%
12/23/2022,0.012080212611741966,0.012065637065637066,0.012062435164410992,0.012085760556911846,,-0.22%
12/22/2022,0.012054001928640309,0.012073649260488982,0.012049789731169191,0.012100238374695982,,0.10%
12/21/2022,0.012065637065637066,0.012087513598452797,0.012057926277838736,0.012098628015583033,,0.34%
12/20/2022,0.012106537530266345,0.012109176333825774,0.012064909211558183,0.012111816287970546,,-0.06%
12/19/2022,0.012099359943858969,0.012080942313500452,0.012072628935677034,0.012111669593653486,,-0.07%
12/16/2022,0.012091021207651197,0.012067821154890485,0.01206316272000193,0.012102727954881029,,-0.17%
12/15/2022,0.012071025916492643,0.012115778378181905,0.012049208969431157,0.01213371352302372,,0.45%
12/14/2022,0.012125033343841695,0.01210507202517855,0.012089705615668259,0.012135627776024853,,0.12%
12/13/2022,0.012139605462822459,0.012097457114514529,0.01205952581944478,0.012139900210020272,,-0.31%
12/12/2022,0.012101556260135054,0.012130916854695879,0.01208532237597438,0.012132535821312011,,0.27%
12/09/2022,0.012134449702705982,0.012158941685715675,0.01211988995139924,0.012182345345125844,,0.16%
12/08/2022,0.012153621779290228,0.012155542319520585,0.012124592310583555,0.012157611272537172,,0.09%
12/07/2022,0.012164858157753882,0.01213268302152338,0.012079774832997112,0.012167226359079185,,-0.33%
12/06/2022,0.01212415130940834,0.01220941590154327,0.012100238374695982,0.012210459479590216,,0.72%
12/05/2022,0.012211503236048358,0.012306934957848749,0.012208521548040533,0.012316029312149764,,0.59%
12/02/2022,0.012283503255128362,0.012320581531448284,0.01226587510885964,0.012333193557139686,,0.36%
12/01/2022,0.012327416173570018,0.012322707052285246,0.0122946788629881,0.01234796567265543,,-0.29%
11/30/2022,0.012291203185879866,0.012248147467695512,0.01224739742804654,0.012304512064574079,,-0.31%
11/29/2022,0.01225249950990002,0.012262566064574671,0.012231218963281882,0.012263769146809581,,-0.03%
11/28/2022,0.01224889759921607,0.012222846945510549,0.012218068079075337,0.012267229323584976,,-0.06%
11/25/2022,0.012242149721491093,0.012244248264377807,0.0122318174034298,0.012280184693977797,,0.09%
11/24/2022,0.012252949897687868,0.012249947937721266,0.012228377172065496,0.012256704417316274,,0.01%
11/23/2022,0.01225430125974217,0.012237056253747599,0.012204945443893866,0.012250698289802518,,-0.13%
11/22/2022,0.012237805027290305,0.012235708692247455,0.012220457045093487,0.012257906349595489,,0.02%
11/21/2022,0.012240051897820048,0.012244098344597904,0.012205988257839294,0.012258056607705415,,0.10%
11/18/2022,0.012252349387995147,0.012265423770391267,0.012224938875305624,0.012269185939512914,,0.13%
11/17/2022,0.012268433321064899,0.012277018648791327,0.012216873946294622,0.012281692908550515,,0.04%
11/16/2022,0.012272950417280314,0.0123296960729918,0.0122588079535146,0.0123296960729918,,0.52%
11/15/2022,0.012336388645587889,0.012346898459107072,0.012277621579147687,0.012391113093689206,,0.12%
11/14/2022,0.012351015871055394,0.012418503570319775,0.012300274296116803,0.012420817289777666,,0.61%
11/11/2022,0.012425910508592517,0.012412337863836654,0.012346288705615093,0.012424984158145198,,-0.19%
11/10/2022,0.01240233163834801,0.012278375325376945,0.012205541315757353,0.012402024010318483,,-0.87%
11/09/2022,0.012294830023974919,0.012294074256208506,0.012250698289802518,0.012313754463735994,,-0.04%
11/08/2022,0.012289541600098316,0.012220158373252517,0.012190067532974132,0.012309055772331705,,-0.53%
11/07/2022,0.012224341108014278,0.012183978068839476,0.012147125989990768,0.012223593981102324,,-0.19%
11/04/2022,0.01220077596935165,0.012093360744951022,0.012086052695189751,0.01219958521410272,,-0.93%
11/03/2022,0.012087367492233866,0.0120635992954858,0.01204877343486433,0.01209292201274594,,0.02%
11/02/2022,0.012090144114517844,0.012094530853148206,0.012074669757782125,0.012105218559721097,,0.08%
11/01/2022,0.012099213551119176,0.012074815557192364,0.012073503489242509,0.012122093728028705,,-0.14%
10/31/2022,0.012081672103419113,0.012137984609035516,0.012066073820239633,0.012148306526070265,,0.62%
10/28/2022,0.012156428927438276,0.012141226749550774,0.012118568069996848,0.012155246812286523,,-0.13%
10/27/2022,0.012140637140637142,0.012190513342516852,0.012110349504686705,0.012192594218271822,,0.57%
10/26/2022,0.012209863127434342,0.012129298320092184,0.012115484801124317,0.012200924830102123,,-0.74%
10/25/2022,0.012119008665091196,0.012083862002295935,0.012068695012008352,0.012134007984177254,,-0.28%
10/24/2022,0.012085468432756454,0.012106097841482756,0.01206505477534868,0.012110642832921572,,0.26%
10/21/2022,0.012116952828702638,0.012072045970351055,0.012033115132845591,0.012115484801124317,,-0.35%
10/20/2022,0.01207437816952427,0.012049499343302286,0.01200941538165922,0.012117393306351937,,-0.23%
10/19/2022,0.012046306000265019,0.012154951319419965,0.012033549536106665,0.012156576707999026,,0.88%
10/18/2022,0.012151997180736654,0.012175225850439526,0.01213872130709751,0.012195419400473181,,0.15%
10/17/2022,0.012169743583502694,0.012135922330097087,0.012133271858089252,0.012183087438018542,,-0.21%
10/14/2022,0.012144765606023802,0.012168114672312672,0.012132535821312011,0.012180119608774558,,0.20%
10/13/2022,0.012169595482646157,0.012168558877572129,0.012097749818533753,0.01218026796589525,,0.02%
10/12/2022,0.01217152107498874,0.012159828789610642,0.012141079341953501,0.012172706357804531,,-0.12%
10/11/2022,0.012157167866173896,0.012136364188016554,0.012121652908590616,0.01218264217143414,,-0.14%
10/10/2022,0.012140342357654486,0.012094823415578132,0.012092629542293972,0.01216012451967508,,-0.54%
10/07/2022,0.01207437816952427,0.012155985607313041,0.01207437816952427,0.012181900132782711,,0.93%
10/06/2022,0.012186205215695831,0.012267680794945715,0.012150963571411212,0.012275963663147559,,0.53%
10/05/2022,0.012250248067523367,0.012276867925454859,0.0122382543354016,0.012299669138900165,,0.22%
10/04/2022,0.01227732010656714,0.012271444348999879,0.012242899118511263,0.012305420537746877,,-0.05%
10/03/2022,0.012270842025179769,0.01226933647428347,0.012206584231534489,0.012272950417280314,,-0.02%
09/30/2022,0.012268583837367652,0.012274004885053945,0.012238404112103782,0.012324073845850485,,0.06%
09/29/2022,0.012275812965713655,0.012260160608103967,0.012203604944900723,0.012276566489884108,,0.07%
09/28/2022,0.012284106822592929,0.012217470983506415,0.01219437839156149,0.01229437655216504,,-0.37%
09/27/2022,0.012239153050608898,0.012292260792604976,0.012229124883823312,0.012303603725531208,,0.12%
09/26/2022,0.012253400318588408,0.012298610257040954,0.012239302849309705,0.012298610257040954,,0.44%
09/23/2022,0.012307692307692308,0.01234186979327368,0.01230526911623557,0.012382367508667657,,0.25%
09/22/2022,0.012338519624415463,0.012467895169937411,0.01232589670898558,0.01247240480437033,,1.43%
09/21/2022,0.012514548162238603,0.012537612838515545,0.0124912561207155,0.012542330364981813,,0.20%
09/20/2022,0.012539027723790296,0.012554927809165096,0.012535883967857993,0.012566760917373547,,0.07%
09/19/2022,0.012548153539206706,0.012549255829129332,0.012528502342829938,0.01256770852970378,,0.01%
09/16/2022,0.012549255829129332,0.012526305241006114,0.012522226952841293,0.012568182389462836,,-0.19%
09/15/2022,0.01252520697904533,0.012580198767140522,0.012524108909651077,0.012590018633227578,,0.51%
09/14/2022,0.012589543125479977,0.012568182389462836,0.012559658377292136,0.012602553277293978,,-0.18%
09/13/2022,0.012566445078351786,0.012598425196850394,0.0125617093974148,0.012658548317678929,,0.29%
09/12/2022,0.012602394454946441,0.012555243069505827,0.01254390366281987,0.012614635500107226,,-0.36%
09/09/2022,0.012557292647705155,0.012553982123129456,0.012552563861168643,0.012589067653649571,,-0.04%
09/08/2022,0.012552248735360939,0.012557292647705155,0.01252583453372581,0.012558711978499485,,0.05%
09/07/2022,0.01255808112520407,0.012514391550282824,0.012504063820741741,0.01256376108751916,,-0.30%
09/06/2022,0.012520345561537497,0.01253085723594351,0.012513138795735523,0.012541543864049664,,0.11%
09/05/2022,0.012533998470852186,0.012511729746637473,0.012511416667709283,0.012538870498545492,,0.08%
09/02/2022,0.012544375729141839,0.012545477355413375,0.012513451960857923,0.012562182804884177,,0.06%
09/01/2022,0.01255130345286358,0.012573081033507261,0.012540757461750691,0.012613362596334556,,0.23%
08/31/2022,0.012580040507730435,0.01254594954019095,0.012544375729141839,0.012592079581942956,,-0.22%
08/30/2022,0.012552563861168643,0.01250500200080032,0.012502344189535539,0.012591762468992785,,-0.36%
08/29/2022,0.012507191635190235,0.012501718986360624,0.012478941785736568,0.012516897812046263,,-0.01%
08/26/2022,0.01250609672215205,0.012518308025487276,0.012502656814573096,0.012545634746389993,,0.12%
08/25/2022,0.012521599759585285,0.01252960118279435,0.012499062570307227,0.012539342186108917,,0.10%
08/24/2022,0.0125344697919278,0.012519561815336464,0.012515644555694618,0.012548468459424526,,-0.08%
08/23/2022,0.012523952058311522,0.012519561815336464,0.01251266907744091,0.012549885796039256,,0.00%
08/22/2022,0.012523481527864748,0.012514861397910018,0.012510947078693857,0.012536198272511878,,-0.09%
08/19/2022,0.012512512512512512,0.012535255405828893,0.012508912600227663,0.012547366307811992,,0.21%
08/18/2022,0.012539184952978056,0.012593665386310685,0.012536826929104244,0.012598901375800031,,0.50%
08/17/2022,0.012602394454946441,0.012631685319455322,0.012576401639962775,0.012633440717579433,,0.13%
08/16/2022,0.012618614980819705,0.01257071024512885,0.012562024998429747,0.012618296529968454,,-0.34%
08/15/2022,0.012575769008274855,0.012554297335978105,0.012553666926109116,0.012585106784631067,,-0.15%
08/12/2022,0.012556346605391695,0.012561236025624922,0.012537770032222069,0.012564392511622063,,0.08%
08/11/2022,0.012565971349585323,0.012647661447398376,0.012547838634795158,0.012647661447398376,,0.62%
08/10/2022,0.012643823492224048,0.01256913021618904,0.012560762689510507,0.012655344351919815,,-0.59%
08/09/2022,0.012568656284956575,0.012565655550250058,0.012553194160254076,0.01257909103488182,,-0.03%
08/08/2022,0.012565339766787293,0.012590494176896444,0.012548783395449813,0.012591286829513977,,0.28%
08/05/2022,0.012600806451612904,0.012632642748863063,0.012579565753390193,0.012671380420182973,,0.25%
08/04/2022,0.012632642748863063,0.012642864367351066,0.0125250501002004,0.012650541443173768,,0.07%
08/03/2022,0.01264094655407797,0.012718277436504001,0.012619411178274422,0.012726856211978518,,0.66%
08/02/2022,0.012724750913000878,0.012664479933131547,0.0126579073947495,0.0127562409909048,,-0.47%
08/01/2022,0.01266480071936068,0.012628654416871882,0.012619729685390138,0.012675235125611578,,-0.48%
07/29/2022,0.012604618332156902,0.012562182804884177,0.012562182804884177,0.012631366208569118,,-0.36%
07/28/2022,0.012558711978499485,0.012537141281045095,0.012522697389017593,0.012565023999195839,,-0.27%
07/27/2022,0.012524265764919532,0.012527717575134987,0.012500781298831176,0.012535412540426706,,0.00%
07/26/2022,0.012524579487243715,0.012541543864049664,0.012518151319413149,0.01254831099733976,,0.19%
07/25/2022,0.012548468459424526,0.012533841371703599,0.012517994617262313,0.012550515826200457,,-0.17%
07/22/2022,0.012526619065514218,0.012518308025487276,0.012509695013635568,0.01253085723594351,,-0.03%
07/21/2022,0.012523481527864748,0.012495938819883538,0.012489540010241424,0.012537612838515545,,-0.16%
07/20/2022,0.01250312578144536,0.012514548162238603,0.012489540010241424,0.012519091614712437,,0.16%
07/19/2022,0.012523481527864748,0.012501718986360624,0.012488760115895694,0.01252238376097274,,-0.18%
07/18/2022,0.012501562695336917,0.012528659308167434,0.012496875781054738,0.012546579175187884,,0.29%
07/15/2022,0.012537612838515545,0.0125208158563612,0.012503282111554282,0.012544690459762906,,-0.16%
07/14/2022,0.012517211165352359,0.012545792141315803,0.012463388795413474,0.012552406296286999,,0.30%
07/13/2022,0.012554927809165096,0.012580198767140522,0.012520345561537497,0.012582573136206355,,0.25%
07/12/2022,0.012586532410320955,0.012583998187904262,0.012552406296286999,0.012585106784631067,,0.05%
07/11/2022,0.012592872434202242,0.012617500473156268,0.012565181881007728,0.012617500473156268,,0.19%
07/08/2022,0.012616704516780217,0.01262945188178833,0.01258890917102033,0.012637751491254677,,0.11%
07/07/2022,0.012630249447426587,0.012650861523669761,0.012613839905143923,0.012673468094544072,,0.16%
07/06/2022,0.012650701481397145,0.01262849493597353,0.012594775687045014,0.01267073819720737,,-0.32%
07/05/2022,0.012610658528588363,0.012663998784256118,0.012590018633227578,0.012665281929175744,,0.45%
07/04/2022,0.012668009475671088,0.012660792059151221,0.012644143232854543,0.012678931419659952,,-0.02%
07/01/2022,0.012665281929175744,0.01266095235683628,0.01263280233454187,0.012687457179832018,,-0.01%
06/30/2022,0.012663838409421896,0.012674271229404309,0.012643024211391365,0.012679574473480669,,0.03%
06/29/2022,0.01266704667806701,0.012657586957622398,0.012646221941195067,0.012681343207872578,,-0.06%
06/28/2022,0.012659029052471675,0.01274778507234368,0.012650701481397145,0.012748922716030495,,0.71%
06/27/2022,0.012748597654258032,0.012774165527636907,0.012727342149138995,0.012788377922144356,,0.24%
06/24/2022,0.012778736182991503,0.012790667928679235,0.012759170653907496,0.012800819252432155,,0.14%
06/23/2022,0.012796724038646108,0.012784454103809767,0.012758845069344323,0.012802130274477673,,-0.04%
06/22/2022,0.012790995139421845,0.012795905310300703,0.012753475322025252,0.01280065539355615,,0.06%
06/21/2022,0.012798689414203986,0.0128308762205371,0.012797051559320732,0.01283120549175595,,0.26%
06/20/2022,0.012832522745646566,0.012820184097843646,0.012810986702195801,0.012840431952130868,,-0.03%
06/17/2022,0.012828407224958949,0.012821663482620236,0.012802130274477673,0.012830217728794857,,-0.03%
06/16/2022,0.012824294343203764,0.012814598390486442,0.012800327688388822,0.012834169693391686,,-0.25%
06/15/2022,0.012792467794962325,0.012815583749839805,0.012783310110319966,0.012824294343203764,,0.19%
06/14/2022,0.012816897798056958,0.012799508498873643,0.012799508498873643,0.012828242659038138,,-0.10%
06/13/2022,0.012803441565092697,0.012790177143953443,0.012767641688903644,0.012826597232020318,,-0.05%
06/10/2022,0.012796887796887795,0.012852809624183847,0.012786415711947626,0.012857106122553934,,0.42%
06/09/2022,0.012850992739189103,0.012868853513840452,0.012841256388525055,0.012871669455528383,,0.14%
06/08/2022,0.012868522307583419,0.01287001287001287,0.012851653365205433,0.01288693007551741,,0.06%
06/07/2022,0.012875978574371652,0.012856114367993417,0.012845710175087031,0.012883277505797474,,-0.19%
06/06/2022,0.01285115788932583,0.01287365792116172,0.012844555193053664,0.012894241431776568,,0.26%
06/03/2022,0.012884107453456162,0.012916058535577283,0.012873326467559216,0.012921065212616129,,0.28%
06/02/2022,0.012920063566712749,0.012892911477269798,0.01287763669611353,0.012923737027798959,,-0.21%
06/01/2022,0.012893243940175348,0.012882115758692208,0.012877470864722169,0.012914724076920098,,-0.05%
05/31/2022,0.01288693007551741,0.012894407695382514,0.012861405494392427,0.012894407695382514,,0.06%
05/30/2022,0.012894241431776568,0.012887428313680005,0.012887428313680005,0.012905390581645955,,-0.09%
05/27/2022,0.01288261362465217,0.01287995878413189,0.012869515977504086,0.012897733868159364,,-0.02%
05/26/2022,0.012880622391673967,0.012902559867877786,0.012867363219928972,0.012902559867877786,,0.14%
05/25/2022,0.012898066579819683,0.012903891813771034,0.012879792892930281,0.012910055642339819,,0.07%
05/24/2022,0.012907389480477574,0.012898565679496439,0.012871669455528383,0.012909388998618697,,-0.09%
05/23/2022,0.012895737958604681,0.01287365792116172,0.012863721731971494,0.012912389437665442,,-0.41%
05/20/2022,0.012842740640852758,0.012914557288976133,0.01283845373663196,0.012914557288976133,,0.58%
05/19/2022,0.012917393270038106,0.012849341471249599,0.012849341471249599,0.012923570006978727,,-0.51%
05/18/2022,0.012851818532322323,0.012910722354915758,0.012851818532322323,0.012910722354915758,,0.43%
05/17/2022,0.012907222881924725,0.01284983680707255,0.01284983680707255,0.012924071082390954,,-0.46%
05/16/2022,0.012848020762401552,0.012901228196924347,0.012835158064971569,0.012901228196924347,,0.46%
05/13/2022,0.012906556530717603,0.012913223140495868,0.0128952390777325,0.012946156933314346,,0.06%
05/12/2022,0.012914056950991154,0.012916892712289131,0.01287912937085453,0.01293761482133154,,0.01%
05/11/2022,0.012915724895059736,0.01294431356305175,0.012902892828572167,0.01296092281770462,,0.26%
05/10/2022,0.012949174490126255,0.012924238116163052,0.012907889301941347,0.012967813885935108,,-0.18%
05/09/2022,0.012925741614425128,0.012989205969839065,0.012897401173663508,0.012989205969839065,,0.50%
05/06/2022,0.012990555865885501,0.01306882040826995,0.012973702305426901,0.01306882040826995,,0.61%
05/05/2022,0.013069503620252504,0.013132148813510354,0.013058580793439368,0.013156682937097899,,0.30%
05/04/2022,0.013109252510421856,0.013076339670999294,0.013054319021448248,0.013122326326011074,,-0.25%
05/03/2022,0.013077023669412841,0.013073604392731078,0.013042060645582002,0.013080444735120994,,-0.02%
05/02/2022,0.013074459044257044,0.013069332810560021,0.013066771200836273,0.013101523707207149,,-0.07%
04/29/2022,0.013065917554060235,0.013051933643969353,0.01303712974551523,0.01311234658554495,,-0.18%
04/28/2022,0.013042911177774879,0.013068308046157264,0.013034410844629822,0.013087806091064955,,0.05%
04/27/2022,0.01304937884956676,0.01302541257994347,0.013018121224744845,0.013072237182671441,,-0.06%
04/26/2022,0.013041210224308814,0.013064039923706005,0.013036959780979076,0.013080273639324536,,-0.09%
04/25/2022,0.013029655495908687,0.013062333455248445,0.013020833333333334,0.013063015989131569,,0.36%
04/22/2022,0.013076168682576007,0.013109080660173302,0.013066258999385886,0.013122498523718917,,0.28%
04/21/2022,0.013112690461828959,0.013109252510421856,0.013090718680455558,0.013144058885383806,,-0.01%
04/20/2022,0.013111486973737691,0.013076168682576007,0.013063698594346031,0.013130941751142391,,-0.23%
04/19/2022,0.013081300281247958,0.013108736973192633,0.013061650992685475,0.013114238128335934,,0.21%
04/18/2022,0.013108908814430286,0.013104785867798919,0.013079931461159143,0.013119571777177194,,-0.06%
04/15/2022,0.013100665513808103,0.013105129347626662,0.013095004255876385,0.013108565136460163,,0.05%
04/14/2022,0.01310753421066429,0.013132838663077025,0.013106847016881617,0.013143886121370643,,0.22%
04/13/2022,0.013136806705026143,0.013131114175037751,0.013108565136460163,0.013150281416022303,,0.05%
04/12/2022,0.013143713361899005,0.013168637572756723,0.01312404850648328,0.013168637572756723,,0.32%
04/11/2022,0.01318634949100691,0.013163783798014903,0.013138705311978556,0.013191741969527075,,-0.16%
04/08/2022,0.013164823591363877,0.013169678133066428,0.013147342264761178,0.013206201632286522,,0.06%
04/07/2022,0.013172974325873039,0.01316447697532977,0.013149243918474688,0.013196790540540541,,-0.04%
04/06/2022,0.013167077040567764,0.01325837929571489,0.013145095564844757,0.01325837929571489,,0.64%
04/05/2022,0.013251176041873716,0.013256621682530424,0.01323241412163235,0.013287270794578792,,0.02%
04/04/2022,0.013253634809346465,0.013171412765733253,0.013166383589419496,0.013270695649865966,,-0.72%
04/01/2022,0.013158760444766103,0.013172106746753075,0.0131542600071033,0.013181656406944096,,0.09%
03/31/2022,0.01317037193130334,0.01318478475838882,0.013163437236731254,0.013218595920741299,,0.14%
03/30/2022,0.013188610316130991,0.013215626156367288,0.013160665403242788,0.013224889241552603,,0.21%
03/29/2022,0.013215975471149525,0.013157029142819552,0.01312749422390254,0.013233639912657977,,-0.56%
03/28/2022,0.013142331449599158,0.013102725366876311,0.013090718680455558,0.013154086974823077,,-0.26%
03/25/2022,0.013108736973192633,0.013119571777177194,0.01310633166882921,0.013136288998357963,,-0.03%
03/24/2022,0.01310530109429264,0.013070186903672721,0.013070186903672721,0.013129217761205788,,-0.29%
03/23/2022,0.013066771200836273,0.013139913802165459,0.013066771200836273,0.013161011818588614,,0.49%
03/22/2022,0.013130424506624298,0.013104785867798919,0.013068478829064298,0.01315858729406811,,-0.17%
03/21/2022,0.013108736973192633,0.013152010942473103,0.013108736973192633,0.013157029142819552,,0.29%
03/18/2022,0.013146650890685598,0.013146650890685598,0.013121637580370032,0.01315495218174882,,0.17%
03/17/2022,0.013168810988055888,0.013148552344386883,0.013142331449599158,0.01320044881525972,,-0.35%
03/16/2022,0.013123359580052493,0.01311114316057217,0.01307497188881044,0.013139223209123876,,-0.29%
03/15/2022,0.01308557969118032,0.013077023669412841,0.013039509714434738,0.013105816361301145,,-0.04%
03/14/2022,0.013080444735120994,0.013045633626425236,0.013034410844629822,0.013082155939298797,,-0.08%
03/11/2022,0.013070016076119774,0.013093975461889985,0.01303152325475325,0.013110971260750996,,0.26%
03/10/2022,0.013104442405975626,0.01311114316057217,0.01307240806829026,0.013145613965900277,,-0.09%
03/09/2022,0.01309208975936739,0.012999168053244593,0.012984652141169138,0.013103240431358677,,-0.68%
03/08/2022,0.013003055718093752,0.012987687672086863,0.012957731878611966,0.013033561420658197,,-0.09%
03/07/2022,0.012991230919129588,0.013043761820909149,0.012960082944530845,0.013043761820909149,,0.72%
03/04/2022,0.013084723585214264,0.013167423793534796,0.013082498233862738,0.013167597176867165,,0.60%
03/03/2022,0.013162917429018968,0.013217023526301877,0.013154433043935806,0.013222790802226719,,0.44%
03/02/2022,0.013220867817763557,0.01317037193130334,0.013167077040567764,0.013229263130043656,,-0.19%
03/01/2022,0.013195745691589033,0.013282152771321176,0.013189654035374653,0.013283034907815737,,0.35%
02/28/2022,0.013241525423728815,0.013198358124249344,0.013191219924018572,0.01328285847114299,,0.59%
02/25/2022,0.01332001332001332,0.013259961546111514,0.01324942033786022,0.01332001332001332,,-0.71%
02/24/2022,0.013224889241552603,0.013390645295196775,0.01318652337311268,0.013397103546213308,,1.31%
02/23/2022,0.01339764201500536,0.013399437223636608,0.013380611493945274,0.01341723578108438,,0.01%
02/22/2022,0.013399437223636608,0.013388314678948215,0.013333511113481513,0.013404466368193882,,0.14%
02/21/2022,0.01341849605496216,0.013405544533218938,0.013379358325974686,0.013448994687647098,,-0.22%
02/18/2022,0.013389210973797314,0.013320900492873319,0.013313983677056013,0.01342840645100646,,-0.56%
02/17/2022,0.013314692763464482,0.013338135061955638,0.013292039397604774,0.013343118286743613,,0.07%
02/16/2022,0.013324450366422385,0.01329822601664938,0.013276862411874825,0.013341338136215063,,-0.17%
02/15/2022,0.013301940753155885,0.013222266296443212,0.013201494409167118,0.013304595407253664,,-0.67%
02/14/2022,0.013212483154083977,0.01323258922073282,0.013207945900253593,0.013266646324475637,,0.45%
02/11/2022,0.013271752402187186,0.013277567549624909,0.013239772275916854,0.013302825520140478,,0.33%
02/10/2022,0.01331522462783947,0.013366303548753592,0.013282329189246626,0.01336791166483972,,0.39%
02/09/2022,0.013367554272270344,0.013383297644539615,0.01335291761249833,0.013394950103810864,,0.12%
02/08/2022,0.013383476759592608,0.01339782151422179,0.013364874437004666,0.013405005429027199,,0.09%
02/07/2022,0.013394950103810864,0.013387418504089857,0.013363267051528759,0.01340033500837521,,0.01%
02/04/2022,0.013396744591064371,0.013396924066234392,0.013361302994268,0.013404646050321042,,0.00%
02/03/2022,0.013396924066234392,0.013359874951570453,0.013343830479977581,0.013401053322791172,,-0.24%
02/02/2022,0.013364874437004666,0.013377747454883546,0.013324983010646663,0.01338956952533976,,0.10%
02/01/2022,0.013377747454883546,0.013411837287590026,0.013350778350377826,0.013435081685296646,,0.26%
01/31/2022,0.013412736734803369,0.013327114013460387,0.013319658483956472,0.013412736734803369,,-0.65%
01/28/2022,0.013325160568184845,0.013297341861361913,0.013293629692651281,0.013354522509047688,,-0.22%
01/27/2022,0.013296281030195853,0.013308667935426344,0.013275099895126713,0.013323740240360274,,0.41%
01/26/2022,0.01335060010947492,0.013369341426241342,0.013337067712292776,0.013383297644539615,,0.16%
01/25/2022,0.013371307847620575,0.013394591264047578,0.013365588954677288,0.013410758110155968,,0.19%
01/24/2022,0.013397283031001314,0.01344573971737055,0.013376673756303756,0.013457682317951202,,0.31%
01/21/2022,0.01343923450120281,0.013425882416121799,0.013406083680774335,0.01346275528749714,,-0.08%
01/20/2022,0.013428586775527742,0.013437248051599033,0.013413456379439853,0.013456957920092582,,0.02%
01/19/2022,0.013430931435095024,0.013410758110155968,0.013378463349699653,0.013445378151260505,,-0.15%
01/18/2022,0.01341111781667002,0.013469283299435638,0.013401592109142567,0.013474728147359628,,0.42%
01/17/2022,0.013467106592148677,0.01348035911676687,0.013445016604595508,0.013488541484009334,,0.13%
01/14/2022,0.01348508549544204,0.013526491633864924,0.013474728147359628,0.013528870609881487,,0.25%
01/13/2022,0.013518628670307686,0.013555094682336356,0.013514791939778089,0.013555094682336356,,0.24%
01/12/2022,0.013550686342263236,0.013550686342263236,0.013500378010584296,0.013557116130256772,,-0.03%
01/11/2022,0.013547014915263424,0.013504936054127784,0.01350329480393216,0.013556197215557092,,-0.28%
01/10/2022,0.013508949679162444,0.013474365020548405,0.0134707348285849,0.013514244013189902,,-0.34%
01/07/2022,0.01346293653571717,0.01343472069215681,0.01343472069215681,0.013468739056649517,,-0.14%
01/06/2022,0.013443570612354641,0.013435081685296646,0.013419216317767043,0.01345424212254124,,0.13%
01/05/2022,0.013461667900652891,0.013416515730864696,0.013404825737265416,0.013467287957551108,,-0.33%
01/04/2022,0.013417415805715819,0.01344284773286373,0.01338114863779907,0.01344284773286373,,0.17%
01/03/2022,0.013440860215053762,0.01342570216422319,0.013422458457491074,0.013465111895079847,,-0.12%
12/31/2021,0.013425341674945626,0.01343688694203327,0.013417055761283745,0.013494184006693116,,0.10%
12/30/2021,0.013438150910434724,0.013423719712732398,0.013392259274139546,0.013461849119595066,,-0.21%
12/29/2021,0.013410218586562963,0.013377926421404682,0.013357376611233554,0.01341057826413475,,-0.19%
12/28/2021,0.013384193267750786,0.013344186605105487,0.013333333333333334,0.013405005429027199,,-0.35%
12/27/2021,0.013336889837289943,0.013329956411042536,0.013299640909695438,0.01334062620899425,,-0.03%
12/24/2021,0.013332622260146124,0.013322852689217816,0.013292922847875793,0.013333688898370622,,-0.04%
12/23/2021,0.013327114013460387,0.013244506840787783,0.013244156016157872,0.013327114013460387,,-0.56%
12/22/2021,0.0132520540683806,0.013212657726101605,0.013212657726101605,0.013253986136330501,,-0.32%
12/21/2021,0.013209167162010435,0.013193482419684675,0.013192612137203167,0.013261895920640816,,-0.03%
12/20/2021,0.013204806549584048,0.01315270288044193,0.013125426576363732,0.013204806549584048,,-0.37%
12/17/2021,0.013155644429242365,0.013121981944152846,0.013104614134636806,0.013166383589419496,,-0.22%
12/16/2021,0.013126115719836186,0.013126977250948423,0.01309877788402342,0.013143022369424074,,-0.22%
12/15/2021,0.013096719271822408,0.013141122514685206,0.01308506601415804,0.013151837969356218,,0.41%
12/14/2021,0.013150108488395028,0.013196964698119432,0.013150108488395028,0.013200971591509136,,0.36%
12/13/2021,0.013197835554968985,0.01321353065539112,0.013189480070695614,0.013231888852133642,,0.07%
12/10/2021,0.013206899284186058,0.013221741832268983,0.01317783488172893,0.013230138254944766,,0.16%
12/09/2021,0.013227688196933821,0.013261720045089848,0.013211610363187168,0.013265942346214563,,0.29%
12/08/2021,0.013265414411546217,0.013260489046836046,0.013229088118955961,0.013279154383448863,,-0.03%
12/07/2021,0.013261016589531752,0.01326312718012653,0.013242752903473574,0.013285152513550854,,0.02%
12/06/2021,0.013263479010544466,0.013301233024301353,0.01324942033786022,0.013301233024301353,,0.20%
12/03/2021,0.013290626121396578,0.01333031179599291,0.013271576265113006,0.013342584191706251,,0.34%
12/02/2021,0.013335289175745776,0.013330489495574277,0.01331575653470752,0.013350778350377826,,-0.04%
12/01/2021,0.013329601045040721,0.013317884587212166,0.013317884587212166,0.013369341426241342,,-0.11%
11/30/2021,0.013315579227696406,0.01332569326919233,0.013297165044412532,0.013359696467696254,,0.07%
11/29/2021,0.013324450366422385,0.013364338598882742,0.01330034846912989,0.01336844778952716,,-0.02%
11/26/2021,0.013321787783920602,0.013404646050321042,0.013314692763464482,0.01340931947703654,,0.76%
11/25/2021,0.013422458457491074,0.01339638565515024,0.01339638565515024,0.013429308122045552,,-0.16%
11/24/2021,0.01340087373696765,0.013433998764072114,0.01340087373696765,0.013454966228034767,,0.24%
11/23/2021,0.013432374709524896,0.013433637829124127,0.013406263406263406,0.013446101302927217,,0.00%
11/22/2021,0.013432735576600175,0.013450441847014676,0.013417955908596884,0.013459312498317586,,0.13%
11/19/2021,0.013449899125756557,0.01347999568640138,0.013423179145748879,0.01347999568640138,,0.25%
11/18/2021,0.013483449066271152,0.01345985597954102,0.01345207027361511,0.013510774842937242,,-0.12%
11/17/2021,0.013467106592148677,0.01342840645100646,0.013415255828928658,0.013473820367026866,,-0.27%
11/16/2021,0.013430570664947555,0.013436345314074572,0.013416515730864696,0.013461667900652891,,0.07%
11/15/2021,0.013440137627009302,0.01344573971737055,0.013419216317767043,0.013451708366962604,,0.08%
11/12/2021,0.013450441847014676,0.013452794145343987,0.013414715943389898,0.013463661577402591,,0.05%
11/11/2021,0.013456776832813004,0.013439053890606102,0.013403568029809536,0.013462211572117067,,-0.14%
11/10/2021,0.013438150910434724,0.013479450577594457,0.013434179238819404,0.013499649009125763,,0.32%
11/09/2021,0.013481631277384564,0.013530884243285298,0.013481631277384564,0.013543895766178184,,0.34%
11/08/2021,0.01352795552008225,0.013472731192067254,0.01345985597954102,0.01353619578753587,,-0.36%
11/05/2021,0.013478723834427357,0.013412017167381975,0.01340806092622885,0.013482358334119803,,-0.48%
11/04/2021,0.013414176101303858,0.013431833445265278,0.013410758110155968,0.013473820367026866,,0.13%
11/03/2021,0.013431472626658787,0.013386880856760375,0.013378821325841193,0.013444474321054048,,-0.33%
11/02/2021,0.013387776959635854,0.01336237422665259,0.013349352556401016,0.013410218586562963,,-0.19%
11/01/2021,0.01336237422665259,0.013344898912390738,0.01332533813045506,0.0133700564216381,,-0.13%
10/29/2021,0.013344898912390738,0.01336844778952716,0.013324805457840315,0.013377031636679821,,0.20%
10/28/2021,0.013371129058137669,0.013321077941627036,0.013309199318568995,0.013377926421404682,,-0.37%
10/27/2021,0.013321077941627036,0.013343652424541648,0.013313806417254694,0.0133539875006677,,0.17%
10/26/2021,0.013343652424541648,0.01332942336914505,0.013302294645826405,0.013357911891213166,,-0.11%
10/25/2021,0.01332942336914505,0.013343118286743613,0.013301056103854646,0.013353452535152964,,0.03%
10/22/2021,0.013333511113481513,0.013356662971323244,0.013333511113481513,0.013391900578530106,,0.15%
10/21/2021,0.01335309591528796,0.01336380280372583,0.01334329632792485,0.013386343252613684,,0.11%
10/20/2021,0.01336719689881032,0.01332001332001332,0.013296281030195853,0.013375958052995546,,-0.41%
10/19/2021,0.01331203407880724,0.013290802764486976,0.01328462304882099,0.013352561021203867,,-0.12%
10/18/2021,0.013296104241457255,0.013326048426859983,0.013261016589531752,0.013326048426859983,,0.24%
10/15/2021,0.013328002132480341,0.013335644845106485,0.01332001332001332,0.013354344168157901,,0.05%
10/14/2021,0.013334222281485432,0.013287977038375677,0.013265238442661005,0.013338668800853675,,-0.41%
10/13/2021,0.013279154383448863,0.013244682260072582,0.013238895876083935,0.013298933425539271,,-0.24%
10/12/2021,0.013247138618058499,0.013256621682530424,0.013212657726101605,0.013301586879314702,,0.11%
10/11/2021,0.013262071800856728,0.013312211291417617,0.013236968204802371,0.013320900492873319,,0.36%
10/08/2021,0.013310085051443479,0.013361124472235584,0.013298402861816296,0.013365053059260645,,0.41%
10/07/2021,0.013364517206815904,0.013374705756473357,0.0133422281521014,0.013384372406777846,,0.06%
10/06/2021,0.013372917168151059,0.013418856176699497,0.013321610316255028,0.013418856176699497,,0.29%
10/05/2021,0.01341111781667002,0.013408780069189304,0.013389031705227077,0.013435442697836893,,-0.03%
10/04/2021,0.01340698235641122,0.013486722321874114,0.013405364827003769,0.013488905375328791,,0.59%
10/01/2021,0.013486176668914362,0.013478905512872355,0.01344284773286373,0.01349709812390336,,-0.03%
09/30/2021,0.013482540110556829,0.01345424212254124,0.013447909522464732,0.013492545368683804,,-0.17%
09/29/2021,0.013459312498317586,0.01348181303421684,0.01344827122473406,0.013495823042768263,,0.13%
09/28/2021,0.013477088948787061,0.013550135501355014,0.013466199838405602,0.013562264355656821,,0.51%
09/27/2021,0.013545546901456146,0.013571283164823233,0.013534363749560133,0.013585110718652357,,0.01%
09/24/2021,0.013546280868587529,0.013544262650341317,0.01353637901861252,0.013583449924611853,,0.01%
09/23/2021,0.013548299688389106,0.01353546291283162,0.013529602770862646,0.013586956521739132,,-0.02%
09/22/2021,0.013545546901456146,0.013554359759816744,0.013521736190926916,0.013573125212080083,,0.11%
09/21/2021,0.013560241372296425,0.013578654355353385,0.013557667538876612,0.013595268846441437,,0.12%
09/20/2021,0.013577179476735502,0.013545546901456146,0.013541511503514023,0.013584188005161993,,0.01%
09/17/2021,0.013578654355353385,0.013600631069281615,0.013578654355353385,0.013621565662757278,,0.10%
09/16/2021,0.013591573224600747,0.013615630744094222,0.01358400347750489,0.013636053726051681,,0.18%
09/15/2021,0.013615630744094222,0.013581605074087654,0.013560793035176696,0.01361971044495594,,-0.27%
09/14/2021,0.013578285605659428,0.0136000761604265,0.013562264355656821,0.013602296067576208,,0.11%
09/13/2021,0.01359342078434038,0.013597117411108845,0.013552522802119613,0.013597117411108845,,0.06%
09/10/2021,0.013601001033676079,0.01359508401761923,0.01359508401761923,0.013628620102214651,,-0.03%
09/09/2021,0.013596932532020775,0.013561160835367509,0.01353234908047688,0.01360433161918755,,-0.34%
09/08/2021,0.013550869965851807,0.013621009044350006,0.013534913308880257,0.013621751212335857,,0.48%
09/07/2021,0.01361618692301408,0.013684945191794508,0.01360655291588429,0.013689816145769163,,0.50%
09/06/2021,0.013684008867237746,0.013699568463593397,0.01367409169845893,0.013704074221265981,,0.11%
09/03/2021,0.013699193117525378,0.013696191089258077,0.013667550501599105,0.01371177841766077,,-0.01%
09/02/2021,0.013697504314713858,0.013699005452204168,0.013673530779117784,0.013707831284012558,,0.02%
09/01/2021,0.013699568463593397,0.013701070053571185,0.013668484575115157,0.01371441110318723,,0.06%
08/31/2021,0.013707831284012558,0.01361971044495594,0.01361971044495594,0.013716104077797744,,-0.47%
08/30/2021,0.013642750924296374,0.013613591810063167,0.01359508401761923,0.013663628786533127,,-0.24%
08/27/2021,0.01361007145287513,0.013490543129266383,0.013475272874275706,0.013613962479919407,,-0.92%
08/26/2021,0.013485267345425123,0.0134947303078148,0.013463480309660046,0.013496915954704352,,0.05%
08/25/2021,0.013491635186184564,0.013486176668914362,0.013457139012245996,0.013491635186184564,,-0.02%
08/24/2021,0.01348872342721485,0.013498191242373522,0.013471642193183348,0.01349873786800934,,0.00%
08/23/2021,0.013488905375328791,0.013466018502309423,0.013455147266586833,0.01349728029801995,,-0.29%
08/20/2021,0.013449537335915644,0.013443570612354641,0.013425882416121799,0.013454966228034767,,-0.04%
08/19/2021,0.013444474321054048,0.013462574044157242,0.013429308122045552,0.013466018502309423,,0.12%
08/18/2021,0.013460761879122356,0.013455147266586833,0.013448994687647098,0.013470916291726164,,-0.11%
08/17/2021,0.013445378151260505,0.013489087328351364,0.013441763559378992,0.013489087328351364,,0.28%
08/16/2021,0.013482540110556829,0.013471279232675935,0.013458044546127446,0.013491089135625918,,-0.10%
08/13/2021,0.013469464723471889,0.013469646152395577,0.01345424212254124,0.013470190468493225,,-0.10%
08/12/2021,0.0134562336002153,0.0134947303078148,0.013451708366962604,0.0134947303078148,,0.07%
08/11/2021,0.013465655844767919,0.01343742861366049,0.013422638622300372,0.013476907319308366,,-0.23%
08/10/2021,0.013434540202861557,0.01343075104759858,0.01342119743923553,0.01345225123424405,,-0.07%
08/09/2021,0.013424981205026313,0.013469283299435638,0.013424981205026313,0.013476544075037396,,0.33%
08/06/2021,0.013469464723471889,0.013498555654544964,0.013469464723471889,0.013506030442592618,,0.19%
08/05/2021,0.01349527665317139,0.013482176562584264,0.013460761879122356,0.013497644661006654,,-0.10%
08/04/2021,0.013481631277384564,0.013469464723471889,0.01346275528749714,0.013494366102152352,,-0.10%
08/03/2021,0.013467832083069587,0.013455871469515724,0.013446643717728055,0.013476362460244732,,-0.14%
08/02/2021,0.013448813814621551,0.013451346479782626,0.013435081685296646,0.013456052532429087,,0.02%
07/30/2021,0.013450984612073605,0.013466925231631115,0.013431111827437076,0.013468194857843204,,0.13%
07/29/2021,0.01346837625255899,0.013443932081255126,0.013435081685296646,0.013473638825637641,,-0.34%
07/28/2021,0.013422818791946308,0.013418135952553471,0.013416695736174093,0.013457139012245996,,-0.01%
07/27/2021,0.013422098142381616,0.01346275528749714,0.013414535991200063,0.01346275528749714,,0.22%
07/26/2021,0.013451708366962604,0.013433276913570297,0.013416695736174093,0.01345207027361511,,-0.12%
07/23/2021,0.013435984253026454,0.013430570664947555,0.01340931947703654,0.0134455589318848,,-0.04%
07/22/2021,0.013430931435095024,0.013433457368923039,0.01341831600134183,0.013457863429601917,,-0.05%
07/21/2021,0.013423719712732398,0.01341831600134183,0.013397283031001314,0.013424080114910126,,-0.05%
07/20/2021,0.013416515730864696,0.01334329632792485,0.013338135061955638,0.013416515730864696,,-0.43%
07/19/2021,0.013358625664591625,0.013390286686037948,0.013327646870668515,0.013390286686037948,,0.33%
07/16/2021,0.013403029084573114,0.013417055761283745,0.013392438629149982,0.013424440536440645,,0.08%
07/15/2021,0.01341381623071764,0.01342966882436679,0.0134091396695988,0.01343435971841582,,0.11%
07/14/2021,0.013428226131328052,0.013395129530902564,0.01339405304045004,0.013429849182793677,,-0.17%
07/13/2021,0.013404825737265416,0.013419396395550127,0.013390645295196775,0.013439776362121333,,0.07%
07/12/2021,0.013414715943389898,0.013416155734735768,0.01338956952533976,0.013438150910434724,,0.08%
07/09/2021,0.013425161437566288,0.013375779139134854,0.013374705756473357,0.013428586775527742,,-0.34%
07/08/2021,0.013379716350013381,0.013379000321096008,0.01335559265442404,0.01339405304045004,,-0.08%
07/07/2021,0.013368983957219251,0.013375779139134854,0.013365410318096767,0.013412017167381975,,0.28%
07/06/2021,0.013406443136571437,0.013452613170108294,0.013399616770960349,0.013469283299435638,,0.37%
07/05/2021,0.013455871469515724,0.01341327646104114,0.01340806092622885,0.013461849119595066,,-0.27%
07/02/2021,0.01341957647816635,0.01341237694144156,0.013353452535152964,0.013422458457491074,,-0.06%
07/01/2021,0.01341111781667002,0.013447367005540315,0.01339782151422179,0.013453518094981838,,0.27%
06/30/2021,0.013447186176292612,0.013473820367026866,0.013427504901039288,0.013476180850347012,,0.09%
06/29/2021,0.013458950201884253,0.013463117788817534,0.013449537335915644,0.013476180850347012,,0.03%
06/28/2021,0.013463480309660046,0.013484539974918755,0.013456052532429087,0.013484539974918755,,0.07%
06/25/2021,0.013473457289140393,0.013482176562584264,0.013466562525249805,0.013492363322359544,,0.04%
06/24/2021,0.013478905512872355,0.013472549680026947,0.01346293653571717,0.01349345567399811,,0.05%
06/23/2021,0.013486176668914362,0.013449899125756557,0.013439776362121333,0.01350329480393216,,-0.26%
06/22/2021,0.013451708366962604,0.013491635186184564,0.013437609180574591,0.013504206560343547,,0.27%
06/21/2021,0.01348799568384138,0.013494912418018406,0.013452432199741713,0.013502930135839477,,0.03%
06/18/2021,0.013491635186184564,0.01347563605002156,0.013458769060981682,0.013546831396136444,,-0.09%
06/17/2021,0.01347963227563152,0.01358824888236653,0.013465655844767919,0.013589172147632767,,1.24%
06/16/2021,0.013647219379051518,0.01363419455995637,0.013625091969370793,0.01365001365001365,,-0.12%
06/15/2021,0.013631406761177753,0.013659709321385641,0.013627134349917556,0.013668858240271189,,0.24%
06/14/2021,0.01366400218624035,0.01365057264152231,0.013643309321108927,0.013679516292303904,,-0.08%
06/11/2021,0.013652809065465218,0.013697691938908295,0.01364964101444132,0.013720620720881413,,0.23%
06/10/2021,0.013683634373289545,0.013708395021110929,0.013673343816230258,0.0137114024022377,,0.13%
06/09/2021,0.013701445502500515,0.013713658804168952,0.013694878115584772,0.013720432468031393,,0.04%
06/08/2021,0.013707079706668495,0.013739472129480785,0.013703323055841042,0.013742870885728028,,0.20%
06/07/2021,0.013734188515471563,0.013714034943361035,0.013707643381949776,0.013743248629110949,,-0.08%
06/04/2021,0.013723068478111704,0.013691128148959474,0.013674465670253934,0.013733999890128001,,-0.24%
06/03/2021,0.013690190978164145,0.013695628355428946,0.01366400218624035,0.013730039954416268,,0.12%
06/02/2021,0.013706140350877194,0.01372495196266813,0.013636425620116455,0.01372495196266813,,0.13%
06/01/2021,0.013724010155767517,0.013796148115446168,0.013706516077743359,0.013797861331493619,,0.48%
05/31/2021,0.01378967980363496,0.013816543929701426,0.013762351710660316,0.013822273211052291,,0.15%
05/28/2021,0.013810247203424941,0.013756671985913169,0.013756671985913169,0.013827433628318585,,-0.41%
05/27/2021,0.013753266400770185,0.013758186120741842,0.01373664111651419,0.01379158161858002,,-0.02%
05/26/2021,0.013750429700928156,0.013735320376347776,0.013735320376347776,0.013768415255404103,,-0.10%
05/25/2021,0.013737207225771,0.013723068478111704,0.013721185510428101,0.013746649254244276,,-0.05%
05/24/2021,0.013729662936774903,0.013724763590947145,0.01370182097200718,0.013731548232063165,,0.01%
05/21/2021,0.013731171131585814,0.01369731669565932,0.013680826321909844,0.013743815283122594,,-0.26%
05/20/2021,0.013695815928233924,0.013669231925858087,0.013656165075723434,0.013695815928233924,,-0.28%
05/19/2021,0.013657470636438131,0.013674278681799537,0.013651877133105802,0.013710274479695084,,0.23%
05/18/2021,0.013688317021422215,0.013657097593619405,0.013648150675583458,0.013706891825209715,,-0.38%
05/17/2021,0.013636053726051681,0.013646101990966279,0.013636053726051681,0.013670353105220709,,0.05%
05/14/2021,0.013642564802182811,0.013614703880190605,0.013608034183381868,0.01366325540723333,,-0.24%
05/13/2021,0.01360914534567229,0.013584926165926287,0.013575520621215822,0.013610997686130393,,-0.08%
05/12/2021,0.013598411705512797,0.013627877185570804,0.013597856977740309,0.013629363099862344,,0.22%
05/11/2021,0.013628620102214651,0.01360488687536563,0.013598041881968996,0.013646288209606987,,-0.12%
05/10/2021,0.013612850530901171,0.013645729568931403,0.013605997523708451,0.013648709514515403,,0.28%
05/07/2021,0.013651131678816174,0.013583449924611853,0.01355803516954323,0.013652249890782,,-0.48%
05/06/2021,0.013586033557502887,0.013552339133734484,0.01351223532909049,0.013587879611386643,,-0.28%
05/05/2021,0.013548299688389106,0.013555829684555843,0.01350347714536493,0.013560976932778237,,0.05%
05/04/2021,0.013555645926528399,0.013541144768378718,0.013516801384120461,0.013555645926528399,,-0.07%
05/03/2021,0.013546464372798701,0.013466199838405602,0.013452613170108294,0.013546464372798701,,-0.32%
04/30/2021,0.01350347714536493,0.013489633216872833,0.01347563605002156,0.01352356481168436,,-0.06%
04/29/2021,0.01349527665317139,0.013475272874275706,0.01345985597954102,0.013521370526116528,,-0.53%
04/28/2021,0.013424080114910126,0.013404825737265416,0.013403927350713758,0.01346275528749714,,-0.13%
04/27/2021,0.013406622871698618,0.013369341426241342,0.013361302994268,0.013420476963751291,,-0.22%
04/26/2021,0.013376673756303756,0.013378105392714284,0.013343830479977581,0.013388852441457244,,-0.23%
04/23/2021,0.013345789403443213,0.013310085051443479,0.013309553597572337,0.013376136971642588,,-0.25%
04/22/2021,0.01331203407880724,0.013258730874280714,0.013255918767729791,0.013360053440213761,,-0.42%
04/21/2021,0.013255743050676706,0.013267702431969857,0.013231188557668137,0.013281447146481079,,0.06%
04/20/2021,0.013263479010544466,0.01339154190213461,0.013252405311564049,0.013419216317767043,,0.71%
04/19/2021,0.013358268768367619,0.013412736734803369,0.01332267519317879,0.013414176101303858,,0.43%
04/16/2021,0.013415615776764152,0.013384193267750786,0.013357911891213166,0.013460399504657298,,-0.25%
04/15/2021,0.013381506757660911,0.013322320215288695,0.01326999124180578,0.013381506757660911,,-0.44%
04/14/2021,0.01332267519317879,0.013300525370752145,0.013287447348489882,0.013322852689217816,,-0.28%
04/13/2021,0.013285505513484789,0.013331555792560991,0.013236792989794433,0.01334027027387575,,0.37%
04/12/2021,0.013335111348179758,0.013339024650517553,0.01329751868301375,0.013379537335598934,,0.34%
04/09/2021,0.013380790537104933,0.013410937961000992,0.013335644845106485,0.013415975743915856,,0.21%
04/08/2021,0.013408959866983119,0.013434540202861557,0.013351313101643546,0.01347963227563152,,0.28%
04/07/2021,0.013446643717728055,0.013613962479919407,0.013406263406263406,0.013617113988861201,,1.19%
04/06/2021,0.013607293509320996,0.01364964101444132,0.013605627287446088,0.013659522736275595,,0.23%
04/05/2021,0.013639029446664576,0.013635867786625941,0.013608774938080074,0.013644053921301096,,-0.09%
04/02/2021,0.013626762962458266,0.013645170973992303,0.01362305020093999,0.013648523229786536,,0.07%
04/01/2021,0.013636611574755906,0.013665869490946362,0.013613035843123374,0.01366829775019819,,0.25%
03/31/2021,0.013670913763875978,0.013620637990683483,0.013581974004101757,0.013688129653964083,,-0.40%
03/30/2021,0.013615630744094222,0.01375156424043235,0.013581789536589341,0.01375156424043235,,0.95%
03/29/2021,0.013744759810322315,0.01378720822820587,0.013743059754823815,0.01379690949227373,,0.19%
03/26/2021,0.013771259381670455,0.013766898868360912,0.013762541115591583,0.013820362922730351,,-0.07%
03/25/2021,0.013761783527145117,0.013776951160708137,0.013752320704118819,0.013783217554305876,,0.10%
03/24/2021,0.01377505337833184,0.013780748294632399,0.013749862501374987,0.013792722959366639,,0.06%
03/23/2021,0.013782647646612913,0.013817689405977534,0.013782647646612913,0.013837383074113023,,0.24%
03/22/2021,0.013815971262779773,0.013802622498274672,0.013786257858166978,0.013828963380904967,,-0.05%
03/19/2021,0.013809675058345877,0.013762541115591583,0.013752320704118819,0.013809675058345877,,-0.39%
03/18/2021,0.013755158184319119,0.0138232285532609,0.013749673445255675,0.013826668878933688,,0.18%
03/17/2021,0.013779798814937303,0.013783977504548713,0.013768036127326798,0.013791201213625705,,0.08%
03/16/2021,0.013790250293042818,0.013790250293042818,0.013766140800088105,0.0138182622153438,,-0.03%
03/15/2021,0.013786447921692976,0.013762541115591583,0.013738339584277844,0.013815971262779773,,-0.21%
03/12/2021,0.013757050488375293,0.0137619729164373,0.013721938635490422,0.013768415255404103,,-0.01%
03/11/2021,0.013755158184319119,0.013744381983864094,0.01373588637674789,0.013777900248002205,,-0.04%
03/10/2021,0.013749484394335211,0.013734188515471563,0.013678580710465483,0.013749862501374987,,-0.06%
03/09/2021,0.013740793668242279,0.013637169469104994,0.013625091969370793,0.013740793668242279,,-0.80%
03/08/2021,0.013631406761177753,0.013660269107301413,0.01362230789140296,0.013711214402259607,,0.23%
03/05/2021,0.013663068725235688,0.013685319757496135,0.01365803023887895,0.013746649254244276,,0.62%
03/04/2021,0.013747783169963843,0.01372005597782839,0.01367745818117161,0.013774294411768756,,-0.28%
03/03/2021,0.013709898546750754,0.013653554702966917,0.013644426251876108,0.013756671985913169,,-0.44%
03/02/2021,0.01365001365001365,0.01362620591922385,0.013603036197679321,0.01365001365001365,,-0.20%
03/01/2021,0.01362305020093999,0.013588433525383194,0.013552155470327556,0.013666056249487522,,-0.72%
02/26/2021,0.013525028064433234,0.013705576799199596,0.013500378010584296,0.01370820710359292,,1.64%
02/25/2021,0.013746649254244276,0.01381387189015209,0.013742493163109652,0.013833363305620495,,0.49%
02/24/2021,0.01381406271584473,0.01381406271584473,0.013797861331493619,0.013837383074113023,,0.01%
02/23/2021,0.013815589511204441,0.013799765403988131,0.013781507972602362,0.01383049347200708,,-0.09%
02/22/2021,0.013802622498274672,0.0137824576878549,0.013774484145568748,0.01383317194632729,,-0.15%
02/19/2021,0.013781697905181918,0.01377543289297866,0.013749106308089974,0.013808912271980335,,-0.03%
02/18/2021,0.013776951160708137,0.01372872048325096,0.01372872048325096,0.013786447921692976,,-0.34%
02/17/2021,0.013729662936774903,0.01371553970648745,0.013702196462092874,0.013747594171020073,,-0.05%
02/16/2021,0.013723068478111704,0.013772207684891888,0.013713846871185837,0.013773914959849039,,0.34%
02/15/2021,0.013769552764926196,0.013773535528834898,0.013755915043468693,0.013790630645539419,,0.04%
02/12/2021,0.01377505337833184,0.01375156424043235,0.01372872048325096,0.013780748294632399,,-0.16%
02/11/2021,0.013753266400770185,0.01373701851750096,0.013717421124828532,0.01376026860044308,,-0.12%
02/10/2021,0.013737207225771,0.013725893898840161,0.013717797470438147,0.013742870885728028,,-0.08%
02/09/2021,0.013725705501262765,0.013713282685609281,0.013707831284012558,0.013732113921617094,,-0.11%
02/08/2021,0.013710838417769246,0.013735320376347776,0.013697879568242834,0.013743626393260126,,0.16%
02/05/2021,0.013733434045182999,0.013700694625217497,0.013692252923295997,0.01374192661811186,,-0.19%
02/04/2021,0.013707079706668495,0.013731359679235439,0.013699193117525378,0.013731359679235439,,0.19%
02/03/2021,0.013733434045182999,0.013707455485038312,0.013696378677477675,0.013735320376347776,,-0.14%
02/02/2021,0.013714223020694763,0.013691503053205182,0.013676896985611904,0.013716104077797744,,-0.28%
02/01/2021,0.013676148796498906,0.013715915948867065,0.01366120218579235,0.013733434045182999,,0.29%
01/29/2021,0.01371629221188928,0.013710838417769246,0.013687380235422939,0.013730794051820018,,-0.05%
01/28/2021,0.013709146742706733,0.013692440403653142,0.013662508709849303,0.01371949128126329,,-0.17%
01/27/2021,0.01368550704803613,0.0137166684955558,0.013681387839982488,0.013738150844896276,,0.21%
01/26/2021,0.013714599190838646,0.013709334685987689,0.01367278295824332,0.013729097449133695,,-0.08%
01/25/2021,0.013704262025489928,0.013706516077743359,0.013695628355428946,0.013721750346474198,,-0.02%
01/22/2021,0.013701445502500515,0.013707079706668495,0.013678954927843512,0.013714599190838646,,0.02%
01/21/2021,0.013704262025489928,0.013712906587680323,0.013688129653964083,0.013717421124828532,,0.08%
01/20/2021,0.013714599190838646,0.013662135391761733,0.013662135391761733,0.013720620720881413,,-0.38%
01/19/2021,0.013662695376543885,0.01366829775019819,0.013641448176138379,0.013679142044210987,,0.01%
01/18/2021,0.013663442094332404,0.013674652663822338,0.013637541424032076,0.013674652663822338,,0.08%
01/15/2021,0.013674278681799537,0.013680452002134151,0.013658776446805897,0.013699568463593397,,0.07%
01/14/2021,0.013683634373289545,0.013671848297171295,0.01365374112506827,0.013713282685609281,,-0.12%
01/13/2021,0.013666803334700014,0.013665869490946362,0.013654113984543543,0.013686443577636351,,-0.08%
01/12/2021,0.013656538067599864,0.013605997523708451,0.013605997523708451,0.013662135391761733,,-0.34%
01/11/2021,0.013610256689441162,0.013616743147374013,0.013586956521739132,0.01363010617852713,,0.18%
01/08/2021,0.013635124079629125,0.013616557734204794,0.013606367780121096,0.013660455712802581,,-0.12%
01/07/2021,0.013618412093149937,0.013666990118766145,0.01361007145287513,0.013686443577636351,,0.40%
01/06/2021,0.01367315685845548,0.013664188893747268,0.01365485976459022,0.013688317021422215,,0.01%
01/05/2021,0.013674278681799537,0.013686443577636351,0.01364424008404852,0.013701070053571185,,0.07%
01/04/2021,0.013683634373289545,0.013681949404151104,0.013675213675213675,0.013731171131585814,,-0.06%
01/01/2021,0.013675213675213675,0.013679890560875515,0.013674278681799537,0.013693940431359122,,0.10%
12/31/2020,0.01368850439400991,0.013659709321385641,0.013655232685164956,0.013707079706668495,,-0.12%
12/30/2020,0.013671661380290932,0.0136317784018103,0.013621565662757278,0.013673343816230258,,-0.36%
12/29/2020,0.01362305020093999,0.013595268846441437,0.013595268846441437,0.013640703860319191,,-0.19%
12/28/2020,0.01359656278892696,0.013594714375050979,0.013585295276392833,0.013613962479919407,,-0.01%
12/25/2020,0.013594714375050979,0.013594714375050979,0.013594714375050979,0.013594714375050979,,0.00%
12/24/2020,0.013595268846441437,0.013549217532687487,0.013541878258514457,0.013602296067576208,,-0.30%
12/23/2020,0.013553808620222282,0.013529968881071575,0.013529968881071575,0.013575889220743959,,-0.10%
12/22/2020,0.013540228017439813,0.01352484514052314,0.013523016173527344,0.013549768298962086,,-0.24%
12/21/2020,0.013508402226184687,0.013591573224600747,0.013494366102152352,0.013591573224600747,,0.62%
12/18/2020,0.013591573224600747,0.013600816048962936,0.013590280231578376,0.01361007145287513,,0.07%
12/17/2020,0.013600816048962936,0.013589726167017736,0.013581974004101757,0.01363010617852713,,-0.16%
12/16/2020,0.013579576317218903,0.013600446094631903,0.013575889220743959,0.013613406482704168,,0.11%
12/15/2020,0.013594714375050979,0.01357478348220346,0.01357330944430871,0.013598596624828317,,-0.11%
12/14/2020,0.013579576317218903,0.013560057494643778,0.013560057494643778,0.013614703880190605,,-0.13%
12/11/2020,0.013561528655510049,0.013566312133709572,0.013548483247300465,0.013600631069281615,,-0.01%
12/10/2020,0.013560241372296425,0.01356391997287216,0.013554359759816744,0.013582342954159592,,0.02%
12/09/2020,0.01356300013563,0.0135690733679797,0.01356300013563,0.013601741022850925,,0.01%
12/08/2020,0.01356391997287216,0.013547749041496755,0.013542611828117172,0.01360451669954425,,-0.07%
12/07/2020,0.013553992328440343,0.013546280868587529,0.013514791939778089,0.013568889250725937,,0.00%
12/04/2020,0.013554543482975493,0.013535829340263678,0.013535829340263678,0.013575704918477892,,-0.13%
12/03/2020,0.013537295248409367,0.013571283164823233,0.013516801384120461,0.013574046423238768,,0.14%
12/02/2020,0.013555645926528399,0.013607293509320996,0.013542795232936078,0.013623606986185663,,0.37%
12/01/2020,0.013605442176870748,0.013509314672466667,0.013509314672466667,0.013613221160390971,,-0.68%
11/30/2020,0.013513513513513514,0.013523930595188185,0.013509862199405566,0.013537295248409367,,0.09%
11/27/2020,0.013525393927098126,0.013543895766178184,0.013492909476070325,0.013564103955292712,,0.13%
11/26/2020,0.013543345477199778,0.013554543482975493,0.01353070116093416,0.013565944054046722,,0.07%
11/25/2020,0.013552155470327556,0.01351990806462516,0.013509862199405566,0.013560609142562685,,-0.39%
11/24/2020,0.013499102309696406,0.013469101880286622,0.013469101880286622,0.013538944774644263,,-0.24%
11/23/2020,0.013466199838405602,0.013490179149579106,0.01346275528749714,0.013512600499966219,,0.19%
11/20/2020,0.013491635186184564,0.013486176668914362,0.013474728147359628,0.013502200858739976,,0.01%
11/19/2020,0.01349345567399811,0.013458950201884253,0.013450260935062141,0.013496005182465989,,-0.01%
11/18/2020,0.013491635186184564,0.013428226131328052,0.013417415805715819,0.013501471660410984,,-0.48%
11/17/2020,0.01342642320085929,0.013451708366962604,0.01339764201500536,0.013451708366962604,,0.13%
11/16/2020,0.013444474321054048,0.013405185125606584,0.013405185125606584,0.013444474321054048,,-0.27%
11/13/2020,0.01340806092622885,0.013394770681525931,0.013382581232268079,0.013427865506499088,,-0.14%
11/12/2020,0.01338956952533976,0.013438150910434724,0.013377210584049013,0.013449899125756557,,0.30%
11/11/2020,0.01342966882436679,0.013482176562584264,0.013415075862254,0.013482176562584264,,0.23%
11/10/2020,0.013460761879122356,0.01352447930754666,0.013425882416121799,0.013526308670363857,,0.34%
11/09/2020,0.013507125008441954,0.01351734951810649,0.013481631277384564,0.01358068283673303,,0.08%
11/06/2020,0.013517897696550233,0.01351132248824515,0.013464386697185944,0.013542428428265757,,0.07%
11/05/2020,0.013527223537368956,0.013457139012245996,0.013437248051599033,0.013527223537368956,,-0.60%
11/04/2020,0.013446643717728055,0.013407341860402757,0.013333688898370622,0.013454423141607804,,-0.34%
11/03/2020,0.01340033500837521,0.013435984253026454,0.013399257681124465,0.013467287957551108,,0.15%
11/02/2020,0.013421017313112333,0.01340931947703654,0.01340931947703654,0.013465293206759578,,-0.08%
10/30/2020,0.013410758110155968,0.013457501211175107,0.013384014133518926,0.013469283299435638,,0.25%
10/29/2020,0.013444474321054048,0.013472186670618507,0.013416875746313714,0.013525028064433234,,0.26%
10/28/2020,0.013478905512872355,0.013563184093097695,0.01346275528749714,0.013578285605659428,,0.77%
10/27/2020,0.013582527436705422,0.013526491633864924,0.013513513513513514,0.013587879611386643,,-0.47%
10/26/2020,0.0135189941868325,0.013540961408259987,0.013491089135625918,0.0135690733679797,,0.17%
10/23/2020,0.013542428428265757,0.013577179476735502,0.013531982841445757,0.013609886221351189,,0.23%
10/22/2020,0.013574046423238768,0.013575889220743959,0.013548850380045253,0.013601741022850925,,0.10%
10/21/2020,0.013586956521739132,0.013617484850548103,0.013555462173482805,0.013631964229725861,,0.20%
10/20/2020,0.013614703880190605,0.013637913399249914,0.013593605567940842,0.013644426251876108,,0.12%
10/19/2020,0.013631406761177753,0.013614333169961336,0.013614333169961336,0.013646101990966279,,-0.11%
10/16/2020,0.013615816132018952,0.013626948653657473,0.013615816132018952,0.013652063509399447,,0.01%
10/15/2020,0.013617484850548103,0.01364163426778528,0.013599336352386004,0.013659522736275595,,0.25%
10/14/2020,0.013650945327963963,0.01362305020093999,0.01361007145287513,0.01366325540723333,,-0.21%
10/13/2020,0.013622122326658494,0.013631592578961,0.013608589741845051,0.013652436277253675,,0.06%
10/12/2020,0.01363066354070116,0.013696003506176899,0.0136204524714311,0.013696003506176899,,0.47%
10/09/2020,0.013694878115584772,0.01367053998632946,0.013649082099228826,0.013705013293862896,,-0.38%
10/08/2020,0.013642564802182811,0.013636983499249966,0.013628434365460095,0.013665122507823282,,-0.05%
10/07/2020,0.013636053726051681,0.013608219364496155,0.013585110718652357,0.013652809065465218,,-0.14%
10/06/2020,0.013616372326084885,0.013680452002134151,0.013601371018198633,0.013680452002134151,,0.44%
10/05/2020,0.01367670993065908,0.013642564802182811,0.013608034183381868,0.013686068950415374,,-0.24%
10/02/2020,0.013643495463537759,0.013653368285956145,0.013614147822417055,0.013653368285956145,,0.11%
10/01/2020,0.0136578436996367,0.013584372537832477,0.013581420616596496,0.01369431548964025,,-0.48%
09/30/2020,0.01359249694168819,0.01354609736934789,0.013537295248409367,0.013599706246345078,,-0.26%
09/29/2020,0.013557483731019521,0.01355197181189863,0.013528138528138528,0.013565391972001031,,-0.01%
09/28/2020,0.013556564766488172,0.013568889250725937,0.013538211602247344,0.013598041881968996,,0.11%
09/25/2020,0.013571283164823233,0.01356208042313691,0.013552890153825305,0.01359231218822634,,-0.30%
09/24/2020,0.013529968881071575,0.013542795232936078,0.013503112467423741,0.013555645926528399,,0.45%
09/23/2020,0.013590649633052461,0.013603406292935752,0.013579576317218903,0.013619524950969708,,0.08%
09/22/2020,0.013601741022850925,0.013590649633052461,0.01357773251866938,0.01362583458236817,,-0.08%
09/21/2020,0.013590649633052461,0.013597487184368328,0.013579576317218903,0.013649082099228826,,0.05%
09/18/2020,0.013598041881968996,0.01361081242939391,0.01358566440691782,0.013671848297171295,,-0.10%
09/17/2020,0.013585110718652357,0.013567600569839224,0.01355197181189863,0.013588802826470988,,0.09%
09/16/2020,0.013597117411108845,0.013589726167017736,0.013552339133734484,0.01361007145287513,,-0.09%
09/15/2020,0.013585110718652357,0.013623978201634876,0.013561160835367509,0.013640703860319191,,0.31%
09/14/2020,0.013626762962458266,0.013606738056685672,0.013584188005161993,0.013647219379051518,,-0.07%
09/11/2020,0.013616557734204794,0.013599891200870393,0.013583265417006248,0.013622122326658494,,0.00%
09/10/2020,0.013616557734204794,0.013614147822417055,0.013603961473581108,0.01366867140513942,,0.18%
09/09/2020,0.013640703860319191,0.013551053594416966,0.013545546901456146,0.013640703860319191,,-0.60%
09/08/2020,0.013559322033898305,0.013581420616596496,0.013517897696550233,0.01362583458236817,,0.41%
09/07/2020,0.013615259983389383,0.013644053921301096,0.013607293509320996,0.013693377882456044,,0.21%
09/04/2020,0.01364424008404852,0.013612479921592115,0.013606923202525444,0.013699380787988383,,-0.14%
09/03/2020,0.013625648921529886,0.013660828939100025,0.013595453680289311,0.013670353105220709,,0.17%
09/02/2020,0.013648336950142625,0.013672969905793237,0.013642192573190362,0.013718926631180376,,0.36%
09/01/2020,0.013697879568242834,0.013658963011528164,0.013657284112481391,0.013745515525559785,,-0.35%
08/31/2020,0.01365057264152231,0.013677084045681461,0.013567968739400024,0.013690565831085797,,0.19%
08/28/2020,0.013677084045681461,0.013547198439362739,0.01353619578753587,0.013677084045681461,,-1.07%
08/27/2020,0.013531067330591038,0.013460761879122356,0.013445378151260505,0.013553808620222282,,-0.43%
08/26/2020,0.013473094230821051,0.013476180850347012,0.01342948847078415,0.013480177399134572,,0.00%
08/25/2020,0.013472912708998558,0.01349309153713299,0.013416515730864696,0.013498555654544964,,0.07%
08/24/2020,0.013482721891895536,0.013347214436347135,0.013347214436347135,0.013522833304033862,,-1.01%
08/21/2020,0.013347214436347135,0.01334009231343881,0.013334755707275442,0.013366124893071001,,-0.12%
08/20/2020,0.01333102262274539,0.01333938051916869,0.013310085051443479,0.013345611295725401,,0.22%
08/19/2020,0.013360588934760245,0.013397283031001314,0.013345611295725401,0.013402669811826516,,0.36%
08/18/2020,0.01340931947703654,0.013380611493945274,0.01335327422283944,0.01340931947703654,,-0.23%
08/17/2020,0.013379000321096008,0.01335559265442404,0.013349174353566232,0.013384193267750786,,-0.21%
08/14/2020,0.01335060010947492,0.013351313101643546,0.01333440008534016,0.013377210584049013,,0.12%
08/13/2020,0.013366839544458109,0.013377747454883546,0.013345611295725401,0.013377747454883546,,0.02%
08/12/2020,0.013369877665619359,0.013403927350713758,0.013344898912390738,0.013403927350713758,,0.23%
08/11/2020,0.013401232913428035,0.013361838588989844,0.01335559265442404,0.01341723578108438,,-0.34%
08/10/2020,0.01335559265442404,0.013328357413232392,0.013328357413232392,0.013358268768367619,,-0.20%
08/07/2020,0.013328890369876707,0.013319481073017395,0.013313629162173317,0.013351669626286766,,0.17%
08/06/2020,0.013351134846461948,0.013358268768367619,0.01333084490895033,0.013371665440930668,,0.14%
08/05/2020,0.013369341426241342,0.013338490883141482,0.013331200341278729,0.013378463349699653,,-0.35%
08/04/2020,0.013322497701869145,0.013304772421867724,0.01329751868301375,0.013341338136215063,,-0.16%
08/03/2020,0.013300525370752145,0.013347392586858155,0.013278096452092629,0.013360945954973613,,0.36%
07/31/2020,0.013347927066926505,0.013378463349699653,0.013347392586858155,0.013390107388661256,,0.06%
07/30/2020,0.013355414284951118,0.013367018219245831,0.013341516129893002,0.013371486641884844,,-0.10%
07/29/2020,0.013342584191706251,0.013353809174066901,0.013342406169528613,0.013388673182487616,,0.05%
07/28/2020,0.013349530763993644,0.013375779139134854,0.013344186605105487,0.013385626514249,,0.15%
07/27/2020,0.013368983957219251,0.013374705756473357,0.013349352556401016,0.013392259274139546,,0.05%
07/24/2020,0.013376136971642588,0.013351134846461948,0.013335111348179758,0.013387956194607331,,-0.07%
07/23/2020,0.013366303548753592,0.013403927350713758,0.013339736406808602,0.013405724244252296,,0.27%
07/22/2020,0.013403029084573114,0.013416515730864696,0.01335559265442404,0.013421017313112333,,0.09%
07/21/2020,0.013415615776764152,0.013385089010841924,0.013354700854700856,0.013419216317767043,,-0.28%
07/20/2020,0.013377926421404682,0.013350065415320534,0.013327114013460387,0.013379716350013381,,-0.20%
07/17/2020,0.01335149136158509,0.013298933425539271,0.013287623907092934,0.01335149136158509,,-0.38%
07/16/2020,0.013301409949454642,0.013313806417254694,0.013280212483399735,0.013313806417254694,,0.07%
07/15/2020,0.013311148086522463,0.013279330721731623,0.013268582650001326,0.013325515697457492,,-0.37%
07/14/2020,0.013261544174203643,0.01328391716149258,0.01323486593080812,0.01328391716149258,,0.26%
07/13/2020,0.013295750678083284,0.01329469010077375,0.013289389751222623,0.013314692763464482,,0.02%
07/10/2020,0.013298756566261056,0.013304064391671654,0.013274395019446989,0.01330778239114234,,0.05%
07/09/2020,0.013305834608475816,0.013346858149591585,0.013305834608475816,0.013349530763993644,,0.28%
07/08/2020,0.013343118286743613,0.01336219567599348,0.013320368174976357,0.013365410318096767,,0.18%
07/07/2020,0.01336719689881032,0.013396744591064371,0.013337067712292776,0.013398539559188048,,0.23%
07/06/2020,0.013398539559188048,0.01339782151422179,0.013363624214887078,0.01342552191716453,,0.00%
07/03/2020,0.013398360040731016,0.013405364827003769,0.013328535060711477,0.013410758110155968,,-0.15%
07/02/2020,0.013377926421404682,0.0132520540683806,0.013238019592268996,0.013396565120703051,,-0.98%
07/01/2020,0.013246787653993907,0.013243279035889285,0.01322244112708088,0.013251000450534017,,-0.07%
06/30/2020,0.013237143424449004,0.013240999430637026,0.01322261596234199,0.013258203513423931,,0.05%
06/29/2020,0.013243279035889285,0.01322261596234199,0.013217023526301877,0.013252405311564049,,-0.15%
06/26/2020,0.013224014810896587,0.013231013495633766,0.013212134023887538,0.01325644594684165,,0.04%
06/25/2020,0.01322978819109106,0.01320707370867837,0.013195745691589033,0.013244506840787783,,-0.10%
06/24/2020,0.013216150135465538,0.013247489600720662,0.013196093956188967,0.013247489600720662,,0.21%
06/23/2020,0.013244506840787783,0.013192264056357351,0.013172453764687286,0.01325293221125174,,-0.38%
06/22/2020,0.013194352816994326,0.013111658887082394,0.013105644601129706,0.01320602723082815,,-0.62%
06/19/2020,0.013113034356150011,0.01309774849703336,0.013093632566482919,0.013141813307400154,,-0.18%
06/18/2020,0.013089005235602092,0.013112518521432411,0.013089005235602092,0.013149935565315728,,0.14%
06/17/2020,0.01310787783457858,0.013111658887082394,0.013094146916328401,0.013143713361899005,,0.05%
06/16/2020,0.013114754098360656,0.013181308903974166,0.013104270681815203,0.013196093956188967,,0.36%
06/15/2020,0.013161531475802525,0.013145268360653583,0.013125082031762698,0.01316898440792246,,-0.09%
06/12/2020,0.013149243918474688,0.013159279924202547,0.013113034356150011,0.013197487198437417,,0.10%
06/11/2020,0.013162917429018968,0.01321492758219685,0.013162917429018968,0.013231188557668137,,0.44%
06/10/2020,0.013221392212599986,0.013239421702060055,0.013214229081875363,0.01325925827709198,,0.17%
06/09/2020,0.013244156016157872,0.013252405311564049,0.013209690629045468,0.01325855508266709,,0.14%
06/08/2020,0.01326259946949602,0.013231363624335123,0.013212657726101605,0.01326259946949602,,-0.21%
06/05/2020,0.013234515616728428,0.013256973167886307,0.013205678441729944,0.013275804845668768,,0.13%
06/04/2020,0.013252229687644945,0.013267350377456117,0.013217023526301877,0.013270519540840024,,0.18%
06/03/2020,0.013275804845668768,0.013322142733437245,0.01323539143670174,0.013329778725673154,,0.30%
06/02/2020,0.013315579227696406,0.013235741797149021,0.01322261596234199,0.013338668800853675,,-0.54%
06/01/2020,0.013244156016157872,0.013249771441442635,0.01319731302706769,0.01328462304882099,,-0.13%
05/29/2020,0.013226638449837973,0.013209167162010435,0.01320044881525972,0.013254161806807338,,-0.07%
05/28/2020,0.013217023526301877,0.013190523927610404,0.013173494928204453,0.013221916649037444,,-0.34%
05/27/2020,0.013171759747102213,0.013233639912657977,0.013159972627256935,0.013238370091874289,,0.61%
05/26/2020,0.013252229687644945,0.01318078768387199,0.013178703215603585,0.013260489046836046,,-0.56%
05/25/2020,0.013177487580217955,0.013166383589419496,0.01313887793982394,0.013183046602069738,,-0.08%
05/22/2020,0.013166556945358789,0.01321649947794827,0.013154779131258386,0.013221741832268983,,0.44%
05/21/2020,0.013224014810896587,0.013238019592268996,0.013186871151081983,0.013265062478444275,,0.09%
05/20/2020,0.01323539143670174,0.013209167162010435,0.013181308903974166,0.013253283500987369,,-0.12%
05/19/2020,0.013219644391565867,0.013226638449837973,0.013193482419684675,0.013235916984328673,,-0.07%
05/18/2020,0.01321003963011889,0.013186001740552232,0.013145786775338505,0.013220693028728567,,-0.17%
05/15/2020,0.013187392852433075,0.013241350088054977,0.013166556945358789,0.013259785721862736,,0.44%
05/14/2020,0.013245910325187097,0.013253107853791714,0.013207945900253593,0.013274042609676778,,0.17%
05/13/2020,0.013268758707622903,0.013284093626291876,0.013243279035889285,0.01332533813045506,,0.40%
05/12/2020,0.013322320215288695,0.013162917429018968,0.013159106759833143,0.013324627909765619,,-1.09%
05/11/2020,0.013177313936327218,0.013234340466642843,0.013166903670932744,0.013249244793046797,,0.47%
05/08/2020,0.013238895876083935,0.013225588869344407,0.013216150135465538,0.01328285847114299,,-0.34%
05/07/2020,0.013193656489959628,0.013140777145560388,0.013131631473894316,0.013196093956188967,,-0.41%
05/06/2020,0.013139741147099402,0.01318774067626734,0.013138705311978556,0.01321824646742363,,0.52%
05/05/2020,0.013208294809140141,0.013218770654329146,0.01318044022670357,0.013246963133701599,,0.09%
05/04/2020,0.013220518244315176,0.01319992608041395,0.013189132155104196,0.013230838438231831,,-0.14%
05/01/2020,0.013201494409167118,0.013276686139139671,0.013191741969527075,0.01328127075198555,,0.89%
04/30/2020,0.013319126265316995,0.013261720045089848,0.013257324671881213,0.013349352556401016,,-0.50%
04/29/2020,0.01325293221125174,0.013146996568633895,0.01313887793982394,0.01325293221125174,,-0.80%
04/28/2020,0.013146650890685598,0.01313594388324773,0.013080444735120994,0.013190001978500298,,-0.22%
04/27/2020,0.013118367025672645,0.01311131506490101,0.013098091608052708,0.013154606085320774,,-0.05%
04/24/2020,0.01311131506490101,0.013188262446422683,0.01307394623993306,0.013188262446422683,,0.49%
04/23/2020,0.013176098557217209,0.013077365695454308,0.013077365695454308,0.013188088518450138,,-0.67%
04/22/2020,0.013087292239235703,0.0129974784891731,0.012983977771430056,0.013087292239235703,,-0.73%
04/21/2020,0.012991230919129588,0.013057387216817916,0.012986001090824092,0.013057387216817916,,0.52%
04/20/2020,0.01305909239307868,0.013062845348973914,0.013041210224308814,0.013109080660173302,,0.03%
04/17/2020,0.013063357282821686,0.013015918468286716,0.013015918468286716,0.013116818384532648,,-0.33%
04/16/2020,0.013019985678015752,0.01304835721182703,0.012999337033811275,0.013061139192560375,,0.31%
04/15/2020,0.013060968601431484,0.013151319077303453,0.013045633626425236,0.01316898440792246,,0.72%
04/14/2020,0.013155298296388871,0.013102553687713736,0.013093118257044097,0.013155298296388871,,-0.31%
04/13/2020,0.013114926097391443,0.013178529539673963,0.01308061583539353,0.013178529539673963,,0.49%
04/10/2020,0.013178876896110912,0.01317470982701606,0.013168810988055888,0.013184089440862766,,-0.55%
04/09/2020,0.013106159895150722,0.013140086461768919,0.013062504082032524,0.013154606085320774,,0.47%
04/08/2020,0.013167423793534796,0.013220867817763557,0.01308814868136902,0.013220867817763557,,0.40%
04/07/2020,0.013219644391565867,0.013159972627256935,0.013156509841069362,0.01323749387765908,,-0.43%
04/06/2020,0.013162224415926292,0.013114238128335934,0.013111658887082394,0.01317488340228189,,-0.35%
04/03/2020,0.01311647429171039,0.01316586354899018,0.013105472845460264,0.01319888073491368,,-0.21%
04/02/2020,0.013089005235602092,0.013091232801392906,0.013083696405908597,0.013098263170303617,,-0.01%
04/01/2020,0.013088319983246952,0.013277567549624909,0.013085237235351077,0.013277567549624909,,1.41%
03/31/2020,0.013272633157692153,0.013239772275916854,0.013212657726101605,0.013283740701381509,,-0.09%
03/30/2020,0.013260840737302746,0.013308490817141336,0.013215276860050218,0.013316820475943163,,-0.08%
03/27/2020,0.013249947000212,0.013404286690883746,0.013240122868340217,0.01344935644829395,,0.78%
03/26/2020,0.01335309591528796,0.013181482653168828,0.01316586354899018,0.01335309591528796,,-1.95%
03/25/2020,0.01309328968903437,0.01309328968903437,0.01309328968903437,0.01309328968903437,,-0.01%
03/24/2020,0.013092603988007174,0.01314423165393867,0.013091404184012778,0.013166556945358789,,0.06%
03/23/2020,0.013100150651732496,0.013266118333775539,0.013100150651732496,0.013266118333775539,,1.24%
03/20/2020,0.013262775368373586,0.013368269076519971,0.013262775368373586,0.01338616406082673,,0.82%
03/19/2020,0.013371486641884844,0.013359161044686393,0.01327827276227908,0.013392797353583242,,0.32%
03/18/2020,0.01341381623071764,0.013518263173547462,0.01341381623071764,0.013527406525620907,,0.66%
03/17/2020,0.013502200858739976,0.013500378010584296,0.0134562336002153,0.01353949470605757,,0.08%
03/16/2020,0.013512965690580112,0.013512417912061184,0.01344827122473406,0.0135136961310288,,0.22%
03/13/2020,0.013542795232936078,0.013411837287590026,0.013411837287590026,0.013562632235664299,,-0.99%
03/12/2020,0.0134091396695988,0.013489087328351364,0.013408600276217167,0.013500013500013501,,1.21%
03/11/2020,0.013571835726500366,0.01355160450997398,0.013510774842937242,0.013599521296850351,,-0.63%
03/10/2020,0.013486176668914362,0.01346837625255899,0.01346837625255899,0.013486176668914362,,-0.06%
03/09/2020,0.013477815515661223,0.013518080432578575,0.013467287957551108,0.013540961408259987,,0.26%
03/06/2020,0.013512783092805793,0.013536745495647935,0.013500195752838418,0.0136000761604265,,0.68%
03/05/2020,0.01360433161918755,0.013602111047634593,0.01359342078434038,0.013690378402059033,,-0.05%
03/04/2020,0.013598041881968996,0.013687380235422939,0.013579576317218903,0.01371553970648745,,0.67%
03/03/2020,0.013689253935660508,0.01379690949227373,0.013624535062740983,0.013804527885146328,,0.23%
03/02/2020,0.013720808978897395,0.013789299503585218,0.013707267593277957,0.013883489753984561,,0.47%
02/28/2020,0.013785687699030866,0.013936311058462826,0.013779039325378235,0.013936311058462826,,1.23%
02/27/2020,0.013955760240039077,0.013957708144322702,0.013946223362713379,0.013977217136068209,,0.10%
02/26/2020,0.013970382788488405,0.013921178288530341,0.013913430634591571,0.013979757311413075,,-0.33%
02/25/2020,0.013923698134224451,0.013914011409489354,0.013904338153503892,0.013964335088184775,,-0.16%
02/24/2020,0.013901438798915687,0.013905304873809357,0.013885995973061168,0.013932427725531172,,0.08%
02/21/2020,0.01391207568169171,0.013953812879369287,0.013878094815143778,0.013953812879369287,,0.28%
02/20/2020,0.013950892857142856,0.01394019655677145,0.013923698134224451,0.01398014818957081,,0.11%
02/19/2020,0.013966480446927375,0.013971749123272743,0.013966480446927375,0.013995409505682137,,0.02%
02/18/2020,0.013969406998672907,0.014002660505496043,0.013964335088184775,0.014010507880910683,,0.34%
02/17/2020,0.014017381553125876,0.013999720005599887,0.01398464485994378,0.014033118158854897,,-0.26%
02/14/2020,0.013980343636846594,0.014026425786181166,0.013967065659175664,0.01403075541587159,,0.28%
02/13/2020,0.014019346698443853,0.014013452914798207,0.013983862622533597,0.014034299828781542,,0.03%
02/12/2020,0.014024065296048018,0.01404277429048883,0.014007367875502514,0.01404277429048883,,0.03%
02/11/2020,0.014028196675317389,0.014038043096792307,0.014019346698443853,0.01404908751176611,,-0.01%
02/10/2020,0.014027212792818065,0.014005602240896357,0.013994430216773726,0.014028196675317389,,-0.31%
02/07/2020,0.013983080472628119,0.014033118158854897,0.013978584808074032,0.014042379902545884,,0.41%
02/06/2020,0.01404001404001404,0.014048692769137833,0.014025245441795233,0.014063313035284852,,0.05%
02/05/2020,0.014046916701783959,0.014062719729995782,0.014025245441795233,0.014062719729995782,,0.11%
02/04/2020,0.014061730999085989,0.014041985536754896,0.01402563886785043,0.014066676044450695,,-0.29%
02/03/2020,0.014020526050137401,0.01398151643527257,0.01395614977739941,0.014031542908458214,,-0.32%
01/31/2020,0.013975263783103905,0.013971358714634998,0.01397077314258571,0.014026425786181166,,0.01%
01/30/2020,0.013976240391334731,0.014001680201624194,0.013954786491766676,0.014007564084605687,,0.34%
01/29/2020,0.014023278642546627,0.014037057832678272,0.014003444847432468,0.014051851331412912,,0.15%
01/28/2020,0.014044943820224719,0.013999328032254451,0.013999328032254451,0.014044943820224719,,-0.35%
01/27/2020,0.013995801259622112,0.013990905911157748,0.013982102908277406,0.014010900480573886,,0.17%
01/24/2020,0.014019346698443853,0.014017381553125876,0.014011293102240406,0.014040999719180006,,-0.10%
01/23/2020,0.014005602240896357,0.014046916701783959,0.013992863639543832,0.014051061557700684,,0.45%
01/22/2020,0.014068655036578503,0.014048890137679121,0.014032133585911738,0.014069446789352244,,-0.13%
01/21/2020,0.01405086412814388,0.014046916701783959,0.014035087719298246,0.014060544705501892,,0.18%
01/20/2020,0.014076576576576575,0.014070634585619813,0.014052838673412029,0.01408252358822701,,-0.05%
01/17/2020,0.014068852966417649,0.014093836765182586,0.014064895427502496,0.014097810610012263,,0.14%
01/16/2020,0.014088872608413875,0.01412928293889085,0.014083118565775205,0.01412928293889085,,0.36%
01/15/2020,0.01414027149321267,0.014084507042253521,0.014079945933007617,0.014147873574601738,,-0.18%
01/14/2020,0.014114326040931546,0.01414027149321267,0.014089468122578374,0.01414027149321267,,0.20%
01/13/2020,0.014142271248762552,0.014123296377374478,0.014095426034251887,0.014142271248762552,,-0.35%
01/10/2020,0.014092446448703496,0.014037057832678272,0.014033118158854897,0.01411472448057814,,-0.35%
01/09/2020,0.014042971492767871,0.013984058173682002,0.013977412501397743,0.014057975089268142,,-0.42%
01/08/2020,0.013984058173682002,0.013897768018456238,0.013866932911778571,0.013992667842050766,,-0.47%
01/07/2020,0.013918853086505673,0.013934369121438027,0.013903758185837632,0.013952839402818473,,-0.03%
01/06/2020,0.013914592232874615,0.013886767299440364,0.013865202501282531,0.013920984492023275,,0.14%
01/03/2020,0.013933398355858995,0.013964530093562352,0.013919046823673516,0.013982102908277406,,0.59%
01/02/2020,0.014015416958654521,0.014038043096792307,0.014004033161550525,0.014038043096792307,,0.17%
01/01/2020,0.014039619807095623,0.014012471099278358,0.014010115303248947,0.01404001404001404,,-0.18%
12/31/2019,0.01401443486791395,0.014030164854437038,0.014008545212579673,0.01404001404001404,,0.05%
12/30/2019,0.014021312394840158,0.014017381553125876,0.014000308006776149,0.014027212792818065,,-0.19%
12/27/2019,0.013994821915891121,0.014024261973213659,0.01398503601146773,0.014047903350424948,,0.22%
12/26/2019,0.014025245441795233,0.014033118158854897,0.014015024105841462,0.014039028499227852,,0.03%
12/25/2019,0.014029180695847363,0.014029180695847363,0.014029180695847363,0.014029180695847363,,0.00%
12/24/2019,0.014029180695847363,0.014042971492767871,0.01402190221125398,0.014054221185333013,,0.08%
12/23/2019,0.014040999719180006,0.014062126474765515,0.014025245441795233,0.014062719729995782,,0.23%
12/20/2019,0.014072614691809739,0.014058765640376775,0.014033905916694735,0.014075585896262932,,-0.17%
12/19/2019,0.014048890137679121,0.014085895792542928,0.014042182716881513,0.014108352144469528,,0.25%
12/18/2019,0.014084507042253521,0.01408252358822701,0.014059753954305799,0.014099599571372171,,-0.05%
12/17/2019,0.01407756739635391,0.01409343950391093,0.014071624569056498,0.0141179128077705,,0.17%
12/16/2019,0.0141013889868152,0.014133276800226134,0.014074595355383534,0.014133276800226134,,0.17%
12/13/2019,0.014124692787931862,0.014173741726078269,0.014107755032941609,0.01418379359743557,,0.32%
12/12/2019,0.01417032733456143,0.014150275930380643,0.01410238330277817,0.014178162793665195,,-0.20%
12/11/2019,0.014142271248762552,0.014119706874885278,0.014096022102562658,0.014142271248762552,,-0.14%
12/10/2019,0.014122299110295156,0.014092049265804233,0.014076180287717125,0.014122698000225961,,-0.23%
12/09/2019,0.014090460758066789,0.014025245441795233,0.014025245441795233,0.014090460758066789,,-0.44%
12/06/2019,0.014028590266964073,0.01403607270685662,0.013996584833300674,0.014050074465394665,,0.04%
12/05/2019,0.014034693762982093,0.01398503601146773,0.013951282122827088,0.014048890137679121,,-0.31%
12/04/2019,0.013991101659344656,0.013926994693815023,0.013923116550408645,0.013995409505682137,,-0.37%
12/03/2019,0.013939224979091164,0.013960631020522129,0.013924473654895844,0.013979757311413075,,0.15%
12/02/2019,0.013959851467180389,0.013928546556166864,0.013922728854855551,0.013965895283717163,,-0.16%
11/29/2019,0.01393747648050844,0.013963945093767891,0.013913624220837044,0.013965895283717163,,0.34%
11/28/2019,0.01398503601146773,0.01403607270685662,0.013953812879369287,0.014038043096792307,,0.34%
11/27/2019,0.014033118158854897,0.013995801259622112,0.013987383380191069,0.014038437241166312,,-0.31%
11/26/2019,0.013989927252378288,0.013950114390938005,0.013948946854512485,0.013989927252378288,,-0.29%
11/25/2019,0.013949141430344964,0.013947974056768255,0.01393475746554631,0.013964530093562352,,-0.14%
11/22/2019,0.013929128593715177,0.01393611684040359,0.01391284990817519,0.013954397030504311,,0.06%
11/21/2019,0.013937282229965157,0.01392951664577239,0.01390723871775259,0.013943695358143816,,0.01%
11/20/2019,0.013938059264627994,0.013921178288530341,0.013905111518994383,0.01395809779043312,,-0.12%
11/19/2019,0.013921759710427398,0.013904338153503892,0.013885995973061168,0.013965505202150686,,-0.16%
11/18/2019,0.013899506567516854,0.013953812879369287,0.013899506567516854,0.013973310976035772,,0.41%
11/15/2019,0.013956734124214932,0.01392757660167131,0.013912462784162052,0.013967650920468196,,-0.44%
11/14/2019,0.013895450629463915,0.013873088981992732,0.013840447323257489,0.013916528661090777,,-0.26%
11/13/2019,0.01386001386001386,0.013935340022296542,0.01386001386001386,0.013955370724423296,,0.50%
11/12/2019,0.01392951664577239,0.013969992456204075,0.01392951664577239,0.013977412501397743,,0.31%
11/11/2019,0.013972334777141262,0.014011489421325485,0.013964530093562352,0.014027212792818065,,0.29%
11/08/2019,0.014013452914798207,0.014029180695847363,0.014012667451376044,0.014051851331412912,,0.44%
11/07/2019,0.014075189663180712,0.014080937227181841,0.014061137827272984,0.01410715797195497,,0.05%
11/06/2019,0.01408252358822701,0.014130480860263674,0.014077369221239934,0.014130480860263674,,0.33%
11/05/2019,0.01412928293889085,0.01412349584769222,0.01411333004022299,0.01415929203539823,,-0.02%
11/04/2019,0.014126488578733984,0.014173942623880257,0.014123894805231489,0.014173942623880257,,0.04%
11/01/2019,0.014132278123233465,0.014090063687087867,0.014086689487103635,0.014132278123233465,,-0.31%
10/31/2019,0.014088475626937165,0.014131878691953308,0.014071624569056498,0.014139471749335443,,0.04%
10/30/2019,0.014094035404216936,0.014110143782365143,0.014079351223495622,0.014116517737404537,,0.09%
10/29/2019,0.014106361969248131,0.014134275618374558,0.01410039481105471,0.014146272457207527,,0.20%
10/28/2019,0.01413527457770867,0.01411990624382254,0.014115919934502131,0.014147473261275537,,-0.11%
10/25/2019,0.014120304998587971,0.014075585896262932,0.014070040662417516,0.014127885620638016,,-0.20%
10/24/2019,0.014091453533431973,0.014141271300289896,0.014067665470915102,0.014141271300289896,,0.34%
10/23/2019,0.014139271827500886,0.014083515245405255,0.014077963763321273,0.014139271827500886,,-0.12%
10/22/2019,0.014122299110295156,0.014102184428367954,0.014083316902796947,0.014122299110295156,,-0.16%
10/21/2019,0.014099400775467043,0.014069644741470277,0.014069644741470277,0.014128684054367175,,-0.23%
10/18/2019,0.014066676044450695,0.014044943820224719,0.014021312394840158,0.014076576576576575,,-0.06%
10/17/2019,0.014058765640376775,0.01401306017208038,0.013990905911157748,0.014065488916394734,,-0.33%
10/16/2019,0.014012667451376044,0.013973896760850731,0.013940779568393465,0.014015809833492179,,-0.19%
10/15/2019,0.013986013986013986,0.014035481697731866,0.013965505202150686,0.014040999719180006,,0.37%
10/14/2019,0.014037648974549743,0.014105765026166193,0.014035087719298246,0.014136273678258413,,0.44%
10/11/2019,0.014099599571372171,0.01412110257568911,0.01406647817585911,0.014124493283803443,,-0.09%
10/10/2019,0.014086491055078181,0.014092446448703496,0.014051851331412912,0.014092446448703496,,-0.18%
10/09/2019,0.014060742407199098,0.014048890137679121,0.014039028499227852,0.014095426034251887,,-0.14%
10/08/2019,0.014040999719180006,0.014085300580314385,0.014038437241166312,0.014097810610012263,,0.35%
10/07/2019,0.014089468122578374,0.014092645048549162,0.014063708599957809,0.014101786696374432,,0.21%
10/04/2019,0.014119308153900459,0.014122299110295156,0.014076576576576575,0.014131279587366636,,-0.29%
10/03/2019,0.014078558355624384,0.014042971492767871,0.014011489421325485,0.014111338460452975,,-0.17%
10/02/2019,0.014054813773717497,0.014061335545650125,0.014011882076000449,0.014064697609001408,,0.06%
10/01/2019,0.014062719729995782,0.014153280022645248,0.01405086412814388,0.014153280022645248,,0.66%
09/30/2019,0.014155283459551278,0.014199503017394392,0.014107356986668547,0.014213024815941328,,0.19%
09/27/2019,0.014182586620147783,0.014094234048850617,0.014088475626937165,0.014211812858848274,,-0.64%
09/26/2019,0.014091652105292824,0.01407756739635391,0.014077369221239934,0.014116916300803252,,-0.03%
09/25/2019,0.014086887924719672,0.0140892696122633,0.014054023666975855,0.01409502868338337,,0.02%
09/24/2019,0.014090262219779909,0.014125091813096784,0.014071426561224776,0.014137073060393576,,0.24%
09/23/2019,0.014124493283803443,0.014079945933007617,0.014074001097772086,0.014128484437474394,,-0.39%
09/20/2019,0.014069644741470277,0.014043957587248086,0.014043957587248086,0.014147273113107449,,-0.42%
09/19/2019,0.014010507880910683,0.014016399187048847,0.014008545212579673,0.014074595355383534,,0.32%
09/18/2019,0.014055801532082367,0.013983080472628119,0.01398014818957081,0.014055801532082367,,-0.48%
09/17/2019,0.013987970345502868,0.013922341180892979,0.013891011126699911,0.014012274752683351,,-0.13%
09/16/2019,0.013970382788488405,0.013948946854512485,0.013948946854512485,0.014003640946646129,,0.84%
09/13/2019,0.014087483271113616,0.014090063687087867,0.014052838673412029,0.014114923708837355,,0.03%
09/12/2019,0.014091056406498796,0.01396882159021065,0.01396882159021065,0.014100991299688368,,-0.85%
09/11/2019,0.013970968327814802,0.01391265634347566,0.013908592728587722,0.013983276001901726,,-0.41%
09/10/2019,0.01391304347826087,0.013936311058462826,0.013888503097136191,0.013939419283792637,,0.14%
09/09/2019,0.013931845412243305,0.013941556993084988,0.01392990471945172,0.01398523159543522,,0.19%
09/06/2019,0.013957708144322702,0.01391072099266905,0.01390279168056946,0.013965505202150686,,-0.39%
09/05/2019,0.01390279168056946,0.013891590031394993,0.013886767299440364,0.013928158558157027,,-0.08%
09/04/2019,0.013891011126699911,0.013850415512465374,0.013828389684021296,0.013899699766485044,,-0.25%
09/03/2019,0.013856172925038103,0.013896609227348528,0.013809675058345877,0.013896609227348528,,0.28%
09/02/2019,0.013894871402965166,0.013992472050037081,0.013888310209296834,0.013992472050037081,,0.72%
08/30/2019,0.013995213636936166,0.013933010087499302,0.013924279766629072,0.014014042070154295,,-0.33%
08/29/2019,0.013948946854512485,0.013905691599571706,0.013869625520110958,0.01396180051379426,,-0.19%
08/28/2019,0.013921953528519123,0.013973506232183781,0.013907432131731198,0.013987579029821517,,0.40%
08/27/2019,0.013977607872188753,0.013883104262113009,0.013883104262113009,0.014008937702254039,,-0.67%
08/26/2019,0.013884068031933355,0.013904338153503892,0.01383891502906172,0.013915366739490419,,0.72%
08/23/2019,0.013983471536643687,0.013896609227348528,0.013877131874384201,0.013983471536643687,,-0.58%
08/22/2019,0.013902405116085082,0.013966480446927375,0.013888117326815176,0.013966480446927375,,0.69%
08/21/2019,0.013997760358342666,0.013973896760850731,0.013961995448389483,0.014014827687693581,,-0.15%
08/20/2019,0.013976435729360297,0.01398151643527257,0.013922341180892979,0.01398151643527257,,0.14%
08/19/2019,0.01399560537991071,0.014042379902545884,0.013986013986013986,0.01407202060143816,,0.42%
08/16/2019,0.014053826154170473,0.014012471099278358,0.013987579029821517,0.014075585896262932,,-0.91%
08/15/2019,0.013925637097897228,0.01398464485994378,0.013921953528519123,0.014023475297648264,,0.75%
08/14/2019,0.014030164854437038,0.014085498978801323,0.014012471099278358,0.01411532218222881,,-0.20%
08/13/2019,0.01400207230670139,0.014058370353708598,0.013987383380191069,0.014078161955175132,,0.19%
08/12/2019,0.014028590266964073,0.01408173036302701,0.01401207841159079,0.014085895792542928,,0.51%
08/09/2019,0.014099599571372171,0.014195874678818336,0.014099599571372171,0.014195874678818336,,0.72%
08/08/2019,0.014200511218403862,0.01405086412814388,0.01405086412814388,0.014200511218403862,,-1.02%
08/07/2019,0.014055801532082367,0.014091453533431973,0.014045930191726948,0.014163503484221858,,0.15%
08/06/2019,0.014076576576576575,0.014122299110295156,0.014076576576576575,0.014190435646374344,,0.31%
08/05/2019,0.014120105618390026,0.014261876577720095,0.014116517737404537,0.014261876577720095,,1.61%
08/02/2019,0.014347202295552367,0.014444604940054888,0.014347202295552367,0.014448779078167896,,0.99%
08/01/2019,0.014489183824275179,0.014436889139128302,0.014436889139128302,0.014492333555549115,,0.21%
07/31/2019,0.014519056261343012,0.014523695409059883,0.014501160092807426,0.014543127645031342,,0.02%
07/30/2019,0.014521797217623655,0.014542070209114969,0.01451315617607361,0.014563884479268312,,0.16%
07/29/2019,0.014544396771143917,0.014513788098693758,0.01450010875081563,0.014554981442398661,,-0.18%
07/26/2019,0.014518002322880372,0.014461106853118539,0.014461106853118539,0.014531504301325273,,-0.23%
07/25/2019,0.014484147100997958,0.01449443413729128,0.014476389009525463,0.014516948537417433,,0.09%
07/24/2019,0.014496955639315743,0.014488554042306579,0.014469895382656384,0.014509365795621072,,-0.08%
07/23/2019,0.014485825619631191,0.014504525411928522,0.014480371855949262,0.01451315617607361,,0.15%
07/22/2019,0.014507471347744086,0.014502211587267059,0.014478065730418417,0.014518002322880372,,0.10%
07/19/2019,0.014522218995062446,0.014532771399505885,0.014502211587267059,0.014551380926049884,,0.01%
07/18/2019,0.014523273545857236,0.014540590057144519,0.014491703499746397,0.014552227946098548,,0.01%
07/17/2019,0.01452517212328966,0.014558583740973678,0.014512945547428307,0.014568764568764568,,0.29%
07/16/2019,0.01456664238892935,0.014590020426028595,0.014541224371092046,0.014594066052742955,,0.15%
07/15/2019,0.014588956160186739,0.014591084847158388,0.014574072724622897,0.014603443491975407,,-0.02%
07/12/2019,0.014585764294049008,0.01460706982179375,0.014557100225635056,0.014612832989931757,,0.22%
07/11/2019,0.014617745943575502,0.014616891279562663,0.014599605810643112,0.014645577035735208,,-0.01%
07/10/2019,0.014615823090077319,0.014573010784027979,0.014557100225635056,0.01463743083813929,,-0.21%
07/09/2019,0.01458470064901918,0.01456346027816209,0.014522640797002526,0.014595770145811742,,0.00%
07/08/2019,0.014584487938628474,0.014581085415998368,0.014541858740384196,0.014599179526110633,,0.17%
07/05/2019,0.014609203798392987,0.014590233297830432,0.014538053354655812,0.014623089858887182,,-0.11%
07/04/2019,0.01459278824404979,0.01453129313977651,0.014510839597179092,0.014600884813619704,,-0.40%
07/03/2019,0.014534883720930232,0.014516948537417433,0.014500529269318331,0.014535940111926738,,-0.13%
07/02/2019,0.014515894904920888,0.014508734258023329,0.014477017734346724,0.014520110352838681,,0.01%
07/01/2019,0.014516948537417433,0.014504525411928522,0.014473874656245476,0.01452854859799506,,-0.09%
06/28/2019,0.0145032632342277,0.014482678716255358,0.014466546112115732,0.014520953736241396,,-0.20%
06/27/2019,0.014474293654469663,0.014448779078167896,0.014418986921978863,0.014486455164421265,,-0.23%
06/26/2019,0.014441475918838905,0.01442585112521639,0.014384763658333093,0.01446968600781363,,-0.13%
06/25/2019,0.014422938240978452,0.01443709756590535,0.014401129048517406,0.014442935960021953,,0.09%
06/24/2019,0.014435638704834497,0.014361831995289318,0.01436162573603332,0.014437514437514438,,-0.49%
06/21/2019,0.01436472024707319,0.014335889900365566,0.0143348623853211,0.014387661141804788,,0.14%
06/20/2019,0.014384349827387804,0.01439055979277594,0.014352350197344816,0.014422938240978452,,-0.19%
06/19/2019,0.014357501794687724,0.014378145219266714,0.014325005730002291,0.014388489208633094,,0.06%
06/18/2019,0.014365752047119667,0.014312703956031375,0.01430799387617862,0.014365958424916319,,-0.34%
06/17/2019,0.014316392269148177,0.014324595330181922,0.014289388699951416,0.014338973329509608,,0.02%
06/14/2019,0.014319877421849269,0.014374838283069315,0.014313318542904173,0.014382281029771321,,0.44%
06/13/2019,0.014382281029771321,0.014413583360959367,0.014371945961483185,0.014427099864385264,,0.22%
06/12/2019,0.014414414414414415,0.014406315728815513,0.014397811532647038,0.014438973677750985,,-0.01%
06/11/2019,0.014412336960438135,0.014381453677337704,0.014381453677337704,0.01442127426379395,,-0.22%
06/10/2019,0.014381246854102251,0.014414414414414415,0.014350290593384515,0.014414414414414415,,0.26%
06/07/2019,0.014418571119602047,0.014462152546785064,0.014377938491179134,0.014468848569030876,,0.27%
06/06/2019,0.014458179715173857,0.014408183848425906,0.01439677512237259,0.014458179715173857,,-0.32%
06/05/2019,0.014412336960438135,0.014422938240978452,0.014404448093571295,0.014455462719361647,,0.14%
06/04/2019,0.014431888701274336,0.014478484971332601,0.014421066293641751,0.014485825619631191,,0.17%
06/03/2019,0.014456925590203985,0.014364101238185528,0.014363275975984602,0.014465918296493461,,-0.59%
05/31/2019,0.014371945961483185,0.014318647174214981,0.014300627797560311,0.014371945961483185,,-0.35%
05/30/2019,0.014321518080916577,0.014319467315815853,0.014298991921069565,0.014346584795489434,,-0.03%
05/29/2019,0.014317417137948315,0.014370500237113254,0.01428510206705427,0.014372152517282515,,0.34%
05/28/2019,0.014365752047119667,0.01438517751309051,0.014335889900365566,0.01438517751309051,,0.15%
05/27/2019,0.014387661141804788,0.014406730824641271,0.014361006993810406,0.014417116000115337,,0.18%
05/24/2019,0.014413375612568464,0.01434740814071938,0.014324390139089828,0.014413998875708088,,-0.41%
05/23/2019,0.014354410392593123,0.014354204346453077,0.014272461285948763,0.014414414414414415,,0.02%
05/22/2019,0.014357501794687724,0.01435379227191824,0.014324390139089828,0.014364926595225097,,0.01%
05/21/2019,0.014358532557972576,0.01432315911597462,0.014321518080916577,0.014363688595231254,,0.05%
05/20/2019,0.014365958424916319,0.014408183848425906,0.014331164550431368,0.014414829977080419,,-0.95%
05/17/2019,0.014228799089356857,0.014240956992309883,0.01422717960391532,0.014272053891275494,,0.21%
05/16/2019,0.014259232853272494,0.014241159800054118,0.014216257712319809,0.014292656433124662,,-0.17%
05/15/2019,0.014235078079403267,0.014220300901567076,0.014196076204537068,0.014250292130988685,,-0.12%
05/14/2019,0.01421827901950748,0.014165108504731145,0.01416109663532344,0.014234470193019417,,-0.34%
05/13/2019,0.01417032733456143,0.014282653717060629,0.01415408132935132,0.014288980338363056,,0.79%
05/10/2019,0.014282653717060629,0.014267166968655036,0.014262486807199702,0.014335684385572567,,-0.26%
05/09/2019,0.014245014245014245,0.014343292359328162,0.014229608970345496,0.014343292359328162,,0.69%
05/08/2019,0.01434308663224326,0.014368641875969883,0.014336712018465684,0.014399262757746804,,0.11%
05/07/2019,0.014358532557972576,0.014404863081776407,0.014358326393475576,0.014433138485963774,,0.38%
05/06/2019,0.014413375612568464,0.014427932477276006,0.01439159530833993,0.014427932477276006,,0.41%
05/03/2019,0.01447282726680657,0.014401751252952358,0.01440071427542806,0.01447282726680657,,-0.45%
05/02/2019,0.014407145944388418,0.014363688595231254,0.01436080075825028,0.01442585112521639,,-0.19%
05/01/2019,0.01437917894888202,0.014367609660780736,0.014367196816229187,0.014395531626982986,,-0.15%
04/30/2019,0.014358120234898845,0.01432028755137403,0.014303491482270824,0.014381040036815462,,-0.24%
04/29/2019,0.01432315911597462,0.014310450922308562,0.014307175048286717,0.014327263349427627,,-0.05%
04/26/2019,0.014316392269148177,0.014250495204708363,0.014235483365837687,0.014324595330181922,,-0.46%
04/25/2019,0.014251104460595696,0.0142836737608913,0.014217672567000784,0.014302059496567505,,0.30%
04/24/2019,0.014293882218410521,0.014330959171097323,0.014285714285714285,0.014334451420544136,,0.27%
04/23/2019,0.014332807797047443,0.01436162573603332,0.0143184421534937,0.01438021282714984,,0.10%
04/22/2019,0.014347202295552367,0.014416284635123835,0.014304923754756387,0.014416284635123835,,0.42%
04/19/2019,0.014407768668866254,0.01440590065690907,0.014403203272407784,0.014418571119602047,,0.02%
04/18/2019,0.014410260105194899,0.014405693129924946,0.014363894913744811,0.014423770373575654,,-0.05%
04/17/2019,0.014402788379830335,0.01437876543919939,0.014374011786689667,0.014417116000115337,,-0.14%
04/16/2019,0.014382281029771321,0.014404655584684971,0.014349261013057828,0.014404655584684971,,0.19%
04/15/2019,0.014410260105194899,0.014456298609304072,0.014392009556294345,0.014483307987544354,,0.30%
04/12/2019,0.014452955629426218,0.014486455164421265,0.014411298457991065,0.014486455164421265,,0.25%
04/11/2019,0.014488554042306579,0.014458388757156902,0.014446274305856521,0.014527071197175936,,-0.19%
04/10/2019,0.014461315979754157,0.01443876519680037,0.014416284635123835,0.014473874656245476,,-0.19%
04/09/2019,0.014434180138568129,0.01438062642008686,0.014338973329509608,0.014440850277264324,,-0.40%
04/08/2019,0.014377111638271869,0.014422730222831184,0.01434308663224326,0.014422730222831184,,0.56%
04/05/2019,0.014457134595923087,0.01449443413729128,0.01442210620439009,0.01449569477865074,,0.28%
04/04/2019,0.014496955639315743,0.014590020426028595,0.01444669170759896,0.014594279042615295,,0.77%
04/03/2019,0.014609203798392987,0.014549687181725592,0.01452749328103436,0.014622020763269484,,-0.68%
04/02/2019,0.014509576320371444,0.014434180138568129,0.014411298457991065,0.014551804423748545,,-0.41%
04/01/2019,0.014449822989668376,0.014418363227406425,0.014404240608435122,0.014454000144540001,,0.03%
03/29/2019,0.014454000144540001,0.014455462719361647,0.01442585112521639,0.014483937313519307,,-0.01%
03/28/2019,0.014452955629426218,0.014466755396099764,0.014413375612568464,0.0145032632342277,,0.13%
03/27/2019,0.014471780028943561,0.014484566694187344,0.014453582320378106,0.014539110206455364,,0.15%
03/26/2019,0.014493593831526467,0.01450726088407248,0.014489183824275179,0.014539321595254366,,0.15%
03/25/2019,0.014515894904920888,0.014459434057750978,0.014455880652249335,0.014535940111926738,,-0.40%
03/22/2019,0.014457134595923087,0.01456664238892935,0.014457134595923087,0.014590020426028595,,0.52%
03/21/2019,0.014532771399505885,0.01458470064901918,0.014532771399505885,0.014596409283316304,,0.03%
03/20/2019,0.014536996656490768,0.014487084763932954,0.014455880652249335,0.014549475491408536,,-0.33%
03/19/2019,0.01448960370933855,0.014573223159766245,0.014478694600894786,0.01463057790782736,,0.57%
03/18/2019,0.014571948998178506,0.014501370379500863,0.014501370379500863,0.014613260072189506,,-0.49%
03/15/2019,0.014500529269318331,0.014418155341205646,0.01441503776739895,0.014506419090447522,,-0.58%
03/14/2019,0.014416492467382688,0.014383315354189139,0.014335889900365566,0.014439390657714246,,-0.24%
03/13/2019,0.01438248788275396,0.014366371198299022,0.014327879187322694,0.014405278093893603,,-0.14%
03/12/2019,0.01436265709156194,0.01432233855143868,0.01432233855143868,0.014390352707544862,,-0.32%
03/11/2019,0.014316392269148177,0.014280002284800364,0.014277351836781315,0.014325005730002291,,-0.23%
03/08/2019,0.014283265725875564,0.014263097088901883,0.014235888675350557,0.014321107880905667,,-0.15%
03/07/2019,0.014262079981744539,0.01425496429131445,0.014254761090204128,0.014295925661186561,,0.05%
03/06/2019,0.014269406392694065,0.014188623561628286,0.01414587223448198,0.014281225900431292,,-0.58%
03/05/2019,0.014186409419775855,0.014091850682750167,0.014089468122578374,0.014194867136043609,,-0.59%
03/04/2019,0.01410238330277817,0.01412130198404293,0.014099798372883268,0.014124293785310734,,-0.13%
03/01/2019,0.014084507042253521,0.014122099673779497,0.014084507042253521,0.014141271300289896,,0.23%
02/28/2019,0.01411631846414455,0.014038831407673626,0.014030952280731293,0.014141671262709828,,-0.51%
02/27/2019,0.014044943820224719,0.01408252358822701,0.013987774684925375,0.014098605647901422,,0.34%
02/26/2019,0.014092446448703496,0.01411851077948298,0.014016202730356291,0.014122498552443899,,0.18%
02/25/2019,0.01411751418810176,0.01407776557704761,0.014064301988692301,0.014118909455433662,,-0.28%
02/22/2019,0.01407756739635391,0.014045930191726948,0.014032133585911738,0.01407756739635391,,-0.18%
02/21/2019,0.014051851331412912,0.014072416656112353,0.014029180695847363,0.014099400775467043,,0.22%
02/20/2019,0.01408252358822701,0.014021312394840158,0.014016595649248712,0.014097810610012263,,-0.41%
02/19/2019,0.014025245441795233,0.014015220529495031,0.01396609033267227,0.014034890738375601,,-0.12%
02/18/2019,0.01400815274489753,0.01401836405691456,0.01397878021163873,0.014020132910859996,,0.08%
02/15/2019,0.014019346698443853,0.01407895477839725,0.013993059442516512,0.01407895477839725,,0.44%
02/14/2019,0.014080540692762603,0.01411054198591768,0.014038437241166312,0.014124293785310734,,0.20%
02/13/2019,0.014109347442680775,0.01417615287563261,0.014108352144469528,0.01420515078767561,,0.48%
02/12/2019,0.014177358758063374,0.014034299828781542,0.014034299828781542,0.014181379848259236,,-0.85%
02/11/2019,0.014056789429294348,0.014037057832678272,0.014025048737044361,0.014076972887750219,,-0.05%
02/08/2019,0.014049877063575694,0.014006583094054207,0.013998936080857855,0.01408153207068929,,-0.18%
02/07/2019,0.014025245441795233,0.013958877147922221,0.013933592498153798,0.014030952280731293,,-0.35%
02/06/2019,0.013976240391334731,0.013982102908277406,0.013950308999344335,0.013987579029821517,,0.03%
02/05/2019,0.01398014818957081,0.01394427866246479,0.01392524926196179,0.013980539089587293,,-0.25%
02/04/2019,0.013945056477478734,0.013992080482446937,0.013918853086505673,0.013993451064901626,,0.38%
02/01/2019,0.013998740113389795,0.014061730999085989,0.013988948730502902,0.014094035404216936,,0.67%
01/31/2019,0.014092446448703496,0.014092645048549162,0.014041985536754896,0.014111338460452975,,-0.39%
01/30/2019,0.014038043096792307,0.014001092085182644,0.014001092085182644,0.014060149318785764,,-0.22%
01/29/2019,0.014007564084605687,0.014067665470915102,0.013993646884314521,0.014079351223495622,,0.45%
01/28/2019,0.014070634585619813,0.01410039481105471,0.014045732906343053,0.0141013889868152,,0.24%
01/25/2019,0.014104372355430182,0.014076576576576575,0.014035087719298246,0.014106361969248131,,-0.14%
01/24/2019,0.014084507042253521,0.014055406412076404,0.014022295449765127,0.01409343950391093,,-0.27%
01/23/2019,0.014046916701783959,0.014037057832678272,0.014011489421325485,0.014061730999085989,,-0.10%
01/22/2019,0.014033118158854897,0.014045535626501116,0.013992667842050766,0.014051851331412912,,0.10%
01/21/2019,0.014047311344608642,0.014043957587248086,0.013978584808074032,0.014056789429294348,,-0.03%
01/18/2019,0.014042971492767871,0.014076576576576575,0.014030361702724696,0.014087086367926523,,0.23%
01/17/2019,0.014074595355383534,0.01405560396930256,0.01400246443374034,0.014090063687087867,,0.10%
01/16/2019,0.014088475626937165,0.014062719729995782,0.014032133585911738,0.014097611864550146,,-0.17%
01/15/2019,0.014064697609001408,0.014134275618374558,0.014053628646916633,0.014139671676823664,,0.48%
01/14/2019,0.014132278123233465,0.014204545454545454,0.01409443269908386,0.014212620807276862,,0.51%
01/11/2019,0.014204747226523104,0.014198494959534288,0.014164105324287192,0.014213226828886961,,-0.03%
01/10/2019,0.014200511218403862,0.01417836381681554,0.014153280022645248,0.014221109815409996,,-0.20%
01/09/2019,0.014172335600907028,0.01426330052774212,0.014154682368927642,0.014275517487508924,,0.60%
01/08/2019,0.014257199885942401,0.014325416153339255,0.014236902050113897,0.014333835017558947,,0.48%
01/07/2019,0.014326031832442732,0.01438186734165564,0.014295312567009277,0.014439390657714246,,0.36%
01/04/2019,0.014378145219266714,0.014262283391570992,0.014256183619645021,0.014378145219266714,,-0.80%
01/03/2019,0.01426330052774212,0.01422475106685633,0.014178162793665195,0.014278778878830282,,0.16%
01/02/2019,0.014285714285714285,0.014394909959838203,0.014233862358550994,0.014394909959838203,,0.79%
01/01/2019,0.014398226138539732,0.014360594528613484,0.01433794537242813,0.014401958666378627,,-0.17%
12/31/2018,0.014374011786689667,0.014330137712623418,0.014296743201898608,0.014374011786689667,,-0.52%
12/28/2018,0.01429940085510417,0.01425496429131445,0.01425496429131445,0.014309222293768332,,-0.61%
12/27/2018,0.014212418811557537,0.014267777650953089,0.014203738423953186,0.014267777650953089,,0.42%
12/26/2018,0.014271442842871416,0.014272461285948763,0.014251104460595696,0.014335889900365566,,0.03%
12/25/2018,0.014275517487508924,0.014275517487508924,0.014275517487508924,0.014275517487508924,,-0.08%
12/24/2018,0.014264317809000783,0.01425496429131445,0.01422556048708319,0.014311679761853649,,-0.05%
12/21/2018,0.014257199885942401,0.01428510206705427,0.014220705346985212,0.014336917562724014,,0.23%
12/20/2018,0.014289797084881393,0.014144871776737343,0.014141071327563778,0.014356471179384107,,-0.43%
12/19/2018,0.01422900155096117,0.014213226828886961,0.014188019636219176,0.014313933182559906,,-0.48%
12/18/2018,0.01416029453412631,0.014017381553125876,0.01401325654068749,0.014200309566748554,,-1.38%
12/17/2018,0.013964530093562352,0.013908205841446452,0.013908205841446452,0.013986796464137854,,-0.43%
12/14/2018,0.013904338153503892,0.013976240391334731,0.013880599086656578,0.013976240391334731,,0.55%
12/13/2018,0.01398014818957081,0.013916334994015974,0.013916334994015974,0.01399462606359158,,-0.43%
12/12/2018,0.013919821826280623,0.01383451157256893,0.01383451157256893,0.013933592498153798,,-0.62%
12/11/2018,0.01383298059232823,0.013791962044520453,0.013791962044520453,0.013948752284108187,,-0.32%
12/10/2018,0.013789299503585218,0.014013452914798207,0.013767088398474606,0.014037057832678272,,2.34%
12/07/2018,0.014112334180073384,0.01417032733456143,0.014112334180073384,0.014193859736278085,,0.01%
12/06/2018,0.014114326040931546,0.014122299110295156,0.014054813773717497,0.01413527457770867,,0.41%
12/05/2018,0.014172335600907028,0.014142271248762552,0.014134275618374558,0.014206563432305724,,0.04%
12/04/2018,0.01417836381681554,0.014184397163120567,0.014146272457207527,0.014218683349921797,,0.13%
12/03/2018,0.014196479273140262,0.014310246136233544,0.014190435646374344,0.014310246136233544,,1.13%
11/30/2018,0.014357501794687724,0.01434823158045771,0.014303082314238717,0.014374011786689667,,-0.19%
11/29/2018,0.014330753797649757,0.01426330052774212,0.014256183619645021,0.014330753797649757,,-1.22%
11/28/2018,0.014156285390713477,0.014104372355430182,0.014104372355430182,0.014168319637291017,,-0.20%
11/27/2018,0.014127286854559582,0.01412130198404293,0.014078558355624384,0.014142271248762552,,-0.05%
11/26/2018,0.014120304998587971,0.01418540322008653,0.014103377758973273,0.014222727919214905,,0.23%
11/23/2018,0.014153280022645248,0.014149274849663955,0.014149274849663955,0.014153280022645248,,-0.05%
11/22/2018,0.014146272457207527,0.014057777465382722,0.014045930191726948,0.014149274849663955,,-0.86%
11/21/2018,0.014024261973213659,0.014002660505496043,0.014002660505496043,0.014024261973213659,,-0.17%
11/20/2018,0.013999720005599887,0.014011489421325485,0.01398151643527257,0.014027803105755606,,-0.25%
11/19/2018,0.013964530093562352,0.013903371567605145,0.013873088981992732,0.013976240391334731,,-0.51%
11/16/2018,0.013892747985551542,0.013889853462045975,0.013889853462045975,0.013944084222268702,,0.09%
11/15/2018,0.013905304873809357,0.013882140626084543,0.013853293620558288,0.013914011409489354,,-0.55%
11/14/2018,0.013829345871940256,0.013855213023900243,0.013811200883916856,0.013887924449690994,,-0.42%
11/13/2018,0.013771259381670455,0.013737207225771,0.01373437714599643,0.013790250293042818,,-0.34%
11/12/2018,0.01372495196266813,0.01374853921770812,0.013686068950415374,0.01374853921770812,,0.52%
11/09/2018,0.01379690949227373,0.01375894331315355,0.013730982589114076,0.013809293654629564,,0.14%
11/08/2018,0.013815971262779773,0.013800717637317142,0.013800717637317142,0.013815971262779773,,-0.10%
11/07/2018,0.013802622498274672,0.013708019191226868,0.013708019191226868,0.013802622498274672,,-0.69%
11/06/2018,0.013707079706668495,0.013708958804578793,0.013684570646595963,0.013716480351141896,,-0.17%
11/05/2018,0.013683634373289545,0.01373494306866098,0.013673343816230258,0.013744381983864094,,0.88%
11/02/2018,0.013804527885146328,0.013675213675213675,0.013658403332650412,0.013806433798149937,,-1.38%
11/01/2018,0.013613777142468178,0.01354004468214745,0.013536745495647935,0.013613777142468178,,-0.68%
10/31/2018,0.013520822065981613,0.013528138528138528,0.01348799568384138,0.013550135501355014,,0.38%
10/30/2018,0.013572204125950053,0.013594344752582924,0.013567600569839224,0.013601741022850925,,0.38%
10/29/2018,0.013623978201634876,0.013632335900756593,0.013600816048962936,0.013638471400125474,,-0.08%
10/26/2018,0.013612850530901171,0.013618412093149937,0.01361062717770035,0.013648150675583458,,0.31%
10/25/2018,0.013655605626109518,0.0136332651670075,0.013627691469065142,0.013667737306088976,,0.00%
10/24/2018,0.013655605626109518,0.01366867140513942,0.013634566352617155,0.013679890560875515,,-0.44%
10/23/2018,0.013596193065941536,0.013566680233346902,0.013544079205775196,0.013603591348115902,,-0.01%
10/22/2018,0.013594344752582924,0.01364163426778528,0.01359342078434038,0.013662695376543885,,0.25%
10/19/2018,0.013628620102214651,0.013586033557502887,0.013576810807141402,0.013643495463537759,,-0.21%
10/18/2018,0.013599891200870393,0.013588802826470988,0.013584188005161993,0.013608219364496155,,-0.10%
10/17/2018,0.013586956521739132,0.013620266957232362,0.013574046423238768,0.013628991590912187,,0.18%
10/16/2018,0.013611924045463826,0.013548299688389106,0.013520822065981613,0.013611924045463826,,-0.41%
10/15/2018,0.013555645926528399,0.013549584705228785,0.013500742540839748,0.013555645926528399,,0.22%
10/12/2018,0.013585110718652357,0.013544629554381687,0.013539128080151638,0.013599891200870393,,-0.59%
10/11/2018,0.013504388926401082,0.013444474321054048,0.013424620754463688,0.013512600499966219,,-0.27%
10/10/2018,0.013468013468013467,0.01348435814455232,0.013460218324741226,0.013502565487442613,,-0.12%
10/09/2018,0.013451708366962604,0.013529968881071575,0.013439956992137625,0.01353546291283162,,0.37%
10/08/2018,0.013501653952609195,0.013537295248409367,0.01349527665317139,0.013556564766488172,,0.40%
10/05/2018,0.013555645926528399,0.013583265417006248,0.013468013468013467,0.013619339462036091,,0.19%
10/04/2018,0.013581420616596496,0.013566680233346902,0.013545546901456146,0.013605442176870748,,0.39%
10/03/2018,0.01363419455995637,0.013649082099228826,0.013618412093149937,0.013713658804168952,,0.58%
10/02/2018,0.013712718546451834,0.013712718546451834,0.013712718546451834,0.013712718546451834,,0.00%
10/01/2018,0.013712718546451834,0.013773156118724605,0.013708958804578793,0.013773156118724605,,0.57%
09/28/2018,0.013791201213625705,0.013779798814937303,0.013760836658868859,0.013811200883916856,,-0.08%
09/27/2018,0.013779798814937303,0.013806433798149937,0.01374192661811186,0.01381406271584473,,-0.04%
09/26/2018,0.013774104683195593,0.013753266400770185,0.013744759810322315,0.013786067799881438,,-0.12%
09/25/2018,0.013757996835660728,0.013716480351141896,0.013706140350877194,0.013778849466069583,,0.02%
09/24/2018,0.013760836658868859,0.01379690949227373,0.013747594171020073,0.013823610727121923,,0.60%
09/21/2018,0.013842746400885937,0.013915947676036738,0.01379690949227373,0.013935340022296542,,0.31%
09/20/2018,0.013885995973061168,0.013822655332089295,0.013822655332089295,0.013885995973061168,,-0.48%
09/19/2018,0.013819789939192924,0.013751375137513752,0.0137221269296741,0.013822655332089295,,-0.48%
09/18/2018,0.013753266400770185,0.013781697905181918,0.013700506918755994,0.013819789939192924,,0.23%
09/17/2018,0.013785497656465397,0.013787398317937405,0.013756104271270378,0.013828389684021296,,0.92%
09/14/2018,0.01391207568169171,0.01394700139470014,0.013889853462045975,0.013979171035157615,,-0.22%
09/13/2018,0.01388175520912864,0.01388175520912864,0.01388175520912864,0.01388175520912864,,-0.17%
09/12/2018,0.01385809312638581,0.013728155073239707,0.013713658804168952,0.013903371567605145,,-0.66%
09/11/2018,0.013766519823788546,0.013829345871940256,0.013745704467353952,0.01384083044982699,,0.26%
09/10/2018,0.01380167000207025,0.013862895958965827,0.01375894331315355,0.013874436351023239,,0.93%
09/07/2018,0.01392951664577239,0.013896609227348528,0.013880213755291831,0.013953812879369287,,-0.22%
09/06/2018,0.01389854065323141,0.013960631020522129,0.013868663754247277,0.013960631020522129,,0.27%
09/05/2018,0.013936311058462826,0.014004621525103284,0.01389757487318463,0.014010507880910683,,0.24%
09/04/2018,0.013969406998672907,0.014028196675317389,0.013969406998672907,0.014065686757155919,,0.52%
09/03/2018,0.014041985536754896,0.014126289023873428,0.014040999719180006,0.014139271827500886,,0.30%
08/31/2018,0.014083515245405255,0.01409343950391093,0.014079549454417457,0.01411333004022299,,0.37%
08/30/2018,0.01413527457770867,0.014157287463721949,0.014109347442680775,0.01416530915787237,,0.30%
08/29/2018,0.014177358758063374,0.014219694276573052,0.014157287463721949,0.014236902050113897,,0.62%
08/28/2018,0.014265335235378032,0.014275517487508924,0.014225358123390756,0.014275517487508924,,-0.09%
08/27/2018,0.014252120002850423,0.014333835017558947,0.014252120002850423,0.014346173158310022,,0.28%
08/24/2018,0.014291839359725597,0.014240956992309883,0.014236902050113897,0.014306560988869496,,-0.19%
08/23/2018,0.014264317809000783,0.014282653717060629,0.014251104460595696,0.014292247884747313,,0.34%
08/22/2018,0.01431229426077,0.014310246136233544,0.014307175048286717,0.014326647564469915,,0.01%
08/21/2018,0.0143143429716576,0.014354410392593123,0.014302059496567505,0.014381246854102251,,0.06%
08/20/2018,0.014322543683758238,0.014322543683758238,0.014310246136233544,0.014367816091954025,,-0.40%
08/17/2018,0.014265335235378032,0.014259232853272494,0.014253135689851768,0.014269406392694065,,0.01%
08/16/2018,0.014267370523612497,0.014238929232521713,0.014200511218403862,0.014267370523612497,,0.24%
08/15/2018,0.014302059496567505,0.014302059496567505,0.014302059496567505,0.014302059496567505,,-0.06%
08/14/2018,0.014293882218410521,0.0143143429716576,0.014267370523612497,0.014347202295552367,,-0.09%
08/13/2018,0.014281633818908884,0.01439159530833993,0.014281633818908884,0.014408183848425906,,1.64%
08/10/2018,0.014515894904920888,0.014525383106979447,0.014487504527345164,0.014541858740384196,,0.19%
08/09/2018,0.014543339150668992,0.014602803738317757,0.014543339150668992,0.01460706982179375,,0.15%
08/08/2018,0.014564520827264784,0.014560703573196658,0.014552863275849523,0.014581510644502771,,0.04%
08/07/2018,0.014570887367040654,0.014530659691950016,0.01450536698578474,0.014570887367040654,,-0.29%
08/06/2018,0.01452854859799506,0.014581510644502771,0.014513788098693758,0.014588956160186739,,0.42%
08/03/2018,0.014588956160186739,0.014557100225635056,0.014525383106979447,0.014588956160186739,,-0.12%
08/02/2018,0.014571948998178506,0.014625228519195612,0.014548628791736379,0.014648795136600015,,0.40%
08/01/2018,0.01463057790782736,0.014585764294049008,0.01457046275789719,0.01463057790782736,,-0.16%
07/31/2018,0.01460706982179375,0.014553922282055015,0.014553922282055015,0.014609203798392987,,-0.21%
07/30/2018,0.014576197070184389,0.014554981442398661,0.014536574020234911,0.014576197070184389,,0.00%
07/27/2018,0.014576197070184389,0.01456558153084262,0.014544396771143917,0.014591084847158388,,-0.08%
07/26/2018,0.014564520827264784,0.014554981442398661,0.014543339150668992,0.0145734355416946,,-0.10%
07/25/2018,0.014549687181725592,0.01450010875081563,0.014496955639315743,0.0145623998835008,,-0.31%
07/24/2018,0.014503894295618373,0.014499057561258518,0.014474293654469663,0.014525383106979447,,0.15%
07/23/2018,0.014525383106979447,0.014554981442398661,0.014521164597400712,0.014567703401558746,,0.15%
07/20/2018,0.014547570555717195,0.014487504527345164,0.01446508129375687,0.014547570555717195,,-0.41%
07/19/2018,0.014488554042306579,0.014551804423748545,0.01446968600781363,0.01455604075691412,,0.58%
07/18/2018,0.014571948998178506,0.014614541468761419,0.014567703401558746,0.014623089858887182,,0.28%
07/17/2018,0.014613473622680109,0.014628437682855471,0.014603870025556773,0.014645577035735208,,-0.18%
07/16/2018,0.014587892049598834,0.014585764294049008,0.014551804423748545,0.014596409283316304,,0.07%
07/13/2018,0.014598540145985401,0.014594279042615295,0.01458533881742073,0.014633789419770251,,-0.03%
07/12/2018,0.014594279042615295,0.01454228168399622,0.01454228168399622,0.014600671630895023,,-0.31%
07/11/2018,0.014549687181725592,0.014529604068289138,0.014514841425357429,0.014553922282055015,,-0.04%
07/10/2018,0.014544396771143917,0.01456346027816209,0.014521164597400712,0.01456558153084262,,0.14%
07/09/2018,0.014564520827264784,0.014583637159107482,0.014536996656490768,0.014583637159107482,,-0.21%
07/06/2018,0.01453382748346777,0.014516948537417433,0.014486455164421265,0.01453382748346777,,-0.11%
07/05/2018,0.014518002322880372,0.014532771399505885,0.014490653528474133,0.014557100225635056,,0.28%
07/04/2018,0.014558159848595138,0.01459321415541773,0.0145397443912936,0.014610271020527432,,0.20%
07/03/2018,0.014587892049598834,0.014506419090447522,0.01450010875081563,0.01459321415541773,,-0.25%
07/02/2018,0.014551804423748545,0.014599605810643112,0.014529604068289138,0.014632718759145449,,0.38%
06/29/2018,0.01460706982179375,0.01455604075691412,0.01455604075691412,0.014628437682855471,,-0.55%
06/28/2018,0.014526438117373619,0.014513788098693758,0.014471780028943561,0.014550745725718444,,0.29%
06/27/2018,0.014568764568764568,0.014613473622680109,0.014553922282055015,0.014614541468761419,,0.39%
06/26/2018,0.01462629808395495,0.0146756677428823,0.01462629808395495,0.014688601645123384,,0.37%
06/25/2018,0.014681054099684359,0.014726456078344746,0.014668563800918251,0.014726456078344746,,0.36%
06/22/2018,0.014734050390452334,0.014740566037735848,0.014729709824716454,0.014767776711216126,,-0.11%
06/21/2018,0.014717786444918685,0.014661681694890405,0.014653517576894334,0.014717786444918685,,-0.17%
06/20/2018,0.014692918013517483,0.014684287812041117,0.014665982254161472,0.014699397324709687,,-0.37%
06/19/2018,0.014639145073927683,0.014710208884966165,0.014623089858887182,0.014710858084352059,,0.40%
06/18/2018,0.01469723691945914,0.014671361502347418,0.014669209329617133,0.014716703458425313,,-0.03%
06/15/2018,0.014692918013517483,0.014724287712581902,0.014691838683611255,0.014730360746534683,,0.55%
06/14/2018,0.014773230905599056,0.014798372179060302,0.014763416254521296,0.014799467219180112,,0.07%
06/13/2018,0.01478305861482741,0.014792899408284025,0.01476995790561997,0.014803849000740193,,0.24%
06/12/2018,0.014819205690574985,0.014824697946779335,0.014812620352540364,0.01484560570071259,,0.01%
06/11/2018,0.014821402104639099,0.014826895989324636,0.014819205690574985,0.014864362690449646,,-0.09%
06/08/2018,0.014808233377758034,0.014821402104639099,0.01475035032082012,0.01482799525504152,,0.16%
06/07/2018,0.014832393948383269,0.014938751120406334,0.014823599169878448,0.014938751120406334,,0.87%
06/06/2018,0.014961101137043686,0.014905351021016543,0.014888706915804361,0.014961101137043686,,-0.39%
06/05/2018,0.01490312965722802,0.01490757304710793,0.014874312063067082,0.01490757304710793,,0.04%
06/04/2018,0.01490979573579842,0.014944332361951728,0.014887598630340925,0.014958863126402395,,0.11%
06/01/2018,0.014926487051272481,0.014824697946779335,0.014824697946779335,0.014926487051272481,,-0.65%
05/31/2018,0.014830194275545008,0.014830194275545008,0.014792899408284025,0.014854426619132503,,-0.01%
05/30/2018,0.01482799525504152,0.01473730749392086,0.014727540500736375,0.014837895986349136,,-0.59%
05/29/2018,0.014740566037735848,0.014786337424220022,0.014706963747334361,0.014786337424220022,,0.65%
05/28/2018,0.014836795252225518,0.014813717502407231,0.01480779482319493,0.014859282593836369,,-0.49%
05/25/2018,0.014764506127270042,0.014634860237084737,0.014634860237084737,0.014767122478513837,,-0.89%
05/24/2018,0.014632718759145449,0.01463057790782736,0.014612405932636808,0.014642360348488176,,-0.04%
05/23/2018,0.01462629808395495,0.014671361502347418,0.014601737606775207,0.014671361502347418,,0.51%
05/22/2018,0.01470155836518671,0.014708045300779527,0.014685366032748367,0.01471930289381495,,-0.14%
05/21/2018,0.014681054099684359,0.014683209749651272,0.014670285337049805,0.014700909986328154,,0.18%
05/18/2018,0.014708045300779527,0.014754703061600883,0.014684287812041117,0.014756227127847951,,0.33%
05/17/2018,0.014756880395484395,0.014765596160945,0.014747087450228579,0.014796182584893099,,-0.01%
05/16/2018,0.014754703061600883,0.014683209749651272,0.014676744698025978,0.014759058372075862,,-0.45%
05/15/2018,0.014688601645123384,0.014773230905599056,0.014673944943358573,0.014823599169878448,,0.77%
05/14/2018,0.014801657785671996,0.014868340841845457,0.014786337424220022,0.01487652484379649,,0.30%
05/11/2018,0.01484560570071259,0.014893141708243355,0.014841199168892847,0.014899798852715489,,0.17%
05/10/2018,0.01487099412595732,0.014851117546595382,0.014828435006969364,0.01487541837114169,,-0.16%
05/09/2018,0.014847809948032666,0.014895360095330304,0.014819864546438044,0.014895360095330304,,0.33%
05/08/2018,0.014896469536719798,0.0148864905098623,0.014861049190072818,0.01492804681435481,,-0.01%
05/07/2018,0.014894250819183795,0.014963339817447255,0.014884274763712138,0.014972301242701002,,0.48%
05/04/2018,0.0149655791679138,0.015001500150015003,0.014943215780035863,0.015008254539996999,,0.22%
05/03/2018,0.014999250037498125,0.015013887846257788,0.01498800959232614,0.015030813166992334,,-0.03%
05/02/2018,0.0149947518368571,0.014979029358897542,0.014974094815968375,0.015006002400960384,,-0.16%
05/01/2018,0.014970059880239521,0.015046644598254591,0.0149678191887442,0.015048908954100828,,0.51%
04/30/2018,0.015046644598254591,0.015015015015015017,0.015015015015015017,0.015071590052750567,,-0.24%
04/27/2018,0.015010507355148603,0.014961101137043686,0.014958415604619158,0.015010507355148603,,-0.28%
04/26/2018,0.01496893945063992,0.014951035359198624,0.014945002391200382,0.014993178103962697,,-0.17%
04/25/2018,0.014943215780035863,0.015039855617386074,0.01492982979994028,0.015039855617386074,,0.77%
04/24/2018,0.015057973196807711,0.015055706112616682,0.015046644598254591,0.015084093823063579,,-0.18%
04/23/2018,0.015030813166992334,0.015103458692040479,0.015030813166992334,0.01511715797430083,,0.48%
04/20/2018,0.015103458692040479,0.015144631228229592,0.015103458692040479,0.01516070345664039,,0.52%
04/19/2018,0.01518141794443601,0.015186028853454823,0.01518141794443601,0.015212596029512436,,0.23%
04/18/2018,0.015216068167985392,0.015227653418608192,0.015199878400972791,0.015243902439024392,,0.06%
04/17/2018,0.01522533495736906,0.015278838808250572,0.015220236826885027,0.01528584530724549,,0.32%
04/16/2018,0.015274171376202841,0.015306903413439462,0.015263680073265664,0.015309246785058177,,0.33%
04/13/2018,0.01532449620718719,0.015312763188117294,0.015312763188117294,0.015340952673161002,,-0.05%
04/12/2018,0.015316281206922957,0.015309246785058177,0.015278838808250572,0.015326140264835702,,0.05%
04/11/2018,0.015323322096230461,0.015384615384615385,0.015310418739952538,0.01538816649996153,,0.48%
04/10/2018,0.01539645881447267,0.015410695022345508,0.015376335819174292,0.015410695022345508,,-0.01%
04/09/2018,0.015395273650989147,0.015416634548678025,0.015371136080667721,0.015420200462606014,,0.04%
04/06/2018,0.015401201293700907,0.015400015400015399,0.015373971865631485,0.015403573629081947,,0.06%
04/05/2018,0.015410695022345508,0.015375153751537514,0.015351550506601166,0.015410695022345508,,-0.24%
04/04/2018,0.015373971865631485,0.015383432043688947,0.015342129487572874,0.0154071335028118,,0.07%
04/03/2018,0.015384615384615385,0.015363343063450606,0.01535272894757043,0.01538816649996153,,-0.20%
04/02/2018,0.015353907569476433,0.015356265356265355,0.015353907569476433,0.015363343063450606,,0.02%
03/30/2018,0.015357444521231669,0.015357444521231669,0.015357444521231669,0.015357444521231669,,0.00%
03/29/2018,0.015357444521231669,0.015344483658124904,0.015344483658124904,0.015357444521231669,,-0.07%
03/28/2018,0.015346838551258441,0.015410695022345508,0.015313935681470138,0.015410695022345508,,0.33%
03/27/2018,0.015397644160443454,0.015435671837616733,0.015386272367793457,0.015449503298468953,,0.19%
03/26/2018,0.015426147319706903,0.015409507666230065,0.015395273650989147,0.015431384349489994,,-0.25%
03/23/2018,0.015386982612709649,0.015337423312883436,0.015335071308081583,0.015388876919762396,,-0.18%
03/22/2018,0.01535980339451655,0.015355086372360844,0.015348016268897246,0.015378700499807765,,-0.12%
03/21/2018,0.015342129487572874,0.015332720024532353,0.015328019619865114,0.015342129487572874,,-0.05%
03/20/2018,0.015335071308081583,0.015335071308081583,0.01532567049808429,0.015346838551258441,,-0.02%
03/19/2018,0.015332720024532353,0.015373971865631485,0.015332720024532353,0.015384615384615385,,0.35%
03/16/2018,0.015386982612709649,0.015386982612709649,0.015386982612709649,0.015420200462606014,,0.00%
03/15/2018,0.015386982612709649,0.015402387370042358,0.015386272367793457,0.015429717636167257,,0.23%
03/14/2018,0.015422578655151141,0.015410695022345508,0.015369954812332852,0.015427337241592103,,-0.02%
03/13/2018,0.015419011641353788,0.01538816649996153,0.015382248884786955,0.015421389467190995,,-0.20%
03/12/2018,0.01538816649996153,0.015392903871315323,0.015368065160596283,0.01539479963668273,,-0.21%
03/09/2018,0.015355086372360844,0.015355086372360844,0.015338599585857813,0.015373971865631485,,0.03%
03/08/2018,0.01535980339451655,0.0154071335028118,0.015345661014348191,0.01541188256145488,,0.35%
03/07/2018,0.015413070283600495,0.0154071335028118,0.015382248884786955,0.015417823003391921,,-0.04%
03/06/2018,0.0154071335028118,0.015397644160443454,0.015356265356265355,0.0154071335028118,,-0.18%
03/05/2018,0.015378700499807765,0.015371608638844054,0.015346838551258441,0.015401201293700907,,-0.30%
03/02/2018,0.015332720024532353,0.015335071308081583,0.01532097441397273,0.015337423312883436,,-0.02%
03/01/2018,0.01533036946190403,0.015335071308081583,0.01532520076012996,0.01535862386730149,,0.03%
02/28/2018,0.015335071308081583,0.015349194167306216,0.015309246785058177,0.015372790161414298,,0.45%
02/27/2018,0.015403573629081947,0.015427337241592103,0.015391719255040789,0.01543924656476764,,0.23%
02/26/2018,0.01543924656476764,0.01546551190844417,0.015422578655151141,0.01547269070091289,,0.09%
02/23/2018,0.015453562046051616,0.015394088669950741,0.015394088669950741,0.01545714506530644,,-0.41%
02/22/2018,0.015390534821085034,0.015369246138476908,0.01535980339451655,0.015395273650989147,,0.26%
02/21/2018,0.01543090810894221,0.0154071335028118,0.015397644160443454,0.015452845641524889,,-0.08%
02/20/2018,0.015417823003391921,0.015501472639900789,0.015417109908576539,0.01552312946289972,,0.95%
02/19/2018,0.01556420233463035,0.01556420233463035,0.01556420233463035,0.01556420233463035,,0.05%
02/16/2018,0.015572685509616133,0.015655577299412915,0.015569048731122527,0.015670296952127242,,0.49%
02/15/2018,0.01564945226917058,0.015634771732332707,0.015629884338855895,0.015655577299412915,,-0.31%
02/14/2018,0.015600624024960999,0.01558724962980282,0.015578265204386842,0.015614021391209305,,-0.26%
02/13/2018,0.015560569516844317,0.015558148580318941,0.015558148580318941,0.015560569516844317,,-0.02%
02/12/2018,0.015556938394523958,0.01555451858764971,0.015540015540015542,0.015566625155666253,,-0.15%
02/09/2018,0.015533980582524271,0.015521924718665115,0.015518793258636207,0.01555572839698219,,0.12%
02/08/2018,0.015552099533437015,0.015530361857431278,0.015530361857431278,0.015588464536243178,,0.03%
02/07/2018,0.015556938394523958,0.015571473061351605,0.015549197661400673,0.015614021391209305,,0.08%
02/06/2018,0.015569048731122527,0.015537600994406464,0.015526744817948917,0.015600624024960999,,0.14%
02/05/2018,0.015590894917368257,0.015566625155666253,0.015566625155666253,0.01562255897516013,,0.02%
02/02/2018,0.015593326056447842,0.015594541910331383,0.01557632398753894,0.015688735487919672,,0.23%
02/01/2018,0.015629884338855895,0.015710919088766692,0.01560914696011863,0.015733165512901194,,0.68%
01/31/2018,0.015735641227380016,0.015703517587939697,0.015685782406826453,0.015735641227380016,,-0.22%
01/30/2018,0.01570105197048202,0.015698587127158554,0.015670296952127242,0.015724506643604058,,0.14%
01/29/2018,0.015723270440251572,0.015720798616569723,0.015717092337917484,0.015750511891636478,,0.02%
01/26/2018,0.015725743041358705,0.015741833923652106,0.01571832756994656,0.015744312367157363,,0.12%
01/25/2018,0.015744312367157363,0.015744312367157363,0.01571338780641106,0.015759199432668822,,-0.23%
01/24/2018,0.015708451146716935,0.015688735487919672,0.015688735487919672,0.015715857300015717,,-0.16%
01/23/2018,0.015683814303638646,0.015647003598810827,0.015647003598810827,0.01568627450980392,,-0.20%
01/22/2018,0.015651901706057285,0.015651901706057285,0.01562255897516013,0.01569242840329541,,0.09%
01/19/2018,0.015666614444618518,0.015703517587939697,0.01565680288085173,0.015714622456195492,,-0.06%
01/18/2018,0.01565680288085173,0.015659254619480114,0.01563721657544957,0.015685044310250175,,-0.02%
01/17/2018,0.015653126712060733,0.015605493133583021,0.015605493133583021,0.015680863074703632,,-0.21%
01/16/2018,0.015620118712902219,0.015720798616569723,0.015593326056447842,0.015723270440251572,,0.80%
01/15/2018,0.015744312367157363,0.01575795776867318,0.015744312367157363,0.015789058182679405,,-0.15%
01/12/2018,0.015720798616569723,0.015723270440251572,0.015691197238349285,0.015750511891636478,,-0.13%
01/11/2018,0.01570105197048202,0.015708451146716935,0.01566710534561634,0.0157114127702363,,0.09%
01/10/2018,0.015715857300015717,0.01570105197048202,0.01566048077675985,0.015733165512901194,,-0.06%
01/09/2018,0.01570598397989634,0.01575175238245255,0.015691197238349285,0.015766653527788728,,0.31%
01/08/2018,0.015754233950374164,0.015789058182679405,0.015740594994490792,0.01581152660289351,,0.21%
01/05/2018,0.015787811809283233,0.015782828282828284,0.015766653527788728,0.015792050281888098,,-0.09%
01/04/2018,0.015772870662460567,0.015724506643604058,0.015719562996148708,0.015781582892764143,,-0.17%
01/03/2018,0.01574679159121329,0.01573440327275588,0.015729453401494297,0.015760441292356184,,0.07%
01/02/2018,0.01575795776867318,0.015698587127158554,0.015681354869060686,0.015762925598991173,,-0.35%
01/01/2018,0.015703517587939697,0.01566048077675985,0.015658028654192437,0.015714622456195492,,-0.25%
12/29/2017,0.015664160401002505,0.015611583795176019,0.015607928827844546,0.01567643831321524,,-0.37%
12/28/2017,0.015605493133583021,0.015593326056447842,0.015556938394523958,0.01560598021161709,,-0.06%
12/27/2017,0.015595757953836555,0.015606710885680842,0.015579964166082417,0.015606710885680842,,0.11%
12/26/2017,0.0156128024980484,0.015615240474703309,0.015594541910331383,0.015618167051914785,,0.05%
12/25/2017,0.015620118712902219,0.015620118712902219,0.015620118712902219,0.015620118712902219,,0.00%
12/22/2017,0.015620118712902219,0.015610365282547611,0.015603058199407082,0.015620118712902219,,0.00%
12/21/2017,0.015620118712902219,0.015620118712902219,0.015590894917368257,0.01562255897516013,,-0.15%
12/20/2017,0.015596974187007721,0.01562255897516013,0.015593326056447842,0.015623779392234983,,0.09%
12/19/2017,0.015610365282547611,0.015569048731122527,0.015569048731122527,0.01563843928375948,,-0.23%
12/18/2017,0.015573898146706122,0.015586034912718205,0.015448787270199289,0.015603058199407082,,0.20%
12/15/2017,0.015605493133583021,0.015590894917368257,0.015582391897156215,0.015621338748730767,,-0.40%
12/14/2017,0.015542430836182779,0.015537600994406464,0.015533980582524271,0.01556299120690997,,-0.19%
12/13/2017,0.015513496742165686,0.015494267121165167,0.015489467162329615,0.015521924718665115,,0.08%
12/12/2017,0.01552553951249806,0.01552312946289972,0.015496668216333487,0.015527950310559004,,0.09%
12/11/2017,0.015538808173413098,0.015514700178419053,0.015514700178419053,0.015548472362590377,,-0.19%
12/08/2017,0.015508684863523572,0.015488267637264772,0.015482272797646694,0.015519515791107316,,-0.14%
12/07/2017,0.015487068297971196,0.015501472639900789,0.015477480266212661,0.015506280043417585,,0.06%
12/06/2017,0.015496668216333487,0.015517107611141286,0.01549066687320889,0.015528432560017394,,0.26%
12/05/2017,0.015537600994406464,0.015552099533437015,0.015511571632437798,0.015569048731122527,,-0.03%
12/04/2017,0.01553277415346381,0.015489467162329615,0.015489467162329615,0.01555451858764971,,-0.22%
12/01/2017,0.015499070055796654,0.015502674211301451,0.015499070055796654,0.015506280043417585,,0.05%
11/30/2017,0.015506280043417585,0.015491866769945779,0.015471493772723756,0.01552553951249806,,0.20%
11/29/2017,0.015537600994406464,0.01552312946289972,0.015499070055796654,0.015556938394523958,,-0.08%
11/28/2017,0.01552553951249806,0.015494267121165167,0.015476761642393946,0.015535187199005747,,-0.10%
11/27/2017,0.015509406455014965,0.015452368075407556,0.015425433454680075,0.015509406455014965,,-0.31%
11/24/2017,0.015460729746444031,0.015482272797646694,0.0154435384235236,0.01549066687320889,,0.17%
11/23/2017,0.015487068297971196,0.015428527347064723,0.015409032775012712,0.015487068297971196,,-0.48%
11/22/2017,0.015413070283600495,0.015436863229391787,0.015392903871315323,0.015451174289245983,,0.00%
11/21/2017,0.015413070283600495,0.015363343063450606,0.015355086372360844,0.015413070283600495,,-0.34%
11/20/2017,0.015360983102918589,0.015390534821085034,0.015355086372360844,0.015390534821085034,,0.13%
11/17/2017,0.015381065907867414,0.015468621900474886,0.015367592820260633,0.015473887814313346,,-0.43%
11/16/2017,0.015315108354391607,0.015317454239105462,0.01529285823520416,0.015355086372360844,,0.04%
11/15/2017,0.01532097441397273,0.01528117359413203,0.01528117359413203,0.015348016268897246,,-0.21%
11/14/2017,0.015288182235132244,0.015309246785058177,0.015255530129672007,0.015315812044354591,,-0.05%
11/13/2017,0.01528117359413203,0.015297537096527458,0.015259021896696423,0.01532167864311214,,0.38%
11/10/2017,0.015339776039269826,0.015363343063450606,0.015335541651331126,0.015383432043688947,,0.33%
11/09/2017,0.015390534821085034,0.015397644160443454,0.015384142026399188,0.015419724912107568,,0.08%
11/08/2017,0.015403573629081947,0.01535272894757043,0.015345661014348191,0.015403573629081947,,-0.22%
11/07/2017,0.01537042729787888,0.01546551190844417,0.015368065160596283,0.01547628259692022,,0.67%
11/06/2017,0.015473887814313346,0.015464316090620892,0.015445923820703715,0.015473887814313346,,0.10%
11/03/2017,0.015489467162329615,0.01548467017652524,0.015467904098994584,0.015499070055796654,,-0.02%
11/02/2017,0.01548586914440573,0.015495467575734098,0.015461925009663703,0.015509887553315239,,0.02%
11/01/2017,0.015488267637264772,0.015454756201220925,0.015454756201220925,0.015501472639900789,,-0.29%
10/31/2017,0.015444015444015444,0.015422578655151141,0.015420200462606014,0.015448787270199289,,-0.17%
10/30/2017,0.015417823003391921,0.015410695022345508,0.015394088669950741,0.0154320987654321,,-0.28%
10/27/2017,0.015375153751537514,0.015378700499807765,0.01535862386730149,0.015392903871315323,,0.31%
10/26/2017,0.015422578655151141,0.015435671837616733,0.015403573629081947,0.015448787270199289,,-0.13%
10/25/2017,0.015402387370042358,0.015350372246526979,0.015337423312883436,0.01541188256145488,,-0.25%
10/24/2017,0.015363343063450606,0.01538935056940597,0.015355086372360844,0.015408320493066254,,0.10%
10/23/2017,0.015379173523214863,0.01536688436419516,0.015357444521231669,0.01538935056940597,,-0.03%
10/20/2017,0.015375153751537514,0.015384615384615385,0.015373971865631485,0.015385798907608276,,0.07%
10/19/2017,0.015385798907608276,0.015376808697122999,0.015365703749231715,0.015385798907608276,,-0.09%
10/18/2017,0.015371608638844054,0.015385798907608276,0.015344483658124904,0.015392903871315323,,0.04%
10/17/2017,0.01537751806858373,0.01543328960567945,0.015375153751537514,0.01543328960567945,,0.51%
10/16/2017,0.015455950540958269,0.015445208124179472,0.01543924656476764,0.01545833977430824,,0.00%
10/13/2017,0.015455950540958269,0.015395273650989147,0.015392903871315323,0.015455950540958269,,-0.55%
10/12/2017,0.01537042729787888,0.015346838551258441,0.015345661014348191,0.015376335819174292,,-0.15%
10/11/2017,0.015346838551258441,0.015323322096230461,0.015308075009567546,0.015353907569476433,,-0.14%
10/10/2017,0.01532567049808429,0.015301048121796341,0.015295197308045275,0.015336247220305192,,-0.16%
10/09/2017,0.015301048121796341,0.015296367112810707,0.015283509093687909,0.015319800842589045,,-0.07%
10/06/2017,0.015290519877675839,0.015337423312883436,0.015289350967051448,0.015337423312883436,,0.39%
10/05/2017,0.015350372246526979,0.01536216299254935,0.015338599585857813,0.015390534821085034,,0.18%
10/04/2017,0.01537751806858373,0.015303389700818732,0.015294027682190103,0.01539645881447267,,-0.69%
10/03/2017,0.015270672673131251,0.015245064410397134,0.015235309352956411,0.015275337966852516,,0.27%
10/02/2017,0.015311590874291839,0.015311590874291839,0.015311590874291839,0.015311590874291839,,0.00%
09/29/2017,0.015311590874291839,0.015301750520259517,0.015275337966852516,0.015329194450831609,,-0.24%
09/28/2017,0.015274171376202841,0.015189488873699402,0.015174506828528072,0.015274171376202841,,-0.37%
09/27/2017,0.015217225899718481,0.015298707259236596,0.01520796897574329,0.015303389700818732,,0.39%
09/26/2017,0.01527650473571647,0.015326844968963138,0.015269506794930525,0.015348016268897246,,0.51%
09/25/2017,0.015354614829487004,0.015421389467190995,0.01534330648254699,0.015449980687524142,,0.51%
09/22/2017,0.01543328960567945,0.01543090810894221,0.015348016268897246,0.015442822948034902,,-0.02%
09/21/2017,0.015429717636167257,0.015500271254746957,0.015419011641353788,0.015515903801396431,,0.80%
09/20/2017,0.015553792792372418,0.015565413650867771,0.015519515791107316,0.015565413650867771,,-0.01%
09/19/2017,0.015552099533437015,0.015578750584203148,0.015540015540015542,0.015593326056447842,,0.22%
09/18/2017,0.015586520776832195,0.015611583795176019,0.015584091759132276,0.015624511734008313,,0.07%
09/15/2017,0.015598190609889253,0.015589679632083561,0.015589679632083561,0.015614752818462883,,-0.02%
09/14/2017,0.015595028304976373,0.015584091759132276,0.015583120364021692,0.015609877930754582,,0.18%
09/13/2017,0.01562255897516013,0.01562744178777934,0.0156128024980484,0.01563232765358762,,-0.03%
09/12/2017,0.015617435304774248,0.015628662967883098,0.015611583795176019,0.015640885274106515,,0.15%
09/11/2017,0.015640885274106515,0.015648227838197325,0.01563966218329684,0.01566465114821893,,0.24%
09/08/2017,0.015677667163126126,0.01565680288085173,0.015634771732332707,0.01567889620570712,,-0.36%
09/07/2017,0.015621338748730767,0.015614752818462883,0.015611583795176019,0.015629884338855895,,-0.07%
09/06/2017,0.015610365282547611,0.015599407222525542,0.015561295944726277,0.015610365282547611,,-0.07%
09/05/2017,0.015599407222525542,0.015599407222525542,0.015585549078894048,0.015605493133583021,,0.10%
09/04/2017,0.015615240474703309,0.01563843928375948,0.01558166349839509,0.015640885274106515,,0.02%
09/01/2017,0.01561889886762983,0.01564333202972233,0.015611583795176019,0.015655577299412915,,0.14%
08/31/2017,0.015640885274106515,0.015616459748574998,0.015610365282547611,0.01565067689177557,,-0.09%
08/30/2017,0.01562744178777934,0.015631105900742476,0.015620118712902219,0.015655577299412915,,-0.04%
08/29/2017,0.015621338748730767,0.015635994058322257,0.015615972016178146,0.01564333202972233,,0.17%
08/28/2017,0.015648227838197325,0.015651901706057285,0.01564210855623338,0.01566048077675985,,-0.16%
08/25/2017,0.015623779392234983,0.015611583795176019,0.01560914696011863,0.015623779392234983,,-0.06%
08/24/2017,0.015614021391209305,0.015615240474703309,0.015603058199407082,0.015623779392234983,,0.00%
08/23/2017,0.015614021391209305,0.015614021391209305,0.01558919357101657,0.015614021391209305,,-0.04%
08/22/2017,0.01560744162816831,0.015601841017240034,0.015588464536243178,0.0156128024980484,,-0.06%
08/21/2017,0.015598190609889253,0.015606710885680842,0.015586763720248765,0.015621338748730767,,0.02%
08/18/2017,0.015601841017240034,0.015579964166082417,0.015579964166082417,0.015605006085952375,,-0.12%
08/17/2017,0.015583606046439146,0.015583606046439146,0.015583606046439146,0.015583606046439146,,0.00%
08/16/2017,0.015583606046439146,0.015558148580318941,0.015545330182813082,0.015590894917368257,,0.08%
08/15/2017,0.015595757953836555,0.015598190609889253,0.015595757953836555,0.015598190609889253,,0.05%
08/14/2017,0.015603058199407082,0.015628662967883098,0.01558895055184885,0.015640885274106515,,-0.08%
08/11/2017,0.015590894917368257,0.015569048731122527,0.015559358954411079,0.015600624024960999,,0.07%
08/10/2017,0.015601841017240034,0.015635994058322257,0.015596974187007721,0.015653126712060733,,0.37%
08/09/2017,0.015659254619480114,0.015677667163126126,0.015659254619480114,0.015694891312877657,,0.26%
08/08/2017,0.01570055893989826,0.015685044310250175,0.015677667163126126,0.01571832756994656,,-0.23%
08/07/2017,0.015664160401002505,0.015691197238349285,0.015658028654192437,0.01570647735125966,,0.26%
08/04/2017,0.015704750687082842,0.01569341347436481,0.01567742137773179,0.01571733936879165,,-0.05%
08/03/2017,0.015697354995683227,0.015712153350616702,0.015693659761456372,0.015729453401494297,,0.11%
08/02/2017,0.015714622456195492,0.015594541910331383,0.015592110392141575,0.015724506643604058,,-0.72%
08/01/2017,0.015601841017240034,0.015599407222525542,0.015589679632083561,0.015614021391209305,,-0.16%
07/31/2017,0.01557632398753894,0.015590894917368257,0.015558632707357679,0.015606710885680842,,0.13%
07/28/2017,0.015596974187007721,0.015577537191370045,0.015565413650867771,0.015598190609889253,,-0.02%
07/27/2017,0.015594541910331383,0.015577537191370045,0.015571958018001182,0.015606710885680842,,-0.36%
07/26/2017,0.015538808173413098,0.015510609256731606,0.015507001411137129,0.015538808173413098,,-0.05%
07/25/2017,0.015531567911780692,0.015538808173413098,0.015521924718665115,0.015541223094257518,,-0.02%
07/24/2017,0.015529155990371924,0.015524334394162849,0.01551229349259288,0.015552099533437015,,0.02%
07/21/2017,0.015531567911780692,0.015531567911780692,0.015530361857431278,0.015550890288469014,,0.02%
07/20/2017,0.015533980582524271,0.015541223094257518,0.015513496742165686,0.015546055188495918,,0.16%
07/19/2017,0.015559358954411079,0.015535187199005747,0.015535187199005747,0.015561780267662619,,-0.07%
07/18/2017,0.015548230611356427,0.015535187199005747,0.015524334394162849,0.015548230611356427,,-0.05%
07/17/2017,0.015541223094257518,0.015536394002951917,0.015526262673311909,0.015541223094257518,,-0.12%
07/14/2017,0.015522165652551842,0.01550676094777323,0.015497869043006585,0.015522165652551842,,-0.06%
07/13/2017,0.015513496742165686,0.015528432560017394,0.015509887553315239,0.015528432560017394,,-0.02%
07/12/2017,0.015509887553315239,0.015495467575734098,0.015479876160990714,0.015509887553315239,,-0.14%
07/11/2017,0.015488267637264772,0.01551229349259288,0.015478678120888476,0.015513496742165686,,0.14%
07/10/2017,0.015509887553315239,0.0154834713942866,0.015480595074074649,0.015509887553315239,,-0.23%
07/07/2017,0.015473887814313346,0.015438054805094557,0.015438054805094557,0.015494267121165167,,-0.15%
07/06/2017,0.015449980687524142,0.015442822948034902,0.015430193803234167,0.015454756201220925,,-0.12%
07/05/2017,0.0154320987654321,0.015454756201220925,0.015416634548678025,0.015461925009663703,,0.02%
07/04/2017,0.015434480629726808,0.01543090810894221,0.015409032775012712,0.015454756201220925,,-0.08%
07/03/2017,0.015421389467190995,0.015466707911221097,0.015405946695424435,0.015471493772723756,,0.35%
06/30/2017,0.01547508511296812,0.015448787270199289,0.015422578655151141,0.01548586914440573,,-0.06%
06/29/2017,0.01546551190844417,0.015514700178419053,0.01545833977430824,0.015517829986654668,,0.21%
06/28/2017,0.015497869043006585,0.01548586914440573,0.01546551190844417,0.015501472639900789,,0.08%
06/27/2017,0.015509887553315239,0.015507482360238816,0.015493066852583469,0.015526744817948917,,0.06%
06/26/2017,0.015519515791107316,0.01551229349259288,0.01551229349259288,0.015519515791107316,,-0.11%
06/23/2017,0.015502674211301451,0.0154834713942866,0.015475564084310875,0.015517107611141286,,-0.15%
06/22/2017,0.015478678120888476,0.015493066852583469,0.01547269070091289,0.015514700178419053,,0.12%
06/21/2017,0.015496668216333487,0.015471493772723756,0.015460729746444031,0.015506280043417585,,-0.02%
06/20/2017,0.015494267121165167,0.015507482360238816,0.015494267121165167,0.015525057442712537,,0.07%
06/19/2017,0.015505077913016512,0.015517107611141286,0.015502674211301451,0.015542430836182779,,0.05%
06/16/2017,0.01551229349259288,0.01545833977430824,0.015444015444015444,0.015526744817948917,,-0.15%
06/15/2017,0.015488267637264772,0.015553308966482618,0.01547508511296812,0.015561780267662619,,0.51%
06/14/2017,0.015567836849069821,0.015543638765835083,0.015535911258874888,0.015567836849069821,,-0.17%
06/13/2017,0.015541223094257518,0.015514700178419053,0.015500271254746957,0.015541223094257518,,-0.21%
06/12/2017,0.015508684863523572,0.015540015540015542,0.015506280043417585,0.015547263681592042,,0.37%
06/09/2017,0.015565413650867771,0.015558148580318941,0.015542430836182779,0.015584334626833106,,-0.01%
06/08/2017,0.01556420233463035,0.01552553951249806,0.015520720161415489,0.015574383254423126,,-0.29%
06/07/2017,0.015519515791107316,0.015500271254746957,0.015495467575734098,0.015548472362590377,,0.01%
06/06/2017,0.015520720161415489,0.015542430836182779,0.015507482360238816,0.015548472362590377,,0.12%
06/05/2017,0.015540015540015542,0.015547263681592042,0.015527950310559004,0.01555451858764971,,-0.10%
06/02/2017,0.015524334394162849,0.015541223094257518,0.015499070055796654,0.015541223094257518,,-0.10%
06/01/2017,0.015509165917056983,0.015497869043006585,0.01548035542896065,0.015519997516800395,,-0.05%
05/31/2017,0.015501472639900789,0.015478678120888476,0.015478678120888476,0.015513496742165686,,-0.19%
05/30/2017,0.015471493772723756,0.015469100471807565,0.015454278517007435,0.015478678120888476,,0.15%
05/29/2017,0.015494267121165167,0.015507482360238816,0.015481074386562427,0.015514700178419053,,0.05%
05/26/2017,0.015501472639900789,0.015488267637264772,0.01547269070091289,0.015521924718665115,,-0.07%
05/25/2017,0.01549066687320889,0.015485149741397999,0.015467904098994584,0.015508684863523572,,-0.33%
05/24/2017,0.01543924656476764,0.015401201293700907,0.015391719255040789,0.015452368075407556,,-0.19%
05/23/2017,0.015409507666230065,0.015459534668006493,0.015403573629081947,0.015466707911221097,,0.60%
05/22/2017,0.015501472639900789,0.015496668216333487,0.015466707911221097,0.015513496742165686,,-0.09%
05/19/2017,0.015488267637264772,0.015449980687524142,0.015378700499807765,0.015488267637264772,,-0.49%
05/18/2017,0.015413070283600495,0.015527950310559004,0.015403573629081947,0.015545571843860276,,1.17%
05/17/2017,0.015593326056447842,0.015625,0.015582391897156215,0.01562744178777934,,0.13%
05/16/2017,0.015614021391209305,0.015606710885680842,0.015584820384945061,0.015615240474703309,,-0.03%
05/15/2017,0.01560914696011863,0.015593326056447842,0.01558117793705204,0.01561889886762983,,-0.28%
05/12/2017,0.015565898230157372,0.015550890288469014,0.015533497988412012,0.015565898230157372,,-0.25%
05/11/2017,0.015526744817948917,0.015481074386562427,0.015481074386562427,0.015540015540015542,,-0.33%
05/10/2017,0.01547628259692022,0.015457383992333137,0.015457383992333137,0.01549066687320889,,-0.10%
05/09/2017,0.015460729746444031,0.015518311607697084,0.015454756201220925,0.015518311607697084,,0.50%
05/08/2017,0.015537600994406464,0.015561780267662619,0.015531567911780692,0.015573898146706122,,0.07%
05/05/2017,0.015548472362590377,0.015567836849069821,0.015529155990371924,0.015567836849069821,,0.16%
05/04/2017,0.015572685509616133,0.015577537191370045,0.01556420233463035,0.01558117793705204,,0.08%
05/03/2017,0.015584820384945061,0.015590894917368257,0.01557632398753894,0.015596974187007721,,0.00%
05/02/2017,0.015584820384945061,0.01558919357101657,0.01556420233463035,0.015594541910331383,,-0.14%
05/01/2017,0.01556299120690997,0.01555572839698219,0.01555572839698219,0.01556299120690997,,-0.05%
04/28/2017,0.01555451858764971,0.015593326056447842,0.015527950310559004,0.015593326056447842,,0.27%
04/27/2017,0.015596974187007721,0.01560914696011863,0.015582391897156215,0.015628662967883098,,-0.02%
04/26/2017,0.015593326056447842,0.015547263681592042,0.0155448468832582,0.01563966218329684,,-0.31%
04/25/2017,0.0155448468832582,0.015521924718665115,0.015521924718665115,0.015572685509616133,,-0.25%
04/24/2017,0.015506280043417585,0.01549498737158529,0.015493786991416441,0.01552553951249806,,-0.25%
04/21/2017,0.015467904098994584,0.01546551190844417,0.01545833977430824,0.015488267637264772,,0.05%
04/20/2017,0.01547508511296812,0.01547029702970297,0.015449503298468953,0.015495227469939258,,-0.07%
04/19/2017,0.015464316090620892,0.01548586914440573,0.015464316090620892,0.015497869043006585,,0.09%
04/18/2017,0.015478678120888476,0.015500271254746957,0.015466707911221097,0.015507482360238816,,0.19%
04/17/2017,0.015508684863523572,0.015518311607697084,0.015491866769945779,0.015550890288469014,,0.00%
04/14/2017,0.015508684863523572,0.015517589187343854,0.015508684863523572,0.015517589187343854,,0.05%
04/13/2017,0.015517107611141286,0.015514700178419053,0.015505558742809298,0.015558874782175752,,-0.38%
04/12/2017,0.01545833977430824,0.015473887814313346,0.015448787270199289,0.015495467575734098,,0.21%
04/11/2017,0.01549066687320889,0.01548586914440573,0.01545714506530644,0.01552553951249806,,-0.08%
04/10/2017,0.015478678120888476,0.015546055188495918,0.015477480266212661,0.015546055188495918,,0.52%
04/07/2017,0.015559358954411079,0.015480115791266118,0.015445446682318053,0.015587492595941018,,-0.52%
04/06/2017,0.015478438535120579,0.015374208228276244,0.01537066355154552,0.015502914547935011,,-0.41%
04/05/2017,0.015414258188824663,0.01536688436419516,0.01534330648254699,0.015414258188824663,,-0.31%
04/04/2017,0.015365703749231715,0.015349194167306216,0.015349194167306216,0.015368065160596283,,0.15%
04/03/2017,0.01538816649996153,0.015426147319706903,0.01535862386730149,0.015435671837616733,,0.19%
03/31/2017,0.015417823003391921,0.015401201293700907,0.015386982612709649,0.0154320987654321,,0.00%
03/30/2017,0.015417823003391921,0.015420200462606014,0.015386982612709649,0.015420200462606014,,-0.02%
03/29/2017,0.015414258188824663,0.015355086372360844,0.015355086372360844,0.015416634548678025,,-0.26%
03/28/2017,0.015373971865631485,0.01535862386730149,0.01535272894757043,0.015375153751537514,,0.08%
03/27/2017,0.015385798907608276,0.015315108354391607,0.015315108354391607,0.01538935056940597,,-0.66%
03/24/2017,0.015284677111196026,0.015266010228226854,0.01525669387443741,0.015294027682190103,,-0.05%
03/23/2017,0.015277671682835536,0.015284677111196026,0.015246691467951457,0.015290519877675839,,0.00%
03/22/2017,0.015277671682835536,0.015247388884653504,0.015246226558926665,0.015291688967046411,,0.17%
03/21/2017,0.015303389700818732,0.0152849107361213,0.015273004963726614,0.015329429438636296,,0.00%
03/20/2017,0.015303389700818732,0.015284677111196026,0.015268341094740056,0.015310418739952538,,-0.20%
03/17/2017,0.015273004963726614,0.015270672673131251,0.015226494099733538,0.015289350967051448,,0.14%
03/16/2017,0.015294027682190103,0.015289350967051448,0.015259021896696423,0.01532449620718719,,-0.37%
03/15/2017,0.015236934328813043,0.015204500532157519,0.015199878400972791,0.01528584530724549,,-0.22%
03/14/2017,0.015203344735841885,0.015100037750094376,0.015090922809929828,0.015209125475285171,,-0.61%
03/13/2017,0.015110305228165607,0.01511715797430083,0.015108022359873094,0.01511715797430083,,-0.56%
03/10/2017,0.015025167154984597,0.014982395685070041,0.014982395685070041,0.015025167154984597,,-0.20%
03/09/2017,0.0149947518368571,0.014961772670826039,0.014953271028037384,0.015000375009375233,,-0.11%
03/08/2017,0.014977907586310192,0.01500757882730779,0.014976785981728321,0.015008254539996999,,0.21%
03/07/2017,0.0150093808630394,0.014997000599880022,0.014992503748125937,0.015016142353029506,,-0.07%
03/06/2017,0.014998125234345707,0.014970059880239521,0.014970059880239521,0.015001500150015003,,-0.16%
03/03/2017,0.014974543276430068,0.014947683109118086,0.014945449110745778,0.014974543276430068,,-0.01%
03/02/2017,0.014973422175638244,0.014974094815968375,0.014968267273380432,0.0149947518368571,,-0.12%
03/01/2017,0.014955507365587378,0.01498913287866297,0.014944332361951728,0.01498913287866297,,0.21%
02/28/2017,0.014986886474334958,0.014977907586310192,0.014962220393506398,0.01500487658489009,,0.04%
02/27/2017,0.014992503748125937,0.01498800959232614,0.014974543276430068,0.015003750937734431,,0.08%
02/24/2017,0.01500487658489009,0.015002400384061448,0.014991379956524999,0.015011634016362681,,-0.07%
02/23/2017,0.0149947518368571,0.01494656602645542,0.014933174046143508,0.0149947518368571,,-0.39%
02/22/2017,0.014936519790888723,0.014923813929887921,0.014910462671656704,0.014941652845637783,,-0.05%
02/21/2017,0.014928715384041204,0.014927601134497688,0.014919806042521445,0.014937189119751445,,0.12%
02/20/2017,0.01494656602645542,0.01490979573579842,0.01490979573579842,0.01494656602645542,,-0.26%
02/17/2017,0.01490757304710793,0.014894250819183795,0.014888263581818452,0.014925373134328358,,0.00%
02/16/2017,0.01490757304710793,0.014934289127837517,0.014895360095330304,0.014944332361951728,,0.31%
02/15/2017,0.014953271028037384,0.014937635372320563,0.014924259383628088,0.014953271028037384,,0.06%
02/14/2017,0.014962220393506398,0.014942099364960777,0.014925373134328358,0.01496893945063992,,-0.21%
02/13/2017,0.014930944382232178,0.014936073604970726,0.014906017559288684,0.014937189119751445,,0.18%
02/10/2017,0.01495796810961199,0.014958639362163618,0.014920696498112531,0.014969835780901483,,0.13%
02/09/2017,0.014977907586310192,0.014910907328710952,0.014905795373241118,0.014986886474334958,,-0.43%
02/08/2017,0.014914243102162566,0.014840097944646434,0.014840097944646434,0.014914243102162566,,-0.45%
02/07/2017,0.014847809948032666,0.01488095238095238,0.014822500555843771,0.01488095238095238,,0.23%
02/06/2017,0.014882059677059306,0.01487541837114169,0.01486878299011226,0.014893141708243355,,0.02%
02/03/2017,0.014884496308644916,0.014878959663140352,0.014830414213468982,0.014884496308644916,,-0.04%
02/02/2017,0.014878738282993603,0.014840097944646434,0.014812620352540364,0.014878738282993603,,-0.30%
02/01/2017,0.014833494029518652,0.01477781554330639,0.014770176060498642,0.014833494029518652,,-0.15%
01/31/2017,0.014811523365178108,0.014739696951830672,0.014723637327365351,0.014824697946779335,,-0.46%
01/30/2017,0.014742956552507042,0.014682994156168328,0.01467997651203758,0.014759058372075862,,-0.41%
01/27/2017,0.014683209749651272,0.014664691821501371,0.014650941322980003,0.014702639123722707,,-0.10%
01/26/2017,0.014667918329030744,0.01470912701331176,0.014655450361989624,0.014713455455013609,,0.28%
01/25/2017,0.014708477966700006,0.014676313897001629,0.014662756598240468,0.014712373105781962,,-0.22%
01/24/2017,0.014676098505973172,0.014695077149155033,0.014667057788207684,0.01469723691945914,,0.13%
01/23/2017,0.014694861207035899,0.014688385893274187,0.014655665147362712,0.014705882352941176,,-0.04%
01/20/2017,0.014689680499449137,0.014681054099684359,0.014642360348488176,0.014710641678190004,,-0.04%
01/19/2017,0.014684287812041117,0.014658028202046262,0.014637216586893835,0.014690975333852415,,-0.18%
01/18/2017,0.01465845793022574,0.01473774188318866,0.01465845793022574,0.01473774188318866,,0.53%
01/17/2017,0.01473578733311721,0.014683640955611355,0.014671792012676429,0.01473730749392086,,-0.35%
01/16/2017,0.014683640955611355,0.014669639713648631,0.014645577035735208,0.014690759512266786,,-0.11%
01/13/2017,0.014667057788207684,0.014673514306676448,0.014643432420559379,0.014684934725465146,,0.06%
01/12/2017,0.014675452370819329,0.014663831659212553,0.01466361663440671,0.014716703458425313,,-0.25%
01/11/2017,0.014638716477339267,0.01462629808395495,0.014588743325649927,0.014657813347404835,,-0.02%
01/10/2017,0.014635502802698788,0.014682131845543973,0.014630363857149128,0.014708477966700006,,0.33%
01/09/2017,0.014684287812041117,0.01468083856949909,0.01464021667520679,0.014690759512266786,,-0.02%
01/06/2017,0.014681054099684359,0.014759058372075862,0.01466318660371272,0.014759058372075862,,0.55%
01/05/2017,0.014761672792760876,0.014728625082848517,0.014703071471630422,0.014764506127270042,,-0.21%
01/04/2017,0.0147305777332587,0.014645577035735208,0.014641288433382138,0.014738393515106855,,-0.55%
01/03/2017,0.014649868151186638,0.014674160271178481,0.014611765393494841,0.01469615695495628,,0.17%
01/02/2017,0.014674590945777386,0.014716486880251947,0.01465609473699638,0.014726239213029775,,0.28%
12/30/2016,0.014715620631300125,0.014719952896150731,0.014705882352941176,0.014738393515106855,,0.03%
12/29/2016,0.014719952896150731,0.01465587993903154,0.014650297401037241,0.014726456078344746,,-0.44%
12/28/2016,0.014655665147362712,0.014710858084352059,0.014649653535693882,0.014715620631300125,,0.38%
12/27/2016,0.014710641678190004,0.014744913005013271,0.0146864444118079,0.014757969303423848,,0.32%
12/26/2016,0.014757969303423848,0.014740348756651584,0.014735570192888615,0.01476995790561997,,-0.11%
12/23/2016,0.014741217919424503,0.01473947969636672,0.014716703458425313,0.014762326542663125,,-0.02%
12/22/2016,0.014738827968399953,0.014741000619122027,0.01469723691945914,0.014744913005013271,,0.02%
12/21/2016,0.014741217919424503,0.014723854116053418,0.014712373105781962,0.014755791648221928,,-0.12%
12/20/2016,0.014723854116053418,0.014739045204651644,0.01468191628371335,0.014747087450228579,,0.11%
12/19/2016,0.014739696951830672,0.014738393515106855,0.014727540500736375,0.0147693034796479,,-0.02%
12/16/2016,0.01473730749392086,0.01473730749392086,0.014731879787860933,0.014762762408101805,,0.00%
12/15/2016,0.014736873130259221,0.014755791648221928,0.014716703458425313,0.014773667415199148,,0.57%
12/14/2016,0.014820303816228234,0.014831294030404153,0.014791805339841728,0.014836795252225518,,0.09%
12/13/2016,0.01483437421192387,0.014830634157916594,0.01479093020160038,0.014841199168892847,,-0.03%
12/12/2016,0.014829974344144386,0.014821182433934578,0.01478218451122707,0.014843402107763099,,-0.06%
12/09/2016,0.014821402104639099,0.014834594273846612,0.01478415138971023,0.01484384277401734,,-0.11%
12/08/2016,0.014804725668433362,0.014826895989324636,0.014799248198191532,0.014854867940224012,,0.16%
12/07/2016,0.014828435006969364,0.014762762408101805,0.014710208884966165,0.014831294030404153,,-0.45%
12/06/2016,0.014761890702961234,0.014700261664657632,0.014671792012676429,0.014776505356483192,,-0.42%
12/05/2016,0.014700477765527378,0.01470134223254583,0.014646649578908823,0.014702639123722707,,-0.01%
12/02/2016,0.014699181255604061,0.014655235582911996,0.014621379380930798,0.014703720041170414,,-0.30%
12/01/2016,0.01465502081012955,0.014578322035133756,0.014577684480597103,0.014664906877841326,,-0.53%
11/30/2016,0.014577684480597103,0.014574072724622897,0.014553922282055015,0.014626725953662533,,-0.02%
11/29/2016,0.014574072724622897,0.014582573824279984,0.014539955798534373,0.014585551552631961,,0.05%
11/28/2016,0.01458172326805582,0.014594492038704592,0.014532771399505885,0.01462950771706532,,0.09%
11/25/2016,0.014594492038704592,0.014544396771143917,0.014543127645031342,0.014641288433382138,,-0.35%
11/24/2016,0.014543127645031342,0.014532771399505885,0.014520110352838681,0.014581935897809793,,-0.03%
11/23/2016,0.014538264712723887,0.014620951823963741,0.014517791553548874,0.014628437682855471,,0.57%
11/22/2016,0.014620738054857009,0.014657383657017223,0.014600671630895023,0.014692918013517483,,0.25%
11/21/2016,0.014656739168669755,0.014665982254161472,0.014642789158478905,0.01470155836518671,,0.05%
11/18/2016,0.014664691821501371,0.014699397324709687,0.014652014652014652,0.014718869590815425,,0.25%
11/17/2016,0.014700909986328154,0.014709559742876894,0.014689680499449137,0.014756444877300162,,0.04%
11/16/2016,0.01470609861909734,0.014752526370140887,0.01467997651203758,0.014788961519122129,,0.31%
11/15/2016,0.014752308736317233,0.014752308736317233,0.014732965009208104,0.014808233377758034,,0.00%
11/14/2016,0.014752526370140887,0.01481042654028436,0.014752308736317233,0.014823599169878448,,0.33%
11/11/2016,0.014800562421372013,0.014858620228525578,0.014800562421372013,0.014928715384041204,,1.05%
11/10/2016,0.014955507365587378,0.015044833604140337,0.014955507365587378,0.015076134479119555,,0.53%
11/09/2016,0.015034202811395926,0.015091833808726099,0.014937635372320563,0.015096162555478396,,0.41%
11/08/2016,0.015095251034024697,0.014982395685070041,0.014981722298795469,0.015096162555478396,,-0.75%
11/07/2016,0.014982395685070041,0.014971180477580656,0.01496893945063992,0.014997900293958845,,-0.08%
11/04/2016,0.014970956344691297,0.015000375009375233,0.01496893945063992,0.015003750937734431,,0.19%
11/03/2016,0.014999700005999879,0.014974991763754528,0.01497050809904488,0.015008254539996999,,-0.14%
11/02/2016,0.01497858062969953,0.014993627708224006,0.014954389113204725,0.015008254539996999,,0.10%
11/01/2016,0.014993402902722802,0.014995876134063132,0.014974543276430068,0.015001500150015003,,0.01%
10/31/2016,0.01499565126113427,0.014974767516734303,0.014970059880239521,0.015003750937734431,,-0.14%
10/28/2016,0.014974991763754528,0.014949023828743982,0.01494009023814504,0.01499452699764586,,-0.15%
10/27/2016,0.014951929546507977,0.014956178397295924,0.014933620058838465,0.014972301242701002,,0.03%
10/26/2016,0.014955954713369128,0.014967371130934564,0.014947683109118086,0.014979478114982476,,0.09%
10/25/2016,0.014968715384845673,0.014958639362163618,0.014938751120406334,0.014983518130056939,,-0.06%
10/24/2016,0.014959982048021543,0.01494299248367478,0.014939867035183386,0.014977683251954586,,-0.12%
10/21/2016,0.014941876101963363,0.014958415604619158,0.014924259383628088,0.014979029358897542,,0.14%
10/20/2016,0.014963339817447255,0.015006452774693117,0.014954389113204725,0.015012760846719712,,0.28%
10/19/2016,0.01500487658489009,0.014983518130056939,0.014975664545114188,0.015012760846719712,,-0.13%
10/18/2016,0.014985089835613563,0.014972525415861894,0.014969611688272804,0.015003750937734431,,-0.08%
10/17/2016,0.014972525415861894,0.014988458886657273,0.014947683109118086,0.01498913287866297,,0.11%
10/14/2016,0.014988683543924337,0.014971404617181185,0.014945449110745778,0.015006002400960384,,-0.12%
10/13/2016,0.014971404617181185,0.014964011552216919,0.014927601134497688,0.01498576352465158,,-0.03%
10/12/2016,0.014967371130934564,0.014965803139825498,0.014951035359198624,0.01498576352465158,,-0.03%
10/11/2016,0.014962444264895113,0.01503578516870151,0.014956178397295924,0.015038950882786417,,0.51%
10/10/2016,0.015039403236479575,0.015014564127203386,0.015010507355148603,0.015043701954176885,,-0.17%
10/07/2016,0.015014564127203386,0.014993402902722802,0.014949917775452235,0.015029683625159692,,-0.14%
10/06/2016,0.014993178103962697,0.015020879021840359,0.014970956344691297,0.015025392914024702,,0.19%
10/05/2016,0.015021330289010395,0.015012084728206206,0.014998125234345707,0.015036463423802722,,-0.06%
10/04/2016,0.015012986233091625,0.015038950882786417,0.015008254539996999,0.015066367348168682,,0.09%
10/03/2016,0.015027199230607398,0.015025167154984597,0.015012760846719712,0.015053439710973957,,-0.02%
09/30/2016,0.01502494140272853,0.014969611688272804,0.014953718242040882,0.015035333032626672,,-0.38%
09/29/2016,0.014967371130934564,0.015072498718837608,0.014935404376073482,0.015076816379453316,,0.70%
09/28/2016,0.015071817209000889,0.015044380923724988,0.01502674761074713,0.015072498718837608,,-0.11%
09/27/2016,0.015054572826496049,0.01500847979108196,0.014989806931286724,0.015054572826496049,,-0.28%
09/26/2016,0.015012084728206206,0.014990930487055333,0.01496893945063992,0.015026973417284026,,-0.14%
09/23/2016,0.014990930487055333,0.01500712838598334,0.0149812734082397,0.015016593335635877,,0.11%
09/22/2016,0.01500757882730779,0.01497858062969953,0.014947012839484028,0.015030813166992334,,-0.17%
09/21/2016,0.014982620160613688,0.01492804681435481,0.014893141708243355,0.014983967155143996,,-0.36%
09/20/2016,0.014928715384041204,0.01492982979994028,0.01490979573579842,0.014945449110745778,,0.01%
09/19/2016,0.01492982979994028,0.01490846204305564,0.01490757304710793,0.014954389113204725,,-0.14%
09/16/2016,0.014908684308609765,0.014955954713369128,0.014898688915375446,0.014975664545114188,,0.32%
09/15/2016,0.014956625785222853,0.01497050809904488,0.01490646195125587,0.014977458924318902,,0.09%
09/14/2016,0.01497050809904488,0.014896247635220688,0.014896025740332478,0.014973197975623633,,-0.51%
09/13/2016,0.014894250819183795,0.014983967155143996,0.01489247632096265,0.014985314391895942,,0.60%
09/12/2016,0.014983967155143996,0.014958863126402395,0.014926487051272481,0.014986437274266788,,-0.23%
09/09/2016,0.014948800358771209,0.015003075630504252,0.014948800358771209,0.015046644598254591,,0.40%
09/08/2016,0.015008029295673185,0.015042570474442674,0.014997900293958845,0.015068183530475402,,0.23%
09/07/2016,0.015042570474442674,0.01506704836522525,0.015036237331970048,0.015080681646810435,,0.30%
09/06/2016,0.015087507543753771,0.015026296018031555,0.015019525382997898,0.01508978421608571,,-0.29%
09/05/2016,0.015044380923724988,0.015003750937734431,0.015000375009375233,0.01505230676601189,,-0.49%
09/02/2016,0.014971180477580656,0.014962668142983257,0.014948353438868708,0.015011183331582028,,-0.01%
09/01/2016,0.014969835780901483,0.014933843075176966,0.014904240256352933,0.014979478114982476,,-0.26%
08/31/2016,0.01493139026174727,0.01489247632096265,0.014890923981833072,0.014943215780035863,,-0.25%
08/30/2016,0.014893363517216728,0.014904018123286037,0.014890923981833072,0.01494009023814504,,0.05%
08/29/2016,0.014900242873958846,0.01489491636504461,0.014877631481068214,0.014912019087384432,,-0.03%
08/26/2016,0.014895138226882746,0.014922255051183336,0.014889593662988936,0.014963115919259026,,0.18%
08/25/2016,0.014921809717082487,0.014888263581818452,0.014888263581818452,0.014925373134328358,,-0.22%
08/24/2016,0.014888263581818452,0.014891367474275162,0.014859945018203433,0.014906017559288684,,0.07%
08/23/2016,0.014898244986740562,0.0148822811560556,0.014878516909434468,0.01491869312248247,,-0.12%
08/22/2016,0.014880509508645577,0.014894694509815603,0.014843402107763099,0.014904240256352933,,0.10%
08/19/2016,0.01489491636504461,0.014965131244201011,0.014879845249609405,0.014965131244201011,,0.46%
08/18/2016,0.014963339817447255,0.014946789429630515,0.0149441090322195,0.014988683543924337,,-0.09%
08/17/2016,0.014949247305398173,0.014957296917301105,0.014928492520825246,0.014961101137043686,,0.03%
08/16/2016,0.014954389113204725,0.014955507365587378,0.01493919746631211,0.014995201535508637,,0.03%
08/15/2016,0.014958191853768718,0.014945449110745778,0.014934289127837517,0.014971852916516948,,-0.08%
08/12/2016,0.014945895856997668,0.0149812734082397,0.014941876101963363,0.014983967155143996,,0.24%
08/11/2016,0.0149812734082397,0.014977907586310192,0.014943215780035863,0.014983967155143996,,-0.02%
08/10/2016,0.014977907586310192,0.014976337386928652,0.014968267273380432,0.015015015015015017,,-0.01%
08/09/2016,0.014975888819001408,0.01496647509578544,0.014928715384041204,0.014983967155143996,,-0.05%
08/08/2016,0.0149678191887442,0.014961101137043686,0.014955507365587378,0.01499857513536214,,-0.05%
08/05/2016,0.014960653481344066,0.014960429663539936,0.014947459679227516,0.014990256333383302,,0.00%
08/04/2016,0.014961101137043686,0.014974094815968375,0.014923145799134457,0.014983518130056939,,0.11%
08/03/2016,0.014977458924318902,0.014995426394949541,0.014922032380810267,0.014996550793317536,,0.13%
08/02/2016,0.014996550793317536,0.014977458924318902,0.01496893945063992,0.015021781583295781,,-0.12%
08/01/2016,0.014978131927386017,0.01498800959232614,0.0149678191887442,0.015006002400960384,,0.16%
07/29/2016,0.015002625459455405,0.01491824800095477,0.014900242873958846,0.0150093808630394,,-0.54%
07/28/2016,0.014922255051183336,0.014912463837275193,0.014899798852715489,0.014938751120406334,,-0.09%
07/27/2016,0.014909351145038167,0.01486016583945077,0.014841419433354605,0.014916022791682826,,-0.37%
07/26/2016,0.01485420596841996,0.014833494029518652,0.014828435006969364,0.01486878299011226,,-0.13%
07/25/2016,0.014834154156529993,0.014892032762472076,0.014819205690574985,0.014905351021016543,,0.38%
07/22/2016,0.014891145724752064,0.014889150276193738,0.014877188806403142,0.014916022791682826,,0.00%
07/21/2016,0.014891367474275162,0.014886712120761007,0.014864804602143506,0.01490735081468672,,-0.01%
07/20/2016,0.014889150276193738,0.014883610168482466,0.01486878299011226,0.014904240256352933,,-0.06%
07/19/2016,0.01488006666269865,0.01489491636504461,0.0148720999405116,0.014911352012286954,,0.10%
07/18/2016,0.01489491636504461,0.014904018123286037,0.01487652484379649,0.014922700411866531,,-0.01%
07/15/2016,0.014894028983780401,0.014960429663539936,0.0148864905098623,0.014960429663539936,,0.45%
07/14/2016,0.014960429663539936,0.01492403665343402,0.014916022791682826,0.014969611688272804,,-0.26%
07/13/2016,0.014921809717082487,0.014912019087384432,0.01487541837114169,0.014939867035183386,,0.06%
07/12/2016,0.014930944382232178,0.014887155362353362,0.01487652484379649,0.014930944382232178,,-0.24%
07/11/2016,0.014894694509815603,0.01489447266119543,0.014857074939085991,0.014923145799134457,,0.00%
07/08/2016,0.01489447266119543,0.014815912289799244,0.014811084615726411,0.01490979573579842,,-0.53%
07/07/2016,0.014815912289799244,0.01483591478250549,0.014806260086764684,0.014857957922263163,,0.12%
07/06/2016,0.01483437421192387,0.014828435006969364,0.014802753312116052,0.01484560570071259,,-0.03%
07/05/2016,0.014829314589079693,0.01486878299011226,0.014809329877823027,0.014871215275712332,,0.25%
07/04/2016,0.014866572511707426,0.01488316713796696,0.01485884101040119,0.01489913287046694,,0.11%
07/01/2016,0.01488316713796696,0.014812839769512214,0.014811742749651925,0.014892032762472076,,-0.47%
06/30/2016,0.014813936951884332,0.014838116152773242,0.014766686355581808,0.014838116152773242,,0.12%
06/29/2016,0.014831953961614904,0.014767776711216126,0.014738393515106855,0.014842300556586271,,-0.43%
06/28/2016,0.014767776711216126,0.014727974314412796,0.014710208884966165,0.014781966001478195,,-0.29%
06/27/2016,0.014724504520422888,0.014730143766203158,0.0146864444118079,0.014753614635585718,,0.04%
06/24/2016,0.014730794726375486,0.01486369987217218,0.014657813347404835,0.014870551846179011,,0.90%
06/23/2016,0.014863478945882073,0.014827555529195457,0.014819205690574985,0.01488095238095238,,-0.25%
06/22/2016,0.014826016694094798,0.01478415138971023,0.014775850350187653,0.014849573817231445,,-0.26%
06/21/2016,0.01478764935525849,0.014815473280293938,0.014759058372075862,0.014851117546595382,,0.11%
06/20/2016,0.014803629850039229,0.014909128859600735,0.014773230905599056,0.014909128859600735,,0.71%
06/17/2016,0.014908906580791366,0.014854867940224012,0.014854867940224012,0.014916022791682826,,-0.36%
06/16/2016,0.014855529971031718,0.014907795286155132,0.014824917721706646,0.014908239784128688,,0.35%
06/15/2016,0.014907795286155132,0.014860828342571816,0.01484714860511039,0.014925373134328358,,-0.32%
06/14/2016,0.014860607501634666,0.014883610168482466,0.014837675826458544,0.014911796722387079,,0.16%
06/13/2016,0.014883831693631208,0.014934289127837517,0.01487652484379649,0.014947683109118086,,0.35%
06/10/2016,0.014936073604970726,0.014973870595810311,0.014923145799134457,0.014988683543924337,,0.30%
06/09/2016,0.014980600122840922,0.015039629423531004,0.014971180477580656,0.015043701954176885,,0.38%
06/08/2016,0.015037593984962405,0.015001950253532959,0.014965355202705737,0.01504868248784819,,-0.24%
06/07/2016,0.015001950253532959,0.014968043227708842,0.014932059130954158,0.01500712838598334,,-0.20%
06/06/2016,0.014972301242701002,0.014950364788900848,0.014913131011855938,0.014972525415861894,,-0.31%
06/03/2016,0.014925373134328358,0.014862153526045925,0.014841199168892847,0.014925373134328358,,-0.40%
06/02/2016,0.014865909496342986,0.014818327307213563,0.014812620352540364,0.014877631481068214,,-0.25%
06/01/2016,0.014829314589079693,0.014879402443197883,0.014810645892267361,0.014898688915375446,,0.33%
05/31/2016,0.014878959663140352,0.014887598630340925,0.014850455908996408,0.014901797156737104,,0.06%
05/30/2016,0.014887376993047593,0.014916467780429593,0.014841199168892847,0.014918470558398352,,0.21%
05/27/2016,0.014918470558398352,0.014938304801171165,0.014895360095330304,0.014953271028037384,,0.16%
05/26/2016,0.014941652845637783,0.01485884101040119,0.014833494029518652,0.014947012839484028,,-0.51%
05/25/2016,0.014864804602143506,0.014786337424220022,0.014768431001890358,0.01487586094045193,,-0.53%
05/24/2016,0.014786337424220022,0.014830414213468982,0.014753614635585718,0.014833053977483423,,0.33%
05/23/2016,0.014834814342298505,0.014830194275545008,0.014795088030773782,0.014871436432044973,,0.00%
05/20/2016,0.014835034417279848,0.014828874784981315,0.014804944851580428,0.014854426619132503,,-0.04%
05/19/2016,0.014828874784981315,0.014893585332797164,0.014790711433219937,0.014902463377196251,,0.44%
05/18/2016,0.014894250819183795,0.014964683347300372,0.014887820274233651,0.014964683347300372,,0.47%
05/17/2016,0.014964459408903853,0.014959982048021543,0.014947459679227516,0.014998125234345707,,-0.03%
05/16/2016,0.014960205852432532,0.014942099364960777,0.014937858508604206,0.01498576352465158,,-0.02%
05/13/2016,0.014957744372148678,0.014979702503108287,0.014942099364960777,0.01498800959232614,,0.15%
05/12/2016,0.014979702503108287,0.015023812743197968,0.014974319042841525,0.01503307276007216,,0.29%
05/11/2016,0.015023812743197968,0.015008029295673185,0.014959982048021543,0.01503307276007216,,-0.11%
05/10/2016,0.015008029295673185,0.014980824544582935,0.014973197975623633,0.015028102551771814,,-0.18%
05/09/2016,0.014980824544582935,0.015014564127203386,0.014970059880239521,0.015061375103546954,,0.23%
05/06/2016,0.015015015015015017,0.015022232904698955,0.01498913287866297,0.015042117930204572,,0.06%
05/05/2016,0.015024489918567262,0.015008930313536555,0.014998125234345707,0.015047097414908665,,-0.10%
05/04/2016,0.015008930313536555,0.015019750972528877,0.014994976682811259,0.015037593984962405,,0.10%
05/03/2016,0.015024489918567262,0.015073180290309452,0.015019074224264817,0.015097757982939533,,0.32%
05/02/2016,0.015072498718837608,0.015054572826496049,0.015045512675844428,0.015078407720144755,,-0.12%
04/29/2016,0.015054572826496049,0.015061375103546954,0.015021781583295781,0.01508523155830442,,0.04%
04/28/2016,0.015060014156413308,0.015062282538295852,0.015023587031639675,0.015078407720144755,,0.06%
04/27/2016,0.015068864711732619,0.015058880221666715,0.015012310094277309,0.015072953092969976,,-0.06%
04/26/2016,0.015059333775073791,0.014994077339450917,0.014958415604619158,0.015060921427172913,,-0.42%
04/25/2016,0.014995876134063132,0.015001500150015003,0.014977907586310192,0.01501726986033939,,0.04%
04/22/2016,0.015001500150015003,0.015037141740098044,0.014985538954908515,0.015047323833456222,,0.26%
04/21/2016,0.015040081818045089,0.015113730824454014,0.01503126503126503,0.015113959252765855,,0.49%
04/20/2016,0.015113502403046883,0.015120129428307906,0.015069318866787222,0.015129737499054392,,0.02%
04/19/2016,0.01511715797430083,0.01505638616619239,0.015037141740098044,0.015121958596077362,,-0.40%
04/18/2016,0.015056612864370033,0.015001500150015003,0.01498800959232614,0.015056839569374387,,-0.37%
04/15/2016,0.015001500150015003,0.015015691397510399,0.014997000599880022,0.015044607260527466,,0.09%
04/14/2016,0.015015691397510399,0.015036237331970048,0.0149947518368571,0.01504234419891996,,0.15%
04/13/2016,0.015038498556304139,0.015088190473316535,0.014997000599880022,0.015089556517933938,,0.32%
04/12/2016,0.015086824676010439,0.015082728767288578,0.015022458575570479,0.01508932882665379,,-0.01%
04/11/2016,0.015085914281835049,0.015025167154984597,0.015014338693452247,0.015087507543753771,,-0.40%
04/08/2016,0.015026070231852264,0.014979702503108287,0.014972973782322907,0.015043249341857842,,-0.31%
04/07/2016,0.014979702503108287,0.015033750770479727,0.014964235477209471,0.015055252777694138,,0.36%
04/06/2016,0.015033750770479727,0.015055706112616682,0.014982395685070041,0.015064778547755349,,0.14%
04/05/2016,0.015055252777694138,0.015125847047434658,0.015024489918567262,0.01513317191283293,,0.48%
04/04/2016,0.015127219919523191,0.015080681646810435,0.01506319008239565,0.015146007512419726,,-0.39%
04/01/2016,0.015068183530475402,0.015070454374199382,0.015037141740098044,0.01508978421608571,,0.17%
03/31/2016,0.01509320051316882,0.015097757982939533,0.015069773049217878,0.015122873345935728,,-0.18%
03/30/2016,0.015065913370998116,0.015084093823063579,0.015037141740098044,0.015090922809929828,,0.00%
03/29/2016,0.015065913370998116,0.015012760846719712,0.015001500150015003,0.015067956483741676,,-0.35%
03/28/2016,0.015013211626231083,0.014972301242701002,0.014945002391200382,0.015035106974786126,,-0.33%
03/25/2016,0.014963563722336114,0.0149441090322195,0.014941429595983744,0.014982395685070041,,-0.13%
03/24/2016,0.0149441090322195,0.014940983116689076,0.014936966003465378,0.014965131244201011,,-0.02%
03/23/2016,0.014940983116689076,0.014980151299528127,0.014935181313101141,0.0150093808630394,,0.26%
03/22/2016,0.014980151299528127,0.015037593984962405,0.014961101137043686,0.015042117930204572,,0.38%
03/21/2016,0.015037593984962405,0.015064097735866111,0.015021555932763516,0.015064097735866111,,0.17%
03/18/2016,0.015063870812243915,0.015008254539996999,0.014992503748125937,0.015092972711905336,,-0.35%
03/17/2016,0.01501073267386181,0.014945449110745778,0.014934735207144778,0.015013887846257788,,-0.82%
03/16/2016,0.01488693373825793,0.014843402107763099,0.014823599169878448,0.01488693373825793,,-0.30%
03/15/2016,0.01484296146767203,0.014894694509815603,0.014833494029518652,0.014895138226882746,,0.35%
03/14/2016,0.014894694509815603,0.01493139026174727,0.014870772982779647,0.014952153110047849,,0.32%
03/11/2016,0.01494299248367478,0.01485817868445686,0.014847369046205011,0.014947459679227516,,-0.57%
03/10/2016,0.014858399453210899,0.014896913359551902,0.014842741157436954,0.014948800358771209,,0.26%
03/09/2016,0.014896913359551902,0.014853323431117713,0.014811523365178108,0.014911574364021353,,-0.27%
03/08/2016,0.014855971357687223,0.014927823971099732,0.014821402104639099,0.01492804681435481,,0.48%
03/07/2016,0.014927823971099732,0.014927823971099732,0.014890702245517898,0.014940313447776132,,0.08%
03/04/2016,0.01493919746631211,0.014898466947751078,0.014846707742558087,0.014951929546507977,,-0.27%
03/03/2016,0.014898244986740562,0.014834594273846612,0.014823599169878448,0.014898466947751078,,-0.41%
03/02/2016,0.014837895986349136,0.014793118241394102,0.014756880395484395,0.014838556505223173,,-0.53%
03/01/2016,0.014759494044544153,0.014661466733131982,0.014628437682855471,0.014776068679167219,,-0.67%
02/29/2016,0.014661036828524513,0.014548205478854185,0.014536574020234911,0.014662111637318006,,-0.77%
02/26/2016,0.014548205478854185,0.014539321595254366,0.014522218995062446,0.014570887367040654,,-0.05%
02/25/2016,0.014541647277803629,0.014613260072189506,0.014511892495900389,0.014623303696771174,,0.49%
02/24/2016,0.014613260072189506,0.014585551552631961,0.014564520827264784,0.014622876027257042,,-0.19%
02/23/2016,0.014585551552631961,0.014587253657753855,0.014558159848595138,0.01460706982179375,,0.04%
02/22/2016,0.014591510659098536,0.014558159848595138,0.014550745725718444,0.01459747463688782,,-0.02%
02/19/2016,0.014588956160186739,0.014591936495892369,0.014559007658038027,0.014594066052742955,,0.00%
02/18/2016,0.014589594701059205,0.014636573870788325,0.01457725947521866,0.014637859359447274,,0.31%
02/17/2016,0.014635074419353423,0.014602377267019072,0.014558159848595138,0.014638287905846533,,-0.21%
02/16/2016,0.014604083301691152,0.0146756677428823,0.01459598318542737,0.01469270213484962,,0.50%
02/15/2016,0.01467760637595221,0.014680192016911581,0.014647722279185588,0.014703720041170414,,0.02%
02/12/2016,0.014680407528112982,0.01460472316747236,0.014599392665265125,0.014682131845543973,,-0.52%
02/11/2016,0.01460472316747236,0.01473578733311721,0.014600884813619704,0.014752526370140887,,0.90%
02/10/2016,0.01473600447974536,0.014725371815638346,0.01470674745573269,0.01474969763119856,,-0.06%
02/09/2016,0.01472732360348154,0.014694213418755694,0.01465845793022574,0.014731445744085324,,-0.20%
02/08/2016,0.014698533086397975,0.014731879787860933,0.014691191161779398,0.014753614635585718,,0.33%
02/05/2016,0.014747087450228579,0.014804725668433362,0.014740566037735848,0.014815912289799244,,0.39%
02/04/2016,0.014805164041217577,0.014757969303423848,0.014728625082848517,0.014809549197322433,,-0.57%
02/03/2016,0.01472016957635352,0.014710858084352059,0.014648795136600015,0.014721253073061578,,-0.06%
02/02/2016,0.01471129091577786,0.014745565271244675,0.01469658892171127,0.014757098164216989,,0.21%
02/01/2016,0.014741652539249651,0.014732313857214414,0.014712373105781962,0.01478415138971023,,-0.06%
01/29/2016,0.014732313857214414,0.01469442934183651,0.014667057788207684,0.014752526370140887,,-0.26%
01/28/2016,0.01469442934183651,0.014673514306676448,0.014648795136600015,0.014702206801240868,,-0.13%
01/27/2016,0.014674806292556937,0.01475666263317888,0.014665982254161472,0.01476254447216522,,0.60%
01/26/2016,0.01476254447216522,0.014765160128161588,0.0147255886554065,0.014771703325110418,,-0.02%
01/25/2016,0.014759058372075862,0.014797496263632194,0.014738393515106855,0.014816351325322627,,0.30%
01/22/2016,0.014804068157929798,0.014743608645652112,0.014734267485891938,0.014804506491776098,,-0.37%
01/21/2016,0.01474948008082715,0.014715620631300125,0.01467997651203758,0.01474991518798767,,-0.23%
01/20/2016,0.014714971011507108,0.01476363421619866,0.014667057788207684,0.014764288139847339,,0.33%
01/19/2016,0.01476363421619866,0.014779344388282935,0.014749262536873156,0.014809329877823027,,0.11%
01/18/2016,0.014779562820531769,0.014751220663509906,0.014751220663509906,0.014814814814814815,,-0.17%
01/15/2016,0.014754703061600883,0.014852661596958174,0.014734267485891938,0.01486878299011226,,0.68%
01/14/2016,0.014855309287539366,0.01494366239277922,0.014817009927396653,0.014943885709162096,,0.60%
01/13/2016,0.014943885709162096,0.014937189119751445,0.014935850522007976,0.01498576352465158,,-0.04%
01/12/2016,0.014937412242703075,0.014977683251954586,0.01492982979994028,0.014983518130056939,,0.28%
01/11/2016,0.014979029358897542,0.014953494631695428,0.014933174046143508,0.014990705762427295,,-0.13%
01/08/2016,0.014959534459287629,0.014949694278751998,0.014940983116689076,0.015015015015015017,,-0.07%
01/07/2016,0.014949694278751998,0.014989806931286724,0.014929606903450233,0.01503601124693641,,0.29%
01/06/2016,0.014992953311943388,0.015037820117595755,0.01494656602645542,0.01504234419891996,,0.33%
01/05/2016,0.015041891668296207,0.015015240469076112,0.015000825045377496,0.015053892936713435,,-0.15%
01/04/2016,0.015019750972528877,0.015113730824454014,0.015001500150015003,0.015113730824454014,,0.52%
01/01/2016,0.015097757982939533,0.015103686809950308,0.015090467351773886,0.015121729925903524,,0.04%
12/31/2015,0.015103914934751089,0.015041212923410145,0.015041212923410145,0.015130882130428203,,-0.40%
12/30/2015,0.015043249341857842,0.015092744917518148,0.01503872471614407,0.015097985928677116,,0.36%
12/29/2015,0.015097757982939533,0.015116472419996068,0.015053439710973957,0.015120358050078627,,0.15%
12/28/2015,0.015120129428307906,0.015144631228229592,0.015101177891875567,0.015144631228229592,,0.17%
12/25/2015,0.015145778114350623,0.015163921996785248,0.015144631228229592,0.015163921996785248,,0.12%
12/24/2015,0.015163692055741732,0.015138211874413393,0.015114416130104892,0.015163921996785248,,-0.14%
12/23/2015,0.015143025879431227,0.015096162555478396,0.015086369465188203,0.015148990319795186,,-0.31%
12/22/2015,0.015095706780991485,0.015090239633005372,0.015069318866787222,0.015111218568665376,,-0.01%
12/21/2015,0.015094111786991894,0.01507863508195238,0.01506364389545831,0.015108250615661215,,-0.01%
12/18/2015,0.01509320051316882,0.015057746457665146,0.015029683625159692,0.015099353747659602,,-0.25%
12/17/2015,0.015055479441742821,0.015048003129984652,0.014995876134063132,0.015092061575611227,,-0.08%
12/16/2015,0.015043023045911307,0.014955283701731822,0.014937189119751445,0.015053213108337975,,-0.58%
12/15/2015,0.014955954713369128,0.014904906695284088,0.014895360095330304,0.014976785981728321,,-0.34%
12/14/2015,0.01490468454235166,0.01490312965722802,0.014885382554331646,0.014933174046143508,,-0.08%
12/11/2015,0.01489247632096265,0.014978804990937823,0.01489247632096265,0.0149828446428839,,0.59%
12/10/2015,0.014979926897956738,0.014957744372148678,0.014939867035183386,0.014996775693225956,,-0.15%
12/09/2015,0.014957744372148678,0.014956178397295924,0.014934289127837517,0.014986886474334958,,0.00%
12/08/2015,0.014957296917301105,0.014975216017491052,0.014948800358771209,0.014990256333383302,,0.13%
12/07/2015,0.01497611309960613,0.015005326891046321,0.014955060044566077,0.015021781583295781,,0.20%
12/04/2015,0.015005326891046321,0.014972301242701002,0.014926487051272481,0.015005552054260077,,-0.22%
12/03/2015,0.014972301242701002,0.015015465929907806,0.014948129988938385,0.015023812743197968,,0.30%
12/02/2015,0.015017044345331952,0.015052759923531977,0.014997000599880022,0.015052986512524085,,0.24%
12/01/2015,0.015052533341361352,0.01504619180885318,0.015012760846719712,0.01506364389545831,,-0.04%
11/30/2015,0.01504619180885318,0.014962220393506398,0.014937635372320563,0.015055252777694138,,-0.67%
11/27/2015,0.014946119240139298,0.015001500150015003,0.014945449110745778,0.015003750937734431,,0.51%
11/26/2015,0.015022909937654923,0.015066821352699222,0.014998125234345707,0.015072271542044102,,0.30%
11/25/2015,0.015067502410800387,0.015091833808726099,0.015060467778129189,0.015091833808726099,,0.16%
11/24/2015,0.015091606048715704,0.015060694599234918,0.015036463423802722,0.015092061575611227,,-0.20%
11/23/2015,0.015061375103546954,0.015129737499054392,0.015040986688726781,0.015138441043341356,,0.51%
11/20/2015,0.015138211874413393,0.015131340031473189,0.015087507543753771,0.015141420870934529,,-0.05%
11/19/2015,0.015130882130428203,0.015138441043341356,0.015096618357487924,0.015144172522413376,,0.09%
11/18/2015,0.01514394317992519,0.015149678826808873,0.015077271013946476,0.015154959460483444,,0.08%
11/17/2015,0.015155878207362727,0.015173355587588195,0.015129737499054392,0.015177961599757152,,0.14%
11/16/2015,0.015177731232735331,0.015133400929190818,0.015092061575611227,0.015185337038555572,,-0.26%
11/13/2015,0.015137982712423743,0.015108022359873094,0.015096618357487924,0.015137982712423743,,0.01%
11/12/2015,0.015138899402013472,0.015120586678763134,0.015113730824454014,0.015149219815179518,,-0.02%
11/11/2015,0.015135462388375966,0.015135462388375966,0.015135462388375966,0.015135462388375966,,-0.20%
11/10/2015,0.015105740181268881,0.015051173991571343,0.015039855617386074,0.015105740181268881,,-0.41%
11/09/2015,0.015043249341857842,0.015055706112616682,0.015037593984962405,0.015079089826138096,,0.51%
11/06/2015,0.015119443604475355,0.015193642979777263,0.015119443604475355,0.015213058889750962,,0.43%
11/05/2015,0.015183723048891588,0.015241811336859274,0.015174506828528072,0.015261816461395235,,0.38%
11/04/2015,0.015241811336859274,0.015245761678253446,0.015236934328813043,0.015306903413439462,,0.06%
11/03/2015,0.01525110951821745,0.015251342118106394,0.01519872330724219,0.01528584530724549,,0.01%
11/02/2015,0.015252970516007991,0.015287481081742162,0.01522881291403335,0.015301048121796341,,0.21%
10/30/2015,0.015285144368188557,0.015280239594156836,0.015278138511603746,0.015356265356265355,,-0.04%
10/29/2015,0.015279072254732693,0.015348251834116096,0.015274171376202841,0.015356265356265355,,0.76%
10/28/2015,0.015395510669088895,0.01535815210713847,0.015356265356265355,0.015424243826446409,,-0.24%
10/27/2015,0.01535815210713847,0.01540333636265615,0.015356972833515057,0.01541188256145488,,0.29%
10/26/2015,0.01540333636265615,0.015393140816452188,0.015378700499807765,0.015434957090819289,,0.04%
10/23/2015,0.01541022005794243,0.015415683916816969,0.01537042729787888,0.015455950540958269,,0.05%
10/22/2015,0.015417823003391921,0.015353200374618091,0.01534377733110337,0.015419487147857463,,-0.44%
10/21/2015,0.015350136616215884,0.015378937007874016,0.01533036946190403,0.015384615384615385,,0.19%
10/20/2015,0.015378937007874016,0.015403573629081947,0.015368065160596283,0.015417823003391921,,0.16%
10/19/2015,0.015403810902817358,0.015455233914965302,0.015399541093675409,0.015460490715975326,,0.33%
10/16/2015,0.015455233914965302,0.015436863229391787,0.01537751806858373,0.015470536363495723,,-0.12%
10/15/2015,0.015437101529816763,0.015447594037228701,0.01540333636265615,0.015460729746444031,,0.07%
10/14/2015,0.015447355412753336,0.01535815210713847,0.015340952673161002,0.015448787270199289,,-0.56%
10/13/2015,0.015361455037021106,0.015432813247526893,0.015339305436249848,0.015436863229391787,,0.47%
10/12/2015,0.01543328960567945,0.015437101529816763,0.015410695022345508,0.015455950540958269,,0.02%
10/09/2015,0.015436863229391787,0.015428051282842466,0.015383668697310934,0.015458578738270804,,-0.06%
10/08/2015,0.015427575247998272,0.015400015400015399,0.015340246671166471,0.015428289311281165,,-0.14%
10/07/2015,0.015406658757915172,0.015354614829487004,0.015297537096527458,0.015428527347064723,,-0.34%
10/06/2015,0.015354143315573707,0.015350372246526979,0.01528117359413203,0.015354379068910453,,-0.01%
10/05/2015,0.015352964657475359,0.015348016268897246,0.015304560759106214,0.015373499162144297,,-0.35%
10/02/2015,0.015298941313261122,0.015238559651341754,0.015220700152207,0.015300345787814803,,-0.41%
10/01/2015,0.015236702168182719,0.015261583541908309,0.01522533495736906,0.015269506794930525,,0.17%
09/30/2015,0.015263214127630997,0.01518925815663163,0.015161852778409523,0.015271838729383017,,-0.49%
09/29/2015,0.015189027446572596,0.015057292999864485,0.015050947457142427,0.01518925815663163,,-0.65%
09/28/2015,0.015090467351773886,0.015114873035066506,0.015088873464707124,0.01514692517418964,,0.15%
09/25/2015,0.01511258878645912,0.015126762267804197,0.015096162555478396,0.015135462388375966,,0.09%
09/24/2015,0.015126304643775526,0.01511144692104269,0.015064778547755349,0.015142337976983646,,-0.11%
09/23/2015,0.015109391998065998,0.015172204521316948,0.015108935424409994,0.01519110408944522,,0.42%
09/22/2015,0.015172204521316948,0.01521838380763963,0.015158405335758678,0.01525320317266626,,0.33%
09/21/2015,0.015222785465284437,0.015181648423385811,0.015163002274450341,0.015239256324291373,,-0.27%
09/18/2015,0.015181878909333821,0.015124703177700137,0.015092061575611227,0.015227653418608192,,-0.31%
09/17/2015,0.015135233309621469,0.015107109405686315,0.015082728767288578,0.015136378772742409,,-0.22%
09/16/2015,0.015101405940893098,0.01504913542716971,0.01503307276007216,0.015108935424409994,,-0.34%
09/15/2015,0.01504958839375743,0.01508773518007212,0.015042117930204572,0.015090695077415265,,0.28%
09/14/2015,0.015091833808726099,0.015096162555478396,0.015037593984962405,0.015103458692040479,,0.03%
09/11/2015,0.015096390453042677,0.015080909077199174,0.01501726986033939,0.015097074187022556,,-0.09%
09/10/2015,0.015083183758427727,0.015004651441947004,0.014976785981728321,0.015083411264291531,,-0.48%
09/09/2015,0.01501073267386181,0.015080454223281204,0.015003750937734431,0.01509547890406823,,0.49%
09/08/2015,0.015084321356382177,0.014958191853768718,0.014944779041441873,0.015084548896565247,,-0.89%
09/07/2015,0.01495081182908232,0.014986661870934868,0.014946119240139298,0.015018397536982805,,0.30%
09/04/2015,0.014995876134063132,0.015123102050692639,0.014973422175638244,0.015130882130428203,,0.89%
09/03/2015,0.015128593040847203,0.015105283828283134,0.015082956259426848,0.015142337976983646,,-0.15%
09/02/2015,0.015105283828283134,0.015064097735866111,0.015043475644612931,0.015122873345935728,,-0.27%
09/01/2015,0.015064097735866111,0.015060694599234918,0.015044380923724988,0.015108022359873094,,-0.04%
08/31/2015,0.015057519725350839,0.01511692944929026,0.015037593984962405,0.01512218727316719,,0.40%
08/28/2015,0.01511715797430083,0.015154959460483444,0.015092061575611227,0.015165301789505611,,0.28%
08/27/2015,0.015158864904195973,0.015119215010356662,0.015114873035066506,0.015182570409170273,,-0.05%
08/26/2015,0.01515059693351918,0.015085459125948497,0.015062509414068384,0.01515059693351918,,-0.42%
08/25/2015,0.015087507543753771,0.014955060044566077,0.014945449110745778,0.01518141794443601,,-0.80%
08/24/2015,0.014966923099949113,0.015062509414068384,0.01496647509578544,0.015081818867355401,,1.18%
08/21/2015,0.015143713844383195,0.015280940083433931,0.015141191611779847,0.01528584530724549,,0.92%
08/20/2015,0.015282808368865862,0.015361691014946926,0.015220700152207,0.015370191051474769,,0.50%
08/19/2015,0.015358859758251549,0.015288415967221634,0.015278838808250572,0.015370191051474769,,-0.53%
08/18/2015,0.01527790509365356,0.015280239594156836,0.015267175572519083,0.015313935681470138,,0.03%
08/17/2015,0.015282107708295127,0.015361691014946926,0.015276271367684576,0.015368065160596283,,0.47%
08/14/2015,0.015354143315573707,0.015329429438636296,0.015295197308045275,0.015394088669950741,,-0.11%
08/13/2015,0.015336717635691608,0.015419011641353788,0.015304560759106214,0.01547269070091289,,0.54%
08/12/2015,0.015419011641353788,0.015539049631724524,0.015394088669950741,0.015556938394523958,,0.81%
08/11/2015,0.015544363613753654,0.015680617189092562,0.015529879488135173,0.015686028454455617,,0.88%
08/10/2015,0.015680617189092562,0.015687751004016065,0.015644555694618274,0.01569686219724677,,0.05%
08/07/2015,0.015688981628202515,0.015693167195003296,0.01563232765358762,0.015698340685389556,,0.03%
08/06/2015,0.015693167195003296,0.01570055893989826,0.015666614444618518,0.015710919088766692,,0.05%
08/05/2015,0.01570055893989826,0.015674472553998557,0.01563966218329684,0.015710919088766692,,-0.17%
08/04/2015,0.015674472553998557,0.01558166349839509,0.01558166349839509,0.015703517587939697,,-0.59%
08/03/2015,0.015581906290415568,0.01562597662353897,0.015578750584203148,0.01564210855623338,,0.30%
07/31/2015,0.015627930236919423,0.015587978550941513,0.015571473061351605,0.015658273831892774,,-0.23%
07/30/2015,0.015591381084536468,0.015667596277379126,0.015586034912718205,0.015669069257286117,,0.50%
07/29/2015,0.015668823741401734,0.015673981191222573,0.01563721657544957,0.015682092618439003,,0.03%
07/28/2015,0.0156742268687597,0.01556856395566073,0.015565898230157372,0.015688735487919672,,-0.63%
07/27/2015,0.015575838758917169,0.015586034912718205,0.015559358954411079,0.015625,,0.15%
07/24/2015,0.015599163884815775,0.015644066205688183,0.01558117793705204,0.015667596277379126,,0.29%
07/23/2015,0.015644310946324368,0.015730690577316343,0.01564210855623338,0.015730690577316343,,0.55%
07/22/2015,0.015730443126582876,0.015731432976229805,0.015703517587939697,0.015750511891636478,,-0.02%
07/21/2015,0.015727474324898166,0.015723270440251572,0.015683814303638646,0.015738860821253756,,-0.03%
07/20/2015,0.015723270440251572,0.015752248633492432,0.01568627450980392,0.01575547502757208,,0.17%
07/17/2015,0.01575001575001575,0.015751256162678973,0.015738117721120555,0.015779092702169626,,0.05%
07/16/2015,0.01575721286418858,0.015746047742016753,0.015732175445220566,0.015767896562598548,,-0.07%
07/15/2015,0.015746295683940353,0.015803280761086003,0.015720798616569723,0.015803280761086003,,0.36%
07/14/2015,0.0158025315655568,0.015760441292356184,0.015723270440251572,0.01580652809610369,,-0.27%
07/13/2015,0.015760441292356184,0.015783077384428416,0.015723270440251572,0.015794045644791914,,0.15%
07/10/2015,0.015783326493891855,0.015793297324615433,0.015750511891636478,0.01579579200101093,,0.06%
07/09/2015,0.015793297324615433,0.015758951084215832,0.015725743041358705,0.015800284405119294,,-0.22%
07/08/2015,0.01575820608581919,0.015753985758396875,0.015708451146716935,0.015759696153058167,,-0.03%
07/07/2015,0.015753985758396875,0.015807027804561908,0.01572772168223711,0.015807777426493835,,0.34%
07/06/2015,0.01580677794638341,0.015766156368738866,0.01571338780641106,0.015809276883675342,,-0.23%
07/03/2015,0.01577013451924745,0.015798537055468666,0.015748031496062992,0.015798537055468666,,0.18%
07/02/2015,0.015798037883694844,0.015734898431230628,0.015703517587939697,0.015798786653185036,,-0.39%
07/01/2015,0.015735641227380016,0.015721045763964218,0.015695630336514315,0.015740594994490792,,-0.08%
06/30/2015,0.015722281617508334,0.01569686219724677,0.01567152483936687,0.015735641227380016,,-0.16%
06/29/2015,0.01569686219724677,0.015742329549926798,0.01563721657544957,0.015760441292356184,,0.40%
06/26/2015,0.01575994452499527,0.015741090542752804,0.01570598397989634,0.015760441292356184,,-0.10%
06/25/2015,0.01574356875216474,0.01573613646377541,0.015710919088766692,0.015750759974168756,,-0.01%
06/24/2015,0.015741586122217675,0.015725743041358705,0.01569612305760477,0.015751256162678973,,-0.13%
06/23/2015,0.01572154008206644,0.015740099477428698,0.0156998194520763,0.015748279500464573,,0.13%
06/22/2015,0.015742329549926798,0.015740099477428698,0.015725743041358705,0.015762925598991173,,0.04%
06/19/2015,0.015748031496062992,0.015728463800940562,0.01565680288085173,0.015767896562598548,,-0.12%
06/18/2015,0.015728958585652045,0.015648227838197325,0.01563721657544957,0.015731680458106533,,-0.68%
06/17/2015,0.01562231491462405,0.015584577502103918,0.015556938394523958,0.015627686008532718,,-0.24%
06/16/2015,0.015584577502103918,0.015605249605967446,0.0155448468832582,0.01562597662353897,,0.13%
06/15/2015,0.015604275571506595,0.015600624024960999,0.01557632398753894,0.015625,,-0.02%
06/12/2015,0.015600624024960999,0.015628662967883098,0.01557632398753894,0.01564945226917058,,0.22%
06/11/2015,0.015635016182241748,0.01567840456555141,0.015617679212868968,0.01568627450980392,,0.30%
06/10/2015,0.015682338550324623,0.015615484314246007,0.0156076852242044,0.015683814303638646,,-0.38%
06/09/2015,0.01562255897516013,0.015634038428466456,0.015603058199407082,0.015661707126076743,,0.10%
06/08/2015,0.015637950177490735,0.015597947310133985,0.01558117793705204,0.01564333202972233,,0.28%
06/05/2015,0.015681354869060686,0.015634038428466456,0.015616459748574998,0.01568627450980392,,-0.30%
06/04/2015,0.015633794009130137,0.01562597662353897,0.015559358954411079,0.015645534764378247,,-0.05%
06/03/2015,0.015625732456208886,0.015698833576665253,0.015605493133583021,0.0157062306617035,,0.48%
06/02/2015,0.015701298497385732,0.015720798616569723,0.01563232765358762,0.015725743041358705,,0.15%
06/01/2015,0.015724753907601346,0.015690458632105816,0.01566391503892483,0.015740594994490792,,-0.23%
05/29/2015,0.01568799711340853,0.01567643831321524,0.01563819472680074,0.015703517587939697,,-0.03%
05/28/2015,0.015683076392265106,0.01566833273271391,0.015625,0.015687504902345283,,-0.10%
05/27/2015,0.015667596277379126,0.015629151493365426,0.015583606046439146,0.015669069257286117,,-0.23%
05/26/2015,0.01563183892953167,0.015749767690926557,0.015620118712902219,0.015750511891636478,,0.75%
05/25/2015,0.015749023560539244,0.015745303963093007,0.015703517587939697,0.015750511891636478,,0.01%
05/22/2015,0.015750511891636478,0.01572871118940514,0.0157032709913475,0.015765410688948447,,-0.14%
05/21/2015,0.015728216420257943,0.01572030434509212,0.01568627450980392,0.01574555188159345,,-0.03%
05/20/2015,0.015723764898267243,0.015678650381775138,0.01564945226917058,0.01573440327275588,,-0.26%
05/19/2015,0.015683076392265106,0.01569242840329541,0.015661707126076743,0.015743073047858942,,0.09%
05/18/2015,0.015696615809631442,0.015762428675010244,0.01568627450980392,0.015766653527788728,,0.42%
05/15/2015,0.015762925598991173,0.015772124347428355,0.015707957651346173,0.01578606721707421,,0.09%
05/14/2015,0.015777101115441047,0.015621582778767146,0.015609634266269141,0.01577809684595844,,-0.98%
05/13/2015,0.015621826816427912,0.015589436597761356,0.01555669637995675,0.01566293366747592,,-0.21%
05/12/2015,0.01558919357101657,0.015623291202524722,0.015530361857431278,0.015625488296509265,,0.22%
05/11/2015,0.015623291202524722,0.015697354995683227,0.015619630751929023,0.015697354995683227,,0.46%
05/08/2015,0.0156958766931927,0.0156076852242044,0.015569048731122527,0.015709191447916177,,-0.56%
05/07/2015,0.015607198039735927,0.015714622456195492,0.01555451858764971,0.015717586407431275,,0.71%
05/06/2015,0.01571808050800836,0.015778843726331735,0.015702284682421293,0.015795293002685198,,0.40%
05/05/2015,0.015780586722214333,0.015732670463484474,0.01571832756994656,0.015794045644791914,,-0.23%
05/04/2015,0.015744064487688142,0.01570055893989826,0.01570031243621748,0.015744064487688142,,-0.32%
05/01/2015,0.015693906056278347,0.01574034723205994,0.015693659761456372,0.015748031496062992,,0.30%
04/30/2015,0.01574084276472162,0.015762925598991173,0.015688735487919672,0.01577336824505505,,0.11%
04/29/2015,0.01575795776867318,0.015860679788735746,0.015747535510692575,0.015862944162436547,,0.65%
04/28/2015,0.01585967360791715,0.015789307480973885,0.01575547502757208,0.01586621606613039,,-0.46%
04/27/2015,0.01578631642092634,0.01568701272216732,0.01567889620570712,0.01578631642092634,,-0.50%
04/24/2015,0.015707957651346173,0.015802032141333376,0.015702777821396605,0.01581903029344301,,0.61%
04/23/2015,0.015803530508715646,0.015881082454580104,0.015765410688948447,0.015899515064790523,,0.47%
04/22/2015,0.015878056525881232,0.015903054976861054,0.015867978419549348,0.015942606616181746,,0.20%
04/21/2015,0.01590988640341108,0.015837820715869495,0.01583155228370142,0.01593625498007968,,-0.45%
04/20/2015,0.01583857326132062,0.015986187933625346,0.015831051023477448,0.016,,0.94%
04/17/2015,0.01598721023181455,0.01604698557375997,0.01598721023181455,0.01605007623786213,,0.37%
04/16/2015,0.01604698557375997,0.016037720719131395,0.016023843479096897,0.0160655474335288,,-0.07%
04/15/2015,0.01603592046183451,0.01605291039265419,0.01601024655779699,0.01606064499550302,,0.15%
04/14/2015,0.01605961328451211,0.01602230304583981,0.016019992951203103,0.016074586079408454,,-0.22%
04/13/2015,0.016023843479096897,0.016081307088640164,0.015980823012385136,0.01608234158893535,,0.21%
04/10/2015,0.016057550260132312,0.016051106723808606,0.016017940092904054,0.016074844475879695,,-0.05%
04/09/2015,0.016049818637049403,0.01607691194675327,0.016041837111185973,0.016090104585679808,,0.18%
04/08/2015,0.016079238487265245,0.016051106723808606,0.016032835246585005,0.01609295289592687,,-0.17%
04/07/2015,0.016052395017336588,0.01607561971514002,0.016019223067681217,0.01607846289894686,,0.14%
04/06/2015,0.016075361293745077,0.016147263038914905,0.016066838046272493,0.016147263038914905,,0.40%
04/03/2015,0.016139444803098774,0.016108766390669802,0.0160926939169617,0.016145698785843453,,-0.17%
04/02/2015,0.01611162131245267,0.016086739700464908,0.016066838046272493,0.01611707442864971,,-0.12%
04/01/2015,0.01609217598403656,0.01605368351768313,0.016025127399762827,0.016093988895147664,,-0.24%
03/31/2015,0.01605368351768313,0.01599641680263621,0.01595405232929164,0.016057550260132312,,-0.35%
03/30/2015,0.015997440409534474,0.015991300732401573,0.01594896331738437,0.016015887760658574,,-0.02%
03/27/2015,0.015994114165986915,0.015913430935709738,0.015910645813113553,0.01602692523439378,,-0.50%
03/26/2015,0.01591444394932841,0.016017940092904054,0.015912671260124436,0.016017940092904054,,0.68%
03/25/2015,0.01602255976414792,0.016040035929680483,0.01601178467351971,0.016061160900709904,,0.10%
03/24/2015,0.01603900686469494,0.016074586079408454,0.016020249595488697,0.0160926939169617,,0.19%
03/23/2015,0.016069419893941828,0.016021789633902106,0.016021789633902106,0.016069419893941828,,-0.29%
03/20/2015,0.01602307322544464,0.01599360255897641,0.01597571691029635,0.01602307322544464,,-0.13%
03/19/2015,0.016002560409665547,0.01602820964898221,0.015952779771875248,0.0160333493666827,,-0.34%
03/18/2015,0.015948708952010334,0.01596143716780259,0.015926102882624624,0.015969338869370808,,0.12%
03/17/2015,0.015968573846669755,0.015929147153461404,0.015910898965791568,0.015972399693329926,,-0.25%
03/16/2015,0.01592863969417012,0.015851126222518108,0.015838322404890873,0.015932954129025064,,-0.48%
03/13/2015,0.015852131319055846,0.015984910244728978,0.015841333206602668,0.016017170406675958,,0.87%
03/12/2015,0.01598925522049183,0.01592940089523233,0.015924581183514874,0.016023586719651327,,-0.38%
03/11/2015,0.015928385976648987,0.01594311496580202,0.015903307888040712,0.01594896331738437,,0.10%
03/10/2015,0.01594387755102041,0.01596398524927763,0.01591444394932841,0.015983888240653422,,0.14%
03/09/2015,0.015965769390426925,0.01600640256102441,0.01592356687898089,0.016025641025641028,,0.28%
03/06/2015,0.01601024655779699,0.0160274389755261,0.01600947761074556,0.01605136436597111,,0.13%
03/05/2015,0.016030522114105255,0.016049045884222183,0.016017940092904054,0.016087516087516088,,0.12%
03/04/2015,0.016049045884222183,0.016176256490722917,0.016027952749595294,0.016218232537018117,,0.79%
03/03/2015,0.016176256490722917,0.016165012447059583,0.016136319628219195,0.016188564398109177,,-0.07%
03/02/2015,0.016165012447059583,0.0162040412878972,0.016129032258064516,0.016214025131738957,,0.33%
02/27/2015,0.016218232537018117,0.01619590567504535,0.01614987080103359,0.016218495572350708,,-0.12%
02/26/2015,0.01619931638884839,0.016162661020510415,0.016129032258064516,0.016214025131738957,,-0.21%
02/25/2015,0.016165012447059583,0.016105653084232566,0.016099689275996972,0.016170763260025874,,-0.50%
02/24/2015,0.01608492842206852,0.016084410988869587,0.01603592046183451,0.016110842597067826,,0.01%
02/23/2015,0.016086739700464908,0.016059097478721696,0.01604363869725654,0.01609865254278217,,0.09%
02/20/2015,0.016100726142749038,0.0160926939169617,0.016053941242575052,0.016100985380305275,,-0.05%
02/19/2015,0.016093211883227654,0.01611240010311936,0.01608492842206852,0.016121231662098983,,0.13%
02/18/2015,0.016114217574165687,0.01608829254951172,0.016035663315213035,0.0161277316345456,,-0.16%
02/17/2015,0.01608829254951172,0.016101763143064166,0.016059097478721696,0.016110842597067826,,0.08%
02/16/2015,0.016101763143064166,0.016099430080175163,0.01606425702811245,0.016110842597067826,,0.05%
02/13/2015,0.016109285392100006,0.0160926939169617,0.016070969400874262,0.016123831022250887,,-0.12%
02/12/2015,0.016090104585679808,0.016030265140585427,0.01598976654940838,0.016121751467079382,,-0.37%
02/11/2015,0.016030265140585427,0.016044410929452725,0.016017170406675958,0.016097875080489377,,0.09%
02/10/2015,0.016044410929452725,0.016087257283505733,0.016032321159457467,0.016147263038914905,,0.29%
02/09/2015,0.016090363481311043,0.01611395791034194,0.016072002571520413,0.016142050040355124,,0.29%
02/06/2015,0.016136840406648378,0.016206667422977813,0.016122531237404272,0.01621665450417579,,0.42%
02/05/2015,0.016205091639793223,0.016170240289770706,0.016142050040355124,0.01621323648626739,,-0.22%
02/04/2015,0.016170240289770706,0.016234820442885902,0.016152479405588758,0.016242995208316416,,0.40%
02/03/2015,0.016234820442885902,0.016201940992530906,0.016168148746968473,0.016242995208316416,,-0.20%
02/02/2015,0.016202466015327533,0.0161277316345456,0.016106950148989288,0.016221915808256954,,-0.49%
01/30/2015,0.016123831022250887,0.016179397155661978,0.016119932296284358,0.01620482903905364,,0.35%
01/29/2015,0.0161809679455025,0.016276041666666668,0.01613397654119811,0.016278691193228063,,0.72%
01/28/2015,0.01629779327879005,0.016256197675363734,0.016249593760155997,0.016321201240411292,,-0.08%
01/27/2015,0.016283992835043153,0.016265452179570594,0.016253555465258026,0.016298590171950126,,-0.11%
01/26/2015,0.016265452179570594,0.016256197675363734,0.01625487646293888,0.016266775111834077,,0.07%
01/23/2015,0.016276041666666668,0.01627339300244101,0.01622981416862777,0.016293809981587994,,-0.27%
01/22/2015,0.016232448664881098,0.01622454774073173,0.01618908855431439,0.016258840744654904,,0.07%
01/21/2015,0.016244314489928524,0.016199578810950917,0.016199578810950917,0.016249593760155997,,-0.15%
01/20/2015,0.016219284729543426,0.016174686615446826,0.0161537840239076,0.016221915808256954,,0.02%
01/19/2015,0.016221915808256954,0.016219284729543426,0.016178088397075,0.016232448664881098,,-0.36%
01/16/2015,0.01616292225634395,0.016106950148989288,0.016074586079408454,0.016182539040375435,,-0.31%
01/15/2015,0.016112140497865142,0.016159004605316312,0.016101763143064166,0.016264129462470522,,-0.05%
01/14/2015,0.016104356228359772,0.016106950148989288,0.01606812886639351,0.016113438607798902,,0.19%
01/13/2015,0.016134236850596968,0.01610305958132045,0.01607846289894686,0.016136840406648378,,-0.15%
01/12/2015,0.01610954490535642,0.01603720631865929,0.01603720631865929,0.016112140497865142,,-0.45%
01/09/2015,0.01603720631865929,0.016,0.01599488163787588,0.01605136436597111,,-0.51%
01/08/2015,0.015955325089748704,0.015821533106558025,0.015821533106558025,0.01597571691029635,,-0.96%
01/07/2015,0.01580278128950695,0.015743073047858942,0.01573192794777,0.015830299192654742,,-0.46%
01/06/2015,0.015729453401494297,0.015779092702169626,0.015717092337917484,0.015794045644791914,,0.36%
01/05/2015,0.015786565632646618,0.01576416804603137,0.015749271596188677,0.01580153274867662,,0.09%
01/02/2015,0.01580153274867662,0.01576168334778154,0.015747535510692575,0.015809026954390955,,-0.11%
01/01/2015,0.01578407386946571,0.015829046299960427,0.015759199432668822,0.015829046299960427,,0.51%
