Date,Price,Open,High,Low,Vol.,Change %
11/21/2025,0.07928453634403146,0.08023750300890636,0.07920227468932908,0.08026906189547363,,1.18%
11/20/2025,0.08021626304516978,0.08036840878587445,0.08014425966740132,0.08043175767520047,,0.18%
11/19/2025,0.08036453352406515,0.08026261929031793,0.08023042177132725,0.08042528892785047,,-0.12%
11/18/2025,0.08026712900532974,0.08021304584977701,0.08015903552648455,0.08031870461993189,,-0.10%
11/17/2025,0.08018988965871184,0.0800768737988469,0.08005123278898495,0.08025746595077007,,-0.17%
11/14/2025,0.08004995116952979,0.07992902302755153,0.07986582541330564,0.08009804000096117,,-0.20%
11/13/2025,0.07989262431292343,0.08028839591813795,0.07988049877383434,0.08029032983267495,,0.50%
11/12/2025,0.08028839591813795,0.08042011467908354,0.08026197508668294,0.08042722944280015,,0.20%
11/11/2025,0.08045181740655521,0.08026004253782254,0.08025746595077007,0.08049131901124464,,-0.24%
11/10/2025,0.08026004253782254,0.08030838419530999,0.08022591617996278,0.0803458083591779,,0.09%
11/07/2025,0.08033160888146268,0.08030129044173741,0.08026584046361548,0.08038068291428205,,-0.05%
11/06/2025,0.08028775130066157,0.08040782850618336,0.08027614995584811,0.0805353993347776,,0.23%
11/05/2025,0.08047642040882022,0.08038779070234812,0.08028839591813795,0.08048743188751076,,-0.16%
11/04/2025,0.08035097305028364,0.08026133089338887,0.08021883698730137,0.08065231593125197,,-0.11%
11/03/2025,0.08026004253782254,0.08020532563362208,0.08011793359825663,0.08030515960650471,,-0.10%
10/31/2025,0.08017895943746442,0.08021883698730137,0.08010702298270489,0.0802845283685381,,0.06%
10/30/2025,0.08022398536714508,0.0803780985757001,0.08010124797744349,0.08038326741905405,,0.09%
10/29/2025,0.0802929085303186,0.0804615273207116,0.08021561958544568,0.0805607024893257,,0.21%
10/28/2025,0.08045893778110341,0.08059771263691537,0.0803180595156821,0.080654917933621,,0.17%
10/27/2025,0.08059576388665012,0.08094085651614366,0.08049909438518817,0.0810156117083762,,0.60%
10/24/2025,0.08107801326436297,0.08114511993248726,0.08103859057683269,0.08129883010983471,,0.08%
10/23/2025,0.08114314462142666,0.08124466831864159,0.08097821685966475,0.08124466831864159,,0.10%
10/22/2025,0.08122223214938393,0.08093299557296514,0.08093299557296514,0.08130610120983478,,-0.38%
10/21/2025,0.08091662351113413,0.08102020643948601,0.08081199896560641,0.08102020643948601,,0.13%
10/20/2025,0.08102480169179785,0.08096641513100367,0.08095134014943618,0.08118596457044507,,-0.05%
10/17/2025,0.08098674247025762,0.08101101749837979,0.08085316257145399,0.08121035919341871,,-0.03%
10/16/2025,0.08096313748350376,0.08121167823933081,0.0809009125622937,0.08131800217932246,,0.24%
10/15/2025,0.08116026717959955,0.0804582904222451,0.08025617771927994,0.0811609258838425,,-0.92%
10/14/2025,0.08041041475691932,0.08042205494434794,0.08036582523647645,0.08050881571532083,,0.03%
10/13/2025,0.08043758043758044,0.08033612635265953,0.08029355323061112,0.08053280503813229,,-0.06%
10/10/2025,0.08039102193067078,0.08026004253782254,0.08021111565640766,0.0805036307137452,,-0.22%
10/09/2025,0.08021626304516978,0.08019503432347469,0.08017124578098819,0.08042981694173665,,-0.01%
10/08/2025,0.08021111565640766,0.08021175904387583,0.0801532530197738,0.0802432976785614,,0.02%
10/07/2025,0.08022977808443382,0.08024651730114912,0.080188603595657,0.08027357233451603,,0.02%
10/06/2025,0.08024651730114912,0.08020854220974534,0.08013976374797648,0.08026970621287526,,-0.02%
10/03/2025,0.08023364036073045,0.08022141109462115,0.08016096321413398,0.08029806642256054,,0.02%
10/02/2025,0.08024780522252717,0.08029355323061112,0.08010060636159017,0.08036970062286518,,0.04%
10/01/2025,0.08028066119152558,0.08018796057959858,0.08012435299584955,0.08034516281947245,,-0.18%
09/30/2025,0.08013847929221694,0.08022977808443382,0.08010573957624065,0.08035420131941598,,0.15%
09/29/2025,0.08026068671043549,0.08036582523647645,0.08017253128733033,0.08036970062286518,,0.23%
09/26/2025,0.08044599258287949,0.0803709925013864,0.08033677174716411,0.08049391063566042,,-0.09%
09/25/2025,0.08037680646872539,0.0803780985757001,0.08024973718211073,0.08044210983565676,,-0.05%
09/24/2025,0.08033741715203856,0.0800999647560155,0.08000448025089404,0.0803813290248941,,-0.31%
09/23/2025,0.08008456930518627,0.0805697895517097,0.08006276921106148,0.08061395588804333,,0.61%
09/22/2025,0.08057173704607898,0.0807787067329052,0.0805230779141302,0.08078196946441554,,0.24%
09/19/2025,0.08076696308142117,0.08063345643374349,0.08050557501106952,0.08079567581543036,,-0.16%
09/18/2025,0.08063410661441577,0.08103333711488907,0.08052891390653814,0.08106092539152428,,0.40%
09/17/2025,0.08095723838668416,0.08095658298454539,0.08085577754958481,0.08104121756325268,,-0.01%
09/16/2025,0.08095199546668826,0.08083486245948152,0.0807161133577096,0.08095658298454539,,-0.20%
09/15/2025,0.08078653773135246,0.08070764462809918,0.08064190960041934,0.08081591750311141,,-0.10%
09/12/2025,0.0807095987925844,0.08062110499286503,0.08053280503813229,0.08073240437246702,,-0.08%
09/11/2025,0.08064906366437086,0.08082571550964655,0.08049196690170321,0.08085643132054723,,0.28%
09/10/2025,0.08087277903130585,0.0807239322241865,0.08068159814109599,0.0809048397275125,,-0.22%
09/09/2025,0.08069852644490712,0.081039247307471,0.0806868060934676,0.081039247307471,,0.42%
09/08/2025,0.081039247307471,0.0808714709711855,0.08085381630012936,0.08112471302132768,,-0.19%
09/05/2025,0.08088389925101509,0.0809395462529037,0.08074478994242897,0.0810018306413725,,0.12%
09/04/2025,0.08097821685966475,0.08108524491798227,0.08095068484279377,0.08116883116883117,,0.14%
09/03/2025,0.0810931354660828,0.08108919000008108,0.08102020643948601,0.08123872812647245,,0.05%
09/02/2025,0.08113261125309318,0.08112471302132768,0.08102151931553021,0.08133387555917039,,-0.03%
09/01/2025,0.0811108948153916,0.08087604936674053,0.08072458386477017,0.08116883116883117,,-0.29%
08/29/2025,0.08087212499595639,0.08140869607691494,0.08076370156196999,0.08144781638404275,,0.66%
08/28/2025,0.08140869607691494,0.08161533062370437,0.08132924518327546,0.08169333954202714,,0.25%
08/27/2025,0.08161333235397335,0.08158470123682407,0.08148498231775884,0.08166665305555783,,0.01%
08/26/2025,0.08162199222958634,0.08161732899129143,0.08147104111843445,0.0817247184583449,,0.01%
08/25/2025,0.08163065394316875,0.08207215784117396,0.08162465717643985,0.0821058508629325,,0.52%
08/22/2025,0.08205195529809475,0.08228353259662144,0.08199813044262591,0.08231672181887029,,0.25%
08/21/2025,0.08225645918845778,0.08246266502840839,0.08220574453742828,0.08253617147714987,,0.26%
08/20/2025,0.08246810546021327,0.0824871526259785,0.0824089792823826,0.08259957378619927,,0.03%
08/19/2025,0.08248987436792134,0.0823045267489712,0.08222196642054891,0.08261253893115898,,-0.24%
08/18/2025,0.08229098090849243,0.08203916549760856,0.08202570685652884,0.0823052041580589,,-0.27%
08/15/2025,0.08206879005982815,0.08187996397281586,0.0818752712118359,0.0821422704123542,,-0.23%
08/14/2025,0.08188130486047426,0.08202839823146774,0.08180962899333252,0.08207619954365633,,0.20%
08/13/2025,0.08204791598293402,0.08195915155886306,0.081828373170113,0.0821193358188119,,-0.12%
08/12/2025,0.08194840528403317,0.08201158003510095,0.08190142344673951,0.0820937181886842,,0.07%
08/11/2025,0.08200754469411185,0.08206676952368447,0.08185918582853774,0.08211461558042715,,0.13%
08/08/2025,0.08211596416459324,0.08213417438727906,0.08185047555126296,0.08215779225580651,,0.01%
08/07/2025,0.08212473104150583,0.08188465727176698,0.08177484115237106,0.08218885354768186,,-0.30%
08/06/2025,0.0818759415733281,0.08183640901837227,0.08178821758937407,0.08204589647448783,,-0.10%
08/05/2025,0.08179423841384613,0.08186521710655577,0.08162732229731937,0.08191484133095234,,0.10%
08/04/2025,0.08187393052178256,0.0826234601052623,0.08179156238242463,0.08262414277451871,,0.96%
08/01/2025,0.08266034039528175,0.0822855638206833,0.08222061435243044,0.08273214640280628,,-0.47%
07/31/2025,0.08226931683559299,0.08201696110755705,0.08192624998975923,0.08227608563294993,,-0.28%
07/30/2025,0.08203983854559775,0.08237503706876668,0.08178420419880104,0.08243275547971742,,0.43%
07/29/2025,0.08239404126293587,0.08272256506129742,0.082389289392379,0.08277528992045295,,0.48%
07/28/2025,0.08279242283746191,0.08286926544683108,0.08271982794275788,0.08297171494237614,,0.09%
07/25/2025,0.08286720530350114,0.08277528992045295,0.08270614506657845,0.08292699107705576,,-0.05%
07/24/2025,0.08282533792737874,0.08287201246395066,0.08277254931174625,0.08294969101240098,,0.08%
07/23/2025,0.08289193378592329,0.08311239288890367,0.08282533792737874,0.08315455104857888,,0.27%
07/22/2025,0.0831186102568365,0.0832570144034635,0.0830033948388489,0.0832570144034635,,0.17%
07/21/2025,0.0832570144034635,0.08331666999933347,0.08311101137789746,0.08333680570023752,,0.07%
07/18/2025,0.08331875255163679,0.08352404657300837,0.083236224404861,0.08353521009105337,,0.22%
07/17/2025,0.083500334001336,0.0836022539167656,0.08336320514851156,0.08365820603342981,,0.11%
07/16/2025,0.08359456635318704,0.0834466817427005,0.08342579692492512,0.0837457813062667,,-0.21%
07/15/2025,0.08341605425380169,0.08333055564814505,0.08331875255163679,0.08367080558251616,,-0.11%
07/14/2025,0.08332361224523806,0.08350939898285552,0.08329307501374335,0.08356522683780826,,0.24%
07/11/2025,0.08352544184958738,0.0836862101862855,0.08343623802689984,0.08374788536589452,,0.18%
07/10/2025,0.08367290587634818,0.08376752835530836,0.08365680631776201,0.0839137366786943,,0.15%
07/09/2025,0.08380192576825415,0.08365260745177427,0.08355475342992263,0.08384408354224485,,-0.18%
07/08/2025,0.08365260745177427,0.08364211213061552,0.08357081372901329,0.08376402000284798,,0.01%
07/07/2025,0.08366030569475702,0.08381667616588996,0.08337919188887222,0.08389684044498885,,0.18%
07/04/2025,0.08380754435514284,0.08386939857254284,0.08376682666130558,0.08397715821296607,,0.13%
07/03/2025,0.08391584918643584,0.08372755055050864,0.08359316876624842,0.08407035006893769,,-0.27%
07/02/2025,0.08368831125356721,0.08366800535475234,0.08355754608198666,0.0837548996616302,,-0.01%
07/01/2025,0.08367780697203488,0.08359177122604051,0.0835024257454679,0.08380894911958699,,-0.10%
06/30/2025,0.08359177122604051,0.08383846005516571,0.0834599142032082,0.08386377168926795,,0.41%
06/27/2025,0.08393345755485052,0.08369391461546831,0.08365330723350148,0.08393557105565767,,-0.29%
06/26/2025,0.08369391461546831,0.0834306691139663,0.08325216247492029,0.08373035476551315,,-0.34%
06/25/2025,0.08341187951988123,0.0834529492272257,0.08325978718798395,0.08357849692431131,,0.04%
06/24/2025,0.08344598541364175,0.0828775070445881,0.08286377195889957,0.08350103123773579,,-0.62%
06/23/2025,0.08292905419413692,0.08301028497430832,0.08271640679928864,0.08305027032862991,,0.00%
06/20/2025,0.08292699107705576,0.08265965712774224,0.08264531111827371,0.08299788355396936,,-0.18%
06/19/2025,0.08277666029286382,0.08319536768192747,0.0827335153470671,0.0832126749546491,,0.49%
06/18/2025,0.08318152704647351,0.08324384619866976,0.08301441960468534,0.08331389342486753,,0.07%
06/17/2025,0.08324176738920522,0.0836393138230694,0.08314210648840999,0.08366520531441383,,0.47%
06/16/2025,0.08363581620193032,0.08344737808338062,0.08328960629003107,0.08368691053032395,,-0.28%
06/13/2025,0.08340144451301897,0.08389895210208824,0.0832535486825126,0.08389895210208824,,0.50%
06/12/2025,0.08381948635418762,0.08416020737075097,0.08379911675730939,0.08420768984623675,,0.41%
06/11/2025,0.08416304064233232,0.08393275307823371,0.08392711769099713,0.08419067504083247,,-0.23%
06/10/2025,0.08397151686148059,0.08382651264942076,0.08380684199058011,0.08405056481979559,,-0.18%
06/09/2025,0.0838229993545629,0.08379139294811637,0.08373736612488591,0.08408095314168482,,-0.02%
06/06/2025,0.08380824673147838,0.08359875939441058,0.08351009637065121,0.08391303253308272,,-0.25%
06/05/2025,0.0836022539167656,0.08369531557318736,0.08354847064524484,0.08383775717232013,,0.08%
06/04/2025,0.08367080558251616,0.08388206182107956,0.08357640136730993,0.08390599172686922,,0.23%
06/03/2025,0.08386588168201413,0.08434121080242228,0.08386377168926795,0.08434619050430588,,0.58%
06/02/2025,0.0843518823122538,0.08420343550016841,0.08411560849231182,0.08441311779850588,,-0.20%
05/30/2025,0.08418358756776778,0.08417508417508417,0.08401384548173539,0.0843113449345744,,-0.07%
05/29/2025,0.08412551526878102,0.08440243079000674,0.08404703271950985,0.08441810599537389,,0.13%
05/28/2025,0.08423535357789665,0.0843113449345744,0.08394402612338094,0.08441169270767386,,0.11%
05/27/2025,0.08432698632216283,0.08447658309116712,0.08417225009258948,0.08454228805248384,,0.16%
05/26/2025,0.08446445313489818,0.08420698075870489,0.08413046953215046,0.0846152544380701,,-0.22%
05/23/2025,0.08427936925320051,0.08381667616588996,0.08369671657780865,0.08438320099234645,,-0.60%
05/22/2025,0.08377594960038871,0.08413259296651524,0.08368901163277262,0.08420981718048691,,0.44%
05/21/2025,0.08414108777598277,0.08440171841898701,0.08407529783674259,0.08444947387977773,,0.31%
05/20/2025,0.08439886905515466,0.08451227963423086,0.08428150021070376,0.08458590967916564,,0.11%
05/19/2025,0.0844929997549703,0.08435828651448432,0.08425522593038832,0.0845215656774826,,-0.20%
05/16/2025,0.08432200888753974,0.0843497477942541,0.08401737479310721,0.08447301509532779,,-0.08%
05/15/2025,0.0842509667798438,0.08444448197532532,0.08408378107946758,0.0845522955948254,,0.19%
05/14/2025,0.08441383036196651,0.08474217194186687,0.08429428821903028,0.0848781150268215,,0.11%
05/13/2025,0.08450728030219803,0.0847443263673497,0.08423606314335294,0.0849697082989914,,0.41%
05/12/2025,0.08485506754463376,0.0846302925669214,0.0845830478655468,0.08543065593657628,,-0.14%
05/09/2025,0.0847335553352483,0.08423890152472412,0.08423464402439435,0.08489829184636805,,-0.18%
05/08/2025,0.08458233244239942,0.0852260621297993,0.08433338674447828,0.08558419773373044,,0.83%
05/07/2025,0.08528202766548978,0.08563550105331666,0.08511290226485432,0.08573608717645344,,0.38%
05/06/2025,0.08560617734175698,0.0858405940169106,0.08530530769624486,0.08587450300131388,,0.77%
05/05/2025,0.08626118160566563,0.08606074167147172,0.08602594542514022,0.08644611381495344,,-0.27%
05/02/2025,0.0860244653579478,0.08589220528237063,0.08586344278060173,0.08680630908254412,,-0.08%
05/01/2025,0.08595939278284938,0.08594018563080097,0.08580303056303948,0.08599857242369777,,-0.01%
04/30/2025,0.08595126563238645,0.08530239699735562,0.0852747552614524,0.0860007912072791,,-0.68%
04/29/2025,0.08536793580331227,0.08565824075105145,0.08513898940019582,0.08565824075105145,,0.34%
04/28/2025,0.08565603960735271,0.08535409144837358,0.08534316486592589,0.08590179706559462,,-0.36%
04/25/2025,0.0853511774194925,0.08545109633756601,0.08506077592439798,0.08570302188855179,,0.08%
04/24/2025,0.085418250463394,0.0852129898681755,0.08520572923323365,0.08554246755801918,,-0.05%
04/23/2025,0.08537741084463872,0.0858045030203185,0.08524713143402723,0.08581702094793482,,0.55%
04/22/2025,0.08584501540918027,0.0856325677781774,0.08562376915831835,0.08596160954517712,,-0.25%
04/21/2025,0.08563330107812327,0.08550516451193652,0.08536429211660763,0.08570889829782127,,-0.20%
04/18/2025,0.0854627809588924,0.08552417768503155,0.08532059212490935,0.08552417768503155,,0.06%
04/17/2025,0.08551174503818099,0.08535190590805893,0.08526675704942914,0.08554466286848364,,-0.16%
04/16/2025,0.08537886872998933,0.08535263440906103,0.08521734684312339,0.08568760014738268,,0.02%
04/15/2025,0.08539199193899596,0.08500799075113061,0.0849689863199932,0.08540147232138282,,-0.44%
04/14/2025,0.08501883167121517,0.08475438180153914,0.08467759007578644,0.08511435113074414,,-0.48%
04/11/2025,0.08461095881138525,0.08481188723411473,0.0845758941786412,0.08517887563884156,,0.31%
04/10/2025,0.084870911343846,0.08482411719300031,0.0847227870408025,0.08526094111026798,,-0.05%
04/09/2025,0.08482483671218934,0.08517162081594414,0.08471919821750808,0.0852158944686363,,0.32%
04/08/2025,0.08509986469121514,0.08504052180864181,0.0850087133931228,0.08541314337450247,,0.04%
04/07/2025,0.08513536523071684,0.08506005239699228,0.08503473668993784,0.08546132020647455,,0.05%
04/04/2025,0.08517669906220454,0.08538761708776993,0.08503039836741635,0.08573976267233692,,0.30%
04/03/2025,0.08543138578250878,0.08470556346140815,0.08470556346140815,0.08561863746500338,,-0.43%
04/02/2025,0.0850636701571126,0.08492064166036838,0.08480181815098116,0.08507886811073866,,-0.11%
04/01/2025,0.08496682045661169,0.08492064166036838,0.08486658972095865,0.08501521772397258,,-0.04%
03/31/2025,0.08493506714117058,0.08484570807985678,0.08475007203756123,0.08492857506836751,,-0.01%
03/28/2025,0.08492496879007397,0.08479678450593153,0.08472494048072932,0.08504920096275696,,-0.09%
03/27/2025,0.08484570807985678,0.08471489203087011,0.08452942469273554,0.08485074753508579,,0.05%
03/26/2025,0.08489108473828079,0.08477234387053567,0.08457374830852503,0.08487307232034492,,-0.09%
03/25/2025,0.08481620328747604,0.08480829085851434,0.08460022165258073,0.08490694199157724,,-0.03%
03/24/2025,0.08478959462094811,0.08430281571404485,0.08426658577074432,0.08488027637017986,,-0.56%
03/21/2025,0.08431063410027906,0.08396587626788474,0.08394402612338094,0.0844059928254906,,-0.39%
03/20/2025,0.0839785686692756,0.08375069094320027,0.0837065249236178,0.0839962033716076,,-0.23%
03/19/2025,0.0837850745268238,0.08349405939767385,0.08344389649619079,0.08380262805041566,,-0.26%
03/18/2025,0.08356871855726963,0.08347315086102555,0.0833659850107959,0.08355754608198666,,-0.14%
03/17/2025,0.08345503859795535,0.08324453915823121,0.08309305591331732,0.08345712807330874,,-0.22%
03/14/2025,0.08327157358292599,0.08334305668994717,0.08314348903337379,0.08340283569641367,,0.12%
03/13/2025,0.0833736305881176,0.08304613212639622,0.08292286515083669,0.08334375130224611,,-0.38%
03/12/2025,0.0830557885731846,0.08291598951941893,0.08272324936923522,0.08309996094301836,,-0.15%
03/11/2025,0.08293455634159085,0.08313104778372626,0.08279927799029592,0.08313104778372626,,0.30%
03/10/2025,0.08318152704647351,0.08314832830285947,0.08305716824890573,0.08327850831535906,,-0.13%
03/07/2025,0.08307372793354102,0.08330625879922358,0.08303509893632038,0.08333263889467588,,0.28%
03/06/2025,0.08330903486483109,0.08347454443767374,0.08309167504507724,0.08347454443767374,,0.20%
03/05/2025,0.08347802858287698,0.08325909397453937,0.0832258332986559,0.08350382029977871,,-0.23%
03/04/2025,0.08328544420291666,0.08351009637065121,0.0831766839119658,0.08351009637065121,,0.25%
03/03/2025,0.08349266516936488,0.08329168748958854,0.08328336331534414,0.0835540552960738,,-0.25%
02/28/2025,0.08328752519447637,0.08344180768332164,0.08314971105475408,0.08350800424220661,,0.19%
02/27/2025,0.08344180768332164,0.08334652986722897,0.08313934153641503,0.0834675770197067,,-0.11%
02/26/2025,0.08334930861748502,0.08322029243610762,0.08321336739533838,0.08340353130551548,,-0.12%
02/25/2025,0.08324592511196577,0.08360295285629489,0.08320090522584886,0.08371983992766606,,0.48%
02/24/2025,0.08364770930748061,0.08367990761738199,0.08343902276216542,0.08372474652332991,,0.15%
02/21/2025,0.083774545941961,0.08387854386847844,0.0835582442741713,0.083879247435392,,0.07%
02/20/2025,0.08383705430126008,0.08381527114240216,0.08367710678035596,0.08395741679819996,,-0.01%
02/19/2025,0.0838321345338095,0.0837457813062667,0.08373596375907488,0.08392218734789103,,-0.02%
02/18/2025,0.08381316369549001,0.0836323188733054,0.08359246999030327,0.0837850745268238,,-0.15%
02/17/2025,0.08368831125356721,0.08369111284072744,0.08345643156989893,0.08370162046337216,,0.08%
02/14/2025,0.0837563026617753,0.08400537634408602,0.08357011532675916,0.08406398950881411,,0.41%
02/13/2025,0.08410287463625507,0.08406045628015668,0.08382651264942076,0.08415100055539661,,0.01%
02/12/2025,0.08411136344520145,0.08419280151547043,0.08398280032249396,0.08465536799688468,,0.11%
02/11/2025,0.08420414452799367,0.08351079377009478,0.08344250394265831,0.08434903631226014,,-0.81%
02/10/2025,0.08352544184958738,0.0833131993101667,0.08304613212639622,0.08356452852893005,,-0.41%
02/07/2025,0.0831842948051408,0.08321336739533838,0.08315247669651842,0.08347802858287698,,0.07%
02/06/2025,0.08324176738920522,0.08327365388138501,0.08313865032715059,0.08330903486483109,,0.05%
02/05/2025,0.08328197611472925,0.08327642777435419,0.08311446524153064,0.08363092002375118,,0.01%
02/04/2025,0.08328960629003107,0.08337015515185874,0.0832126749546491,0.08339866228545693,,0.13%
02/03/2025,0.08339448929214759,0.0834299730521187,0.08305716824890573,0.08345225279356416,,0.49%
01/31/2025,0.08380333034434788,0.08369111284072744,0.08365540664893173,0.08378296859814337,,-0.01%
01/30/2025,0.08379490359396342,0.0837850745268238,0.08367500627562546,0.08379279717115516,,-0.10%
01/29/2025,0.08371213072486333,0.08376682666130558,0.08368761088608442,0.08384548953189062,,0.05%
01/28/2025,0.08375700417947451,0.08393275307823371,0.08373806732540613,0.08393698011532941,,0.27%
01/27/2025,0.0839835056394924,0.08415312502629785,0.08395318770253707,0.08424670805988256,,0.10%
01/24/2025,0.08406610958858046,0.08430423713095819,0.08386025527061705,0.08430423713095819,,0.32%
01/23/2025,0.08433267553846414,0.08410641143174344,0.08407035006893769,0.08435686327439601,,-0.23%
01/22/2025,0.08413542437908057,0.08411702360323682,0.08401666890711117,0.084277238403452,,-0.01%
01/21/2025,0.08412763845306098,0.08469623694619248,0.08403290728649339,0.08469623694619248,,0.69%
01/20/2025,0.08470699849221543,0.08462169869597963,0.08447658309116712,0.08470628097073397,,-0.10%
01/17/2025,0.08461811843151856,0.0846510682964819,0.08456087537418187,0.08470699849221543,,0.09%
01/16/2025,0.08469121582709441,0.08481188723411473,0.0846152544380701,0.08487307232034492,,0.22%
01/15/2025,0.08487523340689188,0.08472135147499874,0.08466110161025416,0.08495960170938718,,-0.17%
01/14/2025,0.08472924768900976,0.0846152544380701,0.08453228287883142,0.0847737811649613,,-0.13%
01/13/2025,0.08462026655383964,0.08508683111114893,0.08453942918977411,0.08517089540162336,,0.57%
01/10/2025,0.08510058889607516,0.08533515381661474,0.08507090660065166,0.08539928435399712,,0.31%
01/09/2025,0.08536720704108723,0.08532932854351369,0.08530458000290035,0.08542408788430161,,-0.04%
01/08/2025,0.08533442561398119,0.08541460248044005,0.08530821859377932,0.08545036615481898,,0.06%
01/07/2025,0.08538761708776993,0.08543795495711015,0.08534316486592589,0.08555564111119666,,0.07%
01/06/2025,0.08544452514205152,0.08530530769624486,0.08527039241434589,0.08549419921858302,,-0.09%
01/03/2025,0.08536866457798001,0.08503979862575685,0.08503545978673106,0.08538178465006276,,-0.30%
01/02/2025,0.08511580004596253,0.08521008546571572,0.08507597284374946,0.08523841183791064,,0.15%
01/01/2025,0.08524349805218608,0.0853002141035374,0.08516654317517906,0.0853002141035374,,0.09%
12/31/2024,0.08531913622906481,0.08533442561398119,0.0851868573716447,0.08535481998668465,,0.09%
12/30/2024,0.08539928435399712,0.08545985950399097,0.08526675704942914,0.08547300762419228,,0.09%
12/27/2024,0.0854795832015523,0.08560691018979052,0.08505064766068193,0.0856303679536911,,0.15%
12/26/2024,0.08560617734175698,0.08565897449075739,0.08555271330430245,0.08567365192508695,,0.07%
12/25/2024,0.08566851425095734,0.08564430208458232,0.0856384345294168,0.08571183680466272,,-0.01%
12/24/2024,0.08565824075105145,0.08576329331046312,0.08564210165717466,0.08578830876928092,,0.13%
12/23/2024,0.08576917798819816,0.08588187806490952,0.08572506257929569,0.08591803419537762,,0.15%
12/20/2024,0.08590032126720153,0.08573314700662718,0.08570595999245788,0.08592910848549946,,-0.16%
12/19/2024,0.0857640288510193,0.08594609460946095,0.08569861511037982,0.08597713008339782,,0.12%
12/18/2024,0.08586344278060173,0.08579566903462714,0.08573020703845,0.08587155333052819,,-0.07%
12/17/2024,0.085802294353351,0.08581333882538701,0.08572432770695995,0.08584133088399402,,0.01%
12/16/2024,0.08580892069539549,0.08575740944017562,0.0857155102215746,0.08587229072922749,,0.03%
12/13/2024,0.08583101589590414,0.08570302188855179,0.08563330107812327,0.08588704136319912,,-0.13%
12/12/2024,0.08572359284722342,0.08558639518662113,0.0855234462527902,0.08570081844281613,,-0.08%
12/11/2024,0.08565383857677582,0.08540803689627194,0.08528711908640438,0.08573535211509113,,-0.27%
12/10/2024,0.08542408788430161,0.08557247989046722,0.08530821859377932,0.08561570534498848,,0.20%
12/09/2024,0.08559591878659226,0.0858442784788394,0.08555051758063137,0.08594535594269163,,0.35%
12/06/2024,0.08589663199305955,0.08573167699733374,0.08566924816667809,0.08588114050154586,,-0.18%
12/05/2024,0.0857449088960343,0.08576108676449148,0.08569127148708633,0.08586565459681782,,0.07%
12/04/2024,0.08580303056303948,0.08603556710344056,0.08572285800008572,0.08606148232297153,,0.30%
12/03/2024,0.08605629803017134,0.08583101589590414,0.08576549996998206,0.0861066861841822,,-0.27%
12/02/2024,0.08582585933141655,0.08564136820649847,0.08562596864377028,0.08589884551951621,,-0.19%
11/29/2024,0.08566117578529883,0.08575814487980996,0.08550882023480723,0.0857757992160092,,0.16%
11/28/2024,0.08579566903462714,0.08576623554838932,0.08573976267233692,0.08585754516106876,,0.08%
11/27/2024,0.08586049386956074,0.08600818797949565,0.08581260243879417,0.08604222952625148,,0.17%
11/26/2024,0.08600818797949565,0.08591139099133153,0.08583322604180078,0.08614154779133071,,-0.10%
11/25/2024,0.08592541673827118,0.0858420677637283,0.08576476440419217,0.08602298534168329,,-0.12%
11/22/2024,0.0858265959455516,0.0856509040452922,0.08563476771569258,0.0858663918942126,,-0.19%
11/21/2024,0.08566411102068788,0.08588704136319912,0.08563110121596162,0.08589515637213219,,0.27%
11/20/2024,0.08589589417625838,0.08576182226719954,0.08575005573753623,0.08591877239258006,,-0.12%
11/19/2024,0.08579198874409108,0.08574784987266444,0.08565530591792508,0.08583175259855631,,-0.03%
11/18/2024,0.08576255778252331,0.085647236163689,0.08561717137989196,0.08586565459681782,,-0.09%
11/15/2024,0.08568392912225384,0.08558346527450897,0.08556589001360498,0.08576035127439882,,-0.07%
11/14/2024,0.08562303602161125,0.08558859275235797,0.08557101538566857,0.08584280465611373,,-0.02%
11/13/2024,0.08560691018979052,0.08571697967650412,0.08539272112445136,0.08572138834360561,,0.14%
11/12/2024,0.08572653236176597,0.08550516451193652,0.08546935496277809,0.0858045030203185,,-0.24%
11/11/2024,0.08551905792205793,0.0850839353021756,0.08503401360544217,0.08548177528550914,,-0.53%
11/08/2024,0.08506873553831495,0.08470341100636124,0.08467830711128423,0.08510855596313097,,-0.40%
11/07/2024,0.08472709403012896,0.08514116404999489,0.08470197609710234,0.08527039241434589,,0.49%
11/06/2024,0.08514261387824607,0.0844694474008751,0.08438533720380746,0.0851578400565448,,-0.78%
11/05/2024,0.08447943770486264,0.0843668269636379,0.08433694295449178,0.08453657052040713,,-0.11%
11/04/2024,0.08438818565400844,0.08473283736379196,0.08428434165500734,0.08473858147614609,,0.39%
11/01/2024,0.08472135147499874,0.08466110161025416,0.08458018624557011,0.08478887569950821,,-0.05%
10/31/2024,0.0846826095792968,0.0846138225140459,0.08456016032606398,0.08474719910506959,,-0.06%
10/30/2024,0.0846338738616744,0.08482483671218934,0.08461740241498067,0.0848961295854522,,0.25%
10/29/2024,0.08484498820654665,0.0847371453750466,0.0847335553352483,0.0849689863199932,,-0.08%
10/28/2024,0.0847730625116563,0.0846811753747142,0.08467113730271625,0.08486658972095865,,-0.11%
10/25/2024,0.08468045829064026,0.08467042038863723,0.08463960456376748,0.08478743789320174,,0.04%
10/24/2024,0.08471489203087011,0.08473786341951174,0.08456302059109551,0.08476803227966669,,0.08%
10/23/2024,0.0847824059551162,0.08469193309337286,0.08468476097726214,0.08485218748939348,,-0.06%
10/22/2024,0.08473283736379196,0.08467974121871083,0.0846503517222114,0.0847536634771038,,-0.05%
10/21/2024,0.08469121582709441,0.08447016091565654,0.08445517963616708,0.08468762967793295,,-0.23%
10/18/2024,0.08449442759250027,0.08476228417403392,0.08445589290992779,0.08477881207928514,,0.33%
10/17/2024,0.084774499830451,0.08471202148296865,0.08469121582709441,0.08483059330516958,,-0.06%
10/16/2024,0.08472781190425757,0.08470341100636124,0.08460952703274388,0.08475510013815081,,-0.01%
10/15/2024,0.08471776277332067,0.08430992327796981,0.08430210502356245,0.08472494048072932,,-0.45%
10/14/2024,0.0843355204344966,0.08405833648552095,0.08402514032198434,0.08435899815253793,,-0.36%
10/11/2024,0.08403008276963153,0.08431703204047218,0.08399055946111657,0.08434049946443783,,0.38%
10/10/2024,0.0843518823122538,0.0843575748884371,0.08412480756450269,0.08436540343535923,,0.01%
10/09/2024,0.0843575748884371,0.0841099485247115,0.08403573199324353,0.08436326823301134,,-0.29%
10/08/2024,0.0841099485247115,0.08358338696600663,0.08356033892073467,0.08431561019207096,,-0.63%
10/07/2024,0.08358408559010364,0.08354707459918291,0.08353660574063554,0.08360854479327788,,-0.05%
10/04/2024,0.08354149088144627,0.08357709987463435,0.08350382029977871,0.08361553576654543,,0.04%
10/03/2024,0.08357430591538936,0.08362672375584342,0.08351776840522822,0.08365750616974107,,0.08%
10/02/2024,0.0836442109841578,0.0836456102783726,0.08354149088144627,0.08370442294170824,,0.02%
10/01/2024,0.0836638053645232,0.08370232106536314,0.0836022539167656,0.08376682666130558,,0.17%
09/30/2024,0.08380894911958699,0.08376893177858197,0.08364980844193867,0.08385814556096907,,-0.06%
09/27/2024,0.0837548996616302,0.08384197464618687,0.08373946976167747,0.08392852646686083,,0.14%
09/26/2024,0.08386869517084053,0.08407741848694278,0.08376682666130558,0.0841141934289992,,0.31%
09/25/2024,0.08412693071305988,0.084107826233231,0.08393134416047673,0.0841538332071026,,-0.02%
09/24/2024,0.08411348591519678,0.08437750495717841,0.0840272584426388,0.08455515532782035,,0.37%
09/23/2024,0.0844280841579143,0.08446516656530846,0.08434405627435435,0.08453228287883142,,0.05%
09/20/2024,0.08447016091565654,0.08452370890034655,0.0842410304362843,0.08454657670910905,,0.07%
09/19/2024,0.08452728118000084,0.08462098261885018,0.08436113313874032,0.08488892284445804,,0.17%
09/18/2024,0.08466826971924002,0.08468619530330361,0.08454943605526151,0.08477737461426295,,0.05%
09/17/2024,0.08471202148296865,0.08454228805248384,0.08453514125822105,0.08475653684790439,,-0.11%
09/16/2024,0.08461811843151856,0.08457374830852503,0.08453013922113929,0.08461668641056017,,-0.05%
09/13/2024,0.08457804015765347,0.08480757161999423,0.08450228156160217,0.08482555624358507,,0.28%
09/12/2024,0.08481908090043937,0.08474145382438182,0.08473858147614609,0.08485290748487496,,-0.02%
09/11/2024,0.08480109902224334,0.08479103250040276,0.08465393471488555,0.08481332586976066,,0.03%
09/10/2024,0.08482555624358507,0.0846826095792968,0.08467759007578644,0.08485794779539052,,-0.07%
09/09/2024,0.0847651581294025,0.08444590817351945,0.08440741772386957,0.08478384359076534,,-0.41%
09/06/2024,0.08441953130276221,0.08445375312478887,0.08435472850430631,0.08453585588327289,,0.09%
09/05/2024,0.0844929997549703,0.08469336766237837,0.08439601988370228,0.08469910642442723,,0.27%
09/04/2024,0.08471919821750808,0.08478384359076534,0.08463459015699716,0.08483059330516958,,0.13%
09/03/2024,0.08483347189467076,0.08481404520588609,0.0847235048419483,0.08487595379353076,,0.03%
09/02/2024,0.08485938799409379,0.0845401438873249,0.08453442664525128,0.08485074753508579,,-0.36%
08/30/2024,0.08455658526686059,0.08461167471887772,0.08447158798138246,0.08466540232999188,,0.08%
08/29/2024,0.08462098261885018,0.08488531993277083,0.08452442333212182,0.08496682045661169,,0.38%
08/28/2024,0.08494300324482272,0.0848557875889925,0.0848226781912412,0.08499137337560238,,-0.03%
08/27/2024,0.0849134307573429,0.08491703605577351,0.08483203257550051,0.08497765087781914,,0.05%
08/26/2024,0.08495599279573181,0.08488531993277083,0.08479894170920747,0.08500293260117474,,0.08%
08/23/2024,0.08502100018704621,0.08513174136976973,0.08495238418866226,0.08517815010093611,,0.14%
08/22/2024,0.08513609003992882,0.0850383522968859,0.08492569002123142,0.08512159620017194,,-0.07%
08/21/2024,0.08507235403710857,0.08511072905850511,0.08495094083166971,0.08516871923280017,,0.12%
08/20/2024,0.08517597356137781,0.08519266320784455,0.08504992430556738,0.08533588203167668,,-0.02%
08/19/2024,0.08515929045279196,0.08543430529094652,0.08498415045593997,0.08545401719334826,,0.31%
08/16/2024,0.08542554736419473,0.08546935496277809,0.08531258531258532,0.08551905792205793,,0.08%
08/15/2024,0.08548981388867516,0.0852791185550306,0.08519338899301415,0.08548981388867516,,-0.54%
08/14/2024,0.0850311213904289,0.08526603001364257,0.08499498529586755,0.08528420962858727,,0.30%
08/13/2024,0.08528202766548978,0.0854686244679578,0.08519992161607211,0.08556076525548445,,0.25%
08/12/2024,0.08549493015064207,0.08541168431841475,0.08538761708776993,0.0855614973262032,,-0.12%
08/09/2024,0.08539636723853766,0.08541533205210336,0.08532204807044189,0.0855029712282502,,0.07%
08/08/2024,0.08545766854388678,0.08549858499841828,0.08522388314101144,0.08552710353911154,,0.13%
08/07/2024,0.08556735434297107,0.08524785814756405,0.08524785814756405,0.0856391679298444,,-0.34%
08/06/2024,0.08528057308545113,0.084888202237653,0.084888202237653,0.08528930131004367,,-0.48%
08/05/2024,0.08487019104280004,0.08545255674049768,0.08454943605526151,0.0854627809588924,,0.69%
08/02/2024,0.08545474743849395,0.08649695963186894,0.08541460248044005,0.08652465087303374,,1.27%
08/01/2024,0.08654412019247412,0.0862477899003838,0.08615713337985818,0.08656584631099647,,-0.32%
07/31/2024,0.08626341396087092,0.08656884387309007,0.08621581542918233,0.08660933128935312,,0.40%
07/30/2024,0.08661233186381077,0.08669192291354215,0.08655460730174667,0.08676036786395974,,0.09%
07/29/2024,0.0866941776190311,0.08660633092279045,0.08658833308799972,0.08672650795715711,,-0.06%
07/26/2024,0.0866385957616399,0.08633640115345433,0.08633640115345433,0.08666788001698691,,-0.29%
07/25/2024,0.08638413296245745,0.08670169415110372,0.08613709580167794,0.0867385440068003,,0.44%
07/24/2024,0.08676639017110332,0.08692553089767996,0.08673929637082783,0.08695803405276613,,0.20%
07/23/2024,0.0869414014953921,0.08693988976021978,0.08687870863487485,0.08700872697531563,,0.01%
07/22/2024,0.08695349726966017,0.08681158413778735,0.08681158413778735,0.08696030262185313,,-0.14%
07/19/2024,0.08683042885548811,0.08677693122060431,0.08675208855653199,0.08693459910109624,,0.05%
07/18/2024,0.08687342541916428,0.08688323761696655,0.08672124323574303,0.08689607229753216,,0.02%
07/17/2024,0.0868870121294269,0.08701554097561824,0.08682439765574126,0.08703068702024334,,0.16%
07/16/2024,0.08702387064771867,0.08685079034219212,0.08683646089319984,0.08701705534284719,,-0.14%
07/15/2024,0.08689909277347145,0.08682364381468362,0.08681007691372815,0.08698223822695406,,-0.09%
07/12/2024,0.08682213617183837,0.08691344290221369,0.08677391923083598,0.08699661583164416,,0.11%
07/11/2024,0.08691722003963424,0.08712015611931977,0.08681233776944379,0.08716040128648751,,0.24%
07/10/2024,0.08713002413501668,0.0871049789205951,0.08708829010851202,0.08717331799082938,,0.00%
07/09/2024,0.08713382012094174,0.0870716076901644,0.08706175290133292,0.08712926497752065,,-0.09%
07/08/2024,0.08705417381236344,0.08705190034298449,0.08703144446088372,0.08712698758440428,,0.00%
07/05/2024,0.08705038476270065,0.0870412923891094,0.08699434536755112,0.08709284096847239,,0.04%
07/04/2024,0.08708677326087715,0.08707388218903739,0.08699964330146245,0.08710573765493933,,-0.04%
07/03/2024,0.08705190034298449,0.08708449808849526,0.0870359893816093,0.08713306089729626,,0.04%
07/02/2024,0.08708298137295029,0.08710877272450109,0.08700948403375967,0.0871634401666565,,0.03%
07/01/2024,0.08711104916547616,0.08715812226541392,0.0870647849064489,0.08719079962682338,,0.08%
06/28/2024,0.08718471826258292,0.0870958751393534,0.08702992959278696,0.08719992326406753,,-0.08%
06/27/2024,0.08711712025647281,0.08694366919672744,0.08692553089767996,0.08713306089729626,,-0.18%
06/26/2024,0.08696408383337681,0.08703144446088372,0.0868870121294269,0.08710118544713394,,0.14%
06/25/2024,0.08708298137295029,0.08700040020184094,0.08692553089767996,0.08708980700898766,,-0.10%
06/24/2024,0.08699585899711174,0.08689229699787114,0.08686361543740173,0.0870359893816093,,-0.11%
06/21/2024,0.0868975825092546,0.08679199430644517,0.08679199430644517,0.08697769891799743,,-0.08%
06/20/2024,0.08682741315088,0.08699056152407464,0.08676036786395974,0.08702690001479457,,0.14%
06/19/2024,0.08695198511382014,0.08698980479487804,0.08692099750536737,0.08706326887749327,,0.12%
06/18/2024,0.08705872110738694,0.08690211345939934,0.08683646089319984,0.08708298137295029,,-0.18%
06/17/2024,0.08690060309018544,0.08687116138055649,0.08682364381468362,0.08689682739683174,,-0.06%
06/14/2024,0.08684701897607365,0.08680856974200493,0.08678747483163231,0.08687040672724429,,-0.03%
06/13/2024,0.08681836729378467,0.08669643244180503,0.08668515950069348,0.08684324793747286,,-0.02%
06/12/2024,0.08679726762201526,0.08675660434650588,0.08671522719389525,0.08687795385043091,,-0.02%
06/11/2024,0.08677617820355957,0.08677693122060431,0.08673553468120355,0.0868907869698576,,0.03%
06/10/2024,0.08680254157841741,0.08676789587852494,0.08674606823445727,0.08683269077142163,,-0.03%
06/07/2024,0.08678069650187012,0.08679726762201526,0.08674155354122393,0.08687795385043091,,0.03%
06/06/2024,0.08680856974200493,0.08691344290221369,0.08672199529966786,0.08694669298253241,,0.15%
06/05/2024,0.08693535487011858,0.08666337345847525,0.08664910578122834,0.08702992959278696,,-0.29%
06/04/2024,0.08668440807551946,0.08713002413501668,0.08654412019247412,0.08720676724513822,,0.56%
06/03/2024,0.08717179817985285,0.0868017881168352,0.08678144959733408,0.08734616157292967,,-0.42%
05/31/2024,0.08680932332132471,0.08680404854082394,0.08672425156970896,0.08699888641425389,,0.05%
05/30/2024,0.08685607080506892,0.08696030262185313,0.0868168598341798,0.08699812954021488,,0.15%
05/29/2024,0.08698677800974251,0.08708222303498964,0.08691193213916339,0.0871178792023487,,0.16%
05/28/2024,0.08712243315531316,0.08713913505694543,0.08707388218903739,0.0871953612067838,,0.07%
05/27/2024,0.08718167789857284,0.08719155985700584,0.08712091511809239,0.08725470520997845,,0.03%
05/24/2024,0.08720828827571774,0.08695274118516585,0.08693686644758578,0.08726764988218867,,-0.23%
05/23/2024,0.08700418490129375,0.08694442512346108,0.086905889612139,0.08704508064726721,,0.02%
05/22/2024,0.08701781254622822,0.086865124521156,0.086865124521156,0.08700040020184094,,-0.08%
05/21/2024,0.08694518106333957,0.08685908850072527,0.08679048776254122,0.08695425336730346,,-0.07%
05/20/2024,0.08688550228508872,0.08672425156970896,0.08670169415110372,0.08688248275382718,,-0.15%
05/17/2024,0.08675810971430553,0.0864446192546745,0.0864446192546745,0.08674456328449615,,-0.27%
05/16/2024,0.08652015919709292,0.08654412019247412,0.08640279253825484,0.08656060107681388,,0.05%
05/15/2024,0.08655910255522471,0.08662808829134759,0.086419966469053,0.08664460117490079,,0.11%
05/14/2024,0.08665661449938473,0.086591332207646,0.08657633868663694,0.08668741385438249,,0.01%
05/13/2024,0.08666562667914651,0.08652165637058956,0.08648050297060528,0.08666487559257108,,-0.17%
05/10/2024,0.08651417102121328,0.08653288682363733,0.0864790072209971,0.08657708823936834,,0.06%
05/09/2024,0.08656434760779426,0.08655235985009131,0.0864992042073213,0.086591332207646,,0.01%
05/08/2024,0.08657708823936834,0.08648573850172107,0.08645209257290072,0.08660708099494215,,-0.09%
05/07/2024,0.0865007006556753,0.08636175210722676,0.08635354869908379,0.08652465087303374,,-0.15%
05/06/2024,0.08636697326942178,0.08683344476958746,0.08627606615648753,0.08683419878084785,,0.57%
05/03/2024,0.0868605974271891,0.08680254157841741,0.0867385440068003,0.08691948647967389,,-0.07%
05/02/2024,0.08679952781056871,0.08679199430644517,0.08671673112610347,0.0868228899867161,,-0.03%
05/01/2024,0.08677768425071809,0.08674606823445727,0.08668666239012465,0.08677542519958348,,0.01%
04/30/2024,0.08678370896215362,0.0866558635690084,0.0866558635690084,0.08681761355743854,,-0.08%
04/29/2024,0.08671146759158899,0.08690362388111585,0.08664309974353641,0.08693611065228163,,0.21%
04/26/2024,0.0868907869698576,0.08694669298253241,0.08686663365734587,0.08701099819017123,,0.02%
04/25/2024,0.0869104214286335,0.08694744896184746,0.08687870863487485,0.08702992959278696,,0.07%
04/24/2024,0.0869678653737444,0.08699888641425389,0.08692250858359772,0.08702614265325304,,0.05%
04/23/2024,0.08701554097561824,0.08686965208704339,0.08685003604276496,0.08702765738951838,,-0.13%
04/22/2024,0.08689984792526613,0.08679199430644517,0.08676337891302838,0.08694669298253241,,-0.05%
04/19/2024,0.08685908850072527,0.08664159836420662,0.08651192566895347,0.08685380767092829,,-0.22%
04/18/2024,0.08666562667914651,0.08659958085802864,0.08657259111765216,0.08670169415110372,,-0.14%
04/17/2024,0.08654262224145391,0.0865007006556753,0.08644237751115107,0.08660183076270232,,0.00%
04/16/2024,0.0865463672162361,0.08664985659448735,0.08648125086481251,0.08671748311177016,,0.18%
04/15/2024,0.08670545290593325,0.08660108078148815,0.08659733107025641,0.08677994341947688,,-0.08%
04/12/2024,0.08663634394628546,0.08681233776944379,0.08655011251514627,0.08685456203587093,,0.26%
04/11/2024,0.08685984295740393,0.08672801228068654,0.08670244587599817,0.08688172790380455,,-0.12%
04/10/2024,0.08675660434650588,0.08689833763480105,0.08671823511047903,0.0869882913759808,,0.23%
04/09/2024,0.08695425336730346,0.08683495280520315,0.08681761355743854,0.08696257130930847,,-0.13%
04/08/2024,0.0868394772263471,0.08679274759801071,0.08674983083782986,0.08691570914527091,,0.02%
04/05/2024,0.08685607080506892,0.08671823511047903,0.08666187137645051,0.08690135826822973,,-0.06%
04/04/2024,0.08680706262261498,0.08665436174729854,0.0866183336364975,0.08678747483163231,,-0.20%
04/03/2024,0.08663709453839756,0.08675208855653199,0.08656809446310468,0.0868168598341798,,0.21%
04/02/2024,0.08681836729378467,0.08672650795715711,0.08670695649911993,0.08681836729378467,,-0.09%
04/01/2024,0.08674456328449615,0.08664460117490079,0.08662883874041669,0.08676789587852494,,-0.11%
03/29/2024,0.08664910578122834,0.0866641245190141,0.08659583127668234,0.08672726011239852,,0.08%
03/28/2024,0.08671447524735304,0.0866859109388951,0.08663184066671864,0.086734782382431,,0.07%
03/27/2024,0.08677090745015012,0.08658683360608187,0.08656734506609416,0.08677617820355957,,-0.14%
03/26/2024,0.08665361085596436,0.08644985044175874,0.08642220705032365,0.086703197613928,,-0.21%
03/25/2024,0.08647152924899476,0.08623514599610217,0.08607703894986013,0.08650219715580776,,0.03%
03/22/2024,0.08649695963186894,0.08649770781074302,0.08631851532153646,0.08677542519958348,,0.07%
03/21/2024,0.08656060107681388,0.08661758336942399,0.08649546331294924,0.086703197613928,,0.00%
03/20/2024,0.08656060107681388,0.08668290526425283,0.0864834946250508,0.08674983083782986,,0.20%
03/19/2024,0.086734782382431,0.08679425422037061,0.0866738894907909,0.08683344476958746,,0.11%
03/18/2024,0.08683344476958746,0.08681309141418526,0.08679199430644517,0.08689833763480105,,-0.01%
03/15/2024,0.08682816705739342,0.08668365666337269,0.08668290526425283,0.08688776707127403,,-0.07%
03/14/2024,0.0867694016382063,0.08676864875183299,0.0867159791534786,0.08684324793747286,,0.02%
03/13/2024,0.08678446210990384,0.08674381082909734,0.08668515950069348,0.08687644432088683,,-0.04%
03/12/2024,0.08675284115554785,0.08680329505308021,0.0866265874322147,0.08681384507201208,,0.07%
03/11/2024,0.08681384507201208,0.0868357068426537,0.08676187336236964,0.08700342793506063,,0.06%
03/08/2024,0.08686663365734587,0.08696181506700408,0.0868228899867161,0.08700569887327621,,0.15%
03/07/2024,0.08699964330146245,0.08690966609306287,0.086865124521156,0.08706857520983526,,-0.05%
03/06/2024,0.08696030262185313,0.0868168598341798,0.08680103466833325,0.08694593701636322,,-0.16%
03/05/2024,0.08682515150988938,0.08682213617183837,0.08676112060663375,0.08687568957578601,,0.01%
03/04/2024,0.08683495280520315,0.08686965208704339,0.08680781617576847,0.08689531721135547,,0.06%
03/01/2024,0.08688323761696655,0.08668741385438249,0.08668215387815956,0.08688776707127403,,-0.18%
02/29/2024,0.08672650795715711,0.08681761355743854,0.08668365666337269,0.08682515150988938,,0.12%
02/28/2024,0.08683269077142163,0.0868017881168352,0.08676563733698907,0.08686965208704339,,0.02%
02/27/2024,0.08685305331908943,0.08682062858135092,0.08680404854082394,0.08688625720069856,,0.04%
02/26/2024,0.08688399249322304,0.08682967490969713,0.0868017881168352,0.08687719907910169,,-0.03%
02/23/2024,0.08685380767092829,0.08684475631361378,0.08676413170795194,0.086865124521156,,0.00%
02/22/2024,0.08685607080506892,0.0866941776190311,0.08664835498098068,0.0868553164139177,,-0.17%
02/21/2024,0.08670545290593325,0.08675886241779598,0.08657933697543743,0.08682741315088,,0.09%
02/20/2024,0.08677994341947688,0.08669192291354215,0.08666938230731229,0.08682364381468362,,-0.09%
02/19/2024,0.08670545290593325,0.08665361085596436,0.08664835498098068,0.08675810971430553,,-0.05%
02/16/2024,0.08666487559257108,0.0866791484640455,0.0866190839165685,0.08668741385438249,,0.03%
02/15/2024,0.08669117137110757,0.08663409224798142,0.08659208202002008,0.08668816533166891,,-0.06%
02/14/2024,0.08664309974353641,0.08656209965028912,0.08654486918743022,0.08665436174729854,,-0.07%
02/13/2024,0.08658008658008658,0.08666112035496396,0.08654337121048214,0.0867084601444563,,0.15%
02/12/2024,0.08670996384194507,0.08664309974353641,0.08661083155059372,0.08672124323574303,,-0.04%
02/09/2024,0.08667839714308004,0.08672425156970896,0.08660858117822313,0.08677090745015012,,0.06%
02/08/2024,0.08673403009670844,0.08670545290593325,0.08663184066671864,0.08679199430644517,,-0.02%
02/07/2024,0.08671898712223042,0.08656884387309007,0.08648798249483233,0.08673327782403552,,-0.16%
02/06/2024,0.0865838347980432,0.0866859109388951,0.08653213803606659,0.08670470112889521,,0.14%
02/05/2024,0.08670244587599817,0.08664460117490079,0.0866265874322147,0.08674531575294933,,-0.05%
02/02/2024,0.08666337345847525,0.08655835331388656,0.0864655478024781,0.08669342603750357,,-0.11%
02/01/2024,0.08656734506609416,0.08625448523323212,0.08625448523323212,0.08659808098652534,,-0.32%
01/31/2024,0.08629021123843711,0.08635653157626577,0.08624407072013798,0.08650369370772132,,0.06%
01/30/2024,0.08634534684925829,0.08637294108501689,0.08629691315941629,0.08640204600044929,,0.05%
01/29/2024,0.08638487919074644,0.08631926041657675,0.08630510581005972,0.08640801866413203,,-0.02%
01/26/2024,0.0863684651460059,0.08620541025154739,0.08620541025154739,0.086419966469053,,-0.15%
01/25/2024,0.08624183936595,0.08603186620324169,0.08601262665359274,0.08632596685082873,,-0.21%
01/24/2024,0.08605777919295014,0.08625448523323212,0.08598008701184806,0.08631106507854307,,0.26%
01/23/2024,0.0862849993528625,0.08656060107681388,0.08616678442793872,0.0865748396201096,,0.33%
01/22/2024,0.08656659568205821,0.08658758334054897,0.08650444200309686,0.08661008141347654,,0.02%
01/19/2024,0.08658233547191702,0.08650743531406525,0.08648125086481251,0.08661008141347654,,-0.06%
01/18/2024,0.08653288682363733,0.08649621146593779,0.0864707815229234,0.08658833308799972,,-0.02%
01/17/2024,0.08651491949786741,0.08655086161382736,0.08648125086481251,0.08664685341951807,,0.06%
01/16/2024,0.08656284895648485,0.08657933697543743,0.08646928610957388,0.08668140250509253,,0.03%
01/15/2024,0.08658983262185355,0.08653064049980098,0.0864834946250508,0.0866641245190141,,-0.08%
01/12/2024,0.08652240497676873,0.08629616845012082,0.08617940829218267,0.08657034273198688,,-0.24%
01/11/2024,0.08631851532153646,0.08640055296353896,0.08612151746113766,0.08641473889786641,,0.08%
01/10/2024,0.08638562543192813,0.08625225334011852,0.08623365872167225,0.08641175199827177,,-0.14%
01/09/2024,0.08626043751293906,0.08614674236093763,0.08610816908200081,0.08627532180695034,,-0.09%
01/08/2024,0.08618237915075883,0.08590917681826772,0.08590253498380737,0.08622101896000206,,-0.27%
01/05/2024,0.08595126563238645,0.08601484616244764,0.08588704136319912,0.08621432882145012,,0.07%
01/04/2024,0.08601336647715055,0.08584575235217362,0.0858052392679097,0.0860244653579478,,-0.17%
01/03/2024,0.08586712920426932,0.08578610093592635,0.08569861511037982,0.08589515637213219,,-0.06%
01/02/2024,0.08581260243879417,0.08535627710061798,0.08530239699735562,0.0858008219718745,,-0.57%
01/01/2024,0.08532059212490935,0.08529366609235599,0.08529075618784436,0.08538615890364172,,0.06%
12/29/2023,0.08536939336509074,0.0854686244679578,0.08521226374899875,0.08551247627028784,,0.13%
12/28/2023,0.08548250600514605,0.08575814487980996,0.08527620964303378,0.08579051671628218,,0.34%
12/27/2023,0.08576991362969698,0.08589589417625838,0.0856978806914105,0.08596160954517712,,0.15%
12/26/2023,0.08590253498380737,0.08580671180099708,0.08577359202648689,0.08597565169543986,,-0.10%
12/25/2023,0.08581628449814638,0.08575373243120406,0.08571183680466272,0.0858686038623698,,-0.03%
12/22/2023,0.08579198874409108,0.08578462911015604,0.08566484486096596,0.08593427746459509,,0.01%
12/21/2023,0.08580376678536188,0.0858074480864939,0.08573167699733374,0.08592837011067574,,0.05%
12/20/2023,0.0858442784788394,0.08578536501672815,0.08570008398608231,0.08585901948999743,,-0.05%
12/19/2023,0.085802294353351,0.08579346082241611,0.08576035127439882,0.08594978813377224,,0.01%
12/18/2023,0.08580892069539549,0.0857449088960343,0.08572285800008572,0.08598674084456177,,-0.07%
12/15/2023,0.08574784987266444,0.0853475351631845,0.08526239502067613,0.08576108676449148,,-0.45%
12/14/2023,0.08536502082906508,0.08612374259335813,0.08526312199447494,0.08613190239532821,,0.82%
12/13/2023,0.08606444505645829,0.08605185484773124,0.08601410631343541,0.08617940829218267,,0.00%
12/12/2023,0.08606740799394086,0.0860762980305743,0.08595274318179864,0.08612151746113766,,0.04%
12/11/2023,0.08610075510362226,0.08591508153341237,0.08587155333052819,0.08620763972103208,,-0.21%
12/08/2023,0.08591803419537762,0.08579051671628218,0.08576108676449148,0.08593870851308846,,-0.13%
12/07/2023,0.0858081843846266,0.0859106529209622,0.0857368222504201,0.08593649293172345,,0.13%
12/06/2023,0.08592246356887544,0.0857743277437063,0.0857529970672475,0.08594314001856372,,-0.15%
12/05/2023,0.08578978072132049,0.08561497234636394,0.08560471168333106,0.0857757992160092,,-0.19%
12/04/2023,0.08562670183069888,0.08579861349440593,0.08554173581290311,0.0858008219718745,,0.17%
12/01/2023,0.08576991362969698,0.08561204047737274,0.08554905382746467,0.0857765349710933,,-0.18%
11/30/2023,0.08561350638676757,0.08554539466367828,0.08541606163623008,0.08567879021548215,,-0.06%
11/29/2023,0.0855636936135259,0.08580965701880089,0.08545401719334826,0.08583912032069496,,0.24%
11/28/2023,0.08577285632188837,0.08580965701880089,0.08571110215906266,0.08588261564094196,,0.08%
11/27/2023,0.0858405940169106,0.08569934954193698,0.08568613169958442,0.0858487002506782,,-0.05%
11/24/2023,0.08579934964092972,0.08571624494274155,0.08571183680466272,0.08584501540918027,,0.01%
11/23/2023,0.08581112970352255,0.08584575235217362,0.08560837592350035,0.08586712920426932,,0.15%
11/22/2023,0.08594018563080097,0.08567071603584463,0.0856406347683849,0.08591212907438273,,-0.27%
11/21/2023,0.08570449091532396,0.08604371020478403,0.08554612647139337,0.08604371020478403,,0.42%
11/20/2023,0.08606296366421673,0.08661383222900697,0.08592615506233943,0.08663409224798142,,0.68%
11/17/2023,0.08664535191009679,0.08709208245878367,0.08654112434228746,0.08709359949137338,,0.53%
11/16/2023,0.08710801393728222,0.08711560240439063,0.0869814816425583,0.08730345808997494,,0.01%
11/15/2023,0.08711560240439063,0.08741564390363299,0.08701402666109777,0.0874821755067405,,0.36%
11/14/2023,0.08743169398907104,0.0876024949190553,0.08738890685216419,0.08774546794658056,,0.24%
11/13/2023,0.08764395519641009,0.08755647392568205,0.08747146243538045,0.0876324345166633,,-0.16%
11/10/2023,0.08750054687841799,0.08743780985773868,0.0873400585178392,0.08759405411560664,,-0.08%
11/09/2023,0.08742710764899765,0.087470697316399,0.0873950167361457,0.08752505404672087,,0.08%
11/08/2023,0.08749595331215931,0.0874630468627005,0.0872935507524704,0.08749289120258978,,-0.02%
11/07/2023,0.0874791143614462,0.08736065974770242,0.08736065974770242,0.08755877382693134,,-0.12%
11/06/2023,0.08737287247055535,0.08764011463326994,0.08730955603090758,0.08765855240666556,,0.52%
11/03/2023,0.08782792752439421,0.08788736355486808,0.08775008775008775,0.0879708640498267,,0.09%
11/02/2023,0.08790513278070307,0.0879105422322245,0.08786419709696693,0.08798324798958278,,0.01%
11/01/2023,0.08791517943488124,0.08785647765809773,0.08782638480252236,0.08793914611089126,,-0.03%
10/31/2023,0.08788813598052399,0.0878379565377791,0.0878202144569637,0.08793450637964845,,-0.04%
10/30/2023,0.08784953132275039,0.08786419709696693,0.0878094184382217,0.08793837278834991,,0.04%
10/27/2023,0.08788427398801259,0.08785339026233022,0.08782869890565441,0.0879654471723507,,0.01%
10/26/2023,0.08789277081960009,0.0879863445193306,0.08785030308354565,0.08802119550387733,,0.15%
10/25/2023,0.08802042073761113,0.08801809652064464,0.08791827117511561,0.08807080893038002,,0.06%
10/24/2023,0.08807391162663707,0.08811038468993956,0.08786419709696693,0.08811581943306282,,-0.01%
10/23/2023,0.08806925766422716,0.0879786036036036,0.08791981712678038,0.08805374800778396,,-0.08%
10/20/2023,0.08800028160090112,0.08795538902668566,0.08785107485790089,0.08815698996773454,,0.03%
10/19/2023,0.08802274507732799,0.0878379565377791,0.08780247954202226,0.08804289449819952,,-0.21%
10/18/2023,0.08783564194678917,0.08783641346356545,0.08766854277348203,0.08789895136551021,,0.05%
10/17/2023,0.08787964004499436,0.08785802143735723,0.08780247954202226,0.08790745103554977,,0.01%
10/16/2023,0.08789122581892649,0.08774392812017408,0.0877369995700887,0.08789045333895831,,-0.14%
10/13/2023,0.08776626089398713,0.08772083720767031,0.08767392314503897,0.08782175696206979,,-0.09%
10/12/2023,0.0876885303402315,0.08776780150434012,0.08763473841030585,0.08782947030046462,,0.12%
10/11/2023,0.08779477094344261,0.08767084856614327,0.08761477535571598,0.08784258608573436,,-0.06%
10/10/2023,0.08774161848189452,0.08757871136684095,0.0874018913769294,0.0877369995700887,,-0.16%
10/09/2023,0.0876055647054701,0.08784258608573436,0.087470697316399,0.0878472161217211,,0.28%
10/06/2023,0.08785107485790089,0.0877385391533231,0.08765010079761591,0.0878410428488607,,-0.10%
10/05/2023,0.08776472033771865,0.08774392812017408,0.08764779609616716,0.08778166943178925,,-0.06%
10/04/2023,0.08771160424524165,0.08772083720767031,0.0876047972386968,0.08778629304820346,,0.04%
10/03/2023,0.08775008775008775,0.08772314575200667,0.08768391701594093,0.08783564194678917,,0.05%
10/02/2023,0.08779168788299124,0.08779554174239032,0.08772237622372715,0.08783949966620991,,0.17%
09/29/2023,0.08794378633177673,0.08774931774905449,0.08774931774905449,0.08795693628399535,,-0.14%
09/28/2023,0.08781712960930159,0.08783332747777817,0.08772083720767031,0.08790281464812502,,0.09%
09/27/2023,0.08789895136551021,0.08777319406653207,0.08756644103713693,0.08792213615622005,,-0.05%
09/26/2023,0.08785879334733217,0.08796622097114708,0.08773238114455664,0.08798324798958278,,0.12%
09/25/2023,0.08796854244922016,0.0879708640498267,0.08787037362482865,0.08804211934989699,,0.00%
09/22/2023,0.08797163794392687,0.08817720090293454,0.08794610662585968,0.0882495697833473,,-0.02%
09/21/2023,0.08795229467536808,0.08790204196443482,0.08771929824561403,0.08803746874669859,,-0.06%
09/20/2023,0.08790126929432861,0.08764472334943074,0.0875902179244622,0.08788659114278935,,-0.35%
09/19/2023,0.08759712331047048,0.08758868354208636,0.08751816001820378,0.08768391701594093,,-0.03%
09/18/2023,0.08757027514580451,0.087655478905709,0.08751739408207382,0.08770621924800688,,-0.01%
09/15/2023,0.08755724054600696,0.08762014912949381,0.0872516599628308,0.08770698849284311,,0.15%
09/14/2023,0.0876885303402315,0.08769160615945841,0.08757641041808979,0.08777319406653207,,-0.01%
09/13/2023,0.0876831481757521,0.0879871186858244,0.08765855240666556,0.08799873281824742,,0.39%
09/12/2023,0.08802197028378284,0.08792368224381238,0.08780016682031695,0.08801654711085684,,-0.09%
09/11/2023,0.0879430129276229,0.08820208862545866,0.0877462378800509,0.08830567893821252,,0.62%
09/08/2023,0.08849009353402885,0.0882978817338172,0.08828307083833604,0.08859357696567,,-0.38%
09/07/2023,0.08815310431156834,0.08792522838578073,0.08791440653379869,0.08815776714007388,,-0.21%
09/06/2023,0.08796467338716771,0.08792754770069464,0.08778321058314387,0.08813678829543452,,0.02%
09/05/2023,0.0879786036036036,0.08788968087256875,0.08787577879908962,0.0881414493979939,,-0.04%
09/04/2023,0.08794069279677785,0.0878379565377791,0.08774931774905449,0.08798402210158635,,-0.13%
09/01/2023,0.08783024170882518,0.08759405411560664,0.08759251959882626,0.08797705558390372,,-0.06%
08/31/2023,0.08777935780621829,0.08811426658090211,0.0877385391533231,0.08827138153539242,,0.49%
08/30/2023,0.08820675663755843,0.08815077308227992,0.08805762490974094,0.0882581374002683,,-0.02%
08/29/2023,0.0881849768073511,0.08821298142234611,0.08805219734258468,0.0882526850879438,,0.09%
08/28/2023,0.08826748578893479,0.08792986713797075,0.08792986713797075,0.0883134775198043,,-0.04%
08/25/2023,0.08822932566326395,0.08811970180292909,0.08808089349258359,0.08831035792188065,,-0.08%
08/24/2023,0.08815465853293017,0.08818342151675485,0.08808166932379703,0.08831425745372333,,0.09%
08/23/2023,0.08823399655887412,0.08779477094344261,0.0876923751479809,0.08836966799515734,,-0.43%
08/22/2023,0.08785493393308969,0.08768468586961287,0.08744163271016597,0.08796622097114708,,-0.15%
08/21/2023,0.0877239152937874,0.087527352297593,0.08751586225003281,0.08802739412505173,,-0.14%
08/18/2023,0.0876024949190553,0.08775855865343268,0.08748447150630763,0.08779939594015593,,0.13%
08/17/2023,0.08771775933755548,0.08769929665164086,0.08761247251158676,0.08814067251333128,,0.00%
08/16/2023,0.08771852878483521,0.08749518776467294,0.08728212200295013,0.08780016682031695,,-0.20%
08/15/2023,0.08754114433783879,0.08727221950708651,0.0872630807358023,0.08757027514580451,,-0.27%
08/14/2023,0.08730345808997494,0.08731946700197342,0.08720068365335984,0.08759328685049578,,0.07%
08/11/2023,0.08736447585682709,0.08718547838671992,0.08718547838671992,0.08743780985773868,,0.02%
08/10/2023,0.08738585223052388,0.08703447435529214,0.08696710903936132,0.08734234706355029,,-0.39%
08/09/2023,0.0870481114912212,0.08708904855214457,0.08688248275382718,0.08711484349818364,,0.10%
08/08/2023,0.08713533860792583,0.08691419830343486,0.086884747382597,0.08717331799082938,,-0.23%
08/07/2023,0.08693913391234796,0.0869376222560313,0.08682364381468362,0.08697996851325139,,-0.22%
08/04/2023,0.08674456328449615,0.08661233186381077,0.0864446192546745,0.08680630908254412,,-0.15%
08/03/2023,0.0866160828742681,0.08684928175643987,0.0865695932960507,0.08700948403375967,,0.37%
08/02/2023,0.08693611065228163,0.08715964159955374,0.0868266592574584,0.08724480893386843,,0.27%
08/01/2023,0.0871748378548016,0.08685305331908943,0.08682062858135092,0.08719232010044556,,-0.37%
07/31/2023,0.0868553164139177,0.08685154465472168,0.0867430583867526,0.0869814816425583,,0.12%
07/28/2023,0.08695652173913043,0.08720068365335984,0.08689229699787114,0.08732709235713287,,0.45%
07/27/2023,0.08734387282732116,0.0870647849064489,0.08687795385043091,0.08746151693254968,,-0.09%
07/26/2023,0.08726764988218867,0.08739425295392575,0.08711256685889507,0.08744086811293864,,-0.06%
07/25/2023,0.08721665489241825,0.08783872809521719,0.08708222303498964,0.08785724954094587,,0.76%
07/24/2023,0.0878773232567336,0.08764549151591643,0.08757947837662679,0.0880142230984527,,-0.20%
07/21/2023,0.08769852754172258,0.08744163271016597,0.08727907484180668,0.08767084856614327,,-0.26%
07/20/2023,0.08747375787263821,0.08806537973791743,0.08738967054094206,0.08809486054583576,,0.71%
07/19/2023,0.0880925323960288,0.087470697316399,0.08745157369106857,0.08810650314099684,,-0.65%
07/18/2023,0.08751739408207382,0.0873988358475065,0.08726612678022899,0.08753194916144393,,-0.10%
07/17/2023,0.08743322287602844,0.08716040128648751,0.08716040128648751,0.0874867676263965,,-0.44%
07/14/2023,0.08704886923518863,0.0869920750219655,0.0867430583867526,0.08715888192586266,,0.15%
07/13/2023,0.08717711775013294,0.08739348918505571,0.08714293183679872,0.08748600223964165,,0.28%
07/12/2023,0.08742405035625302,0.08749748444732214,0.08721513356997707,0.08758331362708777,,0.12%
07/11/2023,0.087527352297593,0.08760786718647334,0.087340821353084,0.08763473841030585,,0.14%
07/10/2023,0.08764625969586748,0.08738890685216419,0.08738432499978153,0.08765471056414571,,-0.26%
07/07/2023,0.08742175752701332,0.08760172750606642,0.08737287247055535,0.08769545123694433,,0.22%
07/06/2023,0.08761707832090632,0.08795616264853597,0.08754880846071685,0.08807856608094419,,0.40%
07/05/2023,0.0879693163024737,0.08798402210158635,0.08794069279677785,0.0882168723590074,,0.08%
07/04/2023,0.08804211934989699,0.08832829862031197,0.08794997405475764,0.0884251481121231,,0.38%
07/03/2023,0.08837591579542743,0.08837669683257918,0.08816165320732094,0.08863048179529905,,-0.02%
06/30/2023,0.08835717504439948,0.08834858818956073,0.08824645469868249,0.08859514675786061,,-0.01%
06/29/2023,0.08834936874376033,0.08814688797412008,0.08811193740527967,0.08841029449469096,,-0.02%
06/28/2023,0.08833610119783754,0.08806150215310372,0.08802584438791229,0.08841732979664013,,-0.29%
06/27/2023,0.0880801176750372,0.08823166104925091,0.08786342509203694,0.08827216072595025,,0.26%
06/26/2023,0.08831035792188065,0.08758408071748879,0.08754957494681363,0.08829008590625359,,-0.81%
06/23/2023,0.08759482139415918,0.087631666579035,0.08745922213767832,0.0876324345166633,,0.04%
06/22/2023,0.08762629139246939,0.08759635599159074,0.08753654650816715,0.08768545473676825,,0.02%
06/21/2023,0.08764779609616716,0.08758791637105745,0.08751739408207382,0.08775239783427083,,-0.07%
06/20/2023,0.08758408071748879,0.08742557897589677,0.08726231925792124,0.08759482139415918,,-0.17%
06/19/2023,0.08743780985773868,0.08713306089729626,0.08713306089729626,0.08744086811293864,,-0.48%
06/16/2023,0.08702235604326751,0.08693384334521428,0.08674155354122393,0.08712926497752065,,-0.07%
06/15/2023,0.08696559641006019,0.08731489242805253,0.08687116138055649,0.08741793641219306,,0.55%
06/14/2023,0.08744392658207924,0.08715888192586266,0.0869882913759808,0.08742099327732561,,-0.29%
06/13/2023,0.08718927920622879,0.0868605974271891,0.08676563733698907,0.08715964159955374,,-0.50%
06/12/2023,0.08675208855653199,0.0865516107254756,0.0865516107254756,0.08671898712223042,,-0.31%
06/09/2023,0.08648499052989354,0.08619277876899473,0.08617866560954171,0.0865336356241671,,-0.29%
06/08/2023,0.08623663332183512,0.08628202141519771,0.08618089369586762,0.08651192566895347,,0.22%
06/07/2023,0.08642295393656556,0.08628648839878164,0.08606222298721976,0.08640652542079978,,-0.15%
06/06/2023,0.0862924450964318,0.08607926178425093,0.08599117730520849,0.08632745731107236,,-0.24%
06/05/2023,0.08608815426997246,0.08592246356887544,0.0859106529209622,0.08624630218979362,,-0.09%
06/02/2023,0.08600818797949565,0.08622622311897495,0.08571918395336876,0.08626787901792647,,0.28%
06/01/2023,0.0862507654755436,0.08602816562142446,0.08583764667507875,0.08637443316778233,,-0.26%
05/31/2023,0.08602298534168329,0.08566411102068788,0.0856384345294168,0.08602668547783522,,-0.43%
05/30/2023,0.08565677330934944,0.08561790441617151,0.08552052064892972,0.08583838349156209,,0.00%
05/29/2023,0.08565603960735271,0.08552125203112974,0.08551393877201983,0.08570375639564282,,-0.09%
05/26/2023,0.08558053556299154,0.08555051758063137,0.08522460945822716,0.08556881872245753,,-0.01%
05/25/2023,0.08557028315206695,0.08540074298646398,0.08535554853743267,0.0855593011516282,,-0.16%
05/24/2023,0.08542992610311391,0.08514188895794841,0.0850622230161363,0.08542189875796559,,-0.26%
05/23/2023,0.08520427725471819,0.08493723138600574,0.08493723138600574,0.08525003836251727,,-0.31%
05/22/2023,0.08494083870584138,0.08462742774933356,0.08462169869597963,0.08493362437255285,,-0.43%
05/19/2023,0.08457947087083023,0.08529293859761351,0.08452228007302724,0.08534607834769992,,0.57%
05/18/2023,0.08506511734732938,0.08487955591016348,0.08487667419239844,0.08520500323779012,,-0.15%
05/17/2023,0.08494156020657788,0.08492857506836751,0.0848536274925753,0.0849964301499337,,-0.13%
05/16/2023,0.08483419157257141,0.0845401438873249,0.08450656616019066,0.08483994943539014,,-0.34%
05/15/2023,0.08454800635801007,0.08460451618907418,0.08439032211785952,0.0847335553352483,,0.16%
05/12/2023,0.08468691248454464,0.08466181836653487,0.08449085808915476,0.08468619530330361,,-0.04%
05/11/2023,0.08465680132741864,0.08462886013388286,0.08446159953377197,0.08469480227998408,,0.02%
05/10/2023,0.08467042038863723,0.08428789372982358,0.08428789372982358,0.08464676903282602,,-0.44%
05/09/2023,0.08429855175088091,0.0845172795578056,0.08424174009738346,0.08466468551302567,,0.29%
05/08/2023,0.08453942918977411,0.08457231778894132,0.08451299387280795,0.0846582347064899,,0.06%
05/05/2023,0.08459020276271602,0.08451799388089724,0.08449442759250027,0.08467615604122036,,-0.07%
05/04/2023,0.08453442664525128,0.08453871450430724,0.0843497477942541,0.08462957634434082,,0.03%
05/03/2023,0.08456016032606398,0.08451156540772604,0.08442523301364312,0.08463459015699716,,0.01%
05/02/2023,0.08456516591685552,0.08450513791238506,0.0843348091924942,0.08458734065859703,,-0.02%
05/01/2023,0.08454443232640915,0.08450513791238506,0.08448514751106756,0.08458734065859703,,0.06%
04/28/2023,0.08459592755204765,0.08472565831836514,0.08448514751106756,0.08473929954494996,,0.21%
04/27/2023,0.08477234387053567,0.084774499830451,0.08455372543714276,0.08482843449124146,,-0.03%
04/26/2023,0.08475007203756123,0.0845401438873249,0.08437821691952006,0.08475653684790439,,-0.19%
04/25/2023,0.08458519420760591,0.08423535357789665,0.08416941620092923,0.08457017210030023,,-0.50%
04/24/2023,0.0841609156707625,0.08395600705230459,0.08395600705230459,0.08420839894571085,,-0.13%
04/21/2023,0.08405480373203328,0.08372404554588077,0.08371423309391063,0.08403785064793183,,-0.42%
04/20/2023,0.08370442294170824,0.08365820603342981,0.08361064196250899,0.0838539264601065,,0.01%
04/19/2023,0.08371142995864655,0.08375349670848758,0.08368200836820085,0.08402161035818413,,0.08%
04/18/2023,0.08377805517622715,0.08390528771123155,0.08370512359061498,0.08394684485783602,,0.19%
04/17/2023,0.08393486654356219,0.08388346908474746,0.0837009198731094,0.08403573199324353,,0.09%
04/14/2023,0.08401031646686213,0.08406610958858046,0.08374788536589452,0.08406610958858046,,0.14%
04/13/2023,0.08412480756450269,0.0838300262387982,0.0837457813062667,0.08420343550016841,,-0.23%
04/12/2023,0.08393134416047673,0.08395318770253707,0.08377875705836028,0.08398844319021703,,0.02%
04/11/2023,0.08395177809866013,0.08403573199324353,0.08379490359396342,0.084071763657458,,0.02%
04/10/2023,0.083968696469956,0.08403149500432762,0.08383846005516571,0.08410711882653749,,-0.02%
04/07/2023,0.0839545973537511,0.08406469619018797,0.08387643323855297,0.08406893652795293,,0.11%
04/06/2023,0.08404561996251565,0.0839482542960519,0.08384478653117348,0.08406045628015668,,-0.05%
04/05/2023,0.08400396498714739,0.083774545941961,0.08367850717543199,0.08406045628015668,,-0.21%
04/04/2023,0.0838300262387982,0.08367640660039496,0.0836666053111561,0.08382510729613733,,-0.16%
04/03/2023,0.08369531557318736,0.08369951872776732,0.08354986673796255,0.08380894911958699,,-0.09%
03/31/2023,0.08362252790901868,0.08371423309391063,0.08338058232998699,0.08372614851344223,,0.13%
03/30/2023,0.08373315916836226,0.0837457813062667,0.08362252790901868,0.08396658130064234,,0.10%
03/29/2023,0.08381808123648433,0.0836743061308164,0.08357919546666444,0.08379981899239099,,-0.17%
03/28/2023,0.08367220576668842,0.08362043014349266,0.08359666282122018,0.08378367056260735,,0.15%
03/27/2023,0.08380052123924212,0.08349405939767385,0.08345225279356416,0.08375981036778933,,-0.45%
03/24/2023,0.08342231713828084,0.08290155440414508,0.08284111901783568,0.08351288603831572,,-0.57%
03/23/2023,0.08294418685666415,0.08337710631414826,0.08290155440414508,0.08341118377152008,,0.55%
03/22/2023,0.08340214009891493,0.08327018677502894,0.08319052293562718,0.08350800424220661,,-0.14%
03/21/2023,0.08328821888143921,0.08335973058135077,0.08307717869901138,0.08341187951988123,,0.12%
03/20/2023,0.08338405863567004,0.08334166750008334,0.0832493901982168,0.08369741709770837,,0.11%
03/17/2023,0.08347454443767374,0.08349893956346754,0.083162849491875,0.08353381448810479,,0.05%
03/16/2023,0.08351497841137807,0.08315800853201168,0.08311308366163,0.08360435077041409,,-0.20%
03/15/2023,0.08334930861748502,0.08372194268395804,0.08324523212932979,0.08372404554588077,,0.29%
03/14/2023,0.08359177122604051,0.08339796675757045,0.08325632123618985,0.08361204013377926,,-0.39%
03/13/2023,0.0832674132978059,0.08440741772386957,0.08320367427425594,0.08440741772386957,,1.25%
03/10/2023,0.08430921246764633,0.08489829184636805,0.0842410304362843,0.08495599279573181,,0.74%
03/09/2023,0.08493650995880579,0.084809010109234,0.08478671900833454,0.08521952549768202,,-0.10%
03/08/2023,0.08485074753508579,0.08487307232034492,0.0847486355469677,0.08500293260117474,,0.10%
03/07/2023,0.08493867427717189,0.08466540232999188,0.08464032095609707,0.0850520944078248,,-0.26%
03/06/2023,0.08471489203087011,0.0845501509220194,0.08433978813845219,0.08480541397762832,,-0.14%
03/03/2023,0.08459879023729962,0.08397645300257808,0.08362043014349266,0.08456159043439289,,-0.69%
03/02/2023,0.08401243384020834,0.08333680570023752,0.08328544420291666,0.08396940155007515,,-0.76%
03/01/2023,0.0833736305881176,0.08383916294979711,0.08319121500769519,0.08399832003359933,,0.64%
02/28/2023,0.0839095119822783,0.08398844319021703,0.08379911675730939,0.08407105685725574,,0.18%
02/27/2023,0.08406116290212759,0.08395318770253707,0.08385041086701325,0.08412763845306098,,-0.15%
02/24/2023,0.08393486654356219,0.08370232106536314,0.08364141253617491,0.08400608204033971,,-0.34%
02/23/2023,0.08365050817683718,0.08324107447578934,0.08309927038840599,0.08361763328650747,,-0.51%
02/22/2023,0.08322721862958062,0.08296414289743972,0.08293868343133921,0.08329862557267805,,-0.26%
02/21/2023,0.08301166313867098,0.08290086714307032,0.08284386416920031,0.08312828356720091,,-0.12%
02/20/2023,0.08291117725580585,0.08302200083022,0.08283562926085768,0.08308615203104099,,0.12%
02/17/2023,0.08300890685570561,0.08295381960862389,0.08295381960862389,0.08315040244794784,,-0.05%
02/16/2023,0.08296689620841284,0.08275816409288776,0.08272803984182399,0.08304820117596252,,-0.15%
02/15/2023,0.08283837404839418,0.08240762105679533,0.08236146801080582,0.08279996356801604,,-0.58%
02/14/2023,0.08235671989655996,0.08260639703938673,0.08219155563957359,0.08260639703938673,,0.33%
02/13/2023,0.08263028730550896,0.0824579052393753,0.08241237504223634,0.08271709100534352,,-0.09%
02/10/2023,0.08256002113536541,0.08215441744302591,0.08215441744302591,0.0825941159951765,,-0.43%
02/09/2023,0.08220709611653677,0.08213687288497552,0.08205330182486542,0.08229165809461896,,-0.05%
02/08/2023,0.0821658929378415,0.08174542838691747,0.08171203046224496,0.08226728641355766,,-0.20%
02/07/2023,0.08199880281747887,0.08211461558042715,0.08188197532077264,0.08215239268843705,,0.21%
02/06/2023,0.08217331996647328,0.0827335153470671,0.08189605752379081,0.0827335153470671,,0.32%
02/03/2023,0.0824334350012365,0.08205734167035925,0.08194303320331706,0.08254570968673904,,-0.40%
02/02/2023,0.08210382850152302,0.08203310856261586,0.08173273395995097,0.0822064203214271,,0.49%
02/01/2023,0.08250552787036732,0.08261117398739352,0.08219831164667878,0.08263506701703935,,0.17%
01/31/2023,0.08264462809917356,0.0829166770312513,0.08231333393696445,0.0829166770312513,,0.21%
01/30/2023,0.08281436332317477,0.08284043275842072,0.08261185645363824,0.08292699107705576,,0.54%
01/27/2023,0.08325978718798395,0.08323553158372246,0.08306199747491529,0.08327365388138501,,0.11%
01/26/2023,0.08335347709029682,0.08321336739533838,0.08316492436150129,0.08339309838717747,,-0.09%
01/25/2023,0.08327920185212945,0.0831414152331701,0.08296001327360213,0.08326880001332301,,-0.13%
01/24/2023,0.0831739166597355,0.08325770758227943,0.08297033810412777,0.08333680570023752,,0.14%
01/23/2023,0.08329238124588743,0.0838286207677025,0.083236224404861,0.08388909861163542,,0.61%
01/20/2023,0.08380262805041566,0.08330001332800213,0.08326325342836446,0.0837878825964189,,-0.41%
01/19/2023,0.08345643156989893,0.0830923654734603,0.0830923654734603,0.08345712807330874,,-0.66%
01/18/2023,0.08290636555074699,0.0830702774547267,0.08285896575438946,0.08328613785521538,,0.12%
01/17/2023,0.08300270588821196,0.08246470510621454,0.08246470510621454,0.08307096752755878,,-0.60%
01/16/2023,0.08250825082508251,0.08240286761979317,0.08227879346377265,0.08253957772752035,,-0.02%
01/13/2023,0.08249259628948302,0.0830764885229831,0.08238182327451271,0.0830764885229831,,0.76%
01/12/2023,0.08311930113291607,0.08291392705232697,0.0825941159951765,0.08308131999601209,,-0.22%
01/11/2023,0.08294005921920228,0.08304475281729323,0.0827266710787558,0.08315040244794784,,0.18%
01/10/2023,0.08308615203104099,0.08224157640653657,0.08217602103706138,0.08306337735692333,,-0.76%
01/09/2023,0.08245110649384915,0.08283219853221345,0.0820890008947701,0.08283219853221345,,0.84%
01/06/2023,0.0831407239894245,0.08327642777435419,0.08274446853227861,0.08328821888143921,,0.28%
01/05/2023,0.0833736305881176,0.08328613785521538,0.08303716743614442,0.08338058232998699,,0.00%
01/04/2023,0.08337293547768523,0.08353521009105337,0.08304406317992327,0.08353730358291495,,0.22%
01/03/2023,0.083558942478024,0.08353311670411735,0.08305785810395522,0.08365050817683718,,-0.20%
01/02/2023,0.08338892595063375,0.08344737808338062,0.08331666999933347,0.0835582442741713,,0.03%
12/30/2022,0.08341675008341676,0.08411631604182264,0.0833625102119075,0.08415100055539661,,0.89%
12/29/2022,0.0841609156707625,0.08434263351438885,0.08400114241553686,0.0843540169382866,,0.24%
12/28/2022,0.08436469168923422,0.08405833648552095,0.08400043680227137,0.08433694295449178,,-0.40%
12/27/2022,0.08403008276963153,0.08422967748456492,0.08395389252222679,0.08426729586247576,,0.26%
12/26/2022,0.08425167660836451,0.08443592579770841,0.08414321174639236,0.08443663874628479,,0.25%
12/23/2022,0.08446231291597689,0.0842715566641947,0.08426374552348852,0.08448157879174446,,-0.30%
12/22/2022,0.08420910805712746,0.08410924108231771,0.08410924108231771,0.08448800270361609,,0.04%
12/21/2022,0.08424244977043932,0.08431774298265585,0.08415595782103394,0.08438035287863574,,0.08%
12/20/2022,0.08430636934620411,0.08451870821606362,0.08410075270173668,0.08456588104963171,,0.21%
12/19/2022,0.08448015138843129,0.08424528858223604,0.08424528858223604,0.084537999830924,,-0.16%
12/16/2022,0.08434476767233745,0.08415879080649369,0.0840279645065878,0.08438035287863574,,-0.16%
12/15/2022,0.08420768984623675,0.08421549059734047,0.08397645300257808,0.08448871653190716,,0.10%
12/14/2022,0.08429357767231714,0.08437252155717925,0.08409933813820884,0.08450513791238506,,0.03%
12/13/2022,0.08432200888753974,0.08453657052040713,0.08412551526878102,0.08474648090238053,,0.14%
12/12/2022,0.08444234276835777,0.0844124052470751,0.08435259384226064,0.08475653684790439,,0.03%
12/09/2022,0.08446659346228566,0.08448443374308284,0.08433196434444547,0.08472637616816492,,0.29%
12/08/2022,0.08470986869970351,0.08480685239367342,0.08450942280064228,0.08487379267029926,,0.14%
12/07/2022,0.08482915408367549,0.08475653684790439,0.08437821691952006,0.08489901262448317,,0.03%
12/06/2022,0.08485074753508579,0.08499570771676031,0.08459879023729962,0.08523768528541839,,0.21%
12/05/2022,0.085028952358278,0.08564356859621627,0.08490694199157724,0.08587819037477243,,1.41%
12/02/2022,0.0862299407600307,0.08679199430644517,0.08609927246114771,0.08707539858763703,,0.74%
12/01/2022,0.086865124521156,0.08657558914688415,0.0865598518095337,0.08730422028600862,,0.42%
11/30/2022,0.08723034918308778,0.08768161053582232,0.08691344290221369,0.08771852878483521,,0.60%
11/29/2022,0.08775008775008775,0.08829944106453806,0.08758638206931586,0.08829944106453806,,0.63%
11/28/2022,0.08830255989121125,0.0884580001415328,0.08800028160090112,0.08860142648296637,,-0.64%
11/25/2022,0.08773315084837957,0.08775162779269556,0.08763627440670242,0.08794842704238234,,-0.09%
11/24/2022,0.0876577840112202,0.08771622048349181,0.087292026746277,0.08773007211411928,,0.14%
11/23/2022,0.0877778167901408,0.08737134569346637,0.08732785496589847,0.08772160670894849,,-0.44%
11/22/2022,0.08739043424306775,0.08767238582863555,0.08731336767659129,0.08769391316548719,,0.38%
11/21/2022,0.08771929824561403,0.08720904881090462,0.08720904881090462,0.0878603372079742,,-0.55%
11/18/2022,0.08723643691497064,0.08781481611577505,0.08707388218903739,0.08781481611577505,,0.66%
11/17/2022,0.08781481611577505,0.08711104916547616,0.08711104916547616,0.08781481611577505,,-0.87%
11/16/2022,0.08705114254624591,0.0868681428459741,0.08679124102795545,0.08727526618956187,,-0.16%
11/15/2022,0.08690966609306287,0.0874080030767617,0.08654711625008656,0.0874080030767617,,0.57%
11/14/2022,0.0874080030767617,0.08801267382503081,0.08664610265830243,0.08802894391675983,,1.08%
11/11/2022,0.08834858818956073,0.08916629514043692,0.08782407082133072,0.08918776700587747,,0.93%
11/10/2022,0.0891726560967345,0.08896718000729531,0.08848852746241449,0.089438238424456,,-0.13%
11/09/2022,0.08905988386591143,0.0889149706136022,0.08879496354966745,0.08925622785329847,,0.04%
11/08/2022,0.08909955984817435,0.08841342115733168,0.08828307083833604,0.08927057017113169,,-0.77%
11/07/2022,0.08841342115733168,0.08806150215310372,0.08768391701594093,0.08841811156597316,,-0.81%
11/04/2022,0.08769391316548719,0.08833141948591114,0.08744622057434677,0.08846269528139984,,0.66%
11/03/2022,0.08827371914833515,0.0881670942770739,0.08812436109838204,0.08841420285754704,,-0.14%
11/02/2022,0.08814921899791968,0.088129797565855,0.08780402142418123,0.08820364457459381,,-0.05%
11/01/2022,0.08810650314099684,0.08823010411152285,0.08783024170882518,0.08853474988933156,,0.16%
10/31/2022,0.08824801221352489,0.08829554284099739,0.08808166932379703,0.08861948565250527,,-0.06%
10/28/2022,0.08819508753362437,0.08790436005625879,0.08765624726074227,0.08819508753362437,,-0.42%
10/27/2022,0.08782561346191002,0.0876047972386968,0.08730879374170566,0.08810417437578193,,-0.25%
10/26/2022,0.0876047972386968,0.0881849768073511,0.0869512290556227,0.0885065406333528,,0.57%
10/25/2022,0.08810495061717519,0.08817098116667843,0.08796467338716771,0.0885896527285613,,-0.37%
10/24/2022,0.0877778167901408,0.08778860503906592,0.08765086905836672,0.08795074758135445,,0.05%
10/21/2022,0.08781867200604192,0.08718243796969538,0.08718243796969538,0.08782329952136302,,-0.72%
10/20/2022,0.08718395815170009,0.08708904855214457,0.0868387231234152,0.08757487651942411,,-0.11%
10/19/2022,0.08708904855214457,0.08751892596774052,0.08699661583164416,0.08775932881665321,,0.52%
10/18/2022,0.0875442098259621,0.08764088271897075,0.08738432499978153,0.08773007211411928,,0.07%
10/17/2022,0.08760172750606642,0.08728745504696064,0.08713002413501668,0.08769775844529415,,-0.29%
10/14/2022,0.08735150244584207,0.0872691730373163,0.08698602134636964,0.08763013074415507,,-0.09%
10/13/2022,0.0872691730373163,0.087340821353084,0.08704735376044569,0.08751509635412108,,0.11%
10/12/2022,0.08736218615134625,0.0873614229428569,0.08700872697531563,0.08736981896973509,,-0.26%
10/11/2022,0.08713078330574192,0.0868455105213336,0.08679651425198764,0.08737821661059898,,-0.29%
10/10/2022,0.08687418012492508,0.08585828231920392,0.08583543630152272,0.08692024198595369,,-1.06%
10/07/2022,0.08595126563238645,0.08653213803606659,0.08595126563238645,0.08671673112610347,,0.93%
10/06/2022,0.0867475732366387,0.08732785496589847,0.08649695963186894,0.08738661586591397,,0.53%
10/05/2022,0.08720372534314666,0.08739272542953525,0.0871178792023487,0.08755494072530513,,0.22%
10/04/2022,0.08739578053171593,0.08735455466648032,0.08715128591722371,0.08759635599159074,,-0.05%
10/03/2022,0.08734997641550638,0.0873392956959195,0.08689305203155956,0.08736523911865947,,-0.02%
09/30/2022,0.08733395631555504,0.08751892596774052,0.08686889745995344,0.08759558868615376,,0.23%
09/29/2022,0.08753118298393803,0.08795384182381086,0.08717711775013294,0.08842827582547795,,1.07%
09/28/2022,0.08847052162219549,0.08812203138906759,0.08806072667711654,0.08859043754817104,,-0.67%
09/27/2022,0.0878750065906255,0.08744392658207924,0.08744392658207924,0.0881414493979939,,-0.49%
09/26/2022,0.08744545589688431,0.08785879334733217,0.08742710764899765,0.0881453340267433,,0.35%
09/23/2022,0.08775470804008635,0.08745539774714896,0.08735150244584207,0.088017321808932,,-0.47%
09/22/2022,0.08734463572919669,0.08867921181916535,0.08720904881090462,0.08872327211427557,,1.01%
09/21/2022,0.08822854722874134,0.08801112460615022,0.08792445530799936,0.08832673827020916,,-0.25%
09/20/2022,0.08801112460615022,0.08797241185164333,0.08789277081960009,0.08812125484666901,,-0.08%
09/19/2022,0.08794146616012383,0.08779939594015593,0.08779862507353135,0.08813523470413002,,-0.40%
09/16/2022,0.08759405411560664,0.08774931774905449,0.08756950829721091,0.08811659587966798,,0.03%
09/15/2022,0.08762014912949381,0.08768622361740748,0.08752198989996236,0.08780093771401479,,0.05%
09/14/2022,0.08766085767383147,0.08752352194652313,0.08744163271016597,0.08771160424524165,,-0.71%
09/13/2022,0.0870412923891094,0.08721513356997707,0.08696862172128296,0.08762398794293925,,0.32%
09/12/2022,0.08732175446869078,0.08695879022931033,0.08688248275382718,0.08735837024224476,,-0.36%
09/09/2022,0.08700948403375967,0.08717255807871681,0.08690362388111585,0.08723187103640187,,0.39%
09/08/2022,0.08734997641550638,0.08744851468697805,0.08716040128648751,0.0874944222305828,,0.17%
09/07/2022,0.08749595331215931,0.08718699867475763,0.0871505263891794,0.08752045790703576,,-0.47%
09/06/2022,0.08708904855214457,0.08688927699432612,0.08683495280520315,0.0872783130847647,,-0.19%
09/05/2022,0.08692704213353733,0.0868387231234152,0.08670169415110372,0.08698223822695406,,-0.41%
09/02/2022,0.0865748396201096,0.08665135826004072,0.08644088308006155,0.08670770831526924,,0.14%
09/01/2022,0.08669718407546123,0.08663409224798142,0.08657708823936834,0.08707539858763703,,0.00%
08/31/2022,0.08669943905462932,0.08671673112610347,0.08657558914688415,0.08681309141418526,,0.10%
08/30/2022,0.08678596844462187,0.08638562543192813,0.08638189435494321,0.08702387064771867,,-0.43%
08/29/2022,0.0864169792080748,0.08590917681826772,0.08590917681826772,0.08659583127668234,,-0.55%
08/26/2022,0.08594166279929184,0.08574123295892995,0.0857184491818174,0.08608370779746226,,-0.18%
08/25/2022,0.08578315733488888,0.08594757198109154,0.08564943685495269,0.08600374976348969,,0.25%
08/24/2022,0.08599931200550395,0.08557247989046722,0.08557247989046722,0.08611855079702718,,-0.44%
08/23/2022,0.08562156978586045,0.08573167699733374,0.08557614137178556,0.08595865388748013,,0.19%
08/22/2022,0.08578094976667582,0.08537741084463872,0.08535627710061798,0.08577285632188837,,-0.56%
08/19/2022,0.08529803132143711,0.085081039690305,0.085081039690305,0.08545036615481898,,-0.23%
08/18/2022,0.08509986469121514,0.08544525522497735,0.08507597284374946,0.08545401719334826,,0.43%
08/17/2022,0.08546205057644153,0.08565017044383919,0.08525657967653653,0.08575888033205838,,0.24%
08/16/2022,0.08566778034781118,0.08514768866599115,0.08511507558218712,0.08566924816667809,,-0.54%
08/15/2022,0.08520718126123669,0.08467615604122036,0.08467615604122036,0.08522460945822716,,-0.63%
08/12/2022,0.08466755285371987,0.08472206925181941,0.08444947387977773,0.0847457627118644,,0.11%
08/11/2022,0.08475725522104692,0.08503979862575685,0.0845744635864647,0.08518976019082507,,0.31%
08/10/2022,0.08502316881350168,0.08486154838381181,0.08486010811177773,0.08519266320784455,,-0.18%
08/09/2022,0.08487379267029926,0.08481548391474347,0.08479103250040276,0.08496032352891199,,-0.06%
08/08/2022,0.08482483671218934,0.08518177791406863,0.08475294516484448,0.08523913840278903,,0.47%
08/05/2022,0.08522025174062364,0.08526094111026798,0.08500726812142438,0.08549346829902196,,0.06%
08/04/2022,0.08527184664711099,0.08543211564091173,0.0845944962820719,0.08548396748189876,,0.18%
08/03/2022,0.08542846647359834,0.08588114050154586,0.08524495136775524,0.0859904378633096,,0.62%
08/02/2022,0.08595717613484963,0.08572359284722342,0.08567071603584463,0.0862693674729977,,-0.25%
08/01/2022,0.08574343848337007,0.08503184442573743,0.08500437772545287,0.08579346082241611,,-0.84%
07/29/2022,0.08501955449753443,0.08468691248454464,0.08466468551302567,0.08510131311326134,,-0.32%
07/28/2022,0.08474648090238053,0.08442309478180851,0.08435045928825083,0.08477737461426295,,-0.10%
07/27/2022,0.08466396870819716,0.08472781190425757,0.08444020366977124,0.0848219587086705,,0.08%
07/26/2022,0.08472781190425757,0.08466683600033867,0.08460451618907418,0.08480613317955155,,0.00%
07/25/2022,0.08472709403012896,0.08459879023729962,0.08453228287883142,0.08470341100636124,,-0.16%
07/22/2022,0.08459091831900926,0.08466683600033867,0.08446088616361763,0.08476300264460569,,0.20%
07/21/2022,0.084758692003865,0.0844202439745051,0.0844081301911,0.08484210883545722,,-0.31%
07/20/2022,0.0844922858543015,0.08440528039434148,0.0843340979624882,0.08451227963423086,,-0.01%
07/19/2022,0.08448371998715846,0.08430281571404485,0.08426374552348852,0.08448371998715846,,-0.20%
07/18/2022,0.08431703204047218,0.08457875550819145,0.08417366710998131,0.08466540232999188,,0.49%
07/15/2022,0.08473427331887201,0.08448586129111293,0.0843355204344966,0.0847658766486963,,-0.17%
07/14/2022,0.08459163388740853,0.08442380751371886,0.08422542091654103,0.08455158069180103,,-0.26%
07/13/2022,0.08436753874579217,0.08459950593888532,0.08426090546769015,0.08463602278401733,,0.35%
07/12/2022,0.08465966813410092,0.0845758941786412,0.08440884267035816,0.08473427331887201,,-0.06%
07/11/2022,0.08461167471887772,0.0844758694678865,0.08435472850430631,0.08465895141422779,,-0.15%
07/08/2022,0.08448157879174446,0.0846424702058505,0.08429286713758281,0.0847335553352483,,0.25%
07/07/2022,0.08469336766237837,0.08491054673901045,0.08453942918977411,0.08496609852668786,,0.25%
07/06/2022,0.08490261669864665,0.08469695429752346,0.08444876071443652,0.08497115229379625,,-0.15%
07/05/2022,0.08477881207928514,0.08483131293423028,0.08445303988717075,0.08483419157257141,,0.16%
07/04/2022,0.08491559389966373,0.08485290748487496,0.0846123906384851,0.08494588946840863,,0.01%
07/01/2022,0.08492496879007397,0.08483347189467076,0.08466110161025416,0.08500943604740126,,-0.06%
06/30/2022,0.08487019104280004,0.08490117503226245,0.08461955050094773,0.08498415045593997,,0.03%
06/29/2022,0.08489973341483707,0.08489180539402531,0.08466970348669839,0.08509624385179639,,0.07%
06/28/2022,0.08495743632440148,0.08537157980108422,0.08473499131466339,0.08544379507160191,,0.47%
06/27/2022,0.08535700567624087,0.08545912917147375,0.08516001566944288,0.08556296150522362,,0.21%
06/24/2022,0.0855402723602272,0.08570008398608231,0.08539928435399712,0.08573976267233692,,0.22%
06/23/2022,0.08573094201159082,0.08568539749455897,0.0855563730942318,0.08588999209812073,,0.08%
06/22/2022,0.085802294353351,0.0856142393602904,0.08557687370564979,0.08605259534627566,,-0.17%
06/21/2022,0.08565457224106623,0.08585754516106876,0.08559079043094962,0.08587229072922749,,0.34%
06/20/2022,0.08594461728861921,0.08606888953918716,0.08559884955146203,0.08609111884018045,,0.29%
06/17/2022,0.08619129295558563,0.08589589417625838,0.08574932043663555,0.08617272460920669,,-0.22%
06/16/2022,0.08600374976348969,0.0856303679536911,0.08560251328979018,0.08609778986973406,,-0.08%
06/15/2022,0.08593132368611006,0.08622919720617402,0.08576476440419217,0.08626118160566563,,0.60%
06/14/2022,0.08644910309055542,0.08655835331388656,0.08603556710344056,0.08657334060549395,,0.08%
06/13/2022,0.08652165637058956,0.08624183936595,0.0859697386519945,0.0865650969529086,,-0.73%
06/10/2022,0.08589294303580018,0.08598526212607159,0.08578021393585356,0.08614822663875464,,0.16%
06/09/2022,0.08602816562142446,0.08614674236093763,0.0856956775100264,0.0862358896525556,,0.03%
06/08/2022,0.086054816918377,0.08585017427585379,0.0857677067430571,0.08615713337985818,,-0.13%
06/07/2022,0.08594018563080097,0.08553149269561053,0.08553149269561053,0.08592910848549946,,-0.47%
06/06/2022,0.08553661394760027,0.08572947207791094,0.0854627809588924,0.0857780065191285,,0.36%
06/03/2022,0.08584648930781975,0.0860222453526482,0.08575961579692122,0.08606740799394086,,0.27%
06/02/2022,0.08608000275456008,0.08621358553680888,0.08591877239258006,0.08643341169962661,,0.17%
06/01/2022,0.08622845366514043,0.08592394012819853,0.08591803419537762,0.08639905997822744,,-0.24%
05/31/2022,0.08602002546192754,0.08588482844505518,0.08561277342579512,0.08603852805286206,,-0.12%
05/30/2022,0.08591434339963057,0.08634460130380348,0.08571110215906266,0.08634683797879321,,0.49%
05/27/2022,0.086333419666753,0.08679802100512107,0.08625597322614591,0.08696862172128296,,0.58%
05/26/2022,0.08683796903358024,0.08635653157626577,0.08634385577122332,0.08694744896184746,,-0.54%
05/25/2022,0.08636473555117975,0.08587819037477243,0.08581923037314201,0.0864169792080748,,-0.53%
05/24/2022,0.08590917681826772,0.08576844235931831,0.08571697967650412,0.08608889539338321,,-0.10%
05/23/2022,0.08581996687349279,0.08574784987266444,0.08565897449075739,0.08615193755707566,,0.19%
05/20/2022,0.08598304414369486,0.08683344476958746,0.08586934121041423,0.08692477529945584,,0.92%
05/19/2022,0.08677617820355957,0.0868017881168352,0.0866190839165685,0.0871505263891794,,0.06%
05/18/2022,0.08682515150988938,0.08701402666109777,0.08679199430644517,0.08721741557354172,,0.25%
05/17/2022,0.08704205001436194,0.08722045843072952,0.08677015453764524,0.0873141300456653,,0.26%
05/16/2022,0.08726612678022899,0.08760096010652277,0.08709284096847239,0.08773007211411928,,0.44%
05/13/2022,0.08764702788928427,0.08764165081813481,0.08756260726419389,0.08799486110011176,,0.04%
05/12/2022,0.08767776667192734,0.08695500947809603,0.08689682739683174,0.08778706369829342,,-0.94%
05/11/2022,0.08685682520932496,0.08719688183950543,0.08680781617576847,0.08722274071295869,,0.44%
05/10/2022,0.0872379589807117,0.08698299482451181,0.08660183076270232,0.08721969769652779,,-0.23%
05/09/2022,0.08703295938171786,0.08711332572543622,0.08658908284843447,0.0871748378548016,,-0.44%
05/06/2022,0.08664685341951807,0.08698299482451181,0.08656135035706557,0.08747146243538045,,0.46%
05/05/2022,0.08704205001436194,0.08639980646443353,0.08639980646443353,0.08704280765280364,,-0.43%
05/04/2022,0.0866671288913541,0.08643864153030971,0.0862857438693979,0.08673703931789993,,-0.27%
05/03/2022,0.08643714722839287,0.08639682059700203,0.08616826939647744,0.08644387199391436,,-0.01%
05/02/2022,0.08642594161063384,0.08638040201439097,0.08634832915983076,0.08657409010631298,,-0.07%
04/29/2022,0.08636921110362578,0.08627755489409429,0.08602668547783522,0.08687418012492508,,0.10%
04/28/2022,0.08645433482034788,0.08561277342579512,0.08558859275235797,0.08652315359590226,,-0.92%
04/27/2022,0.08565530591792508,0.08540730744922535,0.08528420962858727,0.08573608717645344,,-0.13%
04/26/2022,0.08554685829162924,0.08548542900862548,0.08520137344613996,0.08561717137989196,,-0.05%
04/25/2022,0.08550808906522557,0.08518830875650626,0.0851658178473488,0.08576623554838932,,-0.56%
04/22/2022,0.0850325674733423,0.08459664320519762,0.08456516591685552,0.08513246611727848,,-0.49%
04/21/2022,0.08461740241498067,0.08411702360323682,0.0840223163272165,0.0847637211273575,,-0.49%
04/20/2022,0.0842013084883339,0.08384408354224485,0.08363791473950971,0.08422045546422315,,-0.65%
04/19/2022,0.08365820603342981,0.08345503859795535,0.08334444592612349,0.0837163355685595,,-0.14%
04/18/2022,0.08354149088144627,0.08353451228375003,0.0833708502159305,0.08357081372901329,,-0.04%
04/15/2022,0.08350521490067055,0.08358757888577757,0.08342440497543151,0.08358757888577757,,0.17%
04/14/2022,0.08364630994303686,0.08363022061652199,0.08356313194618534,0.08376402000284798,,0.06%
04/13/2022,0.08369251370464913,0.08359875939441058,0.08346339712718988,0.08373386029842747,,0.03%
04/12/2022,0.08371563473194255,0.08403643819960335,0.08357570287166116,0.08406257618170968,,0.43%
04/11/2022,0.08407883231317684,0.08380052123924212,0.08371493390705968,0.08409014463504878,,-0.25%
04/08/2022,0.08387080541134437,0.0838138661660185,0.08366450533361221,0.084011728037234,,-0.01%
04/07/2022,0.08386236508642016,0.08374437865858254,0.08362322718758362,0.08396235128168529,,-0.10%
04/06/2022,0.083774545941961,0.08435970980259828,0.08356662349057786,0.08453657052040713,,0.69%
04/05/2022,0.08435117079425063,0.08434619050430588,0.08421265379335899,0.08454157331867947,,0.02%
04/04/2022,0.0843668269636379,0.08381316369549001,0.08378577652657684,0.08443663874628479,,-0.72%
04/01/2022,0.08376261674414709,0.0835400950686282,0.08353032568473984,0.0838349457587901,,-0.27%
03/31/2022,0.08353869930245186,0.08371142995864655,0.08345643156989893,0.08393768466290626,,0.25%
03/30/2022,0.08374928813105088,0.08409721638213775,0.08356313194618534,0.08414179575420498,,0.53%
03/29/2022,0.08419067504083247,0.08370792630354168,0.08363581620193032,0.08426374552348852,,-0.51%
03/28/2022,0.08376542330856669,0.08362742310458444,0.0834292770018855,0.08382651264942076,,-0.36%
03/25/2022,0.08346339712718988,0.08342092530490348,0.08333125005208204,0.08358757888577757,,0.00%
03/24/2022,0.08346688034188034,0.08330695279828054,0.08324731111185109,0.08360435077041409,,-0.22%
03/23/2022,0.0832826697092602,0.08357570287166116,0.08326117364950376,0.08383775717232013,,0.42%
03/22/2022,0.08363092002375118,0.08331389342486753,0.08317322487544809,0.08377805517622715,,-0.35%
03/21/2022,0.0833354167187513,0.08357989402069438,0.08327989540045137,0.08377594960038871,,0.38%
03/18/2022,0.08364910871874659,0.08361833248321363,0.08340144451301897,0.08375349670848758,,-0.03%
03/17/2022,0.08362462577979964,0.08326810664979101,0.08321336739533838,0.0838539264601065,,-0.28%
03/16/2022,0.08339031671642289,0.08353032568473984,0.08311101137789746,0.08353032568473984,,-0.01%
03/15/2022,0.08338544923910778,0.08324453915823121,0.08309996094301836,0.0835826883535882,,-0.04%
03/14/2022,0.08335347709029682,0.08296414289743972,0.08278008642241023,0.0832729604370165,,-0.54%
03/11/2022,0.08290361625574107,0.08287888080359364,0.08240150959565579,0.0830557885731846,,-0.03%
03/10/2022,0.0828761333311233,0.08284935501777119,0.082634384167252,0.08312137383006667,,-0.16%
03/09/2022,0.08274652257738868,0.08215171779241905,0.08200485468739749,0.08281230590865803,,-0.67%
03/08/2022,0.08219020457141918,0.08205532169788872,0.08186253642882871,0.08232824270365949,,-0.05%
03/07/2022,0.08214901831923109,0.08277117907544593,0.08186253642882871,0.08277460475126232,,0.70%
03/04/2022,0.08272598671420653,0.08319190709127816,0.08261458643138032,0.08325285557294615,,0.61%
03/03/2022,0.08323068215867098,0.0835540552960738,0.08311446524153064,0.0835868802032833,,0.45%
03/02/2022,0.0836015549889228,0.08331181111546183,0.08311239288890367,0.08356941693617803,,-0.32%
03/01/2022,0.08333472224537075,0.08380052123924212,0.0832570144034635,0.08388980235562564,,0.30%
02/28/2022,0.08358548287333455,0.08417437563656871,0.0832674132978059,0.08418358756776778,,0.70%
02/25/2022,0.08417366710998131,0.0839095119822783,0.08368410922449936,0.08414887619175847,,-0.53%
02/24/2022,0.08373035476551315,0.08454729152751592,0.08344598541364175,0.0846424702058505,,1.09%
02/23/2022,0.08463888818356483,0.08477809334068076,0.08459163388740853,0.08484354849657232,,0.18%
02/22/2022,0.08479103250040276,0.08504558443325623,0.08449514152936205,0.08512376996152406,,0.31%
02/21/2022,0.0850528177998537,0.08472135147499874,0.08464533604198408,0.08520645524104906,,-0.39%
02/18/2022,0.08472063371034015,0.0844280841579143,0.0843355204344966,0.08495382759470227,,-0.37%
02/17/2022,0.08440314317305177,0.0845037097128564,0.08420910805712746,0.08453228287883142,,0.14%
02/16/2022,0.08452442333212182,0.08432556413802408,0.08417720986220191,0.08455801525426596,,-0.19%
02/15/2022,0.08436397995511837,0.08406257618170968,0.08388276544701126,0.08442380751371886,,-0.38%
02/14/2022,0.08404279459100573,0.0843355204344966,0.08397081174583715,0.08439673215853082,,0.40%
02/11/2022,0.0843760810685387,0.08465321809208576,0.08403008276963153,0.08472135147499874,,0.33%
02/10/2022,0.08465751801088696,0.0850528177998537,0.08445161344807492,0.08506005239699228,,0.52%
02/09/2022,0.08509841631847231,0.08520718126123669,0.08496754239880366,0.08524204478617034,,0.17%
02/08/2022,0.08524713143402723,0.08514333881088813,0.08509189925119129,0.08530821859377932,,0.07%
02/07/2022,0.08530676312018017,0.08516219139350893,0.08504558443325623,0.08527984581403876,,-0.09%
02/04/2022,0.0852289676215152,0.08521807304893221,0.08496537660903182,0.08525367230193441,,0.00%
02/03/2022,0.08523042044166404,0.0849689863199932,0.08487235198261814,0.08524204478617034,,-0.21%
02/02/2022,0.08505137102810097,0.08509624385179639,0.08478743789320174,0.0851868573716447,,0.10%
02/01/2022,0.08513319087712727,0.08531112968997935,0.08494733265375468,0.08548542900862548,,0.26%
01/31/2022,0.08535627710061798,0.08477665590003136,0.08473068352242398,0.08531913622906481,,-0.67%
01/28/2022,0.0847809683682207,0.08466181836653487,0.08447515585666256,0.08492929636077966,,-0.03%
01/27/2022,0.08475150857685267,0.08414108777598277,0.08414108777598277,0.08480037990570197,,-0.39%
01/26/2022,0.08442452025766363,0.0845809016324114,0.0842971305256769,0.08465966813410092,,0.22%
01/25/2022,0.0846123906384851,0.08481188723411473,0.08450442380658628,0.08489396743467409,,0.28%
01/24/2022,0.08485002757625895,0.0851368148614824,0.08469265037180074,0.08523259976475803,,0.45%
01/21/2022,0.08522824123001398,0.08520355128401752,0.08503401360544217,0.0853438932177208,,-0.05%
01/20/2022,0.08518250351377828,0.08520355128401752,0.08507163031272331,0.08538688798948034,,0.08%
01/19/2022,0.08525439912699495,0.08519556642272336,0.08497692876384062,0.08534607834769992,,-0.05%
01/18/2022,0.08521226374899875,0.08547446877617655,0.08510421010527391,0.08548981388867516,,0.37%
01/17/2022,0.08552637205682373,0.08574564412127864,0.08531040189730334,0.08575152637716951,,0.18%
01/14/2022,0.08567805613626238,0.08599709329824652,0.0854350351992345,0.08605926040671606,,0.38%
01/13/2022,0.08600005160003096,0.08617718028266115,0.08594535594269163,0.08618386465685894,,0.22%
01/12/2022,0.08619129295558563,0.08636697326942178,0.08592984687301287,0.08636697326942178,,0.23%
01/11/2022,0.0863893568312384,0.08613561190738699,0.08602668547783522,0.08642220705032365,,-0.28%
01/10/2022,0.0861497109677197,0.08581923037314201,0.08578315733488888,0.08615267977910453,,-0.31%
01/07/2022,0.08588409083101446,0.08572726727190118,0.08563110121596162,0.0859106529209622,,-0.07%
01/06/2022,0.0858265959455516,0.08576035127439882,0.08552564058704801,0.08581407522461834,,-0.16%
01/05/2022,0.08568539749455897,0.08548615979072988,0.08539199193899596,0.08574196812113626,,-0.17%
01/04/2022,0.08554246755801918,0.08544890582676089,0.08533661025916729,0.08567658801555887,,-0.03%
01/03/2022,0.08551613261841846,0.08535919147773832,0.08533442561398119,0.08561130754150008,,-0.13%
12/31/2021,0.08540803689627194,0.08568466330211555,0.08527548244604194,0.08595717613484963,,0.36%
12/30/2021,0.08571404081702623,0.08542773667754447,0.08528711908640438,0.0858008219718745,,-0.35%
12/29/2021,0.085418250463394,0.08518250351377828,0.08509769215058888,0.0854233581630561,,-0.18%
12/28/2021,0.08526094111026798,0.08497476249553883,0.08495815810713224,0.085418250463394,,-0.30%
12/27/2021,0.08500510030601836,0.08493650995880579,0.08473499131466339,0.08504558443325623,,-0.08%
12/24/2021,0.08493650995880579,0.08492064166036838,0.08469767166100604,0.08496393281052193,,-0.02%
12/23/2021,0.08492280517010038,0.08439530762089628,0.08437038599451593,0.08489757108049138,,-0.57%
12/22/2021,0.08444162972345366,0.08411914635890275,0.08411914635890275,0.08447087444249222,,-0.30%
12/21/2021,0.08419209267865563,0.08417437563656871,0.0840781253941162,0.08452013692262181,,0.01%
12/20/2021,0.08420201748033883,0.08397010664203543,0.0837184381488179,0.08418996623982354,,-0.33%
12/17/2021,0.08392148306044864,0.0836015549889228,0.08349963677658001,0.0840152571707022,,-0.34%
12/16/2021,0.08363371776965602,0.08337919188887222,0.08335347709029682,0.08373666493610893,,-0.26%
12/15/2021,0.08341396683460678,0.08369671657780865,0.083308340831084,0.08373035476551315,,0.40%
12/14/2021,0.08374507997655137,0.08401102224611869,0.08372124175345769,0.08408166010829718,,0.42%
12/13/2021,0.08409438754057554,0.08408095314168482,0.08391162427731114,0.08419847263970631,,0.10%
12/10/2021,0.08417650128790047,0.08443236123541431,0.0839243002811464,0.0844451950684006,,0.25%
12/09/2021,0.084383913050816,0.0841949280975314,0.08393275307823371,0.0844081301911,,-0.22%
12/08/2021,0.08419776370739594,0.08442380751371886,0.08402019845570875,0.08443307412379578,,0.32%
12/07/2021,0.08446659346228566,0.08453085376162299,0.08432129787341686,0.08467615604122036,,0.14%
12/06/2021,0.08458662516282925,0.08467830711128423,0.08441668073611346,0.0847314014573801,,0.22%
12/03/2021,0.0847730625116563,0.08504052180864181,0.08462527926342156,0.08504413790757404,,0.35%
12/02/2021,0.08507090660065166,0.08488964346349746,0.08481692267241159,0.08515276405872134,,-0.18%
12/01/2021,0.08491487283997792,0.08476659518017139,0.0847608472694293,0.08514188895794841,,-0.18%
11/30/2021,0.08475941041354117,0.08511797351128664,0.0846338738616744,0.08513536523071684,,0.46%
11/29/2021,0.08514623866490698,0.0851063829787234,0.08486370888353305,0.0853373384990869,,0.07%
11/26/2021,0.08520282532568779,0.08571771442286263,0.08514333881088813,0.08582880586382402,,0.64%
11/25/2021,0.08575079105104745,0.08565970824303373,0.0855981168414295,0.0858052392679097,,-0.07%
11/24/2021,0.08569127148708633,0.08582806921175502,0.08566337719298245,0.08596456540613959,,0.23%
11/23/2021,0.0858885167053165,0.08577874231208023,0.08560397887293802,0.08589663199305955,,-0.09%
11/22/2021,0.08580892069539549,0.0859542207820115,0.08559372084463884,0.08595939278284938,,0.15%
11/19/2021,0.08593796997327328,0.08607703894986013,0.08586565459681782,0.08609111884018045,,0.22%
11/18/2021,0.0861259678405636,0.08589220528237063,0.0857780065191285,0.08617272460920669,,-0.24%
11/17/2021,0.08591803419537762,0.08585975667344958,0.08568539749455897,0.08599783285461207,,-0.05%
11/16/2021,0.08587819037477243,0.08575226171590275,0.08548104457836475,0.08596752147038848,,-0.05%
11/15/2021,0.08583543630152272,0.0858251227299255,0.08564870327863236,0.08589294303580018,,-0.01%
11/12/2021,0.08582733257233098,0.0859623484913608,0.08566264337784935,0.08611187655001377,,0.23%
11/11/2021,0.08602520538517786,0.08586049386956074,0.08583027920589825,0.0861341280642216,,-0.17%
11/10/2021,0.08588261564094196,0.08618535021417059,0.08583322604180078,0.08634832915983076,,0.38%
11/09/2021,0.08620763972103208,0.08647526807333103,0.08616604196286244,0.08662883874041669,,0.38%
11/08/2021,0.0865336356241671,0.08621953217281843,0.08611706754161608,0.08653288682363733,,-0.29%
11/05/2021,0.08628053252344674,0.08581702094793482,0.08581407522461834,0.08631628011359223,,-0.52%
11/04/2021,0.08582954252853832,0.08605259534627566,0.08576476440419217,0.08614154779133071,,0.27%
11/03/2021,0.08606222298721976,0.08567585397407448,0.08562450230758033,0.0860918600146356,,-0.43%
11/02/2021,0.08569420878537029,0.08548835221201112,0.08540584859251162,0.0858251227299255,,-0.23%
11/01/2021,0.08550077805708031,0.08548762139242239,0.08530385232197087,0.0855402723602272,,0.02%
10/29/2021,0.08551613261841846,0.0854657026135412,0.08521879926711833,0.08553880895762407,,-0.05%
10/28/2021,0.08547373819393991,0.0851578400565448,0.08510131311326134,0.0856142393602904,,-0.34%
10/27/2021,0.08517960118910722,0.08517234624262195,0.08504124500382686,0.08531331314251589,,0.01%
10/26/2021,0.08519121167460364,0.08511869802439502,0.08488315833255523,0.08525948724944368,,-0.07%
10/25/2021,0.08512739314383976,0.08516726851536417,0.08495815810713224,0.08525948724944368,,0.03%
10/22/2021,0.08515348916421851,0.08537595300907547,0.08512232077495362,0.0856303679536911,,0.29%
10/21/2021,0.08540220166875902,0.08547008547008547,0.08528566433268231,0.08562010360032535,,0.13%
10/20/2021,0.08550955141689327,0.08500510030601836,0.0849697082989914,0.08552125203112974,,-0.60%
10/19/2021,0.08499426288725512,0.08545766854388678,0.08494877588813944,0.08556662217202314,,0.63%
10/18/2021,0.08552564058704801,0.08573461706633287,0.08528493697443157,0.0858265959455516,,0.34%
10/15/2021,0.08581554806099768,0.08587745287474773,0.08567511994516792,0.0859202488250406,,0.12%
10/14/2021,0.0859202488250406,0.08543357539513029,0.08540657801463869,0.08590105916005945,,-0.60%
10/13/2021,0.08540657801463869,0.08541314337450247,0.08525149190110827,0.08573094201159082,,0.06%
10/12/2021,0.08545839885143913,0.08565970824303373,0.08530166935366924,0.08585385956025653,,0.14%
10/11/2021,0.08557907078244945,0.08575005573753623,0.08537230863797018,0.08578830876928092,,0.25%
10/08/2021,0.08579198874409108,0.08612670961518587,0.08576108676449148,0.08617940829218267,,0.47%
10/07/2021,0.08619797951936006,0.08622250579846352,0.08602964581594817,0.08630287129652804,,0.06%
10/06/2021,0.08625299729165589,0.08649546331294924,0.08589072981353123,0.08650968043324048,,0.29%
10/05/2021,0.08650519031141868,0.08644835575227358,0.08633267432725264,0.0866385957616399,,-0.04%
10/04/2021,0.08647302473993239,0.08694669298253241,0.0864192196344467,0.08697618592029502,,0.59%
10/01/2021,0.08698299482451181,0.08689984792526613,0.08667764583513911,0.08702084149153722,,-0.05%
09/30/2021,0.08694366919672744,0.0870647849064489,0.08686965208704339,0.08717711775013294,,0.22%
09/29/2021,0.08713457935781815,0.08707539858763703,0.08697542944118286,0.08729964730942487,,-0.07%
09/28/2021,0.08707388218903739,0.08750054687841799,0.08700418490129375,0.08756490748767524,,0.47%
09/27/2021,0.08748294082653883,0.08745310327336966,0.08740876709934006,0.08777088288731097,,0.16%
09/24/2021,0.08761861369829406,0.0874691671185907,0.08743092956564315,0.08776703119240288,,-0.11%
09/23/2021,0.08752198989996236,0.08747605343037344,0.08746151693254968,0.08777858729141613,,0.11%
09/22/2021,0.08761938140716727,0.08766931135755929,0.08746381184784796,0.08786651319315696,,0.09%
09/21/2021,0.08770006577504934,0.08779708338089008,0.08766085767383147,0.08790976941267484,,0.13%
09/20/2021,0.08781173164734808,0.08756260726419389,0.08754957494681363,0.08783949966620991,,0.01%
09/17/2021,0.08781944322472995,0.08781096056409761,0.08770006577504934,0.08791131506536207,,-0.03%
09/16/2021,0.0877940001580292,0.0875771773875728,0.08746610688358261,0.08782947030046462,,-0.23%
09/15/2021,0.08759558868615376,0.08743475181645698,0.08732327951308538,0.087631666579035,,-0.16%
09/14/2021,0.08745922213767832,0.08773546004088473,0.08740112747454443,0.08774777778752753,,0.30%
09/13/2021,0.08771775933755548,0.08764856431651649,0.08746993221080254,0.08779631255487269,,-0.06%
09/10/2021,0.0876623945859705,0.0877608691836484,0.08759251959882626,0.0877940001580292,,0.22%
09/09/2021,0.08785879334733217,0.08756644103713693,0.08746075198754559,0.0878773232567336,,-0.29%
09/08/2021,0.08760326234548974,0.08810650314099684,0.08746687192225944,0.08811193740527967,,0.52%
09/07/2021,0.08805840033109959,0.08834780764915319,0.08791517943488124,0.08838216447920809,,0.43%
09/06/2021,0.08843453191602256,0.08841420285754704,0.08826281134706702,0.08845721766667551,,-0.02%
09/03/2021,0.08841889334913085,0.0884149845715852,0.08810805571953444,0.08847365254627172,,0.05%
09/02/2021,0.08846347785316831,0.08850810734263258,0.0883454661106792,0.08860064146864423,,0.07%
09/01/2021,0.08852299384765193,0.08851280780328913,0.0883400030035601,0.08863990923273295,,0.05%
08/31/2021,0.08857082122865444,0.08807546305674703,0.08807546305674703,0.08862891075068688,,-0.37%
08/30/2021,0.08824178248400619,0.08800337932976626,0.08790126929432861,0.08836888708223609,,-0.16%
08/27/2021,0.08809718881870479,0.08740418316420623,0.08736294937317084,0.08812203138906759,,-0.77%
08/26/2021,0.08741717222931274,0.0873950167361457,0.08726003490401396,0.08750284384242488,,-0.03%
08/25/2021,0.08738890685216419,0.0872805983957826,0.08715128591722371,0.0873812706984385,,-0.10%
08/24/2021,0.08729964730942487,0.08746228189093454,0.08719916288803628,0.08751203290452438,,0.18%
08/23/2021,0.08745922213767832,0.08730803146581455,0.08726612678022899,0.08753501400560225,,-0.01%
08/20/2021,0.08745233847553084,0.0873141300456653,0.08726993463481895,0.0874630468627005,,-0.13%
08/19/2021,0.0873400585178392,0.08729431277552267,0.08718775883865905,0.08742634330576489,,-0.04%
08/18/2021,0.08730879374170566,0.08720828827571774,0.08715432416179328,0.0873392956959195,,-0.10%
08/17/2021,0.08722350150024423,0.08732556717955883,0.08706933331011485,0.08740265529266779,,0.10%
08/16/2021,0.0873141300456653,0.08724709249064275,0.08716723906486985,0.08741946481803639,,-0.06%
08/13/2021,0.08725851206785222,0.08716723906486985,0.08713533860792583,0.08732785496589847,,-0.07%
08/12/2021,0.08720068365335984,0.08743780985773868,0.08712546938846633,0.08743780985773868,,0.08%
08/11/2021,0.0872691730373163,0.08714824788447628,0.08702159876081243,0.08730040943892026,,-0.13%
08/10/2021,0.08715280501302934,0.08711939713377183,0.08701402666109777,0.08718623852411135,,-0.07%
08/09/2021,0.0870958751393534,0.08730574471800244,0.08707843154329103,0.08732785496589847,,0.29%
08/06/2021,0.08734539864439941,0.08721969769652779,0.08708980700898766,0.08740647507167332,,-0.16%
08/05/2021,0.08720904881090462,0.08717559780666197,0.08701932699252504,0.08723719794120213,,0.01%
08/04/2021,0.08721665489241825,0.08718091784070303,0.08700494188069882,0.08721056992107444,,-0.08%
08/03/2021,0.0871497668743736,0.08693308760247238,0.08690211345939934,0.08715432416179328,,-0.27%
08/02/2021,0.08691117677733357,0.08691344290221369,0.0868228899867161,0.08699056152407464,,0.02%
07/30/2021,0.0869285534219425,0.08695198511382014,0.0867159791534786,0.08703068702024334,,0.04%
07/29/2021,0.08696332756476594,0.08712546938846633,0.08690135826822973,0.08726993463481895,,0.21%
07/28/2021,0.08714217245435929,0.08734463572919669,0.08707312400954322,0.0875089696693911,,0.31%
07/27/2021,0.08741029518456683,0.0872805983957826,0.08702311333890282,0.0874370453273643,,-0.22%
07/26/2021,0.08721893697559614,0.08704280765280364,0.0869814816425583,0.08720676724513822,,-0.14%
07/23/2021,0.08709284096847239,0.08689305203155956,0.08677542519958348,0.08709435802748698,,-0.20%
07/22/2021,0.08692250858359772,0.08689154197730393,0.08675434639275428,0.08702387064771867,,-0.08%
07/21/2021,0.08685682520932496,0.08701554097561824,0.0867159791534786,0.08702084149153722,,0.19%
07/20/2021,0.08701856976278738,0.08665661449938473,0.08645209257290072,0.08700569887327621,,-0.33%
07/19/2021,0.08672801228068654,0.08673327782403552,0.08644163028914725,0.08678672163159036,,0.15%
07/16/2021,0.08685380767092829,0.08666562667914651,0.08660633092279045,0.08685154465472168,,-0.14%
07/15/2021,0.08673026886383348,0.086884747382597,0.08660183076270232,0.08689984792526613,,0.17%
07/14/2021,0.08687870863487485,0.08662883874041669,0.08659583127668234,0.08691797550651449,,-0.17%
07/13/2021,0.08672726011239852,0.08687719907910169,0.08666036934649415,0.08693006476289825,,0.19%
07/12/2021,0.08689154197730393,0.08694518106333957,0.08670695649911993,0.08702690001479457,,0.11%
07/09/2021,0.08698526469616047,0.0868017881168352,0.08672650795715711,0.08703977717817042,,-0.15%
07/08/2021,0.08685682520932496,0.08659283184537984,0.08656060107681388,0.0868553164139177,,-0.34%
07/07/2021,0.08656359827565313,0.08665436174729854,0.08648199877195561,0.0867694016382063,,0.42%
07/06/2021,0.08692704213353733,0.08696862172128296,0.08662358586996068,0.087070091423596,,0.12%
07/05/2021,0.08703295938171786,0.08681912104321855,0.08665060742075802,0.08706326887749327,,-0.17%
07/02/2021,0.08688550228508872,0.08676187336236964,0.0865516107254756,0.08691948647967389,,-0.12%
07/01/2021,0.08677843729390121,0.08682062858135092,0.08659658116697552,0.08701099819017123,,0.08%
06/30/2021,0.08684475631361378,0.08699131826643701,0.086703197613928,0.08703447435529214,,0.19%
06/29/2021,0.0870102411053781,0.08696030262185313,0.08688550228508872,0.08707464038173522,,-0.09%
06/28/2021,0.08693535487011858,0.08704205001436194,0.08688323761696655,0.08714217245435929,,0.10%
06/25/2021,0.08702311333890282,0.0872379589807117,0.08690060309018544,0.08726155779332972,,0.29%
06/24/2021,0.08727145786970371,0.08736371260833099,0.08712167413009009,0.08743016515558198,,0.07%
06/23/2021,0.08733471904420884,0.08717863774660657,0.08706857520983526,0.08743016515558198,,-0.16%
06/22/2021,0.08719764217575557,0.0871953612067838,0.08701478381176962,0.08736447585682709,,0.06%
06/21/2021,0.08725089868425645,0.08703068702024334,0.08698526469616047,0.0873591333973967,,-0.18%
06/18/2021,0.08709435802748698,0.0869104214286335,0.08678144959733408,0.08721817626793424,,-0.16%
06/17/2021,0.08695803405276613,0.08730422028600862,0.08664610265830243,0.08769468219447173,,0.41%
06/16/2021,0.0873141300456653,0.08732938022338856,0.08713913505694543,0.08741411563139216,,0.04%
06/15/2021,0.08734845043848923,0.08752658620055842,0.08723948109956642,0.08756184054988836,,0.13%
06/14/2021,0.08746534185828865,0.0873164172327681,0.08728669314363026,0.08753424777444176,,-0.08%
06/11/2021,0.08739348918505571,0.08754574265053491,0.08732099196646874,0.08762168461450841,,0.12%
06/10/2021,0.08749978125054687,0.08751739408207382,0.08737210907534097,0.0875718088832843,,0.04%
06/09/2021,0.08753731277957229,0.08770621924800688,0.08747528823107471,0.08777011252128425,,0.24%
06/08/2021,0.08774469802662174,0.08788118463836893,0.0876577840112202,0.08788504635936195,,0.18%
06/07/2021,0.0879066782703482,0.08777319406653207,0.08774469802662174,0.08802429470533868,,-0.14%
06/04/2021,0.08778475178861431,0.08768468586961287,0.08757487651942411,0.08786496911546336,,-0.12%
06/03/2021,0.08767776667192734,0.08745998705592192,0.08724861492823802,0.08778937572974918,,-0.22%
06/02/2021,0.08748064490731425,0.08758868354208636,0.08703523186185769,0.08763473841030585,,0.16%
06/01/2021,0.08761707832090632,0.087807105350965,0.08742099327732561,0.08790358734539958,,0.28%
05/31/2021,0.08786419709696693,0.08795693628399535,0.08762398794293925,0.08802739412505173,,0.13%
05/28/2021,0.08797550761867896,0.08781481611577505,0.08770545001666404,0.08808632459810616,,-0.18%
05/27/2021,0.08781404497835384,0.08791286077240239,0.08771622048349181,0.08800260487710436,,0.11%
05/26/2021,0.08790976941267484,0.08805762490974094,0.08777165326686093,0.08807158458394983,,0.20%
05/25/2021,0.08808865241979529,0.08802197028378284,0.08792290919321939,0.08811970180292909,,0.08%
05/24/2021,0.08816320773015006,0.08831035792188065,0.08804366966015142,0.0883673252977979,,0.23%
05/21/2021,0.08836498272464587,0.08812280794515237,0.08801887124599514,0.08841263947093876,,-0.24%
05/20/2021,0.08815077308227992,0.08793373313870667,0.08788427398801259,0.08814611099358297,,-0.27%
05/19/2021,0.08790899660671272,0.08785570578881245,0.08784798784183848,0.08814921899791968,,0.07%
05/18/2021,0.08797241185164333,0.08773084177742685,0.08769391316548719,0.08808710052499913,,-0.18%
05/17/2021,0.08781558726673985,0.08788350163023895,0.08779245862780388,0.08803591865481117,,0.02%
05/14/2021,0.08783564194678917,0.08782407082133072,0.0876908371844226,0.08795770993306419,,0.00%
05/13/2021,0.08783564194678917,0.08769698936235519,0.08756720783201107,0.08782869890565441,,-0.02%
05/12/2021,0.08782098570274353,0.08761477535571598,0.08754880846071685,0.08783564194678917,,-0.21%
05/11/2021,0.08763550640177374,0.08729964730942487,0.08726460373143445,0.08766085767383147,,-0.30%
05/10/2021,0.08737210907534097,0.08782638480252236,0.08734310993877248,0.08784798784183848,,0.53%
05/07/2021,0.08783409895389588,0.08780016682031695,0.08755340757862297,0.08791672527781685,,0.05%
05/06/2021,0.08787809550591419,0.08780325047633264,0.08755724054600696,0.08785261844729282,,-0.18%
05/05/2021,0.0877239152937874,0.08773161145423919,0.08742405035625302,0.08777473492030055,,0.05%
05/04/2021,0.08777088288731097,0.08763627440670242,0.08750667238376926,0.08775855865343268,,-0.07%
05/03/2021,0.08771160424524165,0.08715128591722371,0.08708904855214457,0.08769314414999035,,-0.32%
04/30/2021,0.08742710764899765,0.08733166820952615,0.08714445064138317,0.08755034144633164,,-0.06%
04/29/2021,0.08737210907534097,0.08691344290221369,0.0868017881168352,0.08745692746322435,,-0.43%
04/28/2021,0.08700040020184094,0.08696181506700408,0.08690362388111585,0.087292026746277,,-0.08%
04/27/2021,0.08692930908585138,0.08671673112610347,0.0866641245190141,0.08701705534284719,,-0.15%
04/26/2021,0.0868002812329112,0.0865561056676938,0.08654412019247412,0.08692477529945584,,-0.10%
04/23/2021,0.08670996384194507,0.08642967649372088,0.08640279253825484,0.08688021824310822,,-0.32%
04/22/2021,0.08643042350907519,0.08605555746790128,0.08594683328892748,0.08665661449938473,,-0.42%
04/21/2021,0.08607037113544035,0.08623291510369507,0.08592984687301287,0.08631181004496845,,0.20%
04/20/2021,0.08624183936595,0.08692326414241508,0.08611929244389328,0.08718471826258292,,0.88%
04/19/2021,0.08700040020184094,0.08759482139415918,0.08683646089319984,0.08762552356250328,,0.58%
04/16/2021,0.08750284384242488,0.08731184297838158,0.0872349149023405,0.08781558726673985,,-0.22%
04/15/2021,0.08730726920323387,0.08699888641425389,0.08677617820355957,0.08728516937687118,,-0.34%
04/14/2021,0.08700872697531563,0.08704886923518863,0.08686210640608036,0.08707994810035093,,-0.05%
04/13/2021,0.08696635271813336,0.0872935507524704,0.08675509903094554,0.08735073942400923,,0.48%
04/12/2021,0.08738737951465049,0.08775624824487503,0.08704735376044569,0.08778860503906592,,0.37%
04/09/2021,0.08770929630831571,0.08779708338089008,0.08745310327336966,0.0879375994794094,,0.17%
04/08/2021,0.08785724954094587,0.08786651319315696,0.08743933895859747,0.088261253309797,,0.17%
04/07/2021,0.08800725179754812,0.08904560916101227,0.08773161145423919,0.08908527242276308,,1.15%
04/06/2021,0.08902341315766046,0.08964027358211497,0.08897272096375251,0.08964027358211497,,0.69%
04/05/2021,0.08963384574015149,0.08954315084439192,0.08939346533768382,0.08962179602079226,,-0.10%
04/02/2021,0.08954074551624716,0.08950708448573705,0.08944143821832655,0.08959770629871876,,0.01%
04/01/2021,0.08954876377931603,0.08955437741796819,0.08945183912981251,0.08976902430047488,,0.06%
03/31/2021,0.08960573476702509,0.089515096721062,0.0891440389381162,0.0897118455520867,,-0.13%
03/30/2021,0.08949346697691068,0.09031547194349863,0.0891821992330331,0.09041264330403964,,0.94%
03/29/2021,0.09033342065563997,0.09008603216071348,0.09007223793482373,0.09047153765425398,,-0.26%
03/26/2021,0.09009496008793269,0.09012581563863153,0.08999847002600955,0.09040528690117798,,0.02%
03/25/2021,0.09011038522189682,0.08986502273585074,0.08980126978995483,0.09013556388808769,,-0.23%
03/24/2021,0.08990461120750884,0.08984968148287914,0.08968529430229326,0.08997822526948479,,-0.09%
03/23/2021,0.08982466225926991,0.0898908724808083,0.08980046337039099,0.09009577180542917,,0.12%
03/22/2021,0.08993371884920813,0.08990137818812761,0.0897134552240145,0.09001224166486642,,0.00%
03/19/2021,0.08992967499415458,0.08952791928162797,0.08952791928162797,0.0898876404494382,,-0.46%
03/18/2021,0.08951990475082135,0.08988360073704552,0.08945744062262379,0.0899312924925357,,0.15%
03/17/2021,0.08965634722110151,0.0896909250722012,0.08951589802348897,0.08971747965656149,,0.09%
03/16/2021,0.08973358099801688,0.08962500896250089,0.0894654439722657,0.08978756262682494,,-0.12%
03/15/2021,0.08962500896250089,0.08934634216075195,0.08934634216075195,0.08979643148981259,,-0.08%
03/12/2021,0.08955437741796819,0.08914642299977714,0.08909003438875326,0.08955758552749418,,-0.23%
03/11/2021,0.08934554389099843,0.08942944017170452,0.08919731337692109,0.08949346697691068,,0.15%
03/10/2021,0.08947745168217609,0.0893734918223255,0.08904481625602166,0.08951589802348897,,-0.04%
03/09/2021,0.08944143821832655,0.08900677341545692,0.08892762180860997,0.08940705242829555,,-0.51%
03/08/2021,0.08898538859919201,0.08876580031245562,0.08869415594206498,0.08926658573162893,,-0.22%
03/05/2021,0.08878786802571297,0.08855278188564293,0.08843687817820031,0.08904005912259925,,0.20%
03/04/2021,0.08896243116531888,0.08874453111826984,0.08848461252588176,0.08909876598209115,,-0.31%
03/03/2021,0.08869022278983965,0.08828229145515702,0.08819119851838786,0.08894423196655697,,-0.37%
03/02/2021,0.08836185948697105,0.08811659587966798,0.08800957544180807,0.08833376027984136,,-0.28%
03/01/2021,0.08811349017534584,0.0874745230451631,0.08739272542953525,0.08836498272464587,,-0.55%
02/26/2021,0.08762552356250328,0.08911146953724414,0.08728288382648162,0.08912020533295309,,1.29%
02/25/2021,0.0887555583168396,0.08916391001578201,0.08869494261437214,0.0893016610108948,,0.52%
02/24/2021,0.08921641225119772,0.089339158246451,0.08900994241056726,0.08940625307333995,,0.18%
02/23/2021,0.08937588817288872,0.08921163676589974,0.08907257633519791,0.08935352723048742,,-0.11%
02/22/2021,0.08927375797884213,0.08899805984229543,0.08896718000729531,0.08942224288869613,,-0.26%
02/19/2021,0.08903926631644556,0.08938707284152565,0.08894660535280671,0.0893918671279287,,0.42%
02/18/2021,0.08941184885821069,0.08866663120001418,0.08856454584100892,0.08938787185354691,,-0.74%
02/17/2021,0.08874846908890822,0.08857160571464,0.08850497397953765,0.08880363739698778,,-0.06%
02/16/2021,0.08869336928371234,0.08893157604539068,0.0885692522983721,0.08895451755517404,,0.33%
02/15/2021,0.08898934797504739,0.08893948557401543,0.08883361463977969,0.08906226342836278,,0.05%
02/12/2021,0.08903530249744022,0.08882651293758162,0.08867449366864115,0.08900518900251884,,-0.16%
02/11/2021,0.08888888888888889,0.08869258263931387,0.0885967166056826,0.08887624871129439,,-0.18%
02/10/2021,0.08873193196035457,0.08831737732716288,0.08825346394845998,0.0887342940299567,,-0.44%
02/09/2021,0.0883423442524471,0.08841889334913085,0.0882059786012296,0.08858886792285682,,0.15%
02/08/2021,0.08847365254627172,0.0887453186844394,0.08838294562681186,0.08875713385463356,,0.39%
02/05/2021,0.08882020126657608,0.0886713485138682,0.08861398860424106,0.08893790355573739,,-0.11%
02/04/2021,0.08871854927428227,0.08871067899153699,0.08847913219667142,0.08879969452905082,,0.04%
02/03/2021,0.08875713385463356,0.08850810734263258,0.08844861135680171,0.08872642095363158,,-0.19%
02/02/2021,0.0885920072291078,0.08841967514611351,0.08832439784841767,0.0886053517632465,,-0.12%
02/01/2021,0.08848304664826219,0.08820675663755843,0.0882059786012296,0.08873114463176575,,-0.28%
01/29/2021,0.08823788934968675,0.08843531398958232,0.088129797565855,0.08863755218535885,,0.23%
01/28/2021,0.0884400067214405,0.08878944471081278,0.08836029795092469,0.08882335698995408,,0.36%
01/27/2021,0.08876264867743654,0.08866112830151876,0.08850027435085049,0.08886124316879193,,-0.08%
01/26/2021,0.08869572930063417,0.08881546810192463,0.08850184083828944,0.08882256803808712,,0.15%
01/25/2021,0.08883203638560211,0.08885413704862098,0.08868786306593943,0.08891022734345132,,0.00%
01/22/2021,0.08882966910948256,0.0885629771330393,0.08852691218130312,0.08886992997049518,,-0.26%
01/21/2021,0.08860299655334343,0.08868393047179851,0.08845174073025758,0.08869494261437214,,0.12%
01/20/2021,0.08871225293637558,0.08851985943046321,0.08834624660971278,0.08870831817899565,,-0.19%
01/19/2021,0.08853945318033717,0.08870989204006138,0.08849792472366523,0.08873271930291576,,0.24%
01/18/2021,0.0887500443750222,0.08863755218535885,0.08851359126193827,0.0887201234984119,,-0.12%
01/15/2021,0.08864462370357237,0.08858494410290027,0.08841889334913085,0.08864540949746917,,-0.03%
01/14/2021,0.08862027100078872,0.0884400067214405,0.08836498272464587,0.08866663120001418,,-0.23%
01/13/2021,0.08841420285754704,0.08831269759966089,0.08810417437578193,0.08853553373646512,,-0.12%
01/12/2021,0.08831191769329272,0.08818031110013756,0.08803669369393163,0.08828385023527646,,-0.08%
01/11/2021,0.08824411852950001,0.08835483300936561,0.08807546305674703,0.08853553373646512,,0.08%
01/08/2021,0.0883134775198043,0.08817564588660612,0.08802042073761113,0.08837513477208052,,-0.09%
01/07/2021,0.08823088257351838,0.08833766187876539,0.08805762490974094,0.08839310180233534,,0.20%
01/06/2021,0.0884048233671629,0.08823711076404514,0.08818653215280961,0.08842905778838926,,-0.11%
01/05/2021,0.08830957805683604,0.08840013436820424,0.08803669369393163,0.0884580001415328,,0.16%
01/04/2021,0.0884509583661339,0.08927694601423074,0.08835405235861143,0.08927694601423074,,0.94%
01/01/2021,0.08928332276814013,0.08928491709895446,0.08925065152975617,0.08937908350687772,,0.11%
12/31/2020,0.0893854748603352,0.089122588119959,0.08901073469460416,0.08973599669771531,,-0.16%
12/30/2020,0.08923950097271056,0.08896876306728707,0.0888446639894808,0.08921004505107274,,-0.27%
12/29/2020,0.08899726778387904,0.08888572850743084,0.08879732897634439,0.08911702848180231,,-0.09%
12/28/2020,0.08891813307487796,0.08893394875625872,0.08868471696272581,0.08901469632636348,,0.04%
12/25/2020,0.08894977006484438,0.08877446846287008,0.08863440965051453,0.088970346183617,,-0.17%
12/24/2020,0.08879654048678264,0.0886273397617697,0.08840716805318576,0.08886598121373157,,-0.14%
12/23/2020,0.0886713485138682,0.08867842542587814,0.08851985943046321,0.08877131621230547,,-0.07%
12/22/2020,0.08860692197274452,0.08837982111924206,0.08837044892188052,0.08871540099361248,,-0.10%
12/21/2020,0.088519075860848,0.08885650562905964,0.08841654804113137,0.08906067703926684,,0.43%
12/18/2020,0.0889015326624231,0.08885097913779011,0.08883045818750333,0.08906067703926684,,-0.03%
12/17/2020,0.08887782853689319,0.08876028509803574,0.08869022278983965,0.08908368521388993,,-0.17%
12/16/2020,0.08873035731714893,0.08886203280786252,0.08863519526333517,0.08906702293475842,,0.21%
12/15/2020,0.08891338946731989,0.08888493844718012,0.08880442601259247,0.08906702293475842,,0.11%
12/14/2020,0.08900756564307967,0.08877762093731413,0.08859043754817104,0.08904005912259925,,-0.23%
12/11/2020,0.08880363739698778,0.0887768327977131,0.08867921181916535,0.08895530885283234,,-0.01%
12/10/2020,0.08879180984346004,0.0887500443750222,0.08870438377064595,0.08891971438987738,,0.00%
12/09/2020,0.08879575201122379,0.08856219279989373,0.08854729310924965,0.08899489169321681,,-0.16%
12/08/2020,0.08865562608603142,0.088467390919707,0.08842436621835513,0.08881783462119193,,-0.23%
12/07/2020,0.0884509583661339,0.08849714154232818,0.08838919530476595,0.08870517062439569,,0.14%
12/04/2020,0.08857395925597875,0.0885794513388784,0.0884580001415328,0.08871697510601678,,0.03%
12/03/2020,0.08859985646823253,0.08884387465906164,0.08855827134254339,0.08907257633519791,,0.44%
12/02/2020,0.08898697230725422,0.08941824489868912,0.08889837138183629,0.08941824489868912,,0.54%
12/01/2020,0.08946464357286,0.08890390377041456,0.08888256835069507,0.08948065428254412,,-0.57%
11/30/2020,0.08895530885283234,0.08895451755517404,0.08884229604029886,0.08921561630147741,,0.05%
11/27/2020,0.08899805984229543,0.08905591821104472,0.0887784090909091,0.08924507590293705,,0.09%
11/26/2020,0.0890805109658109,0.08915596052174068,0.08888019838060279,0.08916152501872392,,0.18%
11/25/2020,0.08923870461096386,0.08897826261044427,0.08873744365172329,0.08921561630147741,,-0.27%
11/24/2020,0.0890004361021369,0.08870753126940477,0.08856140848064047,0.08910591128615472,,-0.32%
11/23/2020,0.0887138269370664,0.08854572501239641,0.0884040418327926,0.08881546810192463,,-0.14%
11/20/2020,0.08858729835316213,0.08870989204006138,0.08848539548547513,0.08882177910023538,,0.36%
11/19/2020,0.08890785589814716,0.08851124092759781,0.08831503740141834,0.08886677093701123,,-0.41%
11/18/2020,0.08854572501239641,0.08803746874669859,0.0878348704435661,0.08861398860424106,,-0.55%
11/17/2020,0.08805529872760093,0.08857003675656526,0.08786188112287484,0.08857395925597875,,0.58%
11/16/2020,0.08856376148007758,0.08857082122865444,0.088171758585725,0.08857082122865444,,0.09%
11/13/2020,0.08863990923273295,0.0886053517632465,0.08847991505928154,0.08897747090436701,,-0.08%
11/12/2020,0.08857160571464,0.08905353898763936,0.08854494098479684,0.08906543637610552,,0.59%
11/11/2020,0.08909479686386315,0.08894185870696326,0.08873665622532012,0.08915755030714775,,-0.02%
11/10/2020,0.08907495657595867,0.08944063824839454,0.08886914019106866,0.08954154727793696,,0.56%
11/09/2020,0.08957443187416583,0.0893734918223255,0.08865562608603142,0.08984806691884024,,-0.17%
11/06/2020,0.08942304252959903,0.08947745168217609,0.08910114762278137,0.0897488826264113,,0.02%
11/05/2020,0.089438238424456,0.08952791928162797,0.0892020873288435,0.08965393580778196,,0.12%
11/04/2020,0.08954475446828325,0.08951589802348897,0.08921084090138633,0.09044698901973552,,-0.02%
11/03/2020,0.08952711776397071,0.08968127275662295,0.0894718476831265,0.09013231423730036,,0.35%
11/02/2020,0.0898391878537418,0.08975371580383427,0.0895985090808089,0.09007548325496766,,-0.07%
10/30/2020,0.0897803075873338,0.09027959590852871,0.08958165367732689,0.09027959590852871,,0.58%
10/29/2020,0.09030405374897278,0.09065032543466832,0.09006493681944683,0.09074327819166796,,0.47%
10/28/2020,0.09072681249489661,0.09121174807315183,0.0906018682105225,0.09125919436383215,,0.41%
10/27/2020,0.09109542245502164,0.09078282025909418,0.09056248358554986,0.09114773224442176,,-0.37%
10/26/2020,0.09075974986612936,0.0905559228101314,0.09044126292179544,0.09081992225814654,,-0.17%
10/23/2020,0.09060515180893186,0.09073586788857635,0.09040201777303669,0.09092479610114473,,0.20%
10/22/2020,0.09078199611453057,0.0902698164814631,0.09021932317463754,0.09078611698699034,,-0.43%
10/21/2020,0.09039139473922082,0.09090165350107719,0.09020060614807332,0.09090165350107719,,0.60%
10/20/2020,0.0909314104371073,0.09110870179210817,0.09084137279482567,0.09127168843496436,,0.21%
10/19/2020,0.0911244760342628,0.09119344866264807,0.09103654206798609,0.09137009456804789,,0.12%
10/16/2020,0.09123005482926295,0.09149549384692802,0.0911859646563201,0.09166995150659565,,0.44%
10/15/2020,0.09163047262997782,0.09161704076958314,0.09149884253964187,0.09181809000009182,,0.08%
10/14/2020,0.09170525929662066,0.09190416233951235,0.09163635030743997,0.092054754167779,,0.25%
10/13/2020,0.09193626977779003,0.09196670805168529,0.09179449049468051,0.09218544023156983,,0.03%
10/12/2020,0.09196163360645938,0.09168928335656129,0.09162795385616243,0.09215146013988593,,-0.27%
10/09/2020,0.0917145110699415,0.09176500816708573,0.09152312789441892,0.09192443811187204,,1.04%
10/08/2020,0.09266981744045964,0.09260545446126776,0.09254203722040738,0.09278934036057937,,-0.05%
10/07/2020,0.09262003556609366,0.09226624347216326,0.09226624347216326,0.09270246217739543,,-0.14%
10/06/2020,0.09248811527718688,0.09290658243136526,0.09237021984112322,0.09290658243136526,,0.44%
10/05/2020,0.09289795160016721,0.09265006995080281,0.09250522654529982,0.09293593925707011,,-0.25%
10/02/2020,0.09266981744045964,0.09272051255899343,0.09245904064499427,0.09272051255899343,,0.13%
10/01/2020,0.09279278443308249,0.0923037161476121,0.09225347564969509,0.09299816793609166,,-0.50%
09/30/2020,0.0923326931599941,0.09236595390938901,0.09221774453840409,0.09251121698505944,,0.12%
09/29/2020,0.09244707405010631,0.09248554913294797,0.09226454089164453,0.09256002517632685,,-0.07%
09/28/2020,0.09238131310798452,0.09260716964707408,0.09227901482923768,0.09280139573299181,,0.29%
09/25/2020,0.09265092836230218,0.09213193292795284,0.09213193292795284,0.09274975189441367,,-0.25%
09/24/2020,0.09242315015064972,0.09254546295867845,0.09225092250922509,0.0927016028107126,,0.18%
09/23/2020,0.09259087794670469,0.09223986053333087,0.09223815892634783,0.09262861483169381,,-0.36%
09/22/2020,0.09225858235462353,0.09249324799289652,0.09215825415403331,0.09249324799289652,,0.27%
09/21/2020,0.09251207282550372,0.09205560158335635,0.09188896137906953,0.0925077937816261,,-0.47%
09/18/2020,0.09207594423880817,0.09172965436266237,0.09171282879049121,0.09236424764702078,,-0.12%
09/17/2020,0.09196501650772047,0.09184760645137587,0.09177764113106765,0.09219478915051721,,-0.08%
09/16/2020,0.09189065012634964,0.0920691623547609,0.09178943503602735,0.09208018342372538,,0.30%
09/15/2020,0.09216589861751152,0.09279278443308249,0.09193965081320621,0.09281087000909546,,0.75%
09/14/2020,0.09285827042185513,0.09301027763567875,0.0927196528576197,0.09322792362768496,,0.25%
09/11/2020,0.0930925339787749,0.09308386856557758,0.09283671877901148,0.09316365126982057,,-0.01%
09/10/2020,0.09308473503430172,0.09319838207608716,0.09298692603819902,0.0934640583963437,,0.19%
09/09/2020,0.09325748391308401,0.09278675747397332,0.09277040253077659,0.09321575719159567,,-0.40%
09/08/2020,0.09288587113014239,0.09299903281005877,0.0924898261191269,0.09309860072803106,,0.13%
09/07/2020,0.09300941255255032,0.09336109269822894,0.09292384890582168,0.09351650098659908,,0.40%
09/04/2020,0.09338550470196016,0.09323487730290148,0.09307867009196172,0.09369612472828123,,-0.05%
09/03/2020,0.09333930704898447,0.09332014408630247,0.09294630491964792,0.09342476503671594,,0.00%
09/02/2020,0.09334192079004601,0.09357338024478797,0.09318882852323664,0.09368910208364563,,0.22%
09/01/2020,0.09354711968418493,0.09343174810800711,0.09307347219895386,0.09378047865556306,,-0.05%
08/31/2020,0.09350338482253057,0.09389847696670359,0.09300854748551392,0.09389847696670359,,0.43%
08/28/2020,0.09390994036718786,0.09327923137913344,0.09304143134937988,0.09391170421569639,,-0.64%
08/27/2020,0.09330621232761678,0.09280656328015517,0.09255317179719748,0.09332711152589827,,-0.55%
08/26/2020,0.09278847938239988,0.09306048000595588,0.09257973429616256,0.09306221208878135,,0.42%
08/25/2020,0.09317754048564134,0.09316451922449853,0.0927256711020446,0.09332188584866923,,0.15%
08/24/2020,0.09331753156465504,0.0923548643307043,0.09228327273398423,0.09346056431488733,,-1.01%
08/21/2020,0.09237875288683603,0.09211665653383444,0.09197601265589933,0.0924513474783895,,-0.18%
08/20/2020,0.09221689413500554,0.09246331517970247,0.0920929033208701,0.0925823056697404,,0.29%
08/19/2020,0.09248469378317889,0.09274803142303305,0.09222880121004189,0.09283930444793108,,0.37%
08/18/2020,0.0928272392250782,0.09276093651441505,0.09246759010966656,0.0928298243659723,,-0.06%
08/17/2020,0.09277126317351937,0.09279192339098805,0.09263033087554189,0.09284620026925398,,0.06%
08/14/2020,0.09283068611160106,0.09286948123107786,0.09268785511034489,0.09293507555621644,,0.02%
08/13/2020,0.09284878646636088,0.0926809827891415,0.09266123054114159,0.09288328286674964,,-0.09%
08/12/2020,0.09276609955657805,0.09309513391735014,0.09272051255899343,0.09324357085578949,,0.43%
08/11/2020,0.09316885924048746,0.09297914477782633,0.09277728811986827,0.09321749505947276,,-0.18%
08/10/2020,0.09299730307821073,0.09287638153617536,0.09281431568005048,0.09310206779692577,,-0.10%
08/07/2020,0.09290485613683028,0.09287293125545629,0.09273426994945982,0.09310380142821231,,-0.04%
08/06/2020,0.09286948123107786,0.09273856997125104,0.09255402841408672,0.0929022668153103,,-0.12%
08/05/2020,0.09275921562807266,0.09278589654372535,0.09263547938860583,0.09298692603819902,,0.18%
08/04/2020,0.09292471239801513,0.0928806947475967,0.09280139573299181,0.09316451922449853,,-0.06%
08/03/2020,0.09286948123107786,0.09310380142821231,0.0927162142115413,0.09322270905192505,,0.27%
07/31/2020,0.09311593865521961,0.09339073750665408,0.09307000725946056,0.09358301281151445,,0.54%
07/30/2020,0.09361718062498829,0.09333495113915308,0.09329924800806105,0.09367242752095921,,-0.17%
07/29/2020,0.09345794392523366,0.09345794392523366,0.0934020772621983,0.09375146486663855,,0.02%
07/28/2020,0.09347366846759268,0.09341952841822054,0.0934090569421611,0.09370753877149417,,0.10%
07/27/2020,0.09356637598712526,0.09385969852264835,0.09345881737212498,0.09385969852264835,,0.37%
07/24/2020,0.09391170421569639,0.09361805705084397,0.09357162908206232,0.09391699615879485,,-0.30%
07/23/2020,0.09363295880149813,0.09393375791391911,0.09347628973910767,0.09402030838661152,,0.24%
07/22/2020,0.09385529390785287,0.0935619988585436,0.09327488107452662,0.09389495032957128,,-0.19%
07/21/2020,0.09367505995203837,0.09342825644187829,0.09337329710449406,0.0937259827169288,,-0.24%
07/20/2020,0.09345357693565721,0.09335847788337659,0.09312027414608709,0.09350163627863488,,-0.07%
07/17/2020,0.09339073750665408,0.09305008886283486,0.09301979461229348,0.09342825644187829,,-0.42%
07/16/2020,0.09299557341070565,0.09296963611684424,0.09290399301361972,0.09316365126982057,,0.05%
07/15/2020,0.09304316272318729,0.09273856997125104,0.09270761871210575,0.09313762014752998,,-0.06%
07/14/2020,0.09298519675667634,0.09323140033563303,0.09284102830722953,0.09325487489858532,,0.11%
07/13/2020,0.09308820107051431,0.09311593865521961,0.09300162752848175,0.0932331387868504,,0.08%
07/10/2020,0.0931601796128263,0.09313762014752998,0.09300076260625338,0.0932670515486994,,-0.06%
07/09/2020,0.09310640199620127,0.09347541596560105,0.09299643823641554,0.09349376864032012,,0.40%
07/08/2020,0.09347454220842953,0.09372686118114591,0.09338724890503451,0.09387203364373686,,0.33%
07/07/2020,0.0937813581416286,0.09389318711034328,0.09362243942628169,0.0940406443664952,,0.32%
07/06/2020,0.09408576858664358,0.0946772452708716,0.09398672907385477,0.09471042288203817,,0.64%
07/03/2020,0.09468979622755852,0.09454208540931996,0.09418146885418824,0.09476427386875148,,-0.13%
07/02/2020,0.09456801331517627,0.09370227040601194,0.09351999925184001,0.09471042288203817,,-0.92%
07/01/2020,0.0936952468401278,0.09355324582986407,0.09334366336541243,0.09370753877149417,,-0.17%
06/30/2020,0.09353836943914394,0.09376465072667604,0.09349202045605408,0.09383239657324088,,0.29%
06/29/2020,0.09381215054973921,0.09360228389572706,0.09353661958656813,0.09381479083992382,,-0.19%
06/26/2020,0.09363032873608419,0.09365225046357864,0.09352874606010157,0.09383767958185929,,0.03%
06/25/2020,0.09366102202907238,0.09348240661107579,0.09339509862522415,0.09372861815898248,,-0.09%
06/24/2020,0.09358126128823964,0.09353049561809627,0.09325661422536392,0.0936697952378276,,-0.04%
06/23/2020,0.0935401193571923,0.09327314106629855,0.09321228165023024,0.0936355890146727,,-0.27%
06/22/2020,0.09328358208955223,0.09273943002346308,0.09269644694518858,0.09333408000597339,,-0.55%
06/19/2020,0.0927721238322309,0.09286516906104028,0.09273255005239389,0.09300941255255032,,0.07%
06/18/2020,0.09283844254228792,0.0929195316855603,0.09274545083563651,0.09312200845547837,,0.08%
06/17/2020,0.0929091719934592,0.09292643943054678,0.09282896263634254,0.09316972729220821,,0.06%
06/16/2020,0.0929653146411074,0.09347716352894987,0.09280484070049094,0.09349114638843702,,0.45%
06/15/2020,0.0933863767953531,0.09314109012331881,0.09311507160549007,0.09343960531110716,,-0.19%
06/12/2020,0.09320620007642909,0.09299124952341985,0.0926981655033047,0.09343174810800711,,-0.21%
06/11/2020,0.09301027763567875,0.09330011849115048,0.09297655131375868,0.09344833708684154,,0.42%
06/10/2020,0.09339946015112033,0.09373301089177587,0.09330360058594661,0.09381127048603619,,0.39%
06/09/2020,0.09376201325794867,0.09337678466379688,0.09337591274954712,0.09388613489559862,,0.08%
06/08/2020,0.09383239657324088,0.09372686118114591,0.09353836943914394,0.09386322251215529,,-0.09%
06/05/2020,0.09374531273436329,0.09425070688030161,0.09363295880149813,0.09437523593808984,,0.58%
06/04/2020,0.09428803107733504,0.09442959801320126,0.09413005007718664,0.09463065654749514,,0.27%
06/03/2020,0.09454297923836176,0.09462259776879914,0.09411410393961639,0.09481548905829257,,0.06%
06/02/2020,0.09460111440112765,0.09435208423754081,0.09414245636497148,0.09474182851729039,,-0.15%
06/01/2020,0.09445546424860679,0.09457069632403704,0.09418501704748809,0.09464588243088484,,0.00%
05/29/2020,0.09445278777403114,0.0944028547423274,0.09433606279008339,0.09474631673693684,,0.04%
05/28/2020,0.09448670099683469,0.09443673211132202,0.09434140266797486,0.09465573708422467,,0.00%
05/27/2020,0.0944822373393802,0.09456085936908994,0.09436187780136825,0.09489556742804543,,0.13%
05/26/2020,0.09460200934667852,0.09409904865861805,0.09402207638353485,0.09460469428493042,,-0.57%
05/25/2020,0.09406098914536186,0.09388349058818006,0.0937681675824691,0.09413625281232056,,-0.13%
05/22/2020,0.09394258229370209,0.09404948884102815,0.0937681675824691,0.09417703398849157,,0.19%
05/21/2020,0.09412473409762617,0.0938975952825848,0.09368208049164356,0.09425070688030161,,-0.24%
05/20/2020,0.09390112211840931,0.0937690468376389,0.09367944766597656,0.09407337723424271,,-0.03%
05/19/2020,0.09387203364373686,0.09403091736562982,0.09375058594116213,0.09409019486079356,,0.08%
05/18/2020,0.09394522993095025,0.09365926758452749,0.09353924438998382,0.09401942441308374,,-0.28%
05/15/2020,0.09368646886330208,0.09397259759054259,0.09359089547768794,0.0941788078846498,,0.38%
05/14/2020,0.0940406443664952,0.09385617479773994,0.09375937593759376,0.0941912270291145,,0.09%
05/13/2020,0.09412650602409638,0.0940928508251943,0.09394964299135664,0.09449384372608124,,0.30%
05/12/2020,0.09441176748269904,0.09347803733512812,0.09338463262485526,0.09437701730874497,,-0.85%
05/11/2020,0.09360929353066172,0.09365488176071178,0.09343262106531874,0.09384032130926016,,0.10%
05/08/2020,0.09369875849145,0.09333669345429768,0.09327140112298768,0.09400881802713094,,-0.21%
05/07/2020,0.09350425911900288,0.09335847788337659,0.09321575719159567,0.09357425585073034,,-0.11%
05/06/2020,0.09340294966515042,0.09316278333131481,0.09316278333131481,0.09375322276703262,,-0.08%
05/05/2020,0.09333059563586134,0.09336545104849402,0.09308560151915701,0.09357513147305972,,0.08%
05/04/2020,0.09340469451994658,0.09323053113433587,0.09315063389006362,0.09344833708684154,,-0.15%
05/01/2020,0.09326183259501049,0.09376377155394698,0.09316365126982057,0.09379631192901494,,0.89%
04/30/2020,0.09409550693954365,0.0936452343940217,0.09359177141145751,0.09417792092821758,,-0.30%
04/29/2020,0.09380951040816518,0.09306654257794324,0.09301460329271696,0.09378927425859579,,-0.75%
04/28/2020,0.09310553512406312,0.09309080076706819,0.09265436216737084,0.09335934947205288,,-0.08%
04/27/2020,0.09303104445953614,0.0927256711020446,0.09270761871210575,0.09312894633910111,,-0.17%
04/24/2020,0.09287293125545629,0.09329837754121456,0.09257202103236317,0.09336632276737782,,0.28%
04/23/2020,0.09313501783535591,0.09264577813189054,0.0925685933276558,0.09321749505947276,,-0.43%
04/22/2020,0.09273856997125104,0.09218798974869553,0.09203696204395685,0.09271363539435745,,-0.64%
04/21/2020,0.092147214389709,0.09235571728067826,0.09209035906030998,0.09257030714827912,,0.27%
04/20/2020,0.09239923863027369,0.09239753113796799,0.092240711360366,0.09264320323139492,,0.04%
04/17/2020,0.09243511055239222,0.09215995281410416,0.0920090168836546,0.09276265746461104,,-0.23%
04/16/2020,0.09222284728818718,0.09223645738214487,0.09193796026441359,0.09247101033825895,,0.12%
04/15/2020,0.0923326931599941,0.09269988412514485,0.09218968950512574,0.0929117616999136,,0.48%
04/14/2020,0.09277900967685071,0.09241119284367723,0.09223900972199163,0.09275921562807266,,-0.26%
04/13/2020,0.09253347398421378,0.0927265309150254,0.09214806350844537,0.09291521486643438,,0.28%
04/10/2020,0.09279192339098805,0.09236510077032495,0.09212089946846241,0.0928100086313308,,-0.51%
04/09/2020,0.09232075924592405,0.0930223904893908,0.09220584031792574,0.09312374282947179,,0.86%
04/08/2020,0.0931124705531812,0.09316799120494162,0.09247956201679429,0.09353661958656813,,0.11%
04/07/2020,0.09321315051127413,0.09335673475484521,0.09297914477782633,0.09344135153570861,,0.20%
04/06/2020,0.09340033250518372,0.09303190994511117,0.09301200785021346,0.09338812103100486,,-0.36%
04/03/2020,0.09306221208878135,0.09278503562945369,0.09268012382064543,0.09356637598712526,,-0.33%
04/02/2020,0.09275577404693441,0.09314282520817421,0.0927230917587716,0.09329750709061053,,0.21%
04/01/2020,0.09294976065436632,0.094031801555286,0.09288845953778703,0.09436276822616868,,1.17%
03/31/2020,0.09403887567120248,0.09410524730858992,0.0937681675824691,0.09420897434689629,,0.18%
03/30/2020,0.09420364944937967,0.09402561257686594,0.09377784029633797,0.09451885178498852,,-0.16%
03/27/2020,0.09405568096313018,0.0943111513505357,0.09395582197250853,0.09499472779260751,,0.46%
03/26/2020,0.09449295082586838,0.09289536266349585,0.09283068611160106,0.0946494657037661,,-1.33%
03/25/2020,0.09323835452951927,0.0924744308198783,0.09229008619894051,0.09319838207608716,,-0.78%
03/24/2020,0.09251292868178328,0.09284102830722953,0.09245049276112642,0.09327923137913344,,0.49%
03/23/2020,0.0929653146411074,0.09416195856873824,0.09274975189441367,0.09416905228265783,,1.26%
03/20/2020,0.09413359439716845,0.09503715952937598,0.09409904865861805,0.09503986922513995,,1.01%
03/19/2020,0.09508595770576601,0.09453225440520305,0.09406718278194287,0.09519095305182196,,-0.56%
03/18/2020,0.09455728280192141,0.09478942529171445,0.09433606279008339,0.09488566277635449,,0.10%
03/17/2020,0.09465304924798153,0.09450634610114068,0.09421074944651185,0.09475080538184574,,-0.12%
03/16/2020,0.09453582907922103,0.09483347242242622,0.09411587546587359,0.09487846069185374,,0.47%
03/13/2020,0.09498480243161093,0.0942666993457891,0.09391170421569639,0.09493520672141263,,-0.74%
03/12/2020,0.09428091942752626,0.09446706405811614,0.09379455241239588,0.0947624778492708,,0.21%
03/11/2020,0.09447777410364211,0.09388437200743564,0.09379543216245369,0.09449205794252993,,-0.68%
03/10/2020,0.09383944071693333,0.0935593727779649,0.0933244986141312,0.09389406871167949,,-0.20%
03/09/2020,0.09365400464523863,0.09338114447930673,0.09336457934588777,0.09399202947590043,,0.06%
03/06/2020,0.09370666066944039,0.09445367991536952,0.09359965555326756,0.09466828233868524,,0.73%
03/05/2020,0.09439216167489452,0.09434051264634571,0.09429247640330778,0.0950136819702037,,-0.18%
03/04/2020,0.09422140144912515,0.09502722530004845,0.09415841211253813,0.09516287125415147,,1.24%
03/03/2020,0.09538708077378001,0.09551007153704358,0.09497938947248447,0.09624268555589775,,0.15%
03/02/2020,0.09553470775932897,0.09640412609659695,0.09541620548834015,0.09671741106834053,,0.92%
02/28/2020,0.09641435031190042,0.09774024552349676,0.09629829359423751,0.09780620678188238,,1.41%
02/27/2020,0.09777082518576458,0.09801327099689298,0.09766674154450186,0.09810654370646522,,0.37%
02/26/2020,0.09812772304431448,0.0976266950434927,0.09757239871985014,0.09817685578801652,,-0.46%
02/25/2020,0.09767723534353083,0.09747348721147849,0.09742885258040317,0.09796622124691406,,0.08%
02/24/2020,0.09775075512458334,0.0979479896175131,0.09765434268861936,0.09799022057598651,,0.05%
02/21/2020,0.09779568525436658,0.0980872976949485,0.0976200238192858,0.09818842358485935,,0.20%
02/20/2020,0.09799598216473125,0.09788087897029316,0.09775553296316572,0.09808922195629144,,-0.24%
02/19/2020,0.09776509004164792,0.09788279514109804,0.09770586626021026,0.09797773945759523,,0.03%
02/18/2020,0.0977975980909909,0.09790771219048926,0.09774597775301545,0.09808537350910232,,0.10%
02/17/2020,0.09789812720882649,0.09760287342859374,0.09747443732881052,0.09798926037706268,,-0.21%
02/14/2020,0.09769632075656032,0.09781768739423462,0.09756954269155341,0.097964301808421,,0.15%
02/13/2020,0.09784257130277384,0.09785214540828807,0.0976352736716721,0.09800174443105086,,-0.03%
02/12/2020,0.09781290347822685,0.09776891339629652,0.09763432041631274,0.09787417296323846,,-0.07%
02/11/2020,0.09774120084839363,0.09797102017223305,0.09770300241326417,0.09801231034617948,,0.28%
02/10/2020,0.09801807453294388,0.09790100250626567,0.09770777558478104,0.09802960494069209,,-0.08%
02/07/2020,0.09794031517193422,0.09797581956773069,0.09777082518576458,0.09809307070548537,,-0.05%
02/06/2020,0.09789141883822464,0.09800366533708361,0.09767532721234616,0.0980872976949485,,0.11%
02/05/2020,0.09799982360031752,0.09841841605401203,0.09785310292189366,0.09850858009732646,,0.44%
02/04/2020,0.09842616561186625,0.09850081755678572,0.0980786394531135,0.09850081755678572,,0.03%
02/03/2020,0.09845911485255748,0.09697533917124876,0.09697533917124876,0.09854158454867955,,-1.52%
01/31/2020,0.0969649956365752,0.09692176475149258,0.09690861517588913,0.0973141300116777,,0.00%
01/30/2020,0.0969649956365752,0.097131700873214,0.09681104420392278,0.0971722864639005,,0.34%
01/29/2020,0.09729140722291407,0.09737003534532283,0.09713453132588636,0.09748298921838139,,0.15%
01/28/2020,0.097442143727162,0.09708926386920134,0.09708926386920134,0.09742505577584443,,-0.35%
01/27/2020,0.09710151963878234,0.09704968944099379,0.09698850686193687,0.09719684304653785,,0.17%
01/24/2020,0.09726491071081196,0.09724031972617127,0.09719873252852783,0.09740417863926362,,-0.10%
01/23/2020,0.09716945381050013,0.09720062208398134,0.0970732417609086,0.09744309323355162,,0.05%
01/22/2020,0.09721857652560252,0.09702708996351782,0.0968429207824908,0.09719306430293134,,-0.16%
01/21/2020,0.09706005105358687,0.0968054211035818,0.09676326866321544,0.09709397726059052,,-0.39%
01/20/2020,0.09668187794879728,0.09656890674340676,0.09626677448545409,0.09669964124433097,,-0.16%
01/17/2020,0.09652509652509653,0.09690298073568744,0.0964459661474659,0.0969274013763691,,0.47%
01/16/2020,0.09697816051825128,0.09734823410303338,0.09687387989576371,0.09739374342592232,,0.50%
01/15/2020,0.0974668369087418,0.09729898030668639,0.09711755108383188,0.09749629514078464,,-0.29%
01/14/2020,0.09718550769709221,0.09726112667289138,0.0969274013763691,0.09736719115126967,,0.35%
01/13/2020,0.09752577118503564,0.09740607619103281,0.09719211966293773,0.09753338079957866,,0.02%
01/10/2020,0.09754289448785104,0.09734254842791784,0.09728194252582835,0.09770109327523374,,-0.18%
01/09/2020,0.097369087262176,0.09694901451326747,0.09683823173388854,0.09744024476989485,,-0.21%
01/08/2020,0.0971628449280995,0.0967866821525358,0.09629365713680439,0.09718550769709221,,-0.49%
01/07/2020,0.09669029132784777,0.09695653438563492,0.09651764342521814,0.09704780574911201,,0.41%
01/06/2020,0.0970873786407767,0.09709963393438006,0.09666225242380598,0.09718645220856212,,-0.01%
01/03/2020,0.0970751264403522,0.09758953840148336,0.09698944754810677,0.09769345746915328,,0.57%
01/02/2020,0.09762383583575766,0.09774693318997117,0.09750675234259973,0.09792305206568679,,0.20%
01/01/2020,0.09782342871117633,0.09757144669184009,0.09754765202801569,0.09776317847645863,,-0.22%
12/31/2019,0.09761144787060627,0.09790962941205268,0.09748108866879826,0.09798445966469718,,0.38%
12/30/2019,0.09798157946306095,0.09795182729133813,0.09774788864560525,0.09801231034617948,,-0.05%
12/27/2019,0.09792976477270503,0.09814120556656919,0.0978358705435761,0.09832068273882094,,0.27%
12/26/2019,0.09819710122157194,0.09802383939774154,0.09799406155986946,0.09829458888288199,,-0.12%
12/25/2019,0.09807479183625432,0.09830908375933936,0.09792784676250538,0.09833711931242686,,0.27%
12/24/2019,0.09833905338827208,0.0984765675007632,0.09824147755182237,0.09852022620243936,,0.15%
12/23/2019,0.09848432621948217,0.0986144667422711,0.09830521804097361,0.0987030420277553,,0.14%
12/20/2019,0.0986232198508817,0.09848820603732704,0.09834872490878156,0.09868258745744314,,-0.11%
12/19/2019,0.09851246182642104,0.09860377060818805,0.09839323841665601,0.09882301785731933,,0.24%
12/18/2019,0.09874592673052236,0.09852507955900175,0.09839614287119945,0.09874300158976232,,-0.23%
12/17/2019,0.09851731441800897,0.09867382380802021,0.09844166838939586,0.09885232451241091,,0.13%
12/16/2019,0.09864656907232766,0.09885525613396864,0.0985386715016308,0.0989442646956969,,0.15%
12/13/2019,0.09879470460383323,0.09865824782951856,0.09845814544237246,0.0990334336872128,,0.26%
12/12/2019,0.09904912836767037,0.09943026458393406,0.09882497109369595,0.0997148156273059,,0.52%
12/11/2019,0.09956291878652714,0.09938480803824327,0.09920241260267451,0.09954408807660914,,-0.19%
12/10/2019,0.09937295664357901,0.09918666931164451,0.09906777226300513,0.09938382031405288,,-0.17%
12/09/2019,0.09920536502614062,0.09867577115115155,0.0986232198508817,0.09918568552186548,,-0.50%
12/06/2019,0.09871375971096612,0.09888849333491556,0.09844457570387873,0.09896972516107322,,0.20%
12/05/2019,0.09891099000009893,0.0986144667422711,0.09840388892169018,0.09893153937475267,,-0.26%
12/04/2019,0.09865435460321219,0.09842810319202337,0.09839614287119945,0.09873715182811836,,-0.21%
12/03/2019,0.09844651400893895,0.09826657757163634,0.09821928437429404,0.09853284592418883,,-0.14%
12/02/2019,0.09830618444206325,0.09793839674844523,0.09790100250626567,0.0983671060397403,,-0.27%
11/29/2019,0.09804209927742973,0.09834969216546352,0.09771254922269668,0.09838743002194039,,0.37%
11/28/2019,0.09840582562487699,0.09868161364174627,0.09811905766457019,0.09871278527994946,,0.27%
11/27/2019,0.09866700871229687,0.09826657757163634,0.09826174964871424,0.09868745682423764,,-0.24%
11/26/2019,0.09843391639023141,0.09817107291165586,0.09801327099689298,0.09851246182642104,,-0.26%
11/25/2019,0.09817781966698083,0.09807767752059632,0.09795182729133813,0.0982385822207814,,-0.10%
11/22/2019,0.09808441144448914,0.09794511155948207,0.09787896287450938,0.09825981861237484,,-0.09%
11/21/2019,0.09799310128566949,0.09806709750811504,0.09787704685374232,0.09819613696397184,,0.10%
11/20/2019,0.09809210848987199,0.09794223367058108,0.09781960109166675,0.09814409516051467,,-0.23%
11/19/2019,0.09786842568850437,0.09765911110677071,0.09757525491535347,0.09811905766457019,,-0.19%
11/18/2019,0.09768582285652883,0.09781290347822685,0.0976076368215049,0.09797006034955717,,0.15%
11/15/2019,0.0978368277386974,0.09755812025013903,0.09725923476434087,0.0979038779726065,,-0.25%
11/14/2019,0.0975923956005348,0.09737193156700649,0.09719400896128762,0.09771732332707943,,-0.22%
11/13/2019,0.0973747760380151,0.09761621210050565,0.09734539118245446,0.09799598216473125,,0.28%
11/12/2019,0.09764671418806757,0.09795470574406394,0.09761525921732084,0.09795470574406394,,0.34%
11/11/2019,0.09797965942270384,0.09803825452691639,0.09790004405501983,0.09819228012293672,,0.08%
11/08/2019,0.09806132755425244,0.09810943125962698,0.0978550180053233,0.0983139163348572,,0.19%
11/07/2019,0.0982520952259307,0.09855226719490681,0.09820481596417488,0.09887871536772994,,0.34%
11/06/2019,0.0985843290350566,0.09887089438611062,0.098530904218108,0.09893545450947802,,0.49%
11/05/2019,0.09907071667756445,0.09929697740000794,0.09882692440728552,0.09932755246977959,,0.26%
11/04/2019,0.09932360624149542,0.0994045666457917,0.09926740653973674,0.09957878175318403,,0.15%
11/01/2019,0.09946883641355163,0.09905501515541733,0.09905501515541733,0.09953715224207435,,-0.27%
10/31/2019,0.0992014285005704,0.09927923277008915,0.09906482802345855,0.09956589270779402,,0.26%
10/30/2019,0.09945597581230668,0.09967605282830799,0.0993384062146107,0.09970089730807578,,0.24%
10/29/2019,0.09968996421130284,0.09990409207161124,0.09961250734642242,0.09991008092716555,,0.23%
10/28/2019,0.09992206079258178,0.09976455564866914,0.09958671513220137,0.10002200484106503,,-0.13%
10/25/2019,0.09978844848920289,0.09965717930319701,0.09947576273041074,0.09985919853007261,,-0.16%
10/24/2019,0.09962937871119436,0.09990908273471141,0.09945795414988313,0.09996601155607095,,0.33%
10/23/2019,0.0999550202408916,0.09994303247149126,0.09963831292408556,0.10008707575590763,,0.00%
10/22/2019,0.09995601935148535,0.09977749618351077,0.09968201437414648,0.09994303247149126,,-0.16%
10/21/2019,0.0997984072174208,0.09961548423086884,0.09938974695370424,0.09996601155607095,,-0.15%
10/18/2019,0.0996472487394623,0.09945795414988313,0.09924277760685966,0.0996939396054114,,-0.12%
10/17/2019,0.09952427397042138,0.09939962625740528,0.09926445042237024,0.09960258568312434,,-0.09%
10/16/2019,0.09943916312000319,0.09925952395132313,0.09893643334157803,0.09950743818100403,,-0.38%
10/15/2019,0.09906384664916539,0.09921225469770026,0.09890218573830481,0.09931571472554103,,0.22%
10/14/2019,0.09928218976797752,0.09993703966501105,0.09917781590613811,0.09993903718731574,,0.69%
10/11/2019,0.09997000899730081,0.10024359192838599,0.09981932701809725,0.10028480885715431,,0.30%
10/10/2019,0.10027073097362879,0.10028682030607539,0.09987515605493134,0.10035122930255896,,0.04%
10/09/2019,0.10031197022740725,0.10031498906566619,0.10021646756995109,0.1004944326084335,,0.05%
10/08/2019,0.10035928624475622,0.10047928619515088,0.10027676386827644,0.10055304172951232,,0.38%
10/07/2019,0.10073739775154128,0.10073029463611181,0.10053989925902093,0.10080340312288943,,0.21%
10/04/2019,0.10094586273381585,0.10094076795736262,0.10061981807936891,0.1010152027880196,,-0.28%
10/03/2019,0.10066134503689238,0.10036331520102772,0.1001522313917154,0.10088374157620758,,-0.17%
10/02/2019,0.10049241282283188,0.10052473913830193,0.10031096398836394,0.1005368668690809,,0.06%
10/01/2019,0.10054899752649467,0.10116542570411136,0.10043690051725003,0.10116542570411136,,0.65%
09/30/2019,0.10120330732408335,0.10114393793807967,0.10070797707886442,0.10123096857790737,,-0.15%
09/27/2019,0.10105603557172452,0.10052878139011198,0.10047524792267425,0.10125761963587761,,-0.48%
09/26/2019,0.10056922179536175,0.10040059838756639,0.10030392088026721,0.10065931853641351,,-0.08%
09/25/2019,0.10049342270548392,0.10026570411590716,0.10006303971502045,0.10046414434688261,,-0.16%
09/24/2019,0.10033209924851257,0.1005378776454029,0.1000080006400512,0.10061475616013844,,0.25%
09/23/2019,0.1005874305946729,0.09977550511349463,0.09977550511349463,0.10059046603562914,,-0.78%
09/20/2019,0.09980737177247911,0.0994272987591473,0.09926740653973674,0.1002646988048448,,-0.37%
09/19/2019,0.09944212965264863,0.09959960956953048,0.09937098168592808,0.09990209594597295,,0.20%
09/18/2019,0.09963632740497184,0.0991689640810012,0.09909427829637117,0.09962143853357243,,-0.39%
09/17/2019,0.09924277760685966,0.09873422720720365,0.09857849805800359,0.09939567430025445,,-0.46%
09/16/2019,0.09878299351983562,0.09966810520965186,0.0986027983474171,0.09966810520965186,,1.04%
09/13/2019,0.09980836793356755,0.09974166907709034,0.09949060808659663,0.09993404353126936,,0.00%
09/12/2019,0.0998043834085193,0.09943718552990076,0.09904128040567309,0.09982630223411264,,-0.32%
09/11/2019,0.09948664889171872,0.0990334336872128,0.09895895182678226,0.09951635053639313,,-0.52%
09/10/2019,0.09897266375027218,0.09922209874583267,0.0987157086307144,0.09927627594833661,,0.30%
09/09/2019,0.09927331930270421,0.09931867389706613,0.09921520770703733,0.09977450960828527,,0.10%
09/06/2019,0.09937591922725286,0.0993917226573371,0.0990962422704931,0.09973470568288353,,0.06%
09/05/2019,0.09943323058566172,0.09926937738246505,0.09895993112388794,0.09966512517939723,,-0.07%
09/04/2019,0.09936308264027584,0.09947180471695298,0.09910213465998058,0.09947576273041074,,0.13%
09/03/2019,0.09948961825833474,0.09971183280319876,0.09906875371507827,0.0998332784250302,,0.19%
09/02/2019,0.09968300803445045,0.10016125962800108,0.09948961825833474,0.10026570411590716,,0.52%
08/30/2019,0.1001983928177792,0.09965817246843327,0.09958274828468716,0.10018835410571876,,-0.51%
08/29/2019,0.09968797663313828,0.09972873783309398,0.09939073479570235,0.09984125240867021,,0.15%
08/28/2019,0.09983726525763006,0.1001081167661074,0.09966313859156054,0.10016125962800108,,0.33%
08/27/2019,0.1001662760181902,0.09929599142082635,0.09919158855329067,0.10032203372826774,,-0.86%
08/26/2019,0.09930881067768332,0.09987216363055289,0.09889925133266741,0.09997700528878357,,-0.01%
08/23/2019,0.0993019075896448,0.0985823852993947,0.09848238642518786,0.09926839195131877,,-0.79%
08/22/2019,0.09851731441800897,0.09887089438611062,0.09840292059868337,0.09901970492127933,,0.39%
08/21/2019,0.0988982732361493,0.09868063984526876,0.09849790691947796,0.09901480271300558,,-0.19%
08/20/2019,0.09870791341341835,0.09868063984526876,0.09831681610822715,0.09891881732662006,,0.00%
08/19/2019,0.09870888774825284,0.09894622272794736,0.09854449776796712,0.09916404708308955,,0.30%
08/16/2019,0.09900597996118965,0.0979883001969565,0.09796814076062464,0.09911490390810067,,-1.02%
08/15/2019,0.09799406155986946,0.09860863219966276,0.09794511155948207,0.09876738305941846,,0.61%
08/14/2019,0.09859016070196194,0.0982858940084919,0.09827430323519007,0.0991375037176564,,0.11%
08/13/2019,0.09869622289554979,0.09902068542118449,0.09859988168014198,0.09947180471695298,,0.35%
08/12/2019,0.09904422324567919,0.09941247228877334,0.09891392510237591,0.09952823616059876,,0.58%
08/09/2019,0.09961746891934971,0.1000100010001,0.0994965474698028,0.10010611247922799,,0.46%
08/08/2019,0.10007505629221916,0.0991945403325001,0.09886600690084729,0.10004401936852216,,-0.80%
08/07/2019,0.09927134830345266,0.09904520423121113,0.09896384850614072,0.09979541939024998,,-0.31%
08/06/2019,0.09896384850614072,0.09955300699857639,0.09890903336201695,0.09991607050077934,,0.70%
08/05/2019,0.09965221377392898,0.10068972461360319,0.09939765023954833,0.10090206445623877,,-0.04%
08/02/2019,0.09961647656522388,0.09995601935148535,0.09953418003742485,0.10070696287941348,,0.38%
08/01/2019,0.0999940003599784,0.09939962625740528,0.09939962625740528,0.10003201024327785,,-0.01%
07/31/2019,0.09998500224966254,0.09998600195972564,0.09977849174831874,0.10011112334691509,,0.03%
07/30/2019,0.10001700289049138,0.1002566570420276,0.09986019572598363,0.10029285513700004,,0.26%
07/29/2019,0.10027776942129699,0.09987116619560767,0.09984025559105432,0.10033209924851257,,-0.38%
07/26/2019,0.09989511013435892,0.09937098168592808,0.09937098168592808,0.09996001599360256,,-0.32%
07/25/2019,0.09957679860592482,0.09961449191628398,0.0994965474698028,0.09979442348761551,,0.08%
07/24/2019,0.09965519303210892,0.09966214532734033,0.09956093627104469,0.09981135653614667,,0.03%
07/23/2019,0.09968201437414648,0.09981235277677965,0.09965122072745392,0.0999190655568989,,0.17%
07/22/2019,0.09985520994557891,0.09994403134244824,0.09960258568312434,0.09994403134244824,,0.12%
07/19/2019,0.09997200783780541,0.09987415856021412,0.09974067424695791,0.10003501225428901,,-0.03%
07/18/2019,0.0999460291442621,0.09992006394884094,0.09970089730807578,0.10008607402366035,,-0.07%
07/17/2019,0.0998731610854215,0.10010410827260352,0.09981036031540073,0.10030995776950778,,0.32%
07/16/2019,0.10019236934915036,0.10034619437057848,0.0999920006399488,0.10035425050428011,,0.17%
07/15/2019,0.10035928624475622,0.10036130068245684,0.1001763103061388,0.10041067967989076,,0.03%
07/12/2019,0.10039354268733434,0.10036734448079973,0.10015022533800702,0.10048130545312045,,0.08%
07/11/2019,0.10047120997478173,0.10045203415369161,0.10025464680287931,0.10058136026231619,,0.05%
07/10/2019,0.10051665560983454,0.10042076299695725,0.10023756302436775,0.10069175233856595,,0.04%
07/09/2019,0.10055405283109935,0.10040261448408118,0.09997000899730081,0.10053282396702524,,-0.15%
07/08/2019,0.1004016064257028,0.1007100055390503,0.10005603137757144,0.10075059190972747,,0.34%
07/05/2019,0.10074044225054148,0.10025766219183302,0.09997700528878357,0.10071609140992456,,-0.41%
07/04/2019,0.10033008598288369,0.0999930004899657,0.09971282705807274,0.10036029345349806,,-0.29%
07/03/2019,0.10003901521593421,0.09977749618351077,0.099770527786092,0.10008006405124098,,-0.24%
07/02/2019,0.0997984072174208,0.09942037918932624,0.09937394415184338,0.09982032341784787,,-0.28%
07/01/2019,0.09951635053639313,0.09959068229576441,0.09905109055250698,0.09959068229576441,,0.12%
06/28/2019,0.09963136395337252,0.09958473166894051,0.09937196915494077,0.09976156984806314,,-0.05%
06/27/2019,0.09958274828468716,0.09940061429579634,0.09919650828290845,0.099642284199723,,-0.19%
06/26/2019,0.09939369843951894,0.09924868743610867,0.09905795881170072,0.09949159793455442,,-0.13%
06/25/2019,0.09926642114771836,0.09928317547308432,0.09905894006934125,0.09941939075797343,,0.11%
06/24/2019,0.09937493167973446,0.09868550901985552,0.09863197451349778,0.09928514694201748,,-0.67%
06/21/2019,0.09871278527994946,0.09860765984301662,0.09830135262661213,0.09893251812938395,,-0.13%
06/20/2019,0.09858821673633567,0.09898441985231524,0.09836323575700347,0.09901088129585442,,0.61%
06/19/2019,0.09919060466592604,0.09916994753909775,0.09886893933401883,0.09937986961361106,,0.04%
06/18/2019,0.09922702150249556,0.09911195686647636,0.0991050811175089,0.09951734089665124,,-0.05%
06/17/2019,0.09917683229197659,0.09917191451380968,0.09892371003482114,0.09930979691146533,,0.04%
06/14/2019,0.09921225469770026,0.09949753743594847,0.09909035058166037,0.0996085384439154,,0.37%
06/13/2019,0.0995837399669382,0.09971978739741327,0.09947180471695298,0.09985520994557891,,0.16%
06/12/2019,0.09974465368656239,0.09955994504291034,0.09955498919828366,0.09994503023337165,,-0.12%
06/11/2019,0.09962640099626402,0.0996780399310228,0.09947378368431001,0.09974962843263409,,0.09%
06/10/2019,0.09971382133277493,0.09960953063989163,0.09948565914223464,0.0999920006399488,,-0.01%
06/07/2019,0.09970686182623087,0.09994403134244824,0.09933741941251849,0.09997900440907409,,0.24%
06/06/2019,0.09994403134244824,0.09956192751891677,0.09953120801027161,0.09996301368493657,,-0.34%
06/05/2019,0.09960754626770524,0.09969990329109382,0.09951734089665124,0.09984125240867021,,0.13%
06/04/2019,0.09973470568288353,0.0999670108864075,0.09963732015463711,0.10009108288542574,,0.11%
06/03/2019,0.09984424298094972,0.09919946035493567,0.0990932963385027,0.09992206079258178,,-0.56%
05/31/2019,0.09928514694201748,0.09882204126808444,0.09873032798214955,0.0992378532867577,,-0.42%
05/30/2019,0.09886405204203699,0.09901284196560294,0.0987254543839038,0.09916404708308955,,0.15%
05/29/2019,0.09901480271300558,0.09930782446348949,0.09876543209876543,0.09931472837421788,,0.32%
05/28/2019,0.09933149901165159,0.09925164261468528,0.09904029949786568,0.09940160235382994,,-0.05%
05/27/2019,0.09927923277008915,0.09942334460131239,0.09903735689101928,0.09948170034122224,,0.20%
05/24/2019,0.09947774185525989,0.09919650828290845,0.0990334336872128,0.09945894334818588,,-0.25%
05/23/2019,0.09922899074193517,0.09913652090293544,0.09873032798214955,0.09967108541812021,,-0.04%
05/22/2019,0.09918765312093951,0.09907758765889568,0.09891588193400332,0.09927036283317617,,-0.04%
05/21/2019,0.09915126517014358,0.09900597996118965,0.09883376161296699,0.09926346508903934,,0.20%
05/20/2019,0.09934728831576542,0.09819131596001648,0.09817974748168948,0.09960953063989163,,-0.90%
05/17/2019,0.09845426799251747,0.09799982360031752,0.09795758436596953,0.09866311479453406,,-0.28%
05/16/2019,0.09817878356487164,0.09790962941205268,0.0977803852547179,0.09831005023643566,,-0.24%
05/15/2019,0.09793839674844523,0.09778899091540273,0.09756383113652106,0.09797485965101356,,-0.12%
05/14/2019,0.09782055796846266,0.09742125926719729,0.09723370120083621,0.09793360101850945,,-0.32%
05/13/2019,0.09750960469606257,0.09747918819332073,0.09734918178012714,0.09801231034617948,,0.01%
05/10/2019,0.09752101577890035,0.09742980182778309,0.09701955914312325,0.09769727522299404,,-0.23%
05/09/2019,0.09729708692521746,0.09726774893248645,0.0970798384591488,0.09768677711784932,,0.02%
05/08/2019,0.09731602405652115,0.0973539204423762,0.09717511928245892,0.09750770310854558,,0.03%
05/07/2019,0.09734728644439035,0.0974573380502685,0.09725450531495872,0.09780238050994161,,0.23%
05/06/2019,0.09757525491535347,0.09746778689643072,0.09739753779024465,0.09838355813976367,,-0.07%
05/03/2019,0.09750390015600624,0.09708926386920134,0.09699603286225594,0.09746778689643072,,-0.46%
05/02/2019,0.09705345704413992,0.0968419829364426,0.09671834650314819,0.09714491106383391,,-0.14%
05/01/2019,0.09691612878215193,0.09670057633543495,0.09670057633543495,0.09695465430818007,,-0.20%
04/30/2019,0.09671834650314819,0.09643573522604536,0.09638461316035508,0.09685042420485801,,-0.25%
04/29/2019,0.09647387969707201,0.09634653923231076,0.09628994829229776,0.09648132603934509,,-0.10%
04/26/2019,0.09638182624284364,0.09610486963374434,0.09588095420725626,0.09640040873773305,,-0.26%
04/25/2019,0.09612704149804381,0.09608178481523473,0.09591314105945656,0.09630849537237679,,-0.01%
04/24/2019,0.09611318288416439,0.09638275519744008,0.09601997215420807,0.0963939040495079,,0.33%
04/23/2019,0.09642922576974629,0.09628253146031715,0.0961372070218616,0.09658196428398962,,-0.11%
04/22/2019,0.09632519385445262,0.09665758085406638,0.09602181615663077,0.09671086353130047,,0.30%
04/19/2019,0.09661275674840106,0.09664263486479695,0.09651205435558902,0.09669122623813114,,0.09%
04/18/2019,0.09669964124433097,0.09633261726087837,0.09624453812246155,0.09674267416099916,,-0.35%
04/17/2019,0.09635767970707265,0.09651764342521814,0.09624916985091005,0.09652416482466386,,0.21%
04/16/2019,0.09656331173533927,0.09663329596845889,0.09626399437818273,0.09670338171725866,,0.16%
04/15/2019,0.09671554025300784,0.09689828586932298,0.09653441451877594,0.09717889663080766,,0.21%
04/12/2019,0.09691988602221403,0.0973501294756722,0.09683541852267885,0.09741936112382975,,0.47%
04/11/2019,0.09737762067521642,0.09711472162065048,0.09700356003065314,0.09758382450525001,,-0.24%
04/10/2019,0.09714491106383391,0.09689077502930946,0.09681760531335018,0.09723559211613819,,-0.25%
04/09/2019,0.0969067369563532,0.09656610915832979,0.0962751157708267,0.09693021993466902,,-0.34%
04/08/2019,0.09657823319780187,0.0970798384591488,0.09636696540425942,0.09714962985991023,,0.61%
04/05/2019,0.0971628449280995,0.0973586595659751,0.09689265263015105,0.0973852071870283,,0.25%
04/04/2019,0.09740607619103281,0.09799982360031752,0.09702238306377281,0.09810558122651598,,0.70%
04/03/2019,0.0980863355925886,0.09755241003228986,0.0973406533504653,0.0981152068759137,,-0.52%
04/02/2019,0.09757906343614914,0.09707418409148272,0.09685042420485801,0.09780907668231612,,-0.57%
04/01/2019,0.09701955914312325,0.09701579417129108,0.09663983300636857,0.0970412134033324,,0.02%
03/29/2019,0.09703556353403522,0.09738710399968836,0.09683073020053645,0.09742885258040317,,0.42%
03/28/2019,0.09744784104308168,0.0973539204423762,0.0970609931280817,0.0976228828037292,,-0.07%
03/27/2019,0.0973814137833653,0.09727437209392813,0.09719778777835017,0.09776413424970916,,-0.01%
03/26/2019,0.09736719115126967,0.09733591597963732,0.09723370120083621,0.09757525491535347,,0.06%
03/25/2019,0.09742885258040317,0.0971411363570131,0.09704968944099379,0.09757430283160627,,-0.27%
03/22/2019,0.09716756546664725,0.09740133245022792,0.09709774830321685,0.09784448597399294,,0.27%
03/21/2019,0.09743170037803499,0.09706193522086444,0.09694713472743313,0.09761525921732084,,-0.05%
03/20/2019,0.09737856892455109,0.09724693915259018,0.09705910899737939,0.09768009768009768,,-0.10%
03/19/2019,0.0972800498073855,0.09783491336718422,0.09716662132224338,0.09826078412105729,,0.58%
03/18/2019,0.09784352862901648,0.09735960744606277,0.09730750143528565,0.09808922195629144,,-0.48%
03/15/2019,0.097369087262176,0.0969057978738868,0.09685605253472289,0.09741271820448878,,-0.42%
03/14/2019,0.09695935463853553,0.09644224556124564,0.09618714170289716,0.09710434833271835,,-0.47%
03/13/2019,0.09650553459240888,0.096399479442811,0.09615292160652301,0.09667346603377772,,-0.12%
03/12/2019,0.09639018747891465,0.09634004181157815,0.09614275275929701,0.09659875773997546,,0.00%
03/11/2019,0.0963855421686747,0.09599784964816788,0.09595271450229327,0.09637160892401099,,-0.35%
03/08/2019,0.09605132983066152,0.09592694204094163,0.09567821502722045,0.09633076130200656,,-0.24%
03/07/2019,0.09582399049426014,0.09570110630478888,0.09561417767026495,0.09598310697317272,,-0.01%
03/06/2019,0.0958166452676159,0.09517826889764529,0.09499653262655913,0.0958451142952988,,-0.66%
03/05/2019,0.09518370454978108,0.09457785175867515,0.09437167339851271,0.09516015454009098,,-0.57%
03/04/2019,0.09464140372129999,0.09445100354191263,0.09416195856873824,0.09465304924798153,,-0.16%
03/01/2019,0.09449205794252993,0.09451527839475252,0.09434140266797486,0.09473105852484795,,0.06%
02/28/2019,0.09455191845842552,0.09388789784996714,0.09373301089177587,0.09456533045854729,,-0.58%
02/27/2019,0.0940043994058922,0.09419566323166483,0.09357338024478797,0.09436365866777387,,0.42%
02/26/2019,0.094400181248348,0.09444832732012316,0.09383591851288836,0.0945796407865243,,0.14%
02/25/2019,0.0945295735770936,0.09451974517476701,0.0939372874668871,0.09451974517476701,,0.05%
02/22/2019,0.09458142988205695,0.09438503430895996,0.09433784268221355,0.09461991181424219,,-0.14%
02/21/2019,0.09444832732012316,0.09457159069415548,0.09415132000150642,0.09465573708422467,,0.28%
02/20/2019,0.09471131989695408,0.09476517190402182,0.09420719931417158,0.09476517190402182,,0.14%
02/19/2019,0.09484246666287298,0.094859560420797,0.09449652252797097,0.09500285008550256,,-0.02%
02/18/2019,0.09482717746906263,0.09495053077346702,0.09450545296463606,0.09495053077346702,,0.22%
02/15/2019,0.09503625633179058,0.09532615845114058,0.09477415319294123,0.0954617484773851,,0.34%
02/14/2019,0.09535524596885697,0.09551098376313276,0.09507058991301041,0.09557031585989392,,0.03%
02/13/2019,0.09538435124333501,0.09604026007702429,0.09537798294641664,0.09604026007702429,,0.68%
02/12/2019,0.09603749303728176,0.09549274255156609,0.09518370454978108,0.09606424776890783,,-0.58%
02/11/2019,0.09547906621473243,0.09477684791159216,0.09477684791159216,0.0956150918861033,,-0.75%
02/08/2019,0.0947633758505013,0.09447152628197861,0.09442068190616473,0.09497668322426844,,-0.18%
02/07/2019,0.09459753478824343,0.09415043356274656,0.09397966280096988,0.0946360298292766,,-0.35%
02/06/2019,0.0942666993457891,0.0943067042636061,0.09409196548706705,0.09434318276161364,,0.03%
02/05/2019,0.0942933655188021,0.09405125793557488,0.093922288698331,0.0942951438000943,,-0.25%
02/04/2019,0.094056565618563,0.09437434527797964,0.093879965076653,0.09438236182422229,,0.39%
02/01/2019,0.09441889888680118,0.09442870632672333,0.09429069822262034,0.09497397713026631,,0.01%
01/31/2019,0.09443048971651967,0.09397613006296401,0.09388525344324167,0.09454566082689635,,-0.15%
01/30/2019,0.09428714206243695,0.09423294383716548,0.09391170421569639,0.0944358402901069,,0.03%
01/29/2019,0.09431204081825127,0.09487756050816422,0.09421785051395838,0.09496946731625783,,0.63%
01/28/2019,0.09491087868491488,0.09504619244953047,0.09459842966606755,0.09507149376331,,0.27%
01/25/2019,0.09516558812333462,0.09563429445799264,0.09490907710413424,0.09564069702939995,,0.47%
01/24/2019,0.09561326347190882,0.09542622121706602,0.09509047859037875,0.09567363808576185,,-0.22%
01/23/2019,0.09540619186185183,0.09554292265800411,0.09506155235514996,0.0955968108903887,,0.14%
01/22/2019,0.09553744590192126,0.09554018420147514,0.09521270518337967,0.09561783463851678,,-0.05%
01/21/2019,0.09549365444666202,0.09516830514765362,0.0948253790644528,0.09552649427318667,,-0.31%
01/18/2019,0.0951963901528854,0.09539436028541994,0.09499833752909324,0.09547997784864513,,0.19%
01/17/2019,0.09537525393661361,0.09505432354590648,0.09470414425335252,0.09538253164315487,,-0.19%
01/16/2019,0.09519185919220188,0.0950489026604188,0.0947534987729422,0.09539254030334827,,-0.11%
01/15/2019,0.09509138281888896,0.0956580797597069,0.09489736849597162,0.095671807431786,,0.59%
01/14/2019,0.09564801530368244,0.09609563437533034,0.09536343003185138,0.09615014807122803,,0.44%
01/11/2019,0.09606793924663522,0.0963511807837205,0.09538526106945955,0.0963511807837205,,0.35%
01/10/2019,0.09640040873773305,0.09670057633543495,0.09595271450229327,0.09674173825555298,,0.21%
01/09/2019,0.09660529010568619,0.09769822970807769,0.09658009870486087,0.09773355877207557,,1.14%
01/08/2019,0.09770777558478104,0.09813735303931383,0.09753242953281967,0.09824437305353337,,0.45%
01/07/2019,0.0981469849246231,0.09882008814751862,0.09792401096748923,0.09883962282799928,,0.63%
01/04/2019,0.09876640756945747,0.0979883001969565,0.09780142398873327,0.09876640756945747,,-0.76%
01/03/2019,0.09801807453294388,0.09804209927742973,0.09747823798337021,0.09825499135356076,,0.01%
01/02/2019,0.09802864396976796,0.09902558821199398,0.09754099160172063,0.09902558821199398,,1.03%
01/01/2019,0.09903931860948798,0.09878006618264434,0.0986241925144238,0.09906384664916539,,-0.17%
12/31/2018,0.09887089438611062,0.09857072449482504,0.09834098754019688,0.09887089438611062,,-0.52%
12/28/2018,0.09835839833184157,0.0978550180053233,0.09764862120146864,0.09837484751898634,,-0.78%
12/27/2018,0.09758763369505817,0.09823375704827207,0.09751245721640939,0.09837097662705596,,0.69%
12/26/2018,0.0982646463455378,0.09834969216546352,0.09814987485890957,0.09876445664734175,,0.05%
12/25/2018,0.09831681610822715,0.09838646202282567,0.09805748129553545,0.09838646202282567,,0.10%
12/24/2018,0.09841066771638045,0.09845717605127649,0.09812098317225139,0.0987157086307144,,0.06%
12/21/2018,0.09846784040332428,0.09835356138245765,0.09815758218243568,0.09876543209876543,,-0.08%
12/20/2018,0.09838743002194039,0.09747158703238007,0.09747158703238007,0.09885916523320878,,-0.32%
12/19/2018,0.09806998273968304,0.09801327099689298,0.09786651008025053,0.09863781181878262,,-0.44%
12/18/2018,0.0976362269456459,0.09626121443148127,0.09617511565057657,0.09795470574406394,,-1.35%
12/17/2018,0.0963159162051529,0.09596468499592149,0.0958671664541611,0.09646364285300871,,-0.28%
12/14/2018,0.09604671712320872,0.09616679168349586,0.09575884093498932,0.09632148258025988,,0.17%
12/13/2018,0.09620564919572078,0.09574142156862744,0.09559955259409386,0.09630478538478578,,-0.45%
12/12/2018,0.09576801156877579,0.09547177377008488,0.09514204707628489,0.09586257141761571,,-0.33%
12/11/2018,0.09544808101633116,0.09533706419044531,0.09516830514765362,0.09616494210870485,,-0.15%
12/10/2018,0.09530798776245437,0.09717417499125432,0.0951411418839849,0.09717417499125432,,1.81%
12/07/2018,0.09703273884608667,0.09714774228646926,0.0969678163817429,0.09752291788570315,,0.12%
12/06/2018,0.09714491106383391,0.09718834128657926,0.09668281269638697,0.09749914688246478,,0.03%
12/05/2018,0.09717511928245892,0.09716756546664725,0.09699979630042777,0.09751245721640939,,-0.24%
12/04/2018,0.0969414958072803,0.09766197238119421,0.09671741106834053,0.09777942916369255,,0.80%
12/03/2018,0.09771445880846989,0.09938875913134224,0.09771445880846989,0.09951436987500996,,2.27%
11/30/2018,0.09993504222255534,0.09951734089665124,0.09926839195131877,0.0999710084075618,,-0.44%
11/29/2018,0.09949159793455442,0.09831584949809759,0.09825595676737903,0.09953021737399474,,-1.06%
11/28/2018,0.09844069932272799,0.09822121381776035,0.09805363533853019,0.0985163438614466,,-0.24%
11/27/2018,0.09820578039223388,0.09800366533708361,0.09775744422937807,0.09825595676737903,,-0.20%
11/26/2018,0.09800558631842014,0.0982907243043474,0.09784544333770376,0.09877128521196318,,0.35%
11/23/2018,0.09834388891074308,0.0980786394531135,0.0980786394531135,0.09837097662705596,,-0.29%
11/22/2018,0.09806132755425244,0.0972431565128604,0.09712604046270847,0.09809114629313559,,-0.93%
11/21/2018,0.09714585478637627,0.09717134222775019,0.09714585478637627,0.09737856892455109,,0.09%
11/20/2018,0.09723181035907706,0.0969649956365752,0.0969151895176531,0.09738236210657525,,-0.30%
11/19/2018,0.0969414958072803,0.09633818556661303,0.09630385793254877,0.09701297063417379,,-0.57%
11/16/2018,0.09638740023904074,0.09649249770830318,0.09635767970707265,0.09686355799221216,,0.11%
11/15/2018,0.09649249770830318,0.09603472615697836,0.09599324207575786,0.0965083286687641,,-0.38%
11/14/2018,0.09612149757293219,0.09573683857811648,0.09569194847945493,0.09652230147775644,,-0.34%
11/13/2018,0.09579278105601963,0.09558493199132088,0.09545901467205056,0.09589934404848671,,-0.23%
11/12/2018,0.09557396947367415,0.09584143992179339,0.09529073202340341,0.09595639741301552,,0.43%
11/09/2018,0.0959821857063329,0.0958552202752962,0.0953889005475323,0.09608178481523473,,-0.18%
11/08/2018,0.09580654741945065,0.09555022597628443,0.09555022597628443,0.09580654741945065,,-0.30%
11/07/2018,0.09551463284175135,0.09494782616951986,0.09490277210997333,0.09553196977368476,,-0.70%
11/06/2018,0.09484606483676992,0.0947579880983967,0.0946431951542684,0.09491448205167144,,-0.08%
11/05/2018,0.0947696623356931,0.09512937595129375,0.09462617927875926,0.09544899205864385,,0.37%
11/02/2018,0.09512304165437993,0.09412827801728196,0.09412827801728196,0.09519910893634036,,-0.92%
11/01/2018,0.09425248355294162,0.09421074944651185,0.094137138984072,0.09454476694714947,,0.07%
10/31/2018,0.09431648840850357,0.09455013047918007,0.09395405646638794,0.09455102446035003,,0.26%
10/30/2018,0.0945599652019328,0.09485056293809105,0.09446974134184821,0.09497578117580018,,0.31%
10/29/2018,0.09484876364636587,0.09451706505609588,0.09449652252797097,0.09488116134541487,,-0.35%
10/26/2018,0.09452063858143425,0.09500194753992457,0.09452063858143425,0.09510856642857822,,0.39%
10/25/2018,0.09489286595433756,0.0948361705154346,0.09460111440112765,0.09494962922169789,,-0.07%
10/24/2018,0.09482447988772781,0.09433695272775298,0.09427558639414736,0.09495233392836797,,-0.52%
10/23/2018,0.09433428296511519,0.09438770694504747,0.09401500479476525,0.09438859785737883,,0.12%
10/22/2018,0.09444565124998819,0.09449652252797097,0.09435920662779068,0.09468620990039012,,0.00%
10/19/2018,0.09444297533149484,0.0944358402901069,0.09416107192964283,0.09457874626413952,,-0.10%
10/18/2018,0.09435030380797825,0.0942240648261566,0.09420098722634612,0.09441979038806535,,-0.24%
10/17/2018,0.09412384815940815,0.09405745029063751,0.09401854045617795,0.09435208423754081,,-0.04%
10/16/2018,0.09408576858664358,0.09376640912159628,0.09360053165101978,0.09417437326954589,,-0.35%
10/15/2018,0.09376113413467849,0.09403268576157071,0.09339684318670029,0.09403533848020086,,0.30%
10/12/2018,0.09404241312832087,0.09302325581395349,0.09302325581395349,0.09411498969440864,,-1.06%
10/11/2018,0.09304402843425509,0.09325487489858532,0.09302844809942881,0.0935637496608314,,0.23%
10/10/2018,0.09325574455386451,0.09312287563439958,0.0930223904893908,0.09338550470196016,,-0.14%
10/09/2018,0.09312287563439958,0.09358213704168147,0.09307520476545049,0.09362243942628169,,0.49%
10/08/2018,0.09357600711177654,0.09358564021936475,0.09324096261969808,0.09361805705084397,,-0.50%
10/05/2018,0.09311160356803665,0.0933009889904833,0.09251036116044997,0.09354886992965125,,0.19%
10/04/2018,0.09328880347780659,0.09318709172405439,0.09304229702822904,0.09345357693565721,,0.39%
10/03/2018,0.09365137339739088,0.09375410174195122,0.09354274435703394,0.09419743782969103,,0.58%
10/02/2018,0.0941912270291145,0.0941912270291145,0.0941912270291145,0.0941912270291145,,0.00%
10/01/2018,0.0941912270291145,0.09460648432843587,0.09416461858621242,0.09460648432843587,,0.57%
09/28/2018,0.09472926376416202,0.0949902160077512,0.0946772452708716,0.09506516717209647,,0.23%
09/27/2018,0.09494602318581886,0.09477325498744253,0.09447688150709521,0.09496044897300275,,-0.21%
09/26/2018,0.09474631673693684,0.09455191845842552,0.09443316492752256,0.09475888601453601,,-0.29%
09/25/2018,0.09446974134184821,0.09439127069528609,0.09402119237676172,0.09470324737435247,,-0.12%
09/24/2018,0.09435920662779068,0.09460648432843587,0.0942684766214178,0.09479032380374612,,0.60%
09/21/2018,0.09492078860191171,0.09495684211525861,0.09435831627020448,0.095308896132365,,0.16%
09/20/2018,0.09507330151546843,0.09467545254866318,0.09462617927875926,0.0951221368236816,,-0.45%
09/19/2018,0.09464229942930694,0.09442424814692413,0.09402384444695175,0.0947579880983967,,-0.29%
09/18/2018,0.09436811112788766,0.09455191845842552,0.09399909760866296,0.09481099428289705,,0.17%
09/17/2018,0.09452689290103033,0.09554474838290514,0.09447688150709521,0.0956324653093232,,1.10%
09/14/2018,0.09556209625014335,0.09503625633179058,0.0950145847387574,0.09571209800918835,,-0.57%
09/13/2018,0.09501729314735281,0.0946736598943442,0.09466111321469141,0.09505161302587305,,0.06%
09/12/2018,0.09507510933637572,0.09460827443968249,0.094237383970221,0.09544443702098823,,-0.48%
09/11/2018,0.09461812126258422,0.09478223780863466,0.09435920662779068,0.09495594044363415,,0.00%
09/10/2018,0.09461812126258422,0.09549456635917417,0.094400181248348,0.09562514941429597,,0.75%
09/07/2018,0.09532979342033765,0.09492889825520685,0.0948667596360911,0.09553562045608706,,-0.34%
09/06/2018,0.0950037526482296,0.09512575624976219,0.09478493298705237,0.0954189368422057,,0.20%
09/05/2018,0.09519185919220188,0.09541074324968991,0.09501729314735281,0.09577168031413112,,0.44%
09/04/2018,0.09561052098172884,0.09583041849143754,0.09552010698251982,0.09598310697317272,,0.20%
09/03/2018,0.09580562953879171,0.09635767970707265,0.09579186343911948,0.09664263486479695,,0.42%
08/31/2018,0.0962112028324578,0.09687575684185033,0.09618344105878732,0.09687575684185033,,0.56%
08/30/2018,0.09674828997397471,0.09670992824123326,0.09641249120236019,0.09681666795755559,,-0.04%
08/29/2018,0.09670712247957061,0.09709774830321685,0.096621158101201,0.09726301865504698,,0.35%
08/28/2018,0.09704780574911201,0.0970704148789532,0.0968682494938634,0.0973577117043441,,0.09%
08/27/2018,0.09713736194352433,0.09742600494924104,0.09713736194352433,0.0977268729355198,,0.15%
08/24/2018,0.09728478174159216,0.09805748129553545,0.09728478174159216,0.09826174964871424,,0.84%
08/23/2018,0.09810654370646522,0.09811616954474098,0.09792401096748923,0.09835162673590621,,-0.19%
08/22/2018,0.09792113431841994,0.0978693835207532,0.09785310292189366,0.09806613580198485,,0.09%
08/21/2018,0.09801327099689298,0.09787321503724077,0.09783491336718422,0.09834679045249357,,0.21%
08/20/2018,0.09822024908655168,0.09788087897029316,0.09771541362934588,0.09843100970529756,,-0.11%
08/17/2018,0.09810943125962698,0.09799118079372857,0.09792784676250538,0.09834388891074308,,0.09%
08/16/2018,0.09819517272530882,0.09902460761499234,0.09794223367058108,0.09902460761499234,,1.00%
08/15/2018,0.09918175055789735,0.09853381680592779,0.09845426799251747,0.09918371800085297,,-0.79%
08/14/2018,0.09840292059868337,0.09837387976744415,0.09821542571476277,0.09879080060064806,,0.02%
08/13/2018,0.09841841605401203,0.0997635603619422,0.09825981861237484,0.09987216363055289,,0.99%
08/10/2018,0.0993927105386091,0.09941444889600255,0.09928021841648052,0.09957382403313818,,-0.19%
08/09/2018,0.09920044441799099,0.09946191106115913,0.09920044441799099,0.09963334927466923,,0.36%
08/08/2018,0.09955994504291034,0.09921914532628216,0.09908445959335738,0.09969692135906844,,-0.01%
08/07/2018,0.09954507898902018,0.09958274828468716,0.09926642114771836,0.09968897041231357,,0.03%
08/06/2018,0.09957184108334163,0.09959861757118811,0.09921323901461411,0.09968598913422719,,0.12%
08/03/2018,0.09968897041231357,0.09992805180270206,0.09959464977541407,0.10018132820404933,,0.02%
08/02/2018,0.09971282705807274,0.09949951742734048,0.09942136764033327,0.09981932701809725,,0.11%
08/01/2018,0.09981932701809725,0.09963831292408556,0.09895405563197007,0.09981932701809725,,-0.31%
07/31/2018,0.09951337957388372,0.09938480803824327,0.09917683229197659,0.09974465368656239,,-0.18%
07/30/2018,0.09933643263003139,0.0993384062146107,0.09912079851715286,0.09965618615775575,,-0.02%
07/27/2018,0.09931867389706613,0.0991384865518643,0.09896384850614072,0.09957481553765422,,-0.39%
07/26/2018,0.09893349690338156,0.09797677950325773,0.09792592882743492,0.09896678674636791,,-0.44%
07/25/2018,0.09849693674526723,0.09844845239032841,0.09819613696397184,0.09876738305941846,,0.00%
07/24/2018,0.0985017878074487,0.09908740499995046,0.0985017878074487,0.0992063492063492,,0.17%
07/23/2018,0.09866992935233058,0.09832358291136128,0.0981152068759137,0.09884157672083185,,-0.17%
07/20/2018,0.09849887711280092,0.09808344939874847,0.09808344939874847,0.09864948850240211,,-0.34%
07/19/2018,0.09816047274083672,0.09791825783835655,0.09781003335322137,0.09825595676737903,,-0.25%
07/18/2018,0.09791825783835655,0.09791538152728413,0.09775839989051059,0.09805555827932107,,0.09%
07/17/2018,0.09800558631842014,0.09750960469606257,0.0972942469911754,0.09801903529665461,,-0.40%
07/16/2018,0.09760954230885611,0.09764957473610202,0.09710717719146622,0.09784257130277384,,0.08%
07/13/2018,0.09768868569642265,0.09735676386116926,0.09709114917084159,0.0979125053851878,,-0.39%
07/12/2018,0.09731034214316298,0.0974535390252697,0.09703838838644568,0.09757525491535347,,-0.10%
07/11/2018,0.0972091259927482,0.0969283408775892,0.09659875773997546,0.09723842862699338,,-0.80%
07/10/2018,0.09642736608649535,0.09640505548110943,0.09593338385824883,0.09655492043874556,,-0.07%
07/09/2018,0.09636046522832611,0.09643573522604536,0.09611133537089364,0.09659129326082547,,0.20%
07/06/2018,0.09655585273301341,0.09634932410949137,0.09626399437818273,0.09669122623813114,,-0.21%
07/05/2018,0.09635675123577533,0.09658849437854963,0.09618714170289716,0.09668748670547059,,0.21%
07/04/2018,0.09655678504528513,0.09693209906460525,0.09630014830222838,0.09693209906460525,,0.36%
07/03/2018,0.09690016376127675,0.09749439407234084,0.09678480865643328,0.0977211429464879,,0.14%
07/02/2018,0.09703179731998177,0.09677637882145726,0.0967052520622395,0.09703179731998177,,-0.33%
06/29/2018,0.09671366951004855,0.09621212850091881,0.09621212850091881,0.09688514266337257,,-0.46%
06/28/2018,0.09626677448545409,0.0963474675068166,0.09569103279331694,0.09651578033008397,,-0.05%
06/27/2018,0.0962213861652891,0.0962084259339433,0.0959425879553675,0.09668842156151801,,0.01%
06/26/2018,0.09622971958659712,0.09590762177870275,0.09587084280057906,0.0964999469250292,,-0.22%
06/25/2018,0.09601351870343344,0.095724924855934,0.09572309223877168,0.09623990683977017,,-0.16%
06/22/2018,0.09585705795517724,0.09549456635917417,0.09549456635917417,0.09591866097549279,,-0.30%
06/21/2018,0.095565749235474,0.09515743798113979,0.0951022349025202,0.09560595051436001,,-0.47%
06/20/2018,0.09511851767302058,0.09467276359264204,0.09466111321469141,0.09513661618083567,,-0.19%
06/19/2018,0.09493791060646337,0.09459753478824343,0.09458411365227097,0.09493791060646337,,-0.31%
06/18/2018,0.09464050803024711,0.09447420381864732,0.0944608176528376,0.09476606995631283,,-0.03%
06/15/2018,0.09461275001419191,0.09490187146490528,0.09429425465106411,0.09490187146490528,,-0.04%
06/14/2018,0.09457427390601209,0.09451617171698078,0.09433428296511519,0.09472657175064178,,0.01%
06/13/2018,0.0945867975747945,0.0949667616334283,0.09455817691834902,0.0949667616334283,,0.31%
06/12/2018,0.09488386215272507,0.09493340421694182,0.09481818612809936,0.09503354684203523,,0.00%
06/11/2018,0.09488296186653762,0.09486405980230331,0.09482268158543525,0.0952181447696673,,-0.01%
06/08/2018,0.09487125970058631,0.09484786402610212,0.09451885178498852,0.09495503878913335,,-0.06%
06/07/2018,0.09481099428289705,0.09555753041118405,0.09475529445207752,0.09560595051436001,,0.81%
06/06/2018,0.09557762336681737,0.09545810343840089,0.09517464547444561,0.09557945041816009,,-0.11%
06/05/2018,0.09547086229282824,0.09555844354407154,0.09519004692869314,0.09559498317528295,,0.11%
06/04/2018,0.09557122923715045,0.0957450882769714,0.09527983688091926,0.09596284318711795,,0.28%
06/01/2018,0.09583409201989516,0.09505432354590648,0.09499743506925312,0.09586073352633294,,-0.80%
05/31/2018,0.09506607091928891,0.09520454696916325,0.09478223780863466,0.09520635978483362,,0.12%
05/30/2018,0.09518098664610758,0.09466380150894099,0.09463513423993791,0.09526349883778532,,-0.61%
05/29/2018,0.09459932456082264,0.09506697468366464,0.09434763328961893,0.0951963901528854,,0.36%
05/28/2018,0.09494422027059102,0.09433428296511519,0.09430314689601191,0.09505703422053233,,-0.60%
05/25/2018,0.09437078280564337,0.09336196433572962,0.09336196433572962,0.09437078280564337,,-1.10%
05/24/2018,0.09333233778839693,0.09344309782557911,0.09322792362768496,0.09356637598712526,,0.12%
05/23/2018,0.09344047841524948,0.09367593746194415,0.09328271191500079,0.09373476810018372,,0.18%
05/22/2018,0.0936119224144387,0.0935698779848791,0.0935130029830648,0.09383151612963761,,0.11%
05/21/2018,0.09371632069724942,0.09381127048603619,0.09359177141145751,0.09390641286893482,,0.13%
05/18/2018,0.09383679903911117,0.09396994841049833,0.09358213704168147,0.09399644693430588,,0.13%
05/17/2018,0.0939593531838127,0.09400174843252085,0.09374970703216552,0.09408842430115823,,0.05%
05/16/2018,0.09400970180122589,0.0937013924026911,0.09348328051527983,0.0940910801656003,,-0.35%
05/15/2018,0.0936803252580893,0.09383151612963761,0.09333669345429768,0.09412916403889418,,0.16%
05/14/2018,0.09383063570255688,0.0939134681304646,0.0936952468401278,0.09425781397277835,,0.22%
05/11/2018,0.09403268576157071,0.09430314689601191,0.0940158886851878,0.09457248508119048,,0.41%
05/10/2018,0.09441889888680118,0.09450277365640682,0.09426314499556963,0.09460379928857944,,0.05%
05/09/2018,0.09446706405811614,0.094859560420797,0.09446706405811614,0.09487846069185374,,0.46%
05/08/2018,0.09490007022605197,0.09481099428289705,0.0945930606530705,0.09500194753992457,,-0.08%
05/07/2018,0.09482807669694843,0.09503535315137232,0.09467097104014995,0.09508053321163025,,0.42%
05/04/2018,0.0952217715058371,0.09516649378086964,0.09500916838474913,0.09526077637532746,,0.08%
05/03/2018,0.09530072142646119,0.0954754198531588,0.09516739945564248,0.0956434412510162,,0.11%
05/02/2018,0.0954034612375737,0.09509319132750095,0.09509319132750095,0.0954663051675911,,-0.62%
05/01/2018,0.09480919649205974,0.09529436429129581,0.09479481661942725,0.095308896132365,,0.51%
04/30/2018,0.09529436429129581,0.09509409560760372,0.09509409560760372,0.09545263640181742,,-0.24%
04/27/2018,0.09506516717209647,0.09487305984592614,0.09477415319294123,0.09512756606609463,,-0.22%
04/26/2018,0.09485146260955345,0.0945000945000945,0.09444832732012316,0.0948532620036803,,-0.33%
04/25/2018,0.09453940402359703,0.09496495793052363,0.09437523593808984,0.09496585977341146,,0.45%
04/24/2018,0.0949631542961331,0.09498209587492758,0.09484426571569483,0.09516196566556279,,-0.01%
04/23/2018,0.09495053077346702,0.095047999239616,0.09485776078769885,0.09514657329616275,,0.16%
04/20/2018,0.09509861726610495,0.09543623904869157,0.09506516717209647,0.09544352606562698,,0.24%
04/19/2018,0.09532615845114058,0.09551463284175135,0.09511851767302058,0.09553562045608706,,0.15%
04/18/2018,0.09547177377008488,0.09571026588311862,0.09547177377008488,0.0958047116757202,,0.19%
04/17/2018,0.09565441971246282,0.09587543863013175,0.09552649427318667,0.09600430099268448,,0.22%
04/16/2018,0.09586900459212533,0.09625102266711584,0.09585338266587427,0.09626955475330927,,0.30%
04/13/2018,0.09616124317255173,0.09631035047336536,0.09611780197810436,0.09646085136347414,,0.21%
04/12/2018,0.0963623223319682,0.09608178481523473,0.0958432770733297,0.09641435031190042,,-0.31%
04/11/2018,0.09606147934678194,0.09668935643564357,0.09606147934678194,0.09676982329830265,,0.71%
04/10/2018,0.09673986649898424,0.09705063131435669,0.09660808996145337,0.09706758816163695,,0.37%
04/09/2018,0.09709774830321685,0.0970751264403522,0.0969057978738868,0.09719873252852783,,0.01%
04/06/2018,0.09710717719146622,0.09709963393438006,0.09693491789612455,0.09712226722220603,,0.06%
04/05/2018,0.09716756546664725,0.09694337537444378,0.09679511378265626,0.09716756546664725,,-0.24%
04/04/2018,0.09693585754306375,0.09680448398369812,0.09669216116649423,0.09696217505551084,,-0.17%
04/03/2018,0.09676795045480938,0.09648411871405967,0.09642829591915451,0.09676795045480938,,-0.35%
04/02/2018,0.09642922576974629,0.0962306456114014,0.09622323791195574,0.09649342879749889,,-0.06%
03/30/2018,0.09637253768166223,0.09654093818483728,0.09617881565406404,0.0966006240400313,,0.23%
03/29/2018,0.09659502535619416,0.09666318679194215,0.09643108552472975,0.09676888686749437,,0.06%
03/28/2018,0.0966529097358476,0.09658382993519225,0.0963511807837205,0.09671647565162726,,0.10%
03/27/2018,0.09674548198599126,0.09646085136347414,0.09630849537237679,0.09683260547491551,,0.03%
03/26/2018,0.09677450572421202,0.0970393300404654,0.09658942732128542,0.0972715334857254,,0.42%
03/23/2018,0.09718456320398068,0.09723559211613819,0.09699415125267946,0.09728383531792358,,0.12%
03/22/2018,0.09730466089325679,0.09682135491804073,0.09680260979836017,0.09732075949120707,,-0.30%
03/21/2018,0.0970110883674004,0.09708832124583734,0.09695935463853553,0.09712038071189238,,0.13%
03/20/2018,0.09713358782333344,0.09713358782333344,0.09693679720822024,0.09719684304653785,,-0.04%
03/19/2018,0.09709020651086925,0.09747443732881052,0.09709020651086925,0.09747538746466516,,0.40%
03/16/2018,0.09747633761904297,0.09739374342592232,0.09729235379391533,0.097551458394303,,-0.20%
03/15/2018,0.09727815716259071,0.09728099615740064,0.0971213239578882,0.0975495551740284,,0.17%
03/14/2018,0.09743929531901625,0.09742885258040317,0.09704592213035208,0.097458287852799,,0.04%
03/13/2018,0.09747348721147849,0.09739753779024465,0.09717606359201601,0.09757525491535347,,-0.07%
03/12/2018,0.09740702499464261,0.09713736194352433,0.09710717719146622,0.09742980182778309,,-0.18%
03/09/2018,0.09723653760136909,0.09751911374629427,0.09706287733193562,0.09753338079957866,,0.18%
03/08/2018,0.09741556505898513,0.09754670048285617,0.0972507220866115,0.09758382450525001,,0.08%
03/07/2018,0.09749534459729547,0.09717795226618985,0.09717795226618985,0.09752482006670697,,-0.29%
03/06/2018,0.09721479609196519,0.097454488753752,0.09717795226618985,0.09769441187964048,,0.45%
03/05/2018,0.09764766768545734,0.09709680551509856,0.09702897285129339,0.09764766768545734,,-0.36%
03/02/2018,0.09729235379391533,0.09722235725327397,0.097131700873214,0.09750199879097522,,0.19%
03/01/2018,0.09747348721147849,0.09701955914312325,0.09701955914312325,0.0975495551740284,,-0.40%
02/28/2018,0.09708643605401888,0.09751721178788056,0.09681666795755559,0.09754670048285617,,0.22%
02/27/2018,0.09730371408276653,0.09733117906990325,0.09707135715464438,0.09740797381673665,,0.22%
02/26/2018,0.09751530990365488,0.09764576070929881,0.097242210898907,0.09766960326607153,,0.43%
02/23/2018,0.09793264192888132,0.09766483382328524,0.09746398705678253,0.09793264192888132,,-0.21%
02/22/2018,0.09773069330153827,0.09794223367058108,0.09751911374629427,0.09798926037706268,,0.23%
02/21/2018,0.09795758436596953,0.09780620678188238,0.09774693318997117,0.09809788206672619,,-0.09%
02/20/2018,0.09787417296323846,0.09840485726375453,0.09787129924149744,0.098542555602637,,0.95%
02/19/2018,0.0988034897392576,0.0988034897392576,0.0988034897392576,0.0988034897392576,,0.05%
02/16/2018,0.09885721064494443,0.09938382031405288,0.09883376161296699,0.09947675228299147,,0.49%
02/15/2018,0.09934432743890323,0.09925164261468528,0.09922111425311306,0.09938480803824327,,-0.31%
02/14/2018,0.09903539525026243,0.09866408824516051,0.09844263747514323,0.09910213465998058,,-0.37%
02/13/2018,0.09866895578644092,0.09848335631278314,0.09830521804097361,0.09874982718780242,,-0.24%
02/12/2018,0.09843682324684018,0.09779377249256767,0.09764766768545734,0.09849693674526723,,-0.63%
02/09/2018,0.09781481698847741,0.09852605028769607,0.09774693318997117,0.09852605028769607,,0.60%
02/08/2018,0.09839807926949265,0.09781577377167842,0.09765529633499673,0.09869037867498298,,-0.88%
02/07/2018,0.09753338079957866,0.09777273705000097,0.09731318301690331,0.09778803465607948,,0.30%
02/06/2018,0.09782438566285803,0.09825595676737903,0.09758668136972666,0.09825595676737903,,0.25%
02/05/2018,0.09806613580198485,0.09831681610822715,0.09794511155948207,0.09831681610822715,,0.20%
02/02/2018,0.09826078412105729,0.09812098317225139,0.09784735812133072,0.09841066771638045,,0.20%
02/01/2018,0.09846008428183214,0.09909427829637117,0.09821349649868884,0.09909526027370111,,0.51%
01/31/2018,0.09895895182678226,0.09929796339877069,0.09861057697048585,0.0993591335883551,,0.34%
01/30/2018,0.09929303360076258,0.09962044610035764,0.09919847631140385,0.09962243098656093,,0.35%
01/29/2018,0.09964526286420343,0.09955003384701151,0.09935321059900051,0.09967605282830799,,-0.26%
01/26/2018,0.09938875913134224,0.09966512517939723,0.09934235361904194,0.09974863344372183,,0.18%
01/25/2018,0.09956391007387642,0.09983527180152747,0.09928021841648052,0.09983527180152747,,0.50%
01/24/2018,0.10006303971502045,0.1002817918350565,0.09984523987818882,0.10042681395932715,,0.39%
01/23/2018,0.10045102510271117,0.10006704492009647,0.09999100080992711,0.1005378776454029,,-0.20%
01/22/2018,0.10025464680287931,0.10043286565095563,0.10010210414622915,0.10047928619515088,,0.07%
01/19/2018,0.1003290793803676,0.10014320478283946,0.10005603137757144,0.10050251256281408,,0.19%
01/18/2018,0.10052069721155586,0.10067857358596943,0.100500492452413,0.10085830416847372,,0.20%
01/17/2018,0.10071710579324791,0.10047120997478173,0.10025464680287931,0.10090410074265418,,-0.06%
01/16/2018,0.1006562789386802,0.10123711757678835,0.10036835185129425,0.10139416983523447,,0.69%
01/15/2018,0.10134792743488395,0.1014991423322473,0.10102949050827938,0.10156099245401827,,0.22%
01/12/2018,0.1015713081368775,0.1019742209169522,0.10140856496739714,0.102128354916459,,0.41%
01/11/2018,0.10199190184299366,0.102441173156315,0.10192640913260625,0.102441173156315,,0.28%
01/10/2018,0.10228086325048584,0.10265359544218036,0.10212105429776458,0.10265359544218036,,0.27%
01/09/2018,0.10255463598231958,0.10246006618920275,0.10228190939868466,0.10261883260816025,,-0.15%
01/08/2018,0.10239816502488275,0.10221186475326056,0.10221186475326056,0.10255673951613731,,0.04%
01/05/2018,0.10244327203810889,0.10224426154082102,0.10218262077985776,0.10245271807061042,,-0.02%
01/04/2018,0.10241914008889981,0.10235728835071702,0.10228190939868466,0.10269049086054632,,-0.02%
01/03/2018,0.10240131073677744,0.10241599328151085,0.10225785340314136,0.10255884313624941,,-0.08%
01/02/2018,0.1023216788941073,0.10202728209523228,0.1018859081600424,0.10235833606288895,,-0.14%
01/01/2018,0.10217740040257897,0.10189732825205322,0.101881756033947,0.10224948875255624,,-0.25%
12/29/2017,0.10192121490088162,0.10197630070771552,0.10165804267604632,0.10206372859213292,,0.03%
12/28/2017,0.10195654612004364,0.10223589911361476,0.10176666938044453,0.10231958499176326,,0.30%
12/27/2017,0.10225785340314136,0.10223798959217266,0.10211896859841715,0.10243697565073089,,-0.07%
12/26/2017,0.10218888593676552,0.10217322448479152,0.10205435414901977,0.10243068003728475,,-0.04%
12/25/2017,0.10215130651521033,0.10265359544218036,0.10212626891889132,0.10265359544218036,,0.58%
12/22/2017,0.10273902233546346,0.10274324463166547,0.10248841880867463,0.10283305054244433,,0.11%
12/21/2017,0.10285420416559526,0.10233214969146857,0.10222335803731152,0.10287007509515482,,-0.24%
12/20/2017,0.10260514462195135,0.10306197116326048,0.1025630506353781,0.10312467773538209,,0.48%
12/19/2017,0.10310128670405808,0.10301950159165131,0.10298236941835558,0.10329724816130899,,-0.06%
12/18/2017,0.10304285552361227,0.10315127133941926,0.10211166932157006,0.1032108908131986,,0.10%
12/15/2017,0.10314275989396925,0.10275696949145575,0.10269154540506681,0.1032258064516129,,-0.40%
12/14/2017,0.10272846811308349,0.10249157006836188,0.10244747005972686,0.10286901688080567,,-0.07%
12/13/2017,0.1026588645929576,0.10277809182194723,0.10251363431336369,0.10285420416559526,,0.14%
12/12/2017,0.10280239323971463,0.1027759791981418,0.10262725779967159,0.10290289054219533,,0.04%
12/11/2017,0.10284574167206607,0.1026578107195286,0.10258304097166655,0.10288912667709275,,-0.16%
12/08/2017,0.10268627289903885,0.1025220422390814,0.10245271807061042,0.10275802540178387,,-0.17%
12/07/2017,0.10251363431336369,0.10258830288170542,0.10237091028213423,0.10258935532849112,,-0.01%
12/06/2017,0.1025083800600699,0.10283939571571077,0.10246006618920275,0.10284045332071823,,0.33%
12/05/2017,0.10284468395828619,0.10278020453260703,0.10257777960138276,0.1029155989173279,,-0.02%
12/04/2017,0.10282247699347077,0.10247686584753492,0.10244642052206696,0.10294420424130121,,-0.25%
12/01/2017,0.1025630506353781,0.10247056533010893,0.10234785990624937,0.10261040879986866,,-0.02%
11/30/2017,0.1025399136613927,0.10266202634307596,0.10227772493428657,0.10272424703126926,,0.15%
11/29/2017,0.10269365455908479,0.10261777955648596,0.10229027935475292,0.10291983573994215,,-0.10%
11/28/2017,0.10258725045651326,0.10236567064869125,0.10217218055867748,0.10260093366849639,,-0.27%
11/27/2017,0.10231435061081667,0.10211584020913324,0.10179982083231534,0.10246531549070641,,-0.23%
11/24/2017,0.10207518858391092,0.1018454393612254,0.10172112137364202,0.10214295928581642,,-0.11%
11/23/2017,0.10195862518989794,0.10183195690471583,0.10146103896103896,0.1019742209169522,,-0.07%
11/22/2017,0.10188383205469125,0.10220664138755736,0.1017967119662035,0.10232900822725227,,0.29%
11/21/2017,0.10218262077985776,0.10194095579840157,0.10184751390218565,0.10221290949046864,,-0.26%
11/20/2017,0.10191913735642141,0.10188487009679063,0.10173664452199038,0.10205018828259739,,0.01%
11/17/2017,0.10192640913260625,0.10156924483266468,0.1013993104846887,0.10251048169675349,,-0.37%
11/16/2017,0.10155067886628821,0.10148678134672959,0.1013993104846887,0.10178324240697012,,-0.07%
11/15/2017,0.10147854236221751,0.10142193553621777,0.10126274644820918,0.10160846195271142,,-0.02%
11/14/2017,0.10145589205093085,0.10148575140050337,0.1013078847926734,0.10172112137364202,,0.02%
11/13/2017,0.1014744233715892,0.10202520022445544,0.10131712259371835,0.10204810547692182,,0.40%
11/10/2017,0.10187864216145727,0.10220455219075458,0.10184751390218565,0.10225367090678555,,0.31%
11/09/2017,0.10219724067450178,0.10210645619122498,0.10200438618860612,0.10227772493428657,,-0.10%
11/08/2017,0.10209603152725454,0.10205018828259739,0.10185270062435706,0.10212418300653595,,-0.04%
11/07/2017,0.10205956196036008,0.10266835042761369,0.10193991661314822,0.10267045862893869,,0.58%
11/06/2017,0.10265043421133672,0.10287854159379436,0.10243277848911653,0.10287854159379436,,0.18%
11/03/2017,0.10283410801694706,0.10232272587741738,0.10221604383023959,0.10283410801694706,,-0.48%
11/02/2017,0.10234471747740741,0.1022526253361555,0.10196590260216984,0.10236671853247072,,-0.08%
11/01/2017,0.1022672652710594,0.10249262053132174,0.10225367090678555,0.10261462053113327,,0.20%
10/31/2017,0.10246951531919253,0.10248106662294142,0.1021648736731337,0.10248106662294142,,0.01%
10/30/2017,0.10247476558897371,0.10214608933696974,0.10211271201151831,0.10252309332677186,,-0.20%
10/27/2017,0.1022662194224004,0.10248211687060609,0.10217113665389528,0.1027759791981418,,0.18%
10/26/2017,0.10244642052206696,0.10225994477962982,0.10206581203560057,0.10244642052206696,,-0.18%
10/25/2017,0.10225785340314136,0.10192952592577491,0.1017759910437128,0.10239606799098915,,-0.30%
10/24/2017,0.10194927004322649,0.10210645619122498,0.10182469859889215,0.10215965510900435,,0.17%
10/23/2017,0.10211896859841715,0.1017987845225128,0.1017987845225128,0.10218575326228017,,-0.32%
10/20/2017,0.10179153094462541,0.1017770268894905,0.10161775465409316,0.10191602119853242,,-0.01%
10/19/2017,0.1017780627563535,0.10188902247671835,0.10167871559446462,0.10201167013506346,,0.09%
10/18/2017,0.10187449062754686,0.10182262498727218,0.10154139842813915,0.10187449062754686,,-0.02%
10/17/2017,0.10185270062435706,0.10184958852766235,0.10168802115110841,0.1020866511494957,,0.00%
10/16/2017,0.10185270062435706,0.10174389027938872,0.10154758519842398,0.10185270062435706,,-0.16%
10/13/2017,0.10169422580185898,0.10129146619397315,0.10102234614296683,0.10169422580185898,,-0.43%
10/12/2017,0.10126069566097919,0.10115007636830765,0.10102234614296683,0.10129044020825315,,-0.12%
10/11/2017,0.10113984606515429,0.10065121335037694,0.10065121335037694,0.10123916740908724,,-0.42%
10/10/2017,0.10071203408095233,0.10140445165542768,0.10065931853641351,0.10140445165542768,,0.66%
10/09/2017,0.10137669552523265,0.10171284429797794,0.10122891907760208,0.10178324240697012,,0.35%
10/06/2017,0.10173457449514219,0.10204602275626308,0.10172629523005403,0.10204602275626308,,0.39%
10/05/2017,0.10213252716725223,0.10221082003740917,0.10205331265052864,0.10239921357403975,,0.18%
10/04/2017,0.10231330379889297,0.10182055146010671,0.10175838489091502,0.10243907436052407,,-0.69%
10/03/2017,0.10160226776261647,0.10143119414944872,0.10136539182792212,0.10163324626751903,,0.27%
10/02/2017,0.10187449062754686,1111.111111111111,1111.111111111111,1111.111111111111,,0.00%
09/29/2017,0.10187449062754686,0.10180707559175363,0.1014373674974387,0.10230807006056637,,-0.09%
09/28/2017,0.10178738650706404,0.10094993892528695,0.10083898031623104,0.10179463949428423,,-0.69%
09/27/2017,0.10108055109116454,0.1013273887931908,0.10087356507353684,0.10150738466223418,,0.35%
09/26/2017,0.1014373674974387,0.10166941174078366,0.10117361392148927,0.10170043120982833,,0.22%
09/25/2017,0.10166527724121104,0.10178842258481521,0.10156408693885842,0.10201895512186165,,0.05%
09/22/2017,0.10172112137364202,0.10173043469414744,0.10114291493880853,0.10181640465911868,,-0.04%
09/21/2017,0.10168181725743802,0.10227354081225647,0.10154655401768942,0.10271158586688578,,0.57%
09/20/2017,0.10226517359513218,0.1023719582731898,0.10186930168593694,0.1023719582731898,,0.12%
09/19/2017,0.10239082578200992,0.10243592632808178,0.10225680774697576,0.10279816608071712,,0.08%
09/18/2017,0.10246846532979476,0.10217426843223802,0.10208352473994223,0.10256410256410256,,-0.25%
09/15/2017,0.10220768601798855,0.10225994477962982,0.10195862518989794,0.10225994477962982,,0.03%
09/14/2017,0.10224217080577055,0.10221395424903408,0.10194927004322649,0.10236462278636503,,-0.02%
09/13/2017,0.10221813349688236,0.1020428988346701,0.10178842258481521,0.10222022324896758,,-0.15%
09/12/2017,0.10206685378923196,0.10216591744993869,0.10201895512186165,0.10240131073677744,,0.06%
09/11/2017,0.10213044099924425,0.10197942055293242,0.1017563139792824,0.10215548064153643,,-0.50%
09/08/2017,0.10161775465409316,0.10131609608818552,0.10065323952451409,0.10161775465409316,,-0.28%
09/07/2017,0.1013284155275664,0.10181329478003238,0.10127300163049532,0.10188694624444716,,0.51%
09/06/2017,0.10184129053283363,0.10203769272369213,0.10157749855252066,0.10203769272369213,,0.16%
09/05/2017,0.10200022440049368,0.10197942055293242,0.10167561412070929,0.10220350762438167,,-0.02%
09/04/2017,0.10198254058905115,0.10244327203810889,0.10159401001716939,0.10244327203810889,,0.45%
09/01/2017,0.1024453710059111,0.10302799270561812,0.1022149990289575,0.10307365643488836,,0.61%
08/31/2017,0.10307153164296022,0.10300040170156663,0.10294526400312953,0.10332286328318731,,-0.02%
08/30/2017,0.10305241245697562,0.10304497913339174,0.10275169026530485,0.10317574957182064,,0.00%
08/29/2017,0.10304922661555424,0.10358615260312001,0.10294208478310103,0.10361942657009336,,0.35%
08/28/2017,0.10341368576717443,0.10394146016963247,0.10341368576717443,0.10398901875961898,,0.47%
08/25/2017,0.10389502446727826,0.1040019968383393,0.10384647337376422,0.10406910188365075,,0.12%
08/24/2017,0.10402038799604722,0.10397063869163348,0.10384323824754152,0.10406910188365075,,-0.05%
08/23/2017,0.10397063869163348,0.10398901875961898,0.1038270656394709,0.10401930598319048,,0.01%
08/22/2017,0.10398253093480295,0.1039749628289508,0.10372475598751153,0.10398253093480295,,-0.01%
08/21/2017,0.10397171969224371,0.10406260406260406,0.1039619914959091,0.10418620157946282,,0.11%
08/18/2017,0.10408426662225738,0.10404744563520965,0.10398685606139384,0.10422963874007211,,-0.05%
08/17/2017,0.10402796271637817,0.10426441455531228,0.10380550999647062,0.10426441455531228,,0.24%
08/16/2017,0.10427854885971406,0.10425680536297008,0.10395010395010396,0.10437759639271027,,-0.01%
08/15/2017,0.10426550167346131,0.10410051946159211,0.10404852823356812,0.10428289864745081,,-0.17%
08/14/2017,0.10409076714895389,0.10398361218272001,0.10374304921570254,0.10419705747509689,,-0.17%
08/11/2017,0.10390905879174547,0.10374304921570254,0.10368066355624676,0.10418294525186228,,-0.19%
08/10/2017,0.10371292263015973,0.1045467376190526,0.10371292263015973,0.1045467376190526,,0.77%
08/09/2017,0.10450849654076877,0.1053274630827242,0.10448119860831044,0.10539073615429204,,0.75%
08/08/2017,0.10529530067073106,0.1053274630827242,0.10498246792785605,0.10537851964255607,,-0.01%
08/07/2017,0.10528421473768437,0.1057484877966245,0.10523324949751123,0.10575072439246208,,0.37%
08/04/2017,0.10567696664834933,0.10549413452612035,0.10532857248185716,0.10578876100203115,,-0.23%
08/03/2017,0.10543851879968791,0.10567026650041211,0.10542962572482868,0.10585707178168037,,0.18%
08/02/2017,0.10563231503781638,0.10484158436602294,0.10480422570638047,0.10573171634295139,,-0.77%
08/01/2017,0.10481521078338889,0.10486357249218767,0.10463315615452225,0.10499018341785044,,-0.04%
07/31/2017,0.10477567527922717,0.1051104711051315,0.10465615221190779,0.1051104711051315,,0.29%
07/28/2017,0.10508396208570649,0.10520999915832001,0.10502767479230778,0.10527202290719219,,0.07%
07/27/2017,0.10515357679891482,0.10502988100114483,0.10461017020074691,0.10520999915832001,,-0.20%
07/26/2017,0.10494831295586925,0.10488666995311566,0.10475043209553239,0.10502988100114483,,-0.09%
07/25/2017,0.10485367669417328,0.10494941438226775,0.10476799128330312,0.10500561780055231,,-0.01%
07/24/2017,0.10484048520176552,0.10511820542199704,0.10475043209553239,0.10511820542199704,,0.25%
07/21/2017,0.10510052865565914,0.10504863751917139,0.10498577442756506,0.10528754027248416,,-0.09%
07/20/2017,0.10500231005082111,0.10509831947787154,0.10494611017242646,0.1052930832973582,,0.05%
07/19/2017,0.10505415541711752,0.10499569517649776,0.10495161730442266,0.1051513653904796,,-0.15%
07/18/2017,0.10489327109665915,0.10527091469897783,0.10479214478082723,0.10527091469897783,,0.31%
07/17/2017,0.1052133200063128,0.10528088941295376,0.10505746643413948,0.10528088941295376,,-0.03%
07/14/2017,0.10517680220450577,0.1052576180201042,0.10505857015286023,0.10536630596267925,,0.06%
07/13/2017,0.10523546435148645,0.10533744851632204,0.10511931041732367,0.10533966775868789,,0.04%
07/12/2017,0.1052775642982724,0.10540628853917425,0.10505415541711752,0.10540628853917425,,0.08%
07/11/2017,0.10535853509492804,0.10557989758749933,0.10523546435148645,0.10561669588728587,,0.16%
07/10/2017,0.10552307789713611,0.10538740409746228,0.10519782450898915,0.10560331171985553,,-0.20%
07/07/2017,0.10531415211576131,0.10512925642076934,0.10492408742274964,0.10543296045209653,,-0.22%
07/06/2017,0.10508285783340164,0.10500010500010501,0.10483389070018556,0.1051701653274999,,-0.12%
07/05/2017,0.10496153159866908,0.10502546867615398,0.10479653752240027,0.10508285783340164,,0.01%
07/04/2017,0.10496704034933031,0.10491968398191184,0.10472520107238606,0.1051635292880429,,-0.09%
07/03/2017,0.10487566989334145,0.1048723703253141,0.104667106268513,0.10505194818837915,,0.06%
06/30/2017,0.10493509764210836,0.10501885088373362,0.10446155292544579,0.10503319048819428,,0.03%
06/29/2017,0.10496483677967881,0.10544518959045089,0.10478994854813527,0.10544518959045089,,0.40%
06/28/2017,0.10538185113759709,0.10571159761937482,0.1051602115823457,0.10571159761937482,,0.27%
06/27/2017,0.10566245073488234,0.10622364325851649,0.10556540832699941,0.1062405711493105,,0.48%
06/26/2017,0.10617063744850724,0.10607941104710987,0.10590752155218064,0.10625411734704719,,-0.17%
06/23/2017,0.10598609462438528,0.10585707178168037,0.10577421436202282,0.10618303832145853,,-0.18%
06/22/2017,0.10579435692900141,0.10586603711663262,0.10571495020825844,0.10602092853129208,,0.04%
06/21/2017,0.10583466508620233,0.10583242493835261,0.10555537962992285,0.10590976488032196,,-0.02%
06/20/2017,0.10581338750978775,0.10580107282287841,0.10578092769873591,0.10613232578378723,,-0.07%
06/19/2017,0.10573730623638633,0.10571271512537528,0.10555983659337295,0.10595016104424479,,-0.09%
06/16/2017,0.10564459046874505,0.10548634479266658,0.10526869835254488,0.10585146921839275,,-0.19%
06/15/2017,0.1054418540895623,0.10568701846352213,0.10528088941295376,0.10578540372999334,,0.27%
06/14/2017,0.10573171634295139,0.10570489307950065,0.10554423886772141,0.10583802548579654,,-0.06%
06/13/2017,0.10566580020710496,0.10550192541013872,0.10534521627372902,0.10573395222940038,,-0.22%
06/12/2017,0.10543073727714579,0.1058525896836066,0.10540739959945188,0.1058525896836066,,0.36%
06/09/2017,0.10581450716893286,0.10578876100203115,0.10565798510222411,0.10598609462438528,,0.02%
06/08/2017,0.10584026587074787,0.10550971744497668,0.10545074922757326,0.10587612493382742,,-0.35%
06/07/2017,0.10546631933092167,0.1054652070282014,0.10527091469897783,0.1057484877966245,,0.00%
06/06/2017,0.10546743165710429,0.10578316566701575,0.10535076537331042,0.10578428468666694,,0.25%
06/05/2017,0.10573507020808663,0.10557878288779086,0.10552419142088323,0.10584138609879234,,0.01%
06/02/2017,0.10574625129539159,0.10568701846352213,0.10548523206751054,0.10594567105988048,,-0.16%
06/01/2017,0.10558212705753171,0.10543407207473167,0.10508837932701401,0.10580219222142284,,-0.01%
05/31/2017,0.10556652274430733,0.10617063744850724,0.10554758084944695,0.10617063744850724,,0.47%
05/30/2017,0.10606590935607385,0.1061210629085661,0.1059467935202941,0.10618642088049779,,0.15%
05/29/2017,0.10622138661398085,0.10636826821822513,0.10613119938868429,0.10641694157709908,,0.05%
05/26/2017,0.10627105495276251,0.10643732970027248,0.10600968928560071,0.10652576858342033,,0.12%
05/25/2017,0.10640335383371284,0.10643279833113373,0.10605578534309046,0.10661549123087584,,-0.03%
05/24/2017,0.10637505717659322,0.10624282860906889,0.1060332944544587,0.10651555659704101,,-0.19%
05/23/2017,0.10617176468090077,0.10685358921206164,0.10611430633077952,0.10687757174157003,,0.54%
05/22/2017,0.10674864962958218,0.10667576966567814,0.10653257766224912,0.10696102340307193,,-0.10%
05/19/2017,0.1066370926463061,0.10622025832766825,0.10596138767033293,0.10670650376140427,,-0.42%
05/18/2017,0.10618416581719334,0.10740792455667379,0.1061424644157388,0.10745062643715213,,1.06%
05/17/2017,0.10731225720601807,0.10759514100343229,0.10724550641328127,0.10765073794580861,,0.20%
05/16/2017,0.10752919417621885,0.10768435561681598,0.10737102056155044,0.10768435561681598,,0.06%
05/15/2017,0.10759398334445137,0.10743677345881948,0.10729843988068413,0.10781903652908957,,-0.19%
05/12/2017,0.1073940825860495,0.10718228491194975,0.10712028536844022,0.10744369950146124,,-0.19%
05/11/2017,0.10719147613381784,0.10692671243129959,0.10688099869605182,0.10731340881043086,,-0.33%
05/10/2017,0.10683532403153778,0.10683304132302038,0.10659844366272252,0.10702054794520549,,-0.04%
05/09/2017,0.10679425019756937,0.10739869617982838,0.10670991975414035,0.10739869617982838,,0.45%
05/08/2017,0.1072788714262726,0.10729843988068413,0.10723860589812333,0.10758819542319815,,0.05%
05/05/2017,0.10733183784305939,0.10737217342753452,0.10715127617169921,0.10744716285766473,,0.06%
05/04/2017,0.10739177593779868,0.10755463775598005,0.1072788714262726,0.10755463775598005,,0.12%
05/03/2017,0.10751763289179425,0.10749682884354912,0.1073525780721624,0.10757546418812797,,-0.04%
05/02/2017,0.10747256762711317,0.1073629511928024,0.10729843988068413,0.10756042206709619,,-0.18%
05/01/2017,0.1072834751263263,0.10731340881043086,0.10723400604799795,0.1073629511928024,,-0.05%
04/28/2017,0.10722480753147048,0.10762293229441329,0.10704116803322558,0.10762293229441329,,0.34%
04/27/2017,0.10758588042905248,0.10752572552983301,0.10739638933339062,0.10782717460454383,,-0.10%
04/26/2017,0.107479498285702,0.10710766462448054,0.10701711203621458,0.10774120562409094,,-0.43%
04/25/2017,0.10702169329723135,0.10677714541979436,0.10671333596559561,0.10723975592231552,,-0.25%
04/24/2017,0.10675662691761591,0.10651555659704101,0.10644979295515271,0.10691528033186504,,-0.23%
04/21/2017,0.10651101856487054,0.10655414548903025,0.10634677556576484,0.1066598404368787,,-0.01%
04/20/2017,0.10650307793895243,0.10660639851603892,0.10635469290082425,0.10669398032563003,,0.01%
04/19/2017,0.10651896037494674,0.10667690764980105,0.10648606629822488,0.10672700299902879,,0.00%
04/18/2017,0.10652236437039955,0.10680451569492358,0.10644186145527312,0.10691070817653096,,0.20%
04/17/2017,0.10673611629967232,0.10681021960181152,0.10662003816997367,0.10720986330742428,,0.04%
04/14/2017,0.10678284640355372,0.10699192210988069,0.10675548723204373,0.10699192210988069,,0.12%
04/13/2017,0.1069129942053157,0.10657799377584516,0.10619544209162542,0.10705950367214097,,-0.36%
04/12/2017,0.10653030787258974,0.10682162924348923,0.10644186145527312,0.10690042225666792,,0.22%
04/11/2017,0.1067657452782849,0.10697360961050909,0.10668145982909631,0.10717539252987514,,0.08%
04/10/2017,0.10685016401500176,0.10753728855480639,0.10681934712015041,0.1075384449940854,,0.48%
04/07/2017,0.10736525660296328,0.10681934712015041,0.10655187478023677,0.10754538415211218,,-0.56%
04/06/2017,0.1067657452782849,0.10632755265872046,0.1060063179765514,0.10697704272663087,,-0.46%
04/05/2017,0.10627783150712593,0.10590079213792519,0.10561892691170258,0.10634451368653891,,-0.43%
04/04/2017,0.10582458516762613,0.10608053634319176,0.10571159761937482,0.10608053634319176,,0.15%
04/03/2017,0.10597935522160283,0.1063422519035263,0.10577757092386131,0.10640788269595011,,0.19%
03/31/2017,0.10618416581719334,0.10627331370819472,0.10592434883006557,0.10647472822325621,,0.03%
03/30/2017,0.10621913006532477,0.10629364682872905,0.10602879742137965,0.10635356178078405,,-0.01%
03/29/2017,0.10620446483570169,0.1058525896836066,0.10577980875010579,0.10628234969018696,,-0.40%
03/28/2017,0.10577645204624546,0.10584922835912526,0.10569148655075834,0.1060063179765514,,-0.03%
03/27/2017,0.10574513308024998,0.1053252443545669,0.10494390748145116,0.10587276211449081,,-0.50%
03/24/2017,0.10521442700223053,0.10527313113873946,0.10510384259648532,0.10539184688672484,,-0.01%
03/23/2017,0.1052044648774894,0.10512483574244416,0.10497034587728966,0.10541851149061775,,-0.05%
03/22/2017,0.10515357679891482,0.10551083068676999,0.10492628928177955,0.10557543892988736,,0.23%
03/21/2017,0.10539517922450228,0.10581786628854416,0.10539517922450228,0.10581786628854416,,0.31%
03/20/2017,0.10572277374269191,0.1054540852912642,0.10535964514871513,0.10584810796507013,,-0.27%
03/17/2017,0.10543518372080762,0.10558435662172293,0.10505084460879066,0.105683667646002,,0.06%
03/16/2017,0.10549858631894334,0.10539740090009381,0.10495051583178532,0.10569483786411872,,-0.13%
03/15/2017,0.10535853509492804,0.1051845462864596,0.10508175360430413,0.10572389148499778,,-0.22%
03/14/2017,0.10513036164844407,0.10453143782992735,0.10437105999248528,0.10521110608435827,,-0.62%
03/13/2017,0.10448119860831044,0.10384755179396646,0.10369786589791982,0.10458938208593065,,-0.64%
03/10/2017,0.10381628669905735,0.10374950718984084,0.10348003352753087,0.10398361218272001,,-0.18%
03/09/2017,0.10363338653180508,0.10360225024087523,0.10336237816159674,0.10376457892333874,,-0.09%
03/08/2017,0.10354432214709507,0.1036376826614157,0.1034650443347715,0.1036516475429377,,0.06%
03/07/2017,0.10360225024087523,0.10358722562333612,0.10341047754958534,0.10366346692098771,,-0.15%
03/06/2017,0.10344684900897919,0.1032663134958745,0.10315552758894585,0.10354325001553148,,-0.16%
03/03/2017,0.10328231187126893,0.1032919132761096,0.10311191767544493,0.10340620023576613,,-0.11%
03/02/2017,0.10316510543473777,0.10300888966717828,0.10287113333127591,0.10331539089378144,,-0.24%
03/01/2017,0.10292195428206789,0.10299934080421885,0.10277281042527389,0.10312467773538209,,0.00%
02/28/2017,0.10292619162798357,0.10306834461931708,0.1027685856987236,0.10310766502381787,,0.08%
02/27/2017,0.10301101187716966,0.10327377878756584,0.10282353425051925,0.10327377878756584,,0.06%
02/24/2017,0.10306940693863248,0.10305135048794814,0.10290818531706013,0.10322154440074731,,-0.11%
02/23/2017,0.10295586282160839,0.10282459152931014,0.10266729635941767,0.10311936065996391,,-0.22%
02/22/2017,0.10273057878408087,0.10286901688080567,0.10255884313624941,0.1029155989173279,,0.04%
02/21/2017,0.10277069801858095,0.10282247699347077,0.10265570303758224,0.10298130889243602,,0.04%
02/20/2017,0.10280979160455242,0.10252309332677186,0.10234367004400777,0.10286266805188393,,-0.43%
02/17/2017,0.10236357494549139,0.10232796111537476,0.10218679746576742,0.10258304097166655,,-0.19%
02/16/2017,0.10217218055867748,0.10272424703126926,0.10208769332856923,0.10272424703126926,,0.56%
02/15/2017,0.10274535590991288,0.10290394945358003,0.10249892376130051,0.10290394945358003,,0.01%
02/14/2017,0.10275169026530485,0.10292089500010292,0.10244956919956152,0.10295268294691759,,0.00%
02/13/2017,0.10274746727493167,0.1029484434195355,0.10248736843184077,0.10314595152140278,,0.14%
02/10/2017,0.10288912667709275,0.10307896879799615,0.10262620457507621,0.10309065792457887,,-0.01%
02/09/2017,0.10288277536574827,0.10252519556681054,0.1022662194224004,0.1030163177847371,,-0.38%
02/08/2017,0.10249367101581477,0.10233005536055996,0.10202207757758779,0.102535708060332,,-0.27%
02/07/2017,0.102217088652881,0.10220350762438167,0.10196070434454561,0.10232377288215372,,-0.08%
02/06/2017,0.10213565657906831,0.10226308200476546,0.10191290523118943,0.1022881867373137,,0.11%
02/03/2017,0.10225157978690771,0.10247791600910003,0.10185373803218578,0.10247791600910003,,0.14%
02/02/2017,0.10238977740462392,0.10220350762438167,0.1019347210046686,0.10247056533010893,,-0.30%
02/01/2017,0.10207831448287126,0.10179567571969542,0.10164254350300862,0.10218053256493573,,-0.15%
01/31/2017,0.10192744804248335,0.10154242950416831,0.1013232820637526,0.102128354916459,,-0.46%
01/30/2017,0.10145589205093085,0.10112859512155656,0.10102234614296683,0.10165287575985524,,-0.41%
01/27/2017,0.10104480326576805,0.10102642851369918,0.10082271334086143,0.10128736237579637,,-0.10%
01/26/2017,0.10093974906378382,0.10130172719444867,0.1008532182261936,0.10131712259371835,,0.31%
01/25/2017,0.10124839268176618,0.10073029463611181,0.10053484537740781,0.10132430871490379,,-0.58%
01/24/2017,0.10066438494060802,0.10077191285244975,0.10045909807821746,0.10084508178536133,,0.05%
01/23/2017,0.10071913462119535,0.10107033484601935,0.1004429534246025,0.10111734668082309,,0.29%
01/20/2017,0.10101316201501057,0.10096216947509767,0.10067046529889061,0.10124634247587806,,-0.11%
01/19/2017,0.10089901018071012,0.10030392088026721,0.10015524062296559,0.1010070401907013,,-0.64%
01/18/2017,0.10024861656909136,0.10107135637760259,0.10024861656909136,0.1011510995124517,,0.76%
01/17/2017,0.10100806044322337,0.1013808065856972,0.10072927998710665,0.1014260502667505,,0.32%
01/16/2017,0.10133149585554181,0.10127197601879609,0.10092039399321816,0.10145589205093085,,-0.12%
01/13/2017,0.10121047730861099,0.1011879464918139,0.10089493810095547,0.10135717254031482,,-0.07%
01/12/2017,0.10113575452329661,0.10176770503648372,0.10109281331190166,0.1017967119662035,,0.42%
01/11/2017,0.10155996100097499,0.10136847440446022,0.10118589873315255,0.10176874071360241,,-0.26%
01/10/2017,0.10129864867602666,0.10190875090444017,0.10126479731850817,0.10193887744908153,,0.57%
01/09/2017,0.10187137719914835,0.10166321011752268,0.10151150632924241,0.10196902181117376,,-0.26%
01/06/2017,0.10160330007518645,0.10177184787144179,0.10127300163049532,0.10211792578069154,,0.10%
01/05/2017,0.1017076718096846,0.10220246307936022,0.10121969735310492,0.10220664138755736,,0.44%
01/04/2017,0.10215861146015302,0.10201271078376366,0.10178220643467109,0.1022704029453876,,-0.18%
01/03/2017,0.10197630070771552,0.1019523882346944,0.10171284429797794,0.10223276355606446,,-0.06%
01/02/2017,0.1019149825215805,0.10224530694041144,0.1017863504504046,0.10231225700838961,,0.28%
12/30/2016,0.10220141855568957,0.10242123806792576,0.10214087269161627,0.10243277848911653,,0.18%
12/29/2016,0.10238034297414897,0.10206060358640962,0.10186618857468828,0.10246741536191491,,-0.38%
12/28/2016,0.10199502264289503,0.10234157524152611,0.1018454393612254,0.10236043155157944,,0.28%
12/27/2016,0.10227667887168368,0.10248946920703898,0.10206997917772424,0.10258198865443205,,0.27%
12/26/2016,0.10255148084338338,0.10245481742551533,0.10238977740462392,0.10266308030306141,,-0.15%
12/23/2016,0.10239816502488275,0.10250627850955872,0.10223485390639377,0.10260619741432382,,0.04%
12/22/2016,0.102441173156315,0.10239501950625121,0.10208248264597795,0.10254411960746113,,-0.10%
12/21/2016,0.10233633861047721,0.10240550531996599,0.10208248264597795,0.10250207566703225,,0.00%
12/20/2016,0.10233948052479686,0.10255989497866753,0.10203248714390661,0.10255989497866753,,0.16%
12/19/2016,0.10249997437500641,0.10264516592591072,0.10224948875255624,0.10265359544218036,,0.07%
12/16/2016,0.10257462303826033,0.10240235935035943,0.1022996971928963,0.1027643613194944,,-0.23%
12/15/2016,0.10233738589381473,0.10241074903221842,0.10210749877471002,0.10284256859599326,,0.00%
12/14/2016,0.10233424410810589,0.10244747005972686,0.10209811628975446,0.10248631807653678,,0.05%
12/13/2016,0.10238243936400028,0.10248526774276198,0.10206789556412926,0.10252519556681054,,0.05%
12/12/2016,0.10242963084361044,0.10244642052206696,0.10219410748776227,0.10261251462228334,,-0.05%
12/09/2016,0.10238034297414897,0.10211584020913324,0.10195758564437195,0.10251048169675349,,-0.51%
12/08/2016,0.1018547754611475,0.10206893736029314,0.10176977641180122,0.10222231308650051,,0.17%
12/07/2016,0.10202832306248215,0.10165597584654014,0.10123506782749545,0.10209915870293229,,-0.43%
12/06/2016,0.10159297789336802,0.10121969735310492,0.10070899129874314,0.10175113706895675,,-0.43%
12/05/2016,0.10115416906907819,0.10129967482804379,0.10082068033795093,0.10130685847431871,,0.07%
12/02/2016,0.10122686966028263,0.10098969905069684,0.1006056459888529,0.1013232820637526,,-0.30%
12/01/2016,0.1009224310195184,0.10045909807821746,0.10038951130385898,0.10105603557172452,,-0.52%
11/30/2016,0.10039354268733434,0.10058034861148829,0.10014721640811994,0.10071304838254845,,0.12%
11/29/2016,0.10051362462181748,0.10080950028730706,0.10017731384550654,0.10083084617246107,,0.23%
11/28/2016,0.10074044225054148,0.1010386776057875,0.10027073097362879,0.1010386776057875,,0.25%
11/25/2016,0.10099173887575996,0.10070696287941348,0.1005126143330988,0.10126684827188123,,-0.36%
11/24/2016,0.10063298145334153,0.10059451357522961,0.10042479689084828,0.10092344956350607,,-0.03%
11/23/2016,0.10060767032878586,0.10078206885430945,0.10035324341682723,0.10084304788027913,,0.13%
11/22/2016,0.10073739775154128,0.10106012066578408,0.1005985614405714,0.10125659433570612,,0.29%
11/21/2016,0.10102642851369918,0.10106318470307636,0.1009295612591972,0.10137155716848967,,-0.01%
11/18/2016,0.10102030508132136,0.10116849613030503,0.10092548671315967,0.10139828231309762,,0.10%
11/17/2016,0.10111632421938198,0.10126992485771577,0.10098969905069684,0.10141679259251746,,0.07%
11/16/2016,0.10118487488490222,0.10125556905629811,0.1009479007884031,0.10160846195271142,,0.00%
11/15/2016,0.1011879464918139,0.10105399314853927,0.10093771133833311,0.10159194579053774,,-0.18%
11/14/2016,0.10100806044322337,0.10093261738463401,0.10088577712314117,0.10130377964401852,,-0.18%
11/11/2016,0.1008288128415576,0.10193991661314822,0.10076175889726331,0.10194407348128816,,0.89%
11/10/2016,0.10172526041666667,0.1021961962575753,0.10164770936886938,0.10239921357403975,,0.20%
11/09/2016,0.10193264290956536,0.10252519556681054,0.10088883059756455,0.10255358424776946,,0.52%
11/08/2016,0.10245796661919448,0.10158368972277812,0.10150944545389948,0.1025315028042366,,-0.91%
11/07/2016,0.1015300579736631,0.10121252606222546,0.1011582621010571,0.10168905520698808,,-0.37%
11/04/2016,0.1011510995124517,0.1015372743334078,0.10114086900234646,0.10156099245401827,,0.31%
11/03/2016,0.10146721594252897,0.10124121732439711,0.10114598399870534,0.10159091370867789,,-0.25%
11/02/2016,0.10121150167505036,0.10152181196129989,0.101124504489928,0.10155996100097499,,0.24%
11/01/2016,0.10145383343309627,0.10165804267604632,0.10136847440446022,0.10167458033816966,,0.15%
10/31/2016,0.10160846195271142,0.10157337152492102,0.10130377964401852,0.10167458033816966,,-0.09%
10/28/2016,0.10151356728826809,0.10149090134069481,0.10121867282076197,0.10170249984744625,,-0.06%
10/27/2016,0.10145074566298062,0.1012945442758453,0.10116030874126226,0.10157749855252066,,-0.18%
10/26/2016,0.10126889930833341,0.10155996100097499,0.10121150167505036,0.10161568946245302,,0.23%
10/25/2016,0.1015053239542414,0.10139725416235729,0.1011869226021229,0.10166941174078366,,-0.15%
10/24/2016,0.10135717254031482,0.10114905324486163,0.10106216333666838,0.10152696556205328,,-0.25%
10/21/2016,0.10110814527218313,0.10093669250645995,0.10088577712314117,0.10119716243156542,,-0.17%
10/20/2016,0.10093363613424174,0.101141891960231,0.10080848404201698,0.10118487488490222,,0.17%
10/19/2016,0.10110201193003741,0.10103051121438675,0.10091733860794623,0.10118487488490222,,-0.09%
10/18/2016,0.10101418239120773,0.10093057994711238,0.10084813279682125,0.10115212267729437,,-0.14%
10/17/2016,0.10087763542822556,0.10088781275221953,0.1006664116450905,0.1009733834161315,,-0.02%
10/14/2016,0.10085626973000776,0.10077191285244975,0.10049847242321916,0.10100601995878955,,-0.14%
10/13/2016,0.10071812019700466,0.10057326762546516,0.10038245716178641,0.100852201099289,,-0.15%
10/12/2016,0.10056517629075404,0.10066134503689238,0.10040866325946601,0.10076683561906105,,0.01%
10/11/2016,0.10057630221167288,0.1009071553263842,0.10053585611308273,0.10101112132445782,,0.30%
10/10/2016,0.10087560020982125,0.10023354415788789,0.10008407061932023,0.10096013084432957,,-0.70%
10/07/2016,0.10017028949213663,0.10009208471794051,0.09974067424695791,0.10033411259494115,,-0.14%
10/06/2016,0.10002900841243961,0.1002757583354224,0.09987914623305799,0.10030593309594263,,0.19%
10/05/2016,0.10021546324597885,0.10021646756995109,0.10006103723271195,0.10037943426150851,,-0.06%
10/04/2016,0.10016025641025642,0.10039555850049195,0.10012916662494618,0.10057933698101063,,0.10%
10/03/2016,0.10025565191237655,0.10030291480270417,0.10015925321260805,0.10049241282283188,,-0.02%
09/30/2016,0.10024057738572573,0.09985520994557891,0.09968797663313828,0.10038951130385898,,-0.45%
09/29/2016,0.09979044007584073,0.1006583053167717,0.09959762559260588,0.1006866831792827,,0.82%
09/28/2016,0.10060665814863627,0.10045808888531704,0.10027475282273429,0.1006583053167717,,-0.19%
09/27/2016,0.1004157210852931,0.10013618521188818,0.09992805180270206,0.10047020053852027,,-0.30%
09/26/2016,0.1001151324022626,0.1000040001600064,0.09983128512813345,0.10023655827753498,,-0.13%
09/23/2016,0.09998100360931424,0.10006203846384758,0.09991706883286872,0.10018735034514543,,0.04%
09/22/2016,0.10002200484106503,0.0999920006399488,0.09965817246843327,0.10024359192838599,,-0.06%
09/21/2016,0.09996601155607095,0.09964426995625617,0.09935222350276199,0.10002800784219582,,-0.36%
09/20/2016,0.09960456985766507,0.09962640099626402,0.09941741395422822,0.09976057462090983,,-0.04%
09/19/2016,0.09955994504291034,0.09954408807660914,0.09937888198757763,0.09979044007584073,,-0.07%
09/16/2016,0.09949060808659663,0.09986019572598363,0.09942433311128565,0.0999930004899657,,0.32%
09/15/2016,0.09981036031540073,0.09995901680311073,0.09947675228299147,0.1000040001600064,,0.09%
09/14/2016,0.09990409207161124,0.09952922675743732,0.09936801939663739,0.09997600575861794,,-0.42%
09/13/2016,0.09948367970234483,0.10013016921998598,0.0994727941907888,0.1001401962747847,,0.61%
09/12/2016,0.10009509033581902,0.09989511013435892,0.09968897041231357,0.10014721640811994,,-0.27%
09/09/2016,0.0998282953320289,0.10002600676175805,0.0998282953320289,0.10053484537740781,,0.19%
09/08/2016,0.1000180032405833,0.10027374733021148,0.09994902599674166,0.10044497122251574,,0.20%
09/07/2016,0.10022148949177682,0.10071507704703393,0.10017731384550654,0.10071507704703393,,0.49%
09/06/2016,0.10071710579324791,0.10053282396702524,0.10026972556176113,0.1008135654733701,,-0.27%
09/05/2016,0.10044497122251574,0.10010010010010009,0.1000010000100001,0.10061880565477688,,-0.43%
09/02/2016,0.10001500225033755,0.09989012086704625,0.09976256509507372,0.1003693592420106,,-0.14%
09/01/2016,0.09987216363055289,0.09978844848920289,0.09955598032773828,0.09995601935148535,,-0.14%
08/31/2016,0.09973172166871118,0.09956391007387642,0.09940753111455725,0.09983228176663206,,-0.23%
08/30/2016,0.09950446775060201,0.09954408807660914,0.09935715918010472,0.09981534161800669,,0.00%
08/29/2016,0.09949951742734048,0.09943520801845517,0.09925361283150706,0.09962640099626402,,-0.12%
08/26/2016,0.09937789438117385,0.09943421929222722,0.0993206467760518,0.09989012086704625,,-0.01%
08/25/2016,0.09936801939663739,0.09919847631140385,0.09906286529431578,0.09944114078876712,,-0.23%
08/24/2016,0.09914143517141553,0.09901578311582868,0.09876835856864893,0.09935715918010472,,-0.21%
08/23/2016,0.09893741219304668,0.09903931860948798,0.09886991685039993,0.09913258983890953,,0.03%
08/22/2016,0.09896580731357316,0.09913553810770086,0.09871863215463288,0.09937591922725286,,0.13%
08/19/2016,0.09909820632246558,0.09927331930270421,0.09899421873762573,0.09942927595601249,,0.13%
08/18/2016,0.09922505234121512,0.09919946035493567,0.09896188977624716,0.09944114078876712,,-0.05%
08/17/2016,0.09917879953981036,0.09913258983890953,0.09898148056498629,0.0992950054612253,,-0.10%
08/16/2016,0.09907856930545923,0.09930387980258389,0.09899323876179257,0.09940950752529971,,0.22%
08/15/2016,0.09929303360076258,0.09922800611244517,0.09917584869732522,0.09941642558183462,,-0.12%
08/12/2016,0.09917191451380968,0.09930979691146533,0.09914438396637022,0.09952823616059876,,0.12%
08/11/2016,0.0992900759569081,0.09948961825833474,0.09923883811168338,0.09949951742734048,,0.13%
08/10/2016,0.09942235611099512,0.09973371099165229,0.0992900759569081,0.09982430921578023,,0.25%
08/09/2016,0.09967406580481825,0.09973868464622689,0.09940654293865622,0.0997864569820584,,0.03%
08/08/2016,0.09970686182623087,0.09965419992625589,0.09957977335643585,0.09990509016434389,,-0.12%
08/05/2016,0.09958473166894051,0.09942532164091551,0.09927627594833661,0.09977351412294092,,-0.22%
08/04/2016,0.09936999423654033,0.09939073479570235,0.09901774397972117,0.0995698582125219,,-0.01%
08/03/2016,0.09936406995230525,0.09944212965264863,0.0989012075837446,0.09945004127176713,,0.02%
08/02/2016,0.09938480803824327,0.09955003384701151,0.09934432743890323,0.09965221377392898,,0.13%
08/01/2016,0.09951238929246692,0.09949951742734048,0.09928021841648052,0.09974067424695791,,0.07%
07/29/2016,0.09957779016968055,0.09934728831576542,0.09911883356956655,0.09961846129324686,,-0.27%
07/28/2016,0.09931374204248641,0.0995104087887593,0.09918273426961835,0.09951139903075898,,0.13%
07/27/2016,0.09944509636229838,0.0992063492063492,0.09901578311582868,0.09953418003742485,,-0.34%
07/26/2016,0.09910802775024777,0.09908445959335738,0.09890707680134514,0.09927233379329516,,-0.04%
07/25/2016,0.09907071667756445,0.09953913381045758,0.0989853996535511,0.09958274828468716,,0.40%
07/22/2016,0.09946487895124231,0.09943619676434616,0.09917879953981036,0.09962739354813,,-0.06%
07/21/2016,0.09940654293865622,0.09945004127176713,0.09915323140381145,0.09955796264585241,,0.02%
07/20/2016,0.09942532164091551,0.0997267487085386,0.09925755349982134,0.09973371099165229,,0.22%
07/19/2016,0.09964129135113592,0.09992505620784412,0.09953219866626853,0.09992805180270206,,0.22%
07/18/2016,0.0998631874332165,0.09973669512487034,0.0996085384439154,0.1000100010001,,-0.24%
07/15/2016,0.09962342345932375,0.10005503026664665,0.09950446775060201,0.10005503026664665,,0.37%
07/14/2016,0.09998900120986692,0.09984823068935218,0.09971083856815235,0.1001171370503489,,-0.22%
07/13/2016,0.09977152321184488,0.09979243174197669,0.09940357852882703,0.09998800143982721,,0.10%
07/12/2016,0.0998671766550488,0.09972376517047778,0.09943323058566172,0.09994203362050011,,-0.16%
07/11/2016,0.09970387947795048,0.09963334927466923,0.09945201937325338,0.09989710598083973,,-0.09%
07/08/2016,0.09961449191628398,0.09903147220186576,0.09898050084133427,0.09973570039395602,,-0.63%
07/07/2016,0.0989853996535511,0.09935617200540497,0.09892077435182163,0.09945004127176713,,0.30%
07/06/2016,0.0992871184892472,0.09910311679302314,0.09892468863454251,0.09942136764033327,,-0.23%
07/05/2016,0.09905403397553365,0.09916109711837852,0.09877030964492074,0.09923982295615585,,0.04%
07/04/2016,0.09909035058166037,0.09908838684106222,0.0989012075837446,0.09930092151255164,,-0.03%
07/01/2016,0.09905795881170072,0.09852313815899663,0.09848626609019372,0.09918863694975104,,-0.58%
06/30/2016,0.09848432621948217,0.09851731441800897,0.0981730004614131,0.0986329473497327,,-0.05%
06/29/2016,0.09843682324684018,0.09823761714835845,0.0979671809943669,0.0986212745813527,,-0.26%
06/28/2016,0.09817781966698083,0.09802864396976796,0.09777178110853646,0.09833228445563247,,-0.24%
06/27/2016,0.09794031517193422,0.09765434268861936,0.09746778689643072,0.09808441144448914,,-0.40%
06/24/2016,0.0975447974482281,0.09782629962239048,0.0967651413254889,0.09835646349499857,,0.22%
06/23/2016,0.09776031126883107,0.09757906343614914,0.09737193156700649,0.09794031517193422,,-0.25%
06/22/2016,0.09751721178788056,0.09746113737147312,0.09727531833347926,0.09771732332707943,,-0.06%
06/21/2016,0.09745638826625086,0.09746018751340077,0.0972516678661039,0.09766197238119421,,-0.09%
06/20/2016,0.09736434712337037,0.09829362270975858,0.09721196095967648,0.09829458888288199,,0.89%
06/17/2016,0.09822603775808891,0.09796814076062464,0.09778803465607948,0.09835162673590621,,-0.30%
06/16/2016,0.09792784676250538,0.09818456734970396,0.09769918421181183,0.09819710122157194,,0.20%
06/15/2016,0.09812098317225139,0.09809499519334523,0.09794607089336611,0.0982994200334218,,-0.10%
06/14/2016,0.09802768301768419,0.09808248737187976,0.09782151486397919,0.09826850887364635,,-0.01%
06/13/2016,0.09801999607920016,0.09805651977800003,0.09797198001371607,0.09847850706583287,,-0.01%
06/10/2016,0.09800942850702238,0.09831584949809759,0.09792496988807176,0.09841454173268643,,0.30%
06/09/2016,0.09830231895170406,0.09874885204459499,0.09824051242251279,0.09877518767285658,,0.39%
06/08/2016,0.09868356129235992,0.09860765984301662,0.09826850887364635,0.09881130006027489,,-0.10%
06/07/2016,0.09858530093163109,0.09830038632051824,0.09812868595876632,0.09864170373950698,,-0.32%
06/06/2016,0.09827430323519007,0.09788566953797964,0.0978310848488999,0.0983303506460304,,-0.30%
06/03/2016,0.09798349957867095,0.09791825783835655,0.09774406693513703,0.09819806549810968,,-0.10%
06/02/2016,0.09788566953797964,0.0974487906605079,0.09735297267302057,0.09802191770079789,,-0.39%
06/01/2016,0.09750390015600624,0.09801038910124474,0.09738994935722632,0.098256922200169,,0.45%
05/31/2016,0.09794703024604294,0.09805651977800003,0.09763813354943908,0.0981469849246231,,0.06%
05/30/2016,0.09800750737506493,0.09794127441186265,0.09765052828935804,0.09820288716488265,,-0.09%
05/27/2016,0.09791442279447764,0.09801038910124474,0.0976629261765941,0.09821253191907287,,0.06%
05/26/2016,0.0979729398740068,0.09740322989110319,0.09723086496577472,0.09806805923310778,,-0.56%
05/25/2016,0.09742505577584443,0.09699979630042777,0.09686074330934416,0.09761907086168353,,-0.48%
05/24/2016,0.09695559433779329,0.09727437209392813,0.0966772044819552,0.09729140722291407,,0.31%
05/23/2016,0.0972516678661039,0.09714396735962696,0.09694619486185167,0.09737003534532283,,-0.10%
05/20/2016,0.09715434911443811,0.09714396735962696,0.09690298073568744,0.09726491071081196,,-0.07%
05/19/2016,0.09708455093540964,0.0974269541411327,0.09681948007939198,0.097551458394303,,0.32%
05/18/2016,0.09739089784668725,0.09764099359475081,0.09734918178012714,0.09773833492972613,,0.19%
05/17/2016,0.09757525491535347,0.09761430635273906,0.09746493698891824,0.09782247177821689,,-0.02%
05/16/2016,0.09755812025013903,0.09766864934024827,0.09746873690263848,0.097799511002445,,0.15%
05/13/2016,0.09770395701025893,0.09767437317471016,0.09750865389303301,0.09778420980580056,,-0.09%
05/12/2016,0.09761907086168353,0.09756383113652106,0.09740512740590664,0.09792401096748923,,-0.09%
05/11/2016,0.09753433208489387,0.09789141883822464,0.09741936112382975,0.09789141883822464,,0.30%
05/10/2016,0.09782725663024232,0.09768677711784932,0.09757239871985014,0.09798349957867095,,-0.20%
05/09/2016,0.09762860127502952,0.09766006484628306,0.09755812025013903,0.09799406155986946,,-0.03%
05/06/2016,0.09759906304899472,0.09771445880846989,0.09743170037803499,0.09783969943644333,,0.12%
05/05/2016,0.09771159445779837,0.09749819628336875,0.09740987151637946,0.09798541976953828,,-0.24%
05/04/2016,0.09748013842179656,0.09754574895626049,0.0973890008862399,0.09777464898901013,,0.06%
05/03/2016,0.09753528338876588,0.09760287342859374,0.097442143727162,0.0978081200301249,,0.05%
05/02/2016,0.09758001561280251,0.09748203893432635,0.09740607619103281,0.09763718023823471,,-0.12%
04/29/2016,0.09746493698891824,0.09758668136972666,0.09724977632551446,0.0978971688138779,,0.06%
04/28/2016,0.0975267223219162,0.09785980604186442,0.09729898030668639,0.09800078400627205,,0.35%
04/27/2016,0.09787225712999394,0.09784448597399294,0.09744024476989485,0.09792880575821379,,-0.09%
04/26/2016,0.09778707841545818,0.09741556505898513,0.09709491999378592,0.09785884839707207,,-0.43%
04/25/2016,0.0973681391974918,0.09754670048285617,0.09726491071081196,0.09768773139781374,,0.16%
04/22/2016,0.09752386896692966,0.09749724570280889,0.09740417863926362,0.0977211429464879,,-0.04%
04/21/2016,0.09748774091657975,0.0978617213876792,0.09743075109366019,0.09792209318266389,,0.32%
04/20/2016,0.09779664166332527,0.09767628126861955,0.09739089784668725,0.09796526151826561,,-0.17%
04/19/2016,0.09762860127502952,0.0975600238046458,0.09731223604055975,0.097799511002445,,-0.14%
04/18/2016,0.0974934435659202,0.0971949536380071,0.09707135715464438,0.09756192743343838,,-0.36%
04/15/2016,0.09714208000621709,0.09737951719235376,0.09714208000621709,0.09747633761904297,,0.20%
04/14/2016,0.0973406533504653,0.09744974029644211,0.09719306430293134,0.0975219668230269,,0.09%
04/13/2016,0.09742505577584443,0.09759334803739776,0.09707701119297939,0.09760192080580146,,0.12%
04/12/2016,0.0975447974482281,0.09746493698891824,0.09709114917084159,0.09760096820160456,,-0.10%
04/11/2016,0.09744784104308168,0.0972091259927482,0.09704780574911201,0.0975447974482281,,-0.30%
04/08/2016,0.09715529302036376,0.09687387989576371,0.09676982329830265,0.09735676386116926,,-0.35%
04/07/2016,0.09681385599907058,0.09748869131180783,0.09671366951004855,0.09751150635775022,,0.64%
04/06/2016,0.09743075109366019,0.09755336168884379,0.0970704148789532,0.09762097679549381,,0.09%
04/05/2016,0.09751721178788056,0.09802383939774154,0.09731697110659128,0.09805940438717775,,0.50%
04/04/2016,0.09800366533708361,0.09773164843971423,0.09758763369505817,0.09815372836937211,,-0.39%
04/01/2016,0.0976200238192858,0.0975923956005348,0.09726964117229372,0.09769059434957603,,-0.29%
03/31/2016,0.09733591597963732,0.09744594186375108,0.09732075949120707,0.09780716339664718,,0.07%
03/30/2016,0.0974022811614248,0.09808152536388245,0.0974022811614248,0.09808152536388245,,0.64%
03/29/2016,0.09802576117003549,0.09774597775301545,0.09765434268861936,0.09805844283192783,,-0.33%
03/28/2016,0.09769822970807769,0.097617165002294,0.09733970583940894,0.09796814076062464,,-0.20%
03/25/2016,0.09750199879097522,0.09740417863926362,0.09732833714535988,0.09764385380762207,,-0.15%
03/24/2016,0.09735581603645002,0.09726491071081196,0.09721574117281069,0.09754194303550526,,-0.15%
03/23/2016,0.0972091259927482,0.09727247967005175,0.09701391179495139,0.0975923956005348,,0.01%
03/22/2016,0.09722141204378852,0.0975781112780781,0.09714679852725454,0.09770873027505007,,0.30%
03/21/2016,0.09751245721640939,0.09755431336396539,0.09732833714535988,0.0977211429464879,,-0.03%
03/18/2016,0.09748774091657975,0.09718739673839095,0.09693491789612455,0.09776891339629652,,-0.30%
03/17/2016,0.09719306430293134,0.09676233235925918,0.09672395949200577,0.09748298921838139,,-0.10%
03/16/2016,0.09709303454570169,0.09676326866321544,0.09659315927246032,0.09715340522685322,,-0.41%
03/15/2016,0.09669496606006692,0.09685230024213076,0.09655305590421938,0.09691331104327179,,0.12%
03/14/2016,0.0968147933004163,0.09701673538685424,0.09666038374172346,0.0971213239578882,,0.25%
03/11/2016,0.09705910899737939,0.09672021742704877,0.09648504964155805,0.09715434911443811,,-0.39%
03/10/2016,0.0966772044819552,0.09708172339475371,0.09660529010568619,0.09756383113652106,,0.36%
03/09/2016,0.09702991432258565,0.0966286271970934,0.0964645733854242,0.09717039800995025,,-0.43%
03/08/2016,0.0966090232827746,0.0973141300116777,0.09643573522604536,0.09731507702488347,,0.70%
03/07/2016,0.09728099615740064,0.09718739673839095,0.09700450100884682,0.09739658917144721,,-0.06%
03/04/2016,0.0972251929920081,0.0973245481707851,0.09674828997397471,0.09734728644439035,,0.08%
03/03/2016,0.09730750143528565,0.09723181035907706,0.09700356003065314,0.09732644262119576,,-0.11%
03/02/2016,0.09720156688925825,0.09693679720822024,0.09666225242380598,0.09723653760136909,,-0.51%
03/01/2016,0.0967052520622395,0.09612796554773716,0.09566082497895462,0.09685980511807211,,-0.64%
02/29/2016,0.09608824744645482,0.09518461055216593,0.09511037559087322,0.09613166192417134,,-0.98%
02/26/2016,0.09515019458214792,0.09502903136908326,0.0948739599442141,0.09530344617261359,,-0.15%
02/25/2016,0.09500826571911757,0.09550277435559502,0.09479122233281198,0.09556848915775491,,0.46%
02/24/2016,0.09544899205864385,0.0952263053145801,0.09509319132750095,0.09556483596295907,,-0.26%
02/23/2016,0.09520182787509521,0.09518008071270845,0.09502632229127468,0.09536524890329963,,-0.04%
02/22/2016,0.09516287125415147,0.09500014250021374,0.0948604602629532,0.0952263053145801,,-0.01%
02/19/2016,0.0951556270280043,0.0951701165833928,0.09493340421694182,0.09520092154492056,,-0.05%
02/18/2016,0.09510675733510866,0.09558310473040786,0.09497217315326609,0.09559224173366089,,0.46%
02/17/2016,0.09554109700287579,0.09519729639678233,0.09499292302723446,0.09559498317528295,,-0.38%
02/16/2016,0.09517464547444561,0.09537616358919579,0.09512032721392562,0.09567089213106912,,0.18%
02/15/2016,0.09534706331045004,0.09656331173533927,0.09521179864608822,0.09656331173533927,,1.22%
02/12/2016,0.09650739729200243,0.09606701635060619,0.09597573733360207,0.096575435072335,,-0.51%
02/11/2016,0.0960107532043589,0.09692928039702232,0.09598402825769792,0.0970393300404654,,0.90%
02/10/2016,0.09687387989576371,0.09686074330934416,0.09668000850784074,0.09702050043174122,,-0.06%
02/09/2016,0.09681666795755559,0.0966547781289568,0.09636417950719359,0.09690110273454912,,-0.20%
02/08/2016,0.09662675981486313,0.09690298073568744,0.09657916594232292,0.09704592213035208,,0.33%
02/05/2016,0.09694619486185167,0.09721952167995333,0.09690298073568744,0.09746588693957116,,0.25%
02/04/2016,0.09719211966293773,0.09702144173862423,0.09686168151879117,0.09741651404746132,,-0.39%
02/03/2016,0.09681385599907058,0.09681198145082436,0.09637996838737037,0.0968551144343177,,-0.02%
02/02/2016,0.09679605072113058,0.09702614854703343,0.09669964124433097,0.09713075742564639,,0.19%
02/01/2016,0.09697627960200934,0.09690767605702047,0.09678293523285975,0.09730560772217303,,-0.10%
01/29/2016,0.09688044952528581,0.09664356885371063,0.09643573522604536,0.0970412134033324,,-0.27%
01/28/2016,0.0966183574879227,0.09654093818483728,0.09633725747095431,0.09672115291614275,,-0.09%
01/27/2016,0.09652789173431663,0.09716662132224338,0.09646922631680495,0.09720534629404617,,0.67%
01/26/2016,0.09717417499125432,0.0971637889991158,0.09690298073568744,0.09726491071081196,,-0.07%
01/25/2016,0.09710529126732116,0.09737098344693282,0.09696969696969697,0.09752577118503564,,0.30%
01/22/2016,0.09739658917144721,0.09703650513323112,0.09694525501449332,0.09741746305442714,,-0.36%
01/21/2016,0.09705063131435669,0.09682416731216112,0.09657730047129723,0.09707795359673818,,-0.26%
01/20/2016,0.09680167273290484,0.09714208000621709,0.09650367196471826,0.09714585478637627,,0.33%
01/19/2016,0.09712321050484644,0.09724693915259018,0.09702803139827096,0.09746398705678253,,0.11%
01/18/2016,0.09723181035907706,0.0971628449280995,0.09709680551509856,0.09751150635775022,,-0.08%
01/15/2016,0.09715812484819042,0.09791154670870335,0.09702332440718749,0.09800846793162929,,0.76%
01/14/2016,0.09790004405501983,0.09829265655562873,0.09763908687925951,0.09843294747617923,,0.37%
01/13/2016,0.09826174964871424,0.09822603775808891,0.09819517272530882,0.09861057697048585,,-0.09%
01/12/2016,0.09817589192797817,0.09844069932272799,0.0981508382081583,0.0985551810458676,,0.23%
01/11/2016,0.09840388892169018,0.0987030420277553,0.09827623484089078,0.09872253045590064,,0.28%
01/08/2016,0.09867966606801001,0.09858044164037855,0.09822603775808891,0.09897756178674294,,-0.12%
01/07/2016,0.09856198070156419,0.09831584949809759,0.09817685578801652,0.09906875371507827,,-0.26%
01/06/2016,0.09830231895170406,0.09810654370646522,0.09785693316371466,0.09833615230303269,,-0.20%
01/05/2016,0.09811039381512077,0.09816818172893801,0.09784161399526448,0.09823182711198429,,0.05%
01/04/2016,0.09815950920245399,0.09818071141743494,0.09783012776614686,0.09836904129532353,,-0.12%
01/01/2016,0.09803921568627452,0.09811616954474098,0.09799118079372857,0.09823375704827207,,0.04%
12/31/2015,0.0980786394531135,0.09767246515534805,0.09763432041631274,0.09829265655562873,,-0.44%
12/30/2015,0.09764766768545734,0.09791058805099183,0.09761811792268646,0.09794415224439025,,0.26%
12/29/2015,0.09790483649892304,0.09812387157547688,0.09761811792268646,0.09814891152857115,,0.21%
12/28/2015,0.09810943125962698,0.09812002040896425,0.09786363680847109,0.09820963829390217,,-0.02%
12/25/2015,0.09808922195629144,0.098256922200169,0.09796238244514106,0.09825885312266636,,0.13%
12/24/2015,0.09821928437429404,0.09809980674338072,0.09790867079188534,0.09825788765193125,,-0.13%
12/23/2015,0.09809307070548537,0.09783491336718422,0.09768486861385171,0.09817010916516139,,-0.30%
12/22/2015,0.09780238050994161,0.0978339562095212,0.09763146076191592,0.09793264192888132,,0.02%
12/21/2015,0.09782247177821689,0.09776986928168477,0.09761811792268646,0.09795182729133813,,0.00%
12/18/2015,0.09782629962239048,0.09766674154450186,0.09742980182778309,0.0979038779726065,,-0.22%
12/17/2015,0.09761525921732084,0.09743929531901625,0.09718834128657926,0.09788950232977016,,-0.24%
12/16/2015,0.09737856892455109,0.09665571235260004,0.09645899046020584,0.09747348721147849,,-0.77%
12/15/2015,0.09663049465150213,0.0962871668464027,0.09625472851353824,0.09679417686231996,,-0.37%
12/14/2015,0.09626862797951403,0.09631127805065974,0.0961436771110748,0.09648691155044818,,-0.14%
12/11/2015,0.09613535858488753,0.09646736509038993,0.09613535858488753,0.09673425166382912,,0.31%
12/10/2015,0.09643666522011668,0.09617789062650278,0.09602550437396172,0.09658382993519225,,-0.30%
12/09/2015,0.09614829913658826,0.09600614439324116,0.0959720529381844,0.09632148258025988,,-0.17%
12/08/2015,0.09598402825769792,0.09598034322570738,0.09593062297346558,0.09623434988884934,,-0.01%
12/07/2015,0.09597021084655323,0.09606701635060619,0.09583501044601614,0.09630385793254877,,0.08%
12/04/2015,0.09605040725372677,0.09580287600233758,0.09549274255156609,0.09606886216039658,,-0.28%
12/03/2015,0.09578544061302682,0.09609563437533034,0.09562972171750979,0.09614922359501948,,0.32%
12/02/2015,0.09609009407220209,0.09633725747095431,0.09596284318711795,0.09633818556661303,,0.24%
12/01/2015,0.0963186993122845,0.09628253146031715,0.09605686566447336,0.09640784374216686,,-0.05%
11/30/2015,0.09626677448545409,0.09570385399420035,0.09553105714667838,0.09634096996088558,,-0.71%
11/27/2015,0.09557853688375738,0.09606793924663522,0.09557579638532339,0.09609932826569542,,0.43%
11/26/2015,0.09598955633627061,0.09629458439257375,0.095831336847149,0.09632797749778446,,0.29%
11/25/2015,0.09626955475330927,0.09647108761504176,0.09622508972989617,0.09647201829109467,,0.17%
11/24/2015,0.09643201542912247,0.09624453812246155,0.09607993850883936,0.09647201829109467,,-0.21%
11/23/2015,0.09622971958659712,0.09664076694112644,0.09610025178265967,0.09679886164538705,,0.44%
11/20/2015,0.09665758085406638,0.09660622337290968,0.09633354526713293,0.0967052520622395,,-0.08%
11/19/2015,0.09658009870486087,0.09669496606006692,0.09632333818160801,0.09673144449066058,,0.12%
11/18/2015,0.09669309611293753,0.09667159691810949,0.09626677448545409,0.09673050880247631,,-0.02%
11/17/2015,0.09667346603377772,0.09670431688070556,0.09649342879749889,0.09675952355610602,,0.03%
11/16/2015,0.09670057633543495,0.09647481042699751,0.09626121443148127,0.09677918860328275,,-0.22%
11/13/2015,0.09648598058702071,0.09644317568088882,0.09622046031868217,0.09656424419166071,,-0.07%
11/12/2015,0.09642271719217047,0.09642085775995063,0.09624824346955668,0.09653348263845316,,-0.05%
11/11/2015,0.09637439525066979,0.09612888961519606,0.09603103723123314,0.09646550393579256,,-0.29%
11/10/2015,0.09609932826569542,0.09572584119082946,0.09558310473040786,0.0961372070218616,,-0.41%
11/09/2015,0.0957075178255252,0.09627233518176218,0.09563063623062285,0.09631313325885119,,0.36%
11/06/2015,0.09605409766780651,0.09645433851614646,0.09605409766780651,0.09664637092877162,,0.32%
11/05/2015,0.09635860819626321,0.09658849437854963,0.0962992209393026,0.09687763386067058,,0.22%
11/04/2015,0.0965698393077874,0.09661742398624168,0.09653627833339769,0.09700167812903163,,0.06%
11/03/2015,0.09663236217809344,0.09667159691810949,0.09630014830222838,0.09690955431295972,,0.03%
11/02/2015,0.09666225242380598,0.09660435685649423,0.09651019147621989,0.09698286312808527,,-0.09%
10/30/2015,0.09657356974543208,0.09716945381050013,0.09653721026769768,0.0974089226573154,,0.57%
10/29/2015,0.09712415380580998,0.09792688778557929,0.09711849427486477,0.09797006034955717,,0.80%
10/28/2015,0.09790483649892304,0.09761144787060627,0.09757715913858883,0.09810943125962698,,-0.34%
10/27/2015,0.09757335076643868,0.09789908562254028,0.09756668683044861,0.09795278675678323,,0.29%
10/26/2015,0.09786076370539995,0.09775075512458334,0.09764766768545734,0.09809980674338072,,-0.02%
10/23/2015,0.09783969943644333,0.09803248796651211,0.09772496286451413,0.09834485607230313,,0.19%
10/22/2015,0.09802672208444022,0.09750675234259973,0.09742600494924104,0.09805651977800003,,-0.58%
10/21/2015,0.09746303714316344,0.09765243545174017,0.09730087376184637,0.09769536630877597,,0.17%
10/20/2015,0.09763146076191592,0.09799790284487912,0.09756287927569318,0.09808441144448914,,0.35%
10/19/2015,0.09796910054568789,0.09819999410800036,0.0979431929480901,0.09829458888288199,,0.22%
10/16/2015,0.09818071141743494,0.09798541976953828,0.09776222272189582,0.0982955550749995,,-0.22%
10/15/2015,0.0979671809943669,0.09809499519334523,0.09777178110853646,0.09809499519334523,,0.09%
10/14/2015,0.09805555827932107,0.09742980182778309,0.09731697110659128,0.09810269389997449,,-0.64%
10/13/2015,0.09742600494924104,0.0976266950434927,0.09728478174159216,0.09772400785701023,,0.16%
10/12/2015,0.09758477677482312,0.09797198001371607,0.097442143727162,0.0980228785398512,,0.38%
10/09/2015,0.09795086784468911,0.09804498303821793,0.09774406693513703,0.09810846872302018,,0.07%
10/08/2015,0.09801903529665461,0.09790100250626567,0.09743929531901625,0.09804594432951282,,-0.09%
10/07/2015,0.09792592882743492,0.0976124006793823,0.09723181035907706,0.09808152536388245,,-0.34%
10/06/2015,0.0975923956005348,0.09758572906298182,0.09712792719290578,0.09761049508043106,,-0.01%
10/05/2015,0.09758477677482312,0.09756954269155341,0.09727626459143969,0.09773164843971423,,-0.35%
10/02/2015,0.09724031972617127,0.09687387989576371,0.09674361008455391,0.09726680284019064,,-0.41%
10/01/2015,0.09684573442962706,0.09705722493982452,0.09677356920277934,0.0970704148789532,,0.19%
09/30/2015,0.09702991432258565,0.09669590106075404,0.09636789407241084,0.09712226722220603,,-0.38%
09/29/2015,0.09665664659430305,0.09612704149804381,0.09578452313675156,0.09669590106075404,,-0.57%
09/28/2015,0.09610671689844404,0.09636325091063272,0.09609748128501551,0.09649715333397665,,0.23%
09/25/2015,0.09632890541464777,0.09659502535619416,0.09626399437818273,0.09659502535619416,,0.24%
09/24/2015,0.09655585273301341,0.09648225691295371,0.09616309260505819,0.09669590106075404,,-0.11%
09/23/2015,0.09645340818117809,0.09676701406024715,0.09645154756508068,0.09689546916786172,,0.30%
09/22/2015,0.09673893064786063,0.0969649956365752,0.09665010728161907,0.09725734292939117,,0.22%
09/21/2015,0.09695559433779329,0.09665758085406638,0.09653534641709062,0.09709774830321685,,-0.34%
09/18/2015,0.09662209167504057,0.09632148258025988,0.09605225242531938,0.09695183432870551,,-0.28%
09/17/2015,0.09635025243766139,0.09628345850182939,0.09599600656612685,0.09639576244228303,,-0.15%
09/16/2015,0.09621027718180855,0.09590026372572524,0.09573867172166853,0.09629551166620123,,-0.36%
09/15/2015,0.09586624741161132,0.09611410666743558,0.09578544061302682,0.09616401734798874,,0.25%
09/14/2015,0.09610302244005574,0.09627604266954212,0.09578544061302682,0.09627604266954212,,0.14%
09/11/2015,0.0962389806367171,0.0961917679085024,0.09573408899440912,0.09628160443665633,,-0.05%
09/10/2015,0.09618899213174044,0.09572584119082946,0.09563429445799264,0.09620750033672626,,-0.47%
09/09/2015,0.09573592203266511,0.09605686566447336,0.09569103279331694,0.09626028781826057,,0.32%
09/08/2015,0.09604487216427515,0.09525805406847149,0.09513752128702038,0.09608270799504214,,-0.91%
09/07/2015,0.09517555130438093,0.09528256043296394,0.09514476275653407,0.0956699768478656,,0.14%
09/04/2015,0.09531252978516556,0.09615107256521446,0.09516921085690358,0.0962000962000962,,0.88%
09/03/2015,0.09615477071894922,0.09604487216427515,0.09586532838668238,0.09627326202693726,,-0.15%
09/02/2015,0.09600798786459033,0.09591222113521705,0.09574325488769317,0.09625472851353824,,-0.14%
09/01/2015,0.09587543863013175,0.09605317503770087,0.09575700701898862,0.09627696958610531,,0.14%
08/31/2015,0.0960116750196824,0.09662022454540184,0.09588555100631886,0.09665384392337284,,0.59%
08/28/2015,0.09657636776280844,0.0971090631888674,0.09641435031190042,0.09717606359201601,,0.54%
08/27/2015,0.09709680551509856,0.09696687611511909,0.09682885499878964,0.09736245119707135,,0.03%
08/26/2015,0.09713075742564639,0.09677918860328275,0.0966183574879227,0.09716850962939931,,-0.39%
08/25/2015,0.09675390643897247,0.09581572719346153,0.0957047699257331,0.09739469198928659,,-0.93%
08/24/2015,0.09585338266587427,0.09677918860328275,0.09585062638384342,0.09693021993466902,,0.94%
08/21/2015,0.09675109812496371,0.09766864934024827,0.09673518742442563,0.09769918421181183,,0.92%
08/20/2015,0.09764099359475081,0.09826754321315213,0.09724410214520489,0.09834002045472426,,0.60%
08/19/2015,0.09823086217227729,0.0977297381820314,0.09770109327523374,0.09832358291136128,,-0.56%
08/18/2015,0.09768486861385171,0.09774215619196559,0.09761621210050565,0.09827237170541873,,0.04%
08/17/2015,0.09772496286451413,0.09822024908655168,0.09768677711784932,0.09833905338827208,,0.43%
08/14/2015,0.09814120556656919,0.09811616954474098,0.09787129924149744,0.09846299268419964,,0.00%
08/13/2015,0.09813735303931383,0.09853575862680566,0.09793168285803823,0.09953418003742485,,0.35%
08/12/2015,0.09848141655669576,0.09832358291136128,0.09816914543758896,0.09995302207962257,,-0.17%
08/11/2015,0.09831488290697446,0.09739089784668725,0.09723370120083621,0.0992871184892472,,-0.96%
08/10/2015,0.09737193156700649,0.09744689144416292,0.09714679852725454,0.09750390015600624,,0.05%
08/07/2015,0.09742315748453408,0.0974668369087418,0.09707135715464438,0.09751245721640939,,0.03%
08/06/2015,0.09744974029644211,0.09751150635775022,0.09729803360674082,0.09757715913858883,,0.05%
08/05/2015,0.09749534459729547,0.09736339915099117,0.09713075742564639,0.09757525491535347,,-0.17%
08/04/2015,0.09733307377846993,0.09678761892778677,0.09675765111126161,0.09754384595875847,,-0.59%
08/03/2015,0.09675952355610602,0.09704968944099379,0.09673893064786063,0.09716567719618721,,0.30%
07/31/2015,0.09704592213035208,0.09681198145082436,0.09669496606006692,0.0972507220866115,,-0.24%
07/30/2015,0.09681760531335018,0.09729614026211579,0.09678387193558065,0.0973065545695158,,0.49%
07/29/2015,0.0972876211230883,0.0973577117043441,0.09710340541642797,0.09738710399968836,,0.04%
07/28/2015,0.09732644262119576,0.09669403107746158,0.09664356885371063,0.0974487906605079,,-0.62%
07/27/2015,0.09671834650314819,0.09679792465249545,0.09661555703699409,0.09706005105358687,,0.15%
07/24/2015,0.09686355799221216,0.0971637889991158,0.0967520342115193,0.09730939522210869,,0.29%
07/23/2015,0.09714302367375487,0.09769441187964048,0.09712887058549283,0.09769536630877597,,0.55%
07/22/2015,0.09767628126861955,0.09770204783492262,0.09750865389303301,0.09781960109166675,,-0.02%
07/21/2015,0.09766101860442405,0.09765720368362972,0.09739089784668725,0.09774693318997117,,-0.02%
07/20/2015,0.09763718023823471,0.09784544333770376,0.09740797381673665,0.09786459454698479,,0.17%
07/17/2015,0.09780046748623458,0.09782438566285803,0.09771254922269668,0.09801134971429692,,0.05%
07/16/2015,0.09784448597399294,0.09780142398873327,0.09769918421181183,0.09792784676250538,,-0.07%
07/15/2015,0.09777178110853646,0.09813831614277162,0.09761430635273906,0.09813831614277162,,0.35%
07/14/2015,0.09811616954474098,0.09786842568850437,0.0976228828037292,0.09815758218243568,,-0.27%
07/13/2015,0.09784735812133072,0.09801615306202462,0.09761621210050565,0.09808441144448914,,0.16%
07/10/2015,0.09800270487465455,0.09808825981618259,0.09779855453736394,0.09809691975671964,,0.05%
07/09/2015,0.09805651977800003,0.09786555230424443,0.09763718023823471,0.09813253780556018,,-0.22%
07/08/2015,0.09784161399526448,0.09785118791342128,0.09754289448785104,0.09787704685374232,,-0.01%
07/07/2015,0.0978310848488999,0.09816818172893801,0.09766769543305856,0.0981720366770729,,0.32%
07/06/2015,0.0981469849246231,0.09787129924149744,0.09754860359173959,0.09818263934571089,,-0.29%
07/03/2015,0.09786363680847109,0.09804498303821793,0.09772782799902273,0.09804498303821793,,0.16%
07/02/2015,0.09802191770079789,0.09760477872996662,0.097442143727162,0.09804690563965802,,-0.45%
07/01/2015,0.09758382450525001,0.09751721178788056,0.09733307377846993,0.09764004022769658,,-0.09%
06/30/2015,0.09749439407234084,0.09747728779194446,0.09721385102949469,0.0976076368215049,,-0.04%
06/29/2015,0.0974573380502685,0.09777560498655587,0.09709680551509856,0.09788758589635663,,0.41%
06/26/2015,0.09785214540828807,0.09777369301015869,0.09752482006670697,0.09788758589635663,,-0.10%
06/25/2015,0.09775744422937807,0.09770682091316794,0.09753908878983253,0.0978329990705865,,-0.05%
06/24/2015,0.0977096849839756,0.09762574195563886,0.0974411942392766,0.09780046748623458,,-0.13%
06/23/2015,0.09758096780803872,0.09776986928168477,0.09744689144416292,0.09781960109166675,,0.17%
06/22/2015,0.09775075512458334,0.09776891339629652,0.09764862120146864,0.09791154670870335,,0.04%
06/19/2015,0.0977861221935383,0.09766197238119421,0.09721479609196519,0.09794223367058108,,-0.15%
06/18/2015,0.09764290038471302,0.09701485297399032,0.09697345836444565,0.09768200599767518,,-0.65%
06/17/2015,0.09700920617366589,0.09677450572421202,0.09657077189017972,0.0970732417609086,,-0.26%
06/16/2015,0.09675858732462506,0.09692364355360847,0.09651112290691502,0.09705345704413992,,0.13%
06/15/2015,0.09688795876448476,0.09687200302240649,0.09669029132784777,0.09704686393059209,,-0.04%
06/12/2015,0.09685323828802217,0.09701673538685424,0.09670244657189828,0.09717134222775019,,0.19%
06/11/2015,0.0970393300404654,0.09731602405652115,0.09693303865689581,0.09738710399968836,,0.29%
06/10/2015,0.09732075949120707,0.09693585754306375,0.09686918784872908,0.09734918178012714,,-0.38%
06/09/2015,0.09694807461123822,0.0970609931280817,0.09682885499878964,0.09722235725327397,,0.10%
06/08/2015,0.09704215511218073,0.09736624312350908,0.09669029132784777,0.09738046547862499,,0.24%
06/05/2015,0.09727910347578236,0.09696969696969697,0.09683073020053645,0.09733875834679852,,-0.34%
06/04/2015,0.09694619486185167,0.09686449625618722,0.09648598058702071,0.0970412134033324,,-0.10%
06/03/2015,0.09684573442962706,0.09732170663344752,0.09671928195605076,0.0973681391974918,,0.49%
06/02/2015,0.09731886526203105,0.09749154260867869,0.09689077502930946,0.09752291788570315,,0.17%
06/01/2015,0.0974858401817136,0.09727437209392813,0.09703179731998177,0.09761525921732084,,-0.25%
05/29/2015,0.09723842862699338,0.0972431565128604,0.09698662554433743,0.09737667244434924,,0.02%
05/28/2015,0.09725355948027697,0.09718267427283064,0.09687387989576371,0.09731128908264647,,-0.10%
05/27/2015,0.09715906882748435,0.09697816051825128,0.09670151144462387,0.09718739673839095,,-0.19%
05/26/2015,0.09697816051825128,0.09771159445779837,0.0969057978738868,0.09771541362934588,,0.72%
05/25/2015,0.09767532721234616,0.0975981105005807,0.09733875834679852,0.09771541362934588,,-0.07%
05/22/2015,0.09761144787060627,0.09749914688246478,0.09730939522210869,0.0977230528681716,,-0.15%
05/21/2015,0.09746493698891824,0.09754099160172063,0.09726112667289138,0.09760287342859374,,0.08%
05/20/2015,0.09754574895626049,0.09733117906990325,0.09709963393438006,0.09762764814995606,,-0.21%
05/19/2015,0.09733875834679852,0.09737762067521642,0.09720723610665578,0.09773069330153827,,0.05%
05/18/2015,0.0973852071870283,0.09785406045423854,0.09732075949120707,0.09788087897029316,,0.45%
05/15/2015,0.09782629962239048,0.09783204195037959,0.09748488984207448,0.09800078400627205,,0.02%
05/14/2015,0.09784257130277384,0.09694525501449332,0.09685136221440954,0.09786842568850437,,-0.94%
05/13/2015,0.0969274013763691,0.09681291871587344,0.09655025923744605,0.09720156688925825,,-0.14%
05/12/2015,0.09679136621013405,0.09704592213035208,0.09642643627176826,0.09705816695945879,,0.23%
05/11/2015,0.09701391179495139,0.09750199879097522,0.09699038825252418,0.09750199879097522,,0.46%
05/08/2015,0.09746303714316344,0.09688889750123533,0.09663796519100494,0.09757620701768081,,-0.61%
05/07/2015,0.09686731115717691,0.09747633761904297,0.0965400061785604,0.09747633761904297,,0.62%
05/06/2015,0.09746398705678253,0.09794415224439025,0.09736055534460768,0.09798445966469718,,0.48%
05/05/2015,0.09793456012692318,0.09770682091316794,0.0975981105005807,0.09803825452691639,,-0.18%
05/04/2015,0.09775553296316572,0.09741746305442714,0.09739469198928659,0.09777847309136421,,-0.42%
05/01/2015,0.09734539118245446,0.09766578767457759,0.0973444435791605,0.09771254922269668,,0.30%
04/30/2015,0.09763718023823471,0.09774120084839363,0.0973141300116777,0.09787129924149744,,0.05%
04/29/2015,0.09768773139781374,0.09842325938465779,0.09762383583575766,0.09843682324684018,,0.72%
04/28/2015,0.09839227030324499,0.09821639035122182,0.0978081200301249,0.09845814544237246,,-0.22%
04/27/2015,0.098173964264677,0.0973340211604162,0.09718456320398068,0.09819902979358563,,-0.90%
04/24/2015,0.09728667464417398,0.09794894900777715,0.09725450531495872,0.09805748129553545,,0.67%
04/23/2015,0.09793456012692318,0.09839033413357472,0.09769822970807769,0.09857363943734167,,0.42%
04/22/2015,0.09834775767112511,0.09863878477017163,0.09832938376975191,0.09881813510415431,,0.31%
04/21/2015,0.09865630117795623,0.09823375704827207,0.09817685578801652,0.09884450770492938,,-0.45%
04/20/2015,0.09821446109725195,0.09909722428674772,0.09816818172893801,0.09926050920641223,,0.89%
04/17/2015,0.0990854413760986,0.0994708152628019,0.0990854413760986,0.09949951742734048,,0.35%
04/16/2015,0.09943026458393406,0.09955697147692767,0.09927331930270421,0.09960953063989163,,0.08%
04/15/2015,0.09950644801783155,0.09973371099165229,0.09935321059900051,0.0997824742062304,,0.25%
04/14/2015,0.0997546036749596,0.09964625579193861,0.09953021737399474,0.0998681740103064,,-0.14%
04/13/2015,0.09961548423086884,0.0998651820042942,0.09934728831576542,0.09987116619560767,,0.08%
04/10/2015,0.0996939396054114,0.09962937871119436,0.09947774185525989,0.09982530571499876,,-0.10%
04/09/2015,0.09959663363378318,0.0997555987829817,0.09954706087302771,0.0998631874332165,,0.13%
04/08/2015,0.09972475966332922,0.09947675228299147,0.09939369843951894,0.09984125240867021,,-0.26%
04/07/2015,0.09946092180382328,0.09958869867447442,0.09925558312655088,0.09962937871119436,,0.10%
04/06/2015,0.09956291878652714,0.10003201024327785,0.0995094185664673,0.10003201024327785,,0.40%
04/03/2015,0.09996001599360256,0.09984623679533519,0.09959167413604222,0.10002300529121698,,-0.12%
04/02/2015,0.09984324610361732,0.09974266392706817,0.09954507898902018,0.09989610804763045,,-0.10%
04/01/2015,0.09974763847465912,0.0995480518446254,0.09925952395132313,0.09978745272569427,,-0.22%
03/31/2015,0.09952427397042138,0.09931374204248641,0.098956014051754,0.0995728325483675,,-0.23%
03/30/2015,0.09929697740000794,0.09940950752529971,0.09899519873286146,0.09943421929222722,,0.11%
03/27/2015,0.09940357852882703,0.09885818792941524,0.09883473843386473,0.09963136395337252,,-0.57%
03/26/2015,0.09884157672083185,0.09952922675743732,0.09883083126612179,0.09952922675743732,,0.70%
03/25/2015,0.09953318934198607,0.09955399808856323,0.09946685764303334,0.09979940319956887,,-0.01%
03/24/2015,0.09952328347216831,0.09989511013435892,0.09940753111455725,0.09991607050077934,,0.33%
03/23/2015,0.09985520994557891,0.09945795414988313,0.09933544586714876,0.09988712754587316,,-0.43%
03/20/2015,0.0994272987591473,0.09917289803042625,0.09884353069091627,0.09953418003742485,,-0.28%
03/19/2015,0.0991522482772297,0.099367032006121,0.09869719699960522,0.09937493167973446,,0.20%
03/18/2015,0.09935123642613732,0.09977550511349463,0.09921028612246519,0.0998183306382384,,0.45%
03/17/2015,0.09979442348761551,0.0997765006385696,0.09950050745258801,0.09984025559105432,,-0.04%
03/16/2015,0.09975261351847417,0.09924868743610867,0.09914831596585331,0.09979342760485795,,-0.53%
03/13/2015,0.09922505234121512,0.10013217447030079,0.09915814732917531,0.10028078620136383,,0.91%
03/12/2015,0.10013117183510398,0.0997864569820584,0.09972177624427846,0.10037842666854038,,-0.38%
03/11/2015,0.09974863344372183,0.09986019572598363,0.09960357776051317,0.09990109791306606,,0.09%
03/10/2015,0.09984025559105432,0.10002300529121698,0.09965618615775575,0.10014721640811994,,0.17%
03/09/2015,0.1000100010001,0.10026369351394168,0.09976455564866914,0.10039455058379432,,0.25%
03/06/2015,0.1002646988048448,0.10044799807139844,0.10025967255190944,0.10057933698101063,,0.18%
03/05/2015,0.10044799807139844,0.10066033177645353,0.1003693592420106,0.10086440797635737,,0.19%
03/04/2015,0.10063703241518814,0.10151562833098156,0.10050453275442722,0.10175010175010175,,0.85%
03/03/2015,0.10149502166918713,0.10141884970740662,0.1012442923530186,0.10159401001716939,,-0.10%
03/02/2015,0.10139519792342636,0.10161155933098949,0.10116951964712072,0.10167354657665169,,0.28%
02/27/2015,0.10168181725743802,0.10139314176789081,0.10119204225779685,0.10170146551811811,,-0.29%
02/26/2015,0.10139005769094282,0.1011879464918139,0.10096420818819728,0.10150635429777904,,-0.20%
02/25/2015,0.10118282725055903,0.10076683561906105,0.10070899129874314,0.10123916740908724,,-0.56%
02/24/2015,0.10061273153504845,0.10063399416322834,0.10030593309594263,0.10079933875633776,,0.01%
02/23/2015,0.10062488050795439,0.10047423840527289,0.10035425050428011,0.10072319252231018,,0.09%
02/20/2015,0.10071203408095233,0.10068465565847765,0.1004187461715353,0.10073841256409481,,-0.05%
02/19/2015,0.10066438494060802,0.10080848404201698,0.10061273153504845,0.10086440797635737,,0.13%
02/18/2015,0.10079629069650238,0.10065729211752746,0.10030492697801316,0.10090511891668265,,-0.16%
02/17/2015,0.10063399416322834,0.10063298145334153,0.10039959036967129,0.10079933875633776,,-0.02%
02/16/2015,0.10061273153504845,0.10048736371401297,0.10037842666854038,0.10065729211752746,,-0.08%
02/13/2015,0.10052777079668258,0.10051463493084593,0.1002938610127674,0.10064007085060987,,-0.05%
02/12/2015,0.10047524792267425,0.10009609224855863,0.09987814865863646,0.10069783600350429,,-0.40%
02/11/2015,0.10007205187735169,0.10015724687759783,0.09999000099990002,0.10050554288068987,,0.06%
02/10/2015,0.10013317712557701,0.1005368668690809,0.10005803365952252,0.10084813279682125,,0.38%
02/09/2015,0.10051665560983454,0.10064007085060987,0.10040463066156612,0.10086949504730779,,0.24%
02/06/2015,0.10075871310971617,0.10134176496817869,0.10066945185483464,0.10134381904047672,,0.55%
02/05/2015,0.10131712259371835,0.10105092966855295,0.10094076795736262,0.10139211372139474,,-0.29%
02/04/2015,0.10102642851369918,0.10161878728139258,0.10091530178720999,0.10162291800046748,,0.56%
02/03/2015,0.1015950421619425,0.10143942544709426,0.10117259032183001,0.10166941174078366,,-0.17%
02/02/2015,0.10142193553621777,0.10082372987306291,0.1007211635308811,0.10156408693885842,,-0.64%
01/30/2015,0.10077394388906805,0.10108565998827407,0.10074957685177723,0.1013335495115723,,0.30%
01/29/2015,0.10107544271043908,0.10185685038247247,0.10078206885430945,0.1019347210046686,,0.75%
01/28/2015,0.10182884607551627,0.10168285118714729,0.10150326332991605,0.10196902181117376,,-0.16%
01/27/2015,0.10166941174078366,0.1017573494245622,0.1015362433620681,0.10187033943197099,,0.05%
01/26/2015,0.10172422562433243,0.10166734444896298,0.10160123547102333,0.10187552847930399,,-0.34%
01/23/2015,0.10137464012002757,0.10096624698363338,0.1009214124960893,0.10142193553621777,,-0.58%
01/22/2015,0.10078308456708626,0.10093465490441487,0.10051766597979596,0.10104174034293566,,0.12%
01/21/2015,0.10090104634385058,0.1008593214184855,0.10071406270457543,0.10103051121438675,,-0.11%
01/20/2015,0.10078714762293511,0.10092344956350607,0.100409671459555,0.10099581877310279,,0.10%
01/19/2015,0.10089188425683038,0.10056416496545621,0.10042479689084828,0.1009387301907742,,-0.56%
01/16/2015,0.10032304018940989,0.09983228176663206,0.09972078181092939,0.10050150249746233,,-0.63%
01/15/2015,0.0996939396054114,0.0997765006385696,0.09962937871119436,0.1006502002938986,,0.09%
01/14/2015,0.09978147856194933,0.10003201024327785,0.09955697147692767,0.10003201024327785,,0.21%
01/13/2015,0.0999920006399488,0.09995002498750624,0.09964625579193861,0.10003201024327785,,-0.06%
01/12/2015,0.09993104757717175,0.09959068229576441,0.09938777132861572,0.0999710084075618,,-0.36%
01/09/2015,0.09957084963805996,0.09910802775024777,0.09902166594050778,0.09968102073365231,,-0.42%
01/08/2015,0.09915519771546424,0.09822217856792065,0.09821060281668009,0.09929401952120424,,-0.98%
01/07/2015,0.09818167537210855,0.09775171065493646,0.09762478888639403,0.09837194432147951,,-0.46%
01/06/2015,0.09772782799902273,0.09820770930518047,0.09764957473610202,0.09822024908655168,,0.49%
01/05/2015,0.0982019227936483,0.09828203011361403,0.09795374624102499,0.09836130072984084,,-0.14%
01/02/2015,0.09806613580198485,0.09786555230424443,0.0977297381820314,0.09815950920245399,,-0.11%
01/01/2015,0.09795758436596953,0.09826850887364635,0.09780333704986013,0.09826850887364635,,0.51%
