Date,Price,Open,High,Low,Vol.,Change %
11/21/2025,0.5731644408780879,0.5633485437440144,0.5628729032984352,0.5743165632896853,,-1.71%
11/20/2025,0.5633485437440144,0.5630630630630631,0.5615138413161884,0.564652738565782,,-0.05%
11/19/2025,0.5630630630630631,0.5694436535504812,0.5628412224911352,0.5705482969133338,,1.13%
11/18/2025,0.5694112287894317,0.5709065996802923,0.5683755825849721,0.5726720879624327,,0.26%
11/17/2025,0.5708740081064109,0.5743825387708213,0.5704506560182545,0.5743825387708213,,0.52%
11/14/2025,0.5738551589578791,0.5746796161140164,0.5730987449137487,0.5775672865888876,,0.13%
11/13/2025,0.5746135723725795,0.5722133211261158,0.5716899153898924,0.5757052389176741,,-0.40%
11/12/2025,0.5723115664167573,0.5738880918220947,0.5714612263557918,0.5746135723725795,,0.27%
11/11/2025,0.5738551589578791,0.5754733268113023,0.5734931467568962,0.5759373380176237,,0.28%
11/10/2025,0.5754733268113023,0.5783021050196623,0.5749770009199632,0.5783021050196623,,0.42%
11/07/2025,0.5779010633379565,0.5793071486502144,0.5773672055427251,0.580248346292213,,0.24%
11/06/2025,0.5793071486502144,0.5745475438092502,0.574481530418797,0.5802146794313896,,-0.82%
11/05/2025,0.5745805561939784,0.5774005427565102,0.574085768413801,0.580113702285648,,0.49%
11/04/2025,0.5774005427565102,0.5752746936662256,0.5730330640077932,0.5787371954395509,,-0.36%
11/03/2025,0.5753077896674721,0.5760036864235931,0.5750431282346176,0.5766347595433052,,0.19%
10/31/2025,0.5764020981036371,0.5750431282346176,0.5747126436781609,0.5768676088837612,,-0.23%
10/30/2025,0.5750761975961816,0.5788376939106274,0.574184657785944,0.5806189397898159,,0.65%
10/29/2025,0.5788376939106274,0.580046403712297,0.5777007510109763,0.5822077317186772,,0.21%
10/28/2025,0.5800800510470445,0.577100646352724,0.5770340450086555,0.5819028222286878,,-0.51%
10/27/2025,0.577100646352724,0.5738880918220947,0.5733616191732126,0.5783021050196623,,-0.44%
10/24/2025,0.5745805561939784,0.5753077896674721,0.5730002292000916,0.5765682656826568,,0.13%
10/23/2025,0.5753408894770151,0.5773338721782807,0.5745475438092502,0.5779344622319829,,0.33%
10/22/2025,0.5772672169947469,0.5793407102717109,0.5768676088837612,0.5808887598024978,,0.35%
10/21/2025,0.5793071486502144,0.5829204313611192,0.5781349366942244,0.584180394905947,,0.62%
10/20/2025,0.5829204313611192,0.5847611250804047,0.5819705522900541,0.585308750365818,,0.22%
10/17/2025,0.584214523573056,0.5850005850005849,0.5841462702260646,0.5886161633998469,,0.12%
10/16/2025,0.584932147870847,0.5813277525869085,0.5800127602807262,0.5860977611065525,,-0.62%
10/15/2025,0.5812939603557519,0.5846927439630475,0.5804841237592152,0.5877512636652169,,0.58%
10/14/2025,0.5846927439630475,0.5822416302765647,0.5809225049378413,0.5857201429157148,,-0.43%
10/13/2025,0.5822077317186772,0.5846927439630475,0.5813953488372093,0.585171747908011,,0.84%
10/10/2025,0.5870956378794105,0.5805178218971323,0.5789717461787864,0.5871645822323998,,-1.11%
10/09/2025,0.5805515239477503,0.5813277525869085,0.5793742757821553,0.583192395171167,,0.13%
10/08/2025,0.5812939603557519,0.5841462702260646,0.5801810164771408,0.5847953216374269,,0.50%
10/07/2025,0.584180394905947,0.5901445854234287,0.5836689429755443,0.5905976848570753,,1.01%
10/06/2025,0.5900749395173187,0.594601022713759,0.5898313082458417,0.5953444067392987,,1.97%
10/03/2025,0.6017209218364523,0.6024459304777396,0.6000600060006,0.6032454605779092,,0.13%
10/02/2025,0.6024822267743102,0.6030271965265633,0.6017209218364523,0.6053268765133172,,0.09%
10/01/2025,0.6030271965265633,0.6006006006006006,0.5990893841361131,0.6049972775122512,,-0.40%
09/30/2025,0.6006006006006006,0.5969436485195797,0.5959120433823968,0.601684717208183,,-0.61%
09/29/2025,0.5969436485195797,0.5932253663166637,0.5929791271347249,0.5978000956480153,,-0.64%
09/26/2025,0.5931198102016607,0.5923819678928973,0.5915409642117717,0.5935070330583417,,-0.09%
09/25/2025,0.5925925925925926,0.5961962678113635,0.5919261276192731,0.5976571838393497,,0.61%
09/24/2025,0.5962318149296446,0.6014675808973896,0.5960896518836433,0.6021194605009633,,0.88%
09/23/2025,0.6014675808973896,0.59776436128878,0.5973358819664297,0.6020832078993317,,-0.62%
09/22/2025,0.59776436128878,0.5953798523457966,0.5937184587068812,0.5979788315493632,,-0.39%
09/19/2025,0.5954153021732659,0.5959830740806962,0.5946363798537194,0.599592277251469,,0.10%
09/18/2025,0.5959830740806962,0.5970862192500597,0.5953089653530182,0.5992688919518188,,0.16%
09/17/2025,0.5969436485195797,0.5999160117583539,0.5966587112171838,0.6029544769369912,,0.50%
09/16/2025,0.5999160117583539,0.5978000956480153,0.5970149253731343,0.6014675808973896,,-0.35%
09/15/2025,0.5978358342799067,0.5974072525240457,0.5972645284596548,0.5990534954771461,,-0.01%
09/12/2025,0.5978000956480153,0.599592277251469,0.5964451866873434,0.5999880002399952,,0.31%
09/11/2025,0.5996282304970918,0.5971218725741924,0.5969792848188168,0.6008893161879583,,-0.42%
09/10/2025,0.5971218725741924,0.5986231667165519,0.5968367651447329,0.5990893841361131,,0.25%
09/09/2025,0.5986231667165519,0.5963740458015266,0.5961962678113635,0.6025185274447189,,-0.38%
09/08/2025,0.5963740458015266,0.5942123715015747,0.5935070330583417,0.5971575301564552,,0.32%
09/05/2025,0.5982650314089142,0.593930035041872,0.5936479667557139,0.6002040693835905,,-0.72%
09/04/2025,0.593930035041872,0.5946717411988582,0.592627711271779,0.5959120433823968,,0.12%
09/03/2025,0.5946717411988582,0.5931198102016607,0.590946696607966,0.5956280898207159,,-0.26%
09/02/2025,0.5931198102016607,0.5979073243647234,0.5919261276192731,0.5984798611526722,,0.81%
09/01/2025,0.5979073243647234,0.5994844433786943,0.5970862192500597,0.6014314067480604,,0.29%
08/29/2025,0.5996282304970918,0.5961251862891207,0.5953444067392987,0.6008532115604158,,-0.58%
08/28/2025,0.5961251862891207,0.5946363798537194,0.5941770647653001,0.5971575301564552,,-0.24%
08/27/2025,0.5946717411988582,0.5944596361907026,0.5922767116796968,0.5951318216985062,,-0.03%
08/26/2025,0.5944949765174484,0.5927682276229994,0.5923819678928973,0.5960185957801883,,-0.28%
08/25/2025,0.5928033671231252,0.5943889681407514,0.5919261276192731,0.5950964056177102,,0.25%
08/22/2025,0.5942829975634397,0.5883045064125191,0.5871301080319399,0.5955216769890423,,-1.01%
08/21/2025,0.5883045064125191,0.5905628063544558,0.5880277549100318,0.5914709883480215,,0.40%
08/20/2025,0.5906325674797708,0.5895878780732269,0.5891016200294551,0.5925574780753733,,-0.18%
08/19/2025,0.5895878780732269,0.5904233335301411,0.5881660981061052,0.5918560606060607,,0.14%
08/18/2025,0.5904233335301411,0.5947071067499257,0.5901097604154373,0.5951672419950006,,0.70%
08/15/2025,0.5945303210463734,0.5934718100890207,0.5928736586233473,0.5962318149296446,,-0.18%
08/14/2025,0.5934365913002195,0.5933661662611998,0.5924521594881214,0.5984798611526722,,-0.02%
08/13/2025,0.5933309600094933,0.5928033671231252,0.5910514805839588,0.5948132286462051,,-0.12%
08/12/2025,0.5925925925925926,0.591715976331361,0.5901445854234287,0.5936479667557139,,-0.15%
08/11/2025,0.591715976331361,0.5926979611190137,0.5912262031453234,0.5948132286462051,,0.09%
08/08/2025,0.5922416345869115,0.5942829975634397,0.591715976331361,0.5959830740806962,,0.36%
08/07/2025,0.5943536404160475,0.5952735281862016,0.5924521594881214,0.5981576743629621,,0.15%
08/06/2025,0.5952735281862016,0.5951318216985062,0.5926979611190137,0.5969080164746613,,-0.05%
08/05/2025,0.594990182661986,0.5957700327673517,0.5940358797671379,0.598014591556034,,0.18%
08/04/2025,0.5960896518836433,0.5921013677541594,0.5896921806816842,0.5968367651447329,,-0.69%
08/01/2025,0.5919962112242482,0.5805852299117511,0.5790052689479473,0.5923468783319512,,-1.93%
07/31/2025,0.5805515239477503,0.5865790708587517,0.5802146794313896,0.589935697009026,,1.03%
07/30/2025,0.5865446653762684,0.5867511588335387,0.5863726984871585,0.5915409642117717,,0.04%
07/29/2025,0.5867511588335387,0.5837030119075414,0.5829204313611192,0.5872680291284942,,-0.54%
07/28/2025,0.5836008170411439,0.5851375073142188,0.583192395171167,0.5864070837975722,,0.37%
07/25/2025,0.5857544517338331,0.5876131155247385,0.5846585594013096,0.5893099180859214,,0.32%
07/24/2025,0.5876131155247385,0.5897269564191779,0.5874750323111269,0.5920663114268798,,0.34%
07/23/2025,0.5895878780732269,0.588650812338121,0.5864414731409805,0.5914709883480215,,-0.15%
07/22/2025,0.5886854653558603,0.5850348095711695,0.5830223880597015,0.5902142477719412,,-0.66%
07/21/2025,0.5848295221942804,0.5818012566907144,0.5794414184725925,0.5862695667467902,,-1.02%
07/18/2025,0.5788376939106274,0.578904712284358,0.5784024524263982,0.5810237638719423,,0.01%
07/17/2025,0.578904712284358,0.5808550185873605,0.5772338951743247,0.5813953488372093,,0.33%
07/16/2025,0.5807875479149727,0.5774672287347693,0.5758378440631119,0.5846585594013096,,-0.55%
07/15/2025,0.5776006469127245,0.5822755327821125,0.5769674590353104,0.5829883985308693,,0.82%
07/14/2025,0.58230943923601,0.5827505827505828,0.5815305885089556,0.5845560296954463,,-0.02%
07/11/2025,0.5822077317186772,0.5862351975612616,0.5819028222286878,0.5867167331612297,,0.70%
07/10/2025,0.5862695667467902,0.5855486590935707,0.5839075090505664,0.5880277549100318,,-0.12%
07/09/2025,0.5855486590935707,0.5851032707272833,0.5829544129649061,0.5860290670417253,,-0.08%
07/08/2025,0.5851032707272833,0.5871990604815032,0.5834305717619603,0.5880623346074684,,0.34%
07/07/2025,0.5870956378794105,0.5918910920390648,0.5863726984871585,0.5928385107896609,,0.73%
07/04/2025,0.5914010290377905,0.5894836123555766,0.5892751915144372,0.5923819678928973,,-0.32%
07/03/2025,0.5894836123555766,0.5959120433823968,0.5882698982293076,0.5969436485195797,,1.09%
07/02/2025,0.5959120433823968,0.5969792848188168,0.594000594000594,0.5974786401386151,,0.18%
07/01/2025,0.5969792848188168,0.594990182661986,0.594601022713759,0.5996641880546894,,-0.33%
06/30/2025,0.594990182661986,0.5914010290377905,0.5902839265686796,0.5953089653530182,,-0.72%
06/27/2025,0.59070234508831,0.5930142916444286,0.5898313082458417,0.5937184587068812,,0.40%
06/26/2025,0.5930846331771544,0.5924872615238772,0.5920312592504884,0.5963029218843172,,-0.13%
06/25/2025,0.5923117929277972,0.5929439667951378,0.5900053100477904,0.5943183168905265,,0.11%
06/24/2025,0.5929791271347249,0.5924170616113744,0.5915059742103395,0.5954153021732659,,-0.11%
06/23/2025,0.5923468783319512,0.5930494603249912,0.5861664712778429,0.5934013766911939,,0.05%
06/20/2025,0.592627711271779,0.5969792848188168,0.5922416345869115,0.5984082340973012,,0.73%
06/19/2025,0.5969792848188168,0.5954507562224604,0.5950609937518595,0.5981218972426581,,-0.23%
06/18/2025,0.5955926146515783,0.5941417622244668,0.5932605600379687,0.5988023952095809,,-0.24%
06/17/2025,0.5941417622244668,0.5931198102016607,0.5915759583530525,0.5971575301564552,,-0.17%
06/16/2025,0.5931198102016607,0.5981218972426581,0.5924872615238772,0.5984798611526722,,0.75%
06/13/2025,0.5975857535556353,0.5964807634953773,0.5960896518836433,0.602627455706882,,-0.20%
06/12/2025,0.5963740458015266,0.591261160054396,0.5911213572146362,0.5973715651135006,,-0.86%
06/11/2025,0.5912262031453234,0.590911776871713,0.5878894767783657,0.592206561648703,,-0.05%
06/10/2025,0.590911776871713,0.5924521594881214,0.5893446487505893,0.5932605600379687,,0.26%
06/09/2025,0.5924521594881214,0.5920312592504884,0.5915759583530525,0.5951318216985062,,-0.05%
06/06/2025,0.5921364282330649,0.5975500448162534,0.5910864168341412,0.5985873338920148,,0.98%
06/05/2025,0.5979430758191819,0.6015037593984962,0.5960896518836433,0.6024822267743102,,0.60%
06/04/2025,0.6015037593984962,0.5953089653530182,0.5938242280285035,0.6022282445046673,,-1.06%
06/03/2025,0.5951318216985062,0.5980503558399618,0.5947071067499257,0.5996641880546894,,0.49%
06/02/2025,0.5980503558399618,0.5934365913002195,0.5933661662611998,0.5991252770954406,,-0.74%
05/30/2025,0.5936479667557139,0.5923468783319512,0.5920312592504884,0.5965875193890944,,-0.21%
05/29/2025,0.5924170616113744,0.5897269564191779,0.5838393274170948,0.5933661662611998,,-0.46%
05/28/2025,0.5896921806816842,0.5912262031453234,0.5886854653558603,0.5941417622244668,,0.25%
05/27/2025,0.5911912503694945,0.5956280898207159,0.5905628063544558,0.5991970759182695,,0.75%
05/26/2025,0.5956280898207159,0.5979788315493632,0.5939653124257543,0.5990534954771461,,0.33%
05/23/2025,0.5976214665630789,0.5971218725741924,0.5941417622244668,0.5998800239952009,,-0.08%
05/22/2025,0.5971218725741924,0.5957700327673517,0.5927682276229994,0.6017933441656136,,-0.23%
05/21/2025,0.5957700327673517,0.5918210333195242,0.5915759583530525,0.597442944198829,,-0.65%
05/20/2025,0.5919261276192731,0.5894488653109343,0.5868544600938967,0.5936479667557139,,-0.42%
05/19/2025,0.5894488653109343,0.5881315062047874,0.5876131155247385,0.5905279319711823,,-0.40%
05/16/2025,0.5870956378794105,0.5872335427799635,0.585171747908011,0.5905976848570753,,0.02%
05/15/2025,0.5872335427799635,0.5819705522900541,0.5818689631095078,0.5883391186680003,,-0.91%
05/14/2025,0.5818689631095078,0.5782017924255565,0.5772338951743247,0.5859947260474656,,-0.63%
05/13/2025,0.5782017924255565,0.5717552887364208,0.5716245569909683,0.5786367318597385,,-1.11%
05/12/2025,0.5717552887364208,0.5856858381164344,0.5710043967338548,0.5861664712778429,,2.76%
05/09/2025,0.5875440658049353,0.5861664712778429,0.5851032707272833,0.5904233335301411,,-0.23%
05/08/2025,0.5861664712778429,0.5890322200624374,0.5851032707272833,0.5924170616113744,,0.49%
05/07/2025,0.589066918001885,0.5918910920390648,0.5882352941176471,0.5928033671231252,,0.48%
05/06/2025,0.5918910920390648,0.5865446653762684,0.5842486562280906,0.5922416345869115,,-0.90%
05/05/2025,0.5865446653762684,0.5840439201027917,0.5829204313611192,0.5872680291284942,,-0.59%
05/02/2025,0.5830903790087463,0.5816320595591229,0.5765682656826568,0.5872335427799635,,-0.25%
05/01/2025,0.5816320595591229,0.591261160054396,0.5803830528148578,0.5921013677541594,,1.66%
04/30/2025,0.5912961210974456,0.5981576743629621,0.5901097604154373,0.5992329817833173,,1.16%
04/29/2025,0.5981576743629621,0.5996641880546894,0.5963384817222255,0.5999880002399952,,0.25%
04/28/2025,0.5996641880546894,0.5942123715015747,0.5916109566349169,0.5998080614203455,,-0.91%
04/25/2025,0.5942123715015747,0.5980503558399618,0.5918560606060607,0.5985873338920148,,0.68%
04/24/2025,0.5982292414453219,0.5950964056177102,0.5950255861002023,0.6000240009600384,,-0.55%
04/23/2025,0.5949547834364588,0.601684717208183,0.5944243000653867,0.603974149906384,,1.11%
04/22/2025,0.601576129459183,0.6047411707789067,0.6012144531954549,0.6084205402774397,,0.54%
04/21/2025,0.604814322003145,0.6010337780983291,0.6009976561091412,0.607164541590771,,-0.58%
04/18/2025,0.601286753652817,0.5994485073732166,0.5991970759182695,0.6013229104028863,,-0.27%
04/17/2025,0.5996641880546894,0.6033546518643659,0.5974072525240457,0.6045583701106342,,0.70%
04/16/2025,0.6038647342995169,0.5983008256551394,0.598014591556034,0.6044487427466151,,-0.87%
04/15/2025,0.5985873338920148,0.6017571308220002,0.5976571838393497,0.6021194605009633,,0.57%
04/14/2025,0.6020107157907411,0.597442944198829,0.5972288580984233,0.605987153072355,,-0.22%
04/11/2025,0.6007088364269838,0.5967655308229397,0.5960185957801883,0.605987153072355,,-0.65%
04/10/2025,0.5968011458582001,0.5872680291284942,0.5861664712778429,0.5985515053570359,,-1.69%
04/09/2025,0.5867167331612297,0.589622641509434,0.584385226741468,0.601829561868079,,0.51%
04/08/2025,0.5896921806816842,0.5808887598024978,0.5797773654916512,0.590911776871713,,-1.46%
04/07/2025,0.5810912894415713,0.5878894767783657,0.5796765404904063,0.5914010290377905,,0.23%
04/04/2025,0.5824111822947,0.5837711617046117,0.5800800510470445,0.5903536218194699,,0.27%
04/03/2025,0.584009811364831,0.5726065048098946,0.572508158241255,0.5878549174063841,,-1.92%
04/02/2025,0.5727704908643106,0.5721151095600435,0.5678914191606566,0.5732958780026371,,-0.12%
04/01/2025,0.5720823798627003,0.5698655117392296,0.5691195720220819,0.5746796161140164,,-0.36%
03/31/2025,0.5699954400364797,0.5710370031978071,0.5686664771111744,0.5751754285056943,,0.18%
03/28/2025,0.5710043967338548,0.5670541536716757,0.5665080444142306,0.5713306290350226,,-0.69%
03/27/2025,0.5670863105364636,0.5686988171064604,0.5665080444142306,0.5722788142382969,,0.34%
03/26/2025,0.5689900426742531,0.5710696133858717,0.5679559266200943,0.5715592135345222,,0.41%
03/25/2025,0.5712979890310786,0.5677946854417443,0.5667006687067891,0.572442612628084,,-0.59%
03/24/2025,0.5679236710586097,0.5757052389176741,0.5675691015381122,0.5757383844780931,,1.42%
03/21/2025,0.5759705103098721,0.5803493703209331,0.5749439429655608,0.5810575246949448,,0.75%
03/20/2025,0.5803156917363045,0.5803830528148578,0.5793742757821553,0.5827166249053085,,0.06%
03/19/2025,0.5806526535826269,0.579609343302614,0.5748447919061853,0.5808550185873605,,-0.16%
03/18/2025,0.5797101449275363,0.5809900069718801,0.5773338721782807,0.5813953488372093,,0.24%
03/17/2025,0.5811250581125058,0.5841462702260646,0.5806863712908659,0.5856858381164344,,0.68%
03/14/2025,0.5850690381465012,0.5880277549100318,0.5832264084917765,0.5883045064125191,,0.55%
03/13/2025,0.5882698982293076,0.5878894767783657,0.5866823115283074,0.5901097604154373,,-0.05%
03/12/2025,0.5879931792791203,0.5900749395173187,0.5844193793466191,0.5903187721369539,,0.40%
03/11/2025,0.5903187721369539,0.5927682276229994,0.5884083553986467,0.5960896518836433,,0.44%
03/10/2025,0.5929088106249258,0.5889975262103899,0.588650812338121,0.5954862144941344,,-0.74%
03/07/2025,0.588512241054614,0.5881660981061052,0.587406015037594,0.5927682276229994,,-0.02%
03/06/2025,0.5883737349964697,0.5836008170411439,0.5819028222286878,0.5910165484633569,,-0.79%
03/05/2025,0.5837030119075414,0.5826487210860573,0.5806526535826269,0.5858917272088118,,-0.15%
03/04/2025,0.5828524800373026,0.5837030119075414,0.58230943923601,0.5892057506481263,,0.16%
03/03/2025,0.5838052425710782,0.581260172053011,0.5766680122253619,0.585308750365818,,-0.51%
02/28/2025,0.5808550185873605,0.5829883985308693,0.5787706910522051,0.5857201429157148,,0.39%
02/27/2025,0.5831243804303458,0.5844535359438925,0.5811250581125058,0.5860290670417253,,0.27%
02/26/2025,0.5846927439630475,0.5846585594013096,0.5812263876780006,0.5862695667467902,,0.02%
02/25/2025,0.5848295221942804,0.5788712011577424,0.5769341718109964,0.5865790708587517,,-1.00%
02/24/2025,0.5789717461787864,0.5797101449275363,0.5784359093012494,0.5818351079304126,,0.22%
02/21/2025,0.580248346292213,0.5786032517502748,0.5741187277528993,0.5815305885089556,,-0.23%
02/20/2025,0.578938227291148,0.5736905513166198,0.5736576411197797,0.579609343302614,,-0.89%
02/19/2025,0.5737893045673629,0.5713959202331296,0.5704831992697815,0.5744155321959906,,-0.37%
02/18/2025,0.5716572343223003,0.5731644408780879,0.5709717939933767,0.5743165632896853,,0.30%
02/17/2025,0.5733616191732126,0.5690547999772377,0.5684078895015062,0.5739869130983813,,-0.80%
02/14/2025,0.5687635081333182,0.5674080798910577,0.5660590965696819,0.5701254275940707,,-0.22%
02/13/2025,0.5675046819136258,0.5628095452498875,0.5618608832453085,0.5677946854417443,,-0.81%
02/12/2025,0.5629045876723895,0.5691843588138198,0.5613247263541958,0.5696707303178763,,1.13%
02/11/2025,0.5692491603574885,0.5754733268113023,0.5684078895015062,0.5768010613139528,,1.11%
02/10/2025,0.5755726948313572,0.5795085767269356,0.5738222298731853,0.5795421616922631,,0.62%
02/07/2025,0.579139398853304,0.578368999421631,0.574184657785944,0.5807538184563563,,-0.13%
02/06/2025,0.578368999421631,0.5723115664167573,0.5716899153898924,0.5791058605513089,,-1.03%
02/05/2025,0.5724098454493417,0.5641748942172073,0.563729635266926,0.5742506029631331,,-1.42%
02/04/2025,0.564302240279894,0.5619871866921434,0.5595970900951315,0.5648441030275644,,-0.39%
02/03/2025,0.5620819515485358,0.5586904296329404,0.5552470849528041,0.5654509471303365,,-0.73%
01/31/2025,0.5579734404642339,0.5610727711384167,0.5576000892160142,0.5629362756136006,,0.58%
01/30/2025,0.5612302166348636,0.5581291510855612,0.5580668564093978,0.5629362756136006,,-0.52%
01/29/2025,0.5583161185863437,0.5566998830930245,0.5556790397866193,0.5590339892665475,,-0.27%
01/28/2025,0.5567928730512249,0.558909009613235,0.5546619335515004,0.5590027391134217,,0.41%
01/27/2025,0.5590652429138481,0.5536178929302995,0.552944429084877,0.5612932195779075,,-1.13%
01/24/2025,0.552761041401802,0.5538938739337543,0.5509338328466752,0.5571030640668524,,0.22%
01/23/2025,0.5539859287574096,0.5524251463926638,0.5512679162072767,0.5550313592717988,,-0.29%
01/22/2025,0.552364118426867,0.5558643690939411,0.5516024049864857,0.5565449688334818,,0.66%
01/21/2025,0.5560189046427578,0.5540473156407557,0.5518763796909492,0.5576000892160142,,-0.34%
01/20/2025,0.554139421478444,0.5538325210456357,0.5524251463926638,0.5554938340184424,,-0.03%
01/17/2025,0.5539552404165744,0.5582537821693743,0.5535872453498671,0.5587840858292356,,0.77%
01/16/2025,0.5582226191805292,0.5520896593606802,0.5519372999227288,0.5583161185863437,,-1.08%
01/15/2025,0.5521811154058531,0.5477051155657794,0.5473453749315819,0.5535566011624689,,-0.79%
01/14/2025,0.547825134217158,0.5502366017387477,0.5469262743382192,0.5515415586564448,,0.45%
01/13/2025,0.550297160466652,0.5462988254575253,0.5454942177612917,0.5524861878453039,,-0.63%
01/10/2025,0.5468066491688539,0.5432715814635737,0.5415651232060655,0.5475551661829929,,-0.65%
01/09/2025,0.5432420686657975,0.5425935973955507,0.5424170101974398,0.5447809980387884,,-0.11%
01/08/2025,0.542652485348383,0.542947116950809,0.541741156075627,0.543685097591475,,0.05%
01/07/2025,0.5429176393941039,0.5437442227176337,0.5413012882970661,0.5448106782892945,,0.17%
01/06/2025,0.5438625115570783,0.5454644629902362,0.5432420686657975,0.5479151827297135,,0.28%
01/03/2025,0.5453752181500873,0.544425087108014,0.5443954488540476,0.5468066491688539,,-0.15%
01/02/2025,0.5445733267984534,0.544632645280758,0.5428292259255239,0.5480052608505042,,0.27%
01/01/2025,0.5460303592879764,0.5443954488540476,0.5442473059758355,0.5464182285121032,,-0.25%
12/31/2024,0.5446623093681917,0.5451373746184038,0.5430060816681147,0.5487871803314675,,0.13%
12/30/2024,0.5453752181500873,0.5413598960589,0.5404528995298059,0.5457323728443572,,-0.78%
12/27/2024,0.5410962610248363,0.5400151204233719,0.5398693516169087,0.5439512619669278,,-0.27%
12/26/2024,0.5396362851438131,0.5419466724474312,0.5392579810181191,0.5424464334147003,,0.32%
12/25/2024,0.5413598960589,0.5419760446588261,0.5407451468123073,0.542652485348383,,0.11%
12/24/2024,0.5419760446588261,0.5413892046992583,0.5405405405405405,0.5429765977086388,,-0.09%
12/23/2024,0.5415064710023285,0.5428881650380022,0.5410669840926307,0.5439216752787599,,0.31%
12/20/2024,0.5431830526887561,0.5405697605275961,0.5389092476826902,0.5447809980387884,,-0.43%
12/19/2024,0.5408328826392644,0.5483358008444371,0.5392870625033706,0.5500247511138001,,1.44%
12/18/2024,0.5486065393899495,0.5531585352361986,0.5481554568875733,0.5539552404165744,,0.85%
12/17/2024,0.553250345781466,0.550994545154003,0.5499037668408029,0.5545389009038985,,-0.40%
12/16/2024,0.5510552708436657,0.5520287054926856,0.5494807407000385,0.5531585352361986,,0.20%
12/13/2024,0.5521811154058531,0.5558025789239662,0.5513895015438905,0.5565139963270076,,0.67%
12/12/2024,0.5558643690939411,0.5563591854901524,0.5554012774229381,0.5590965000559096,,0.13%
12/11/2024,0.5566069241901369,0.5585656035301346,0.5552470849528041,0.5619871866921434,,0.37%
12/10/2024,0.5586592178770949,0.5613247263541958,0.5576933801795773,0.5623031938821412,,0.50%
12/09/2024,0.5614507888383583,0.5642067253441662,0.5606323933396872,0.5658028742786013,,0.52%
12/06/2024,0.5643977875606727,0.5643340857787811,0.5619240278714318,0.5669898508816692,,0.04%
12/05/2024,0.5646208570944611,0.5624613307835086,0.5617661929105107,0.5661872947571056,,-0.33%
12/04/2024,0.5627462014631401,0.5660270560932813,0.5604124635731899,0.5663797009515179,,0.59%
12/03/2024,0.5660911406736485,0.566475953095791,0.563729635266926,0.5698655117392296,,0.09%
12/02/2024,0.5666043401892459,0.56471651231082,0.5612617163383286,0.5685048322910745,,-0.33%
11/29/2024,0.564748404585757,0.5573825316314587,0.5572893446277307,0.5659309564233164,,-1.27%
11/28/2024,0.5576000892160142,0.5588153115395361,0.5558334722917014,0.5593466830741693,,0.21%
11/27/2024,0.5587840858292356,0.5507517761744781,0.5503274448296737,0.561104253170239,,-1.43%
11/26/2024,0.550812448361333,0.5465078150617554,0.5454644629902362,0.551024906325766,,-0.78%
11/25/2024,0.5465376837732961,0.5474052988832931,0.5445140212360469,0.5495109352676119,,-0.16%
11/22/2024,0.5456728145803776,0.5468066491688539,0.5448106782892945,0.548847420417124,,0.23%
11/21/2024,0.5469262743382192,0.5427702996092054,0.5427702996092054,0.5487871803314675,,-0.75%
11/20/2024,0.5428292259255239,0.5457025920873124,0.5411841108345059,0.5461496450027308,,0.55%
11/19/2024,0.5458217346214727,0.5456132693147098,0.5450779461462989,0.5506607929515418,,-0.01%
11/18/2024,0.5457919441109049,0.5467468562055768,0.5433896647285769,0.5489378053466542,,0.24%
11/15/2024,0.5470758794244761,0.5404821100421576,0.5389092476826902,0.5487269534679543,,-1.18%
11/14/2024,0.5406282099799968,0.5430355688297583,0.5397819281010472,0.5434782608695652,,0.46%
11/13/2024,0.5430945527616359,0.5457919441109049,0.5423875901719369,0.5467767510525453,,0.52%
11/12/2024,0.5459111256687411,0.5491186645434079,0.5446919766871834,0.5501760563380281,,0.62%
11/11/2024,0.549299642955232,0.552791597567717,0.548185505975222,0.552944429084877,,0.67%
11/08/2024,0.5530055853564121,0.5512071436445817,0.5498130635583901,0.554569653948536,,-0.32%
11/07/2024,0.5512375282509233,0.5452562704471101,0.5449294316386029,0.5519677650825191,,-1.06%
11/06/2024,0.5453752181500873,0.5547542438699656,0.5449591280653951,0.5559879906594017,,1.74%
11/05/2024,0.5548465849192699,0.5530973451327433,0.5513591001819484,0.5558643690939411,,-0.30%
11/04/2024,0.5531585352361986,0.5496317467296912,0.5494203615185979,0.5550621669626998,,-0.63%
11/01/2024,0.5496921723834652,0.5530667551573475,0.5490583649041894,0.5539245554755443,,0.65%
10/31/2024,0.5532809560694921,0.5481254110940583,0.5474352657798215,0.5538018496981779,,-0.93%
10/30/2024,0.5481554568875733,0.5481554568875733,0.5477651183172656,0.5503577325261421,,0.02%
10/29/2024,0.5482756730083886,0.5484260173302622,0.546239143497023,0.5504183179216204,,0.05%
10/28/2024,0.5485463521667581,0.5519982336056525,0.5464182285121032,0.5521201413427562,,0.67%
10/25/2024,0.552242102937928,0.5536791982725209,0.5517850245544336,0.5551237926057511,,0.28%
10/24/2024,0.5538018496981779,0.5505395287381634,0.5500852632157984,0.5547850208044383,,-0.57%
10/23/2024,0.5506304718903144,0.5565449688334818,0.5488775454196169,0.5568858940803029,,1.10%
10/22/2024,0.55666889334224,0.5574136008918618,0.5560807429238726,0.5586592178770949,,0.15%
10/21/2024,0.5575068294586608,0.562429696287964,0.5572272372673577,0.5637932006540001,,0.86%
10/18/2024,0.5623031938821412,0.559628406737926,0.559190292456523,0.5628095452498875,,-0.44%
10/17/2024,0.5598477214197738,0.5616084465910367,0.5591277606933184,0.5629679671226707,,0.34%
10/16/2024,0.5617661929105107,0.5633168093735917,0.5608839531101015,0.564652738565782,,0.30%
10/15/2024,0.5634437683119224,0.5613877505192837,0.5610412926391383,0.564652738565782,,-0.33%
10/14/2024,0.5616084465910367,0.5639521768554027,0.5604438715462646,0.5641748942172073,,0.43%
10/11/2024,0.5640157924421884,0.5650355972426263,0.5632216277105041,0.5657388549445576,,0.20%
10/10/2024,0.5651633322030066,0.562334814148344,0.5613877505192837,0.5658989304510215,,-0.48%
10/09/2024,0.5624613307835086,0.5666043401892459,0.5620187714269657,0.5670541536716757,,0.78%
10/08/2024,0.5668291576918717,0.5667649059170257,0.5658989304510215,0.5698330389195966,,0.01%
10/07/2024,0.5668934240362812,0.5649717514124294,0.5634120232125753,0.5681172594023407,,-0.32%
10/04/2024,0.5650675255693055,0.5716899153898924,0.5637614161686774,0.5753739930955121,,1.20%
10/03/2024,0.57185337679419,0.5730002292000916,0.5701254275940707,0.5739539688916949,,0.22%
10/02/2024,0.5731315910132967,0.5844535359438925,0.5728032993470042,0.5851032707272833,,1.99%
10/01/2024,0.5845560296954463,0.5832944470368643,0.5797437532610585,0.5868889019308645,,-0.17%
09/30/2024,0.5835667600373483,0.5885815185403178,0.5820721769499418,0.5915409642117717,,0.91%
09/27/2024,0.5888587916617596,0.5774672287347693,0.5712653527563554,0.5893099180859214,,-1.89%
09/26/2024,0.5777341267548673,0.5775672865888876,0.5760368663594471,0.5803156917363045,,-0.01%
09/25/2024,0.5777007510109763,0.5837370848169984,0.5772338951743247,0.5850348095711695,,1.07%
09/24/2024,0.5838734162433584,0.5816997266011285,0.5779010633379565,0.584214523573056,,-0.35%
09/23/2024,0.5818351079304126,0.580046403712297,0.5778008898133703,0.5836348780203104,,-0.28%
09/20/2024,0.5801810164771408,0.5863383172090296,0.5778342771293193,0.5891363261458702,,1.09%
09/19/2024,0.5865102639296187,0.5879240402140044,0.5817335660267597,0.5898313082458417,,0.27%
09/18/2024,0.5880969183721477,0.5882352941176471,0.5861664712778429,0.595699052838506,,0.07%
09/17/2024,0.588512241054614,0.5963029218843172,0.5879586077140169,0.59776436128878,,1.35%
09/16/2024,0.5964451866873434,0.5959830740806962,0.5950255861002023,0.6010699044298852,,-0.12%
09/13/2024,0.595734540688669,0.5917860101787193,0.5915409642117717,0.5980861244019139,,-0.63%
09/12/2024,0.5919962112242482,0.5898313082458417,0.5869922517022775,0.592206561648703,,-0.35%
09/11/2024,0.5899008966493628,0.5894141223623718,0.5892404690354134,0.5966943135031924,,-0.02%
09/10/2024,0.5897965202005309,0.5864414731409805,0.5842486562280906,0.5905628063544558,,-0.54%
09/09/2024,0.586613480377779,0.5904581955597543,0.5838052425710782,0.5915759583530525,,0.64%
09/06/2024,0.590388475616956,0.5854458169896376,0.5833625014584063,0.5919962112242482,,-0.79%
09/05/2024,0.5857201429157148,0.584180394905947,0.5822416302765647,0.5878894767783657,,-0.25%
09/04/2024,0.5842827928717499,0.5771339527904427,0.5767012687427913,0.5842827928717499,,-1.21%
09/03/2024,0.5772338951743247,0.5711674663011195,0.570027931368637,0.5785028346638899,,-1.02%
09/02/2024,0.5713632727688265,0.5737234652897303,0.5699954400364797,0.5754733268113023,,0.44%
08/30/2024,0.5738551589578791,0.5786032517502748,0.5731644408780879,0.5798446016467587,,0.84%
08/29/2024,0.5787037037037037,0.5803830528148578,0.5762028233938347,0.5820382981200163,,0.31%
08/28/2024,0.5805178218971323,0.5828864537188155,0.5788712011577424,0.5840780328251854,,0.44%
08/27/2024,0.583056381552096,0.5801810164771408,0.5781349366942244,0.5830903790087463,,-0.48%
08/26/2024,0.5802820170602913,0.5810912894415713,0.5796429399489914,0.5842827928717499,,0.05%
08/23/2024,0.5805852299117511,0.5738551589578791,0.5726392945083891,0.5819366852886406,,-1.14%
08/22/2024,0.5739869130983813,0.5775005775005775,0.5728361115884745,0.5791058605513089,,0.61%
08/21/2024,0.5775005775005775,0.5766347595433052,0.5723770820216358,0.5806863712908659,,-0.13%
08/20/2024,0.576734529096257,0.5720496539099594,0.5686341407938132,0.5768343331795108,,-0.78%
08/19/2024,0.5722133211261158,0.5681495369581274,0.5666043401892459,0.5780012716027976,,-0.65%
08/16/2024,0.5685048322910745,0.5623664379709818,0.5620819515485358,0.568569479190357,,-1.06%
08/15/2024,0.5624929688378895,0.5699304684828451,0.5618924537843456,0.5710043967338548,,1.35%
08/14/2024,0.5700929251467989,0.5714938850154303,0.5687958591661453,0.5744485294117647,,0.27%
08/13/2024,0.5716245569909683,0.5702229571762559,0.5673758865248227,0.572442612628084,,-0.22%
08/12/2024,0.5703530485370444,0.5721151095600435,0.5663155510250312,0.5721478430026319,,0.40%
08/09/2024,0.5726392945083891,0.5703205201323144,0.5681495369581274,0.5739539688916949,,-0.39%
08/08/2024,0.5704181164793793,0.5721151095600435,0.5691195720220819,0.5772005772005773,,0.31%
08/07/2024,0.5722133211261158,0.5815305885089556,0.5674402769108552,0.5817674093897259,,1.67%
08/06/2024,0.5817674093897259,0.5829544129649061,0.5735260380821289,0.5852059925093632,,0.24%
08/05/2024,0.583158385817588,0.5719842132357147,0.5717226001943857,0.5932605600379687,,-1.93%
08/02/2024,0.5718860802928057,0.5604752830400179,0.559190292456523,0.5722788142382969,,-1.97%
08/01/2024,0.5606009642336585,0.5580668564093978,0.5548773721007657,0.5634437683119224,,-0.43%
07/31/2024,0.558191459670667,0.547945205479452,0.5445436724025267,0.5595657769570813,,-1.79%
07/30/2024,0.548185505975222,0.5438033607047692,0.5393452348848498,0.5484861781483107,,-0.78%
07/29/2024,0.5438920918089851,0.5443658138268916,0.5424758598242378,0.5470758794244761,,0.18%
07/26/2024,0.5448700484934343,0.5439216752787599,0.5410962610248363,0.5467468562055768,,-0.15%
07/25/2024,0.544069640914037,0.543980851874014,0.5425641582117086,0.5508427894678859,,0.01%
07/24/2024,0.5440992437020512,0.5378368203087184,0.5366822304513498,0.5467468562055768,,-1.13%
07/23/2024,0.537952552584862,0.5327650506126798,0.5324813631522897,0.537952552584862,,-0.94%
07/22/2024,0.5329070077271516,0.5318017443097213,0.5308700960874874,0.5354465624330692,,-0.23%
07/19/2024,0.5316886431305827,0.5311520688373081,0.5296329643557015,0.5327934359848686,,-0.08%
07/18/2024,0.5312649418264889,0.5353032492907231,0.5310110450297366,0.5378946802216126,,0.77%
07/17/2024,0.535360565340757,0.5275096270506937,0.5266484095218033,0.5356186395286556,,-1.45%
07/16/2024,0.5276209571044161,0.528597103287874,0.5260942760942761,0.5288766659614977,,0.24%
07/15/2024,0.5288766659614977,0.5290165582182722,0.5271481286241434,0.531660375352225,,0.02%
07/12/2024,0.5289885738468049,0.5258729490954985,0.5236973029588897,0.5306447333510215,,-0.56%
07/11/2024,0.5260112566408921,0.5166890565257828,0.5162089613875697,0.5304195618734419,,-1.78%
07/10/2024,0.5166623611469905,0.517464424320828,0.5159692482328053,0.5178395733001916,,0.21%
07/09/2024,0.5177591384487936,0.5192377589698323,0.5168760014472528,0.5194535348813049,,0.31%
07/08/2024,0.5193725979017347,0.5196424859696529,0.5180005180005179,0.5208333333333334,,0.06%
07/05/2024,0.5196694902042301,0.5177859472893905,0.5172770535899027,0.5206164098292378,,-0.32%
07/04/2024,0.5180273518441774,0.5165822915590453,0.5163955589981926,0.5189682910374176,,-0.26%
07/03/2024,0.5166890565257828,0.517196793379881,0.5153842189352162,0.5191568892119198,,0.12%
07/02/2024,0.5173305742369374,0.5167958656330749,0.5161023947151114,0.5174108759766131,,-0.04%
07/01/2024,0.5171433004085432,0.5181347150259068,0.5159160088737553,0.5188605821615732,,0.23%
06/28/2024,0.5183495749533485,0.5190760446405398,0.5175983436853002,0.5201560468140441,,0.16%
06/27/2024,0.5191838429988059,0.5196694902042301,0.5187798298402159,0.5210232897410514,,0.12%
06/26/2024,0.5198045534878886,0.5223568742164647,0.5194535348813049,0.5231219920485457,,0.54%
06/25/2024,0.5226298735235706,0.5229851995188537,0.5220569042025581,0.5244388504300398,,0.11%
06/24/2024,0.5232041019201591,0.5227938101212881,0.5220841599665866,0.5256241787122208,,-0.04%
06/21/2024,0.5229851995188537,0.5261773217574323,0.5226025607525477,0.5268981505874915,,0.65%
06/20/2024,0.526371196968102,0.5279831045406548,0.526121955069185,0.5285132921092965,,0.33%
06/19/2024,0.5280946345585129,0.5280109826284387,0.5277601857715853,0.5292965648652941,,0.00%
06/18/2024,0.5280946345585129,0.529436679373147,0.5271203415739814,0.5303632988597189,,0.28%
06/17/2024,0.5295768680824021,0.5308982798895732,0.5286529921759358,0.5314908317831517,,0.26%
06/14/2024,0.5309546564723373,0.5320563979781857,0.5278437582475587,0.5326231691078562,,0.23%
06/13/2024,0.5321696556862328,0.5323963158174945,0.5308419152776304,0.5333333333333333,,0.06%
06/12/2024,0.532509718302359,0.5323396326856534,0.5305321237200913,0.5359918529238356,,0.01%
06/11/2024,0.5325664376630985,0.5317734645041212,0.5305321237200913,0.5330490405117271,,-0.11%
06/10/2024,0.5319714863283328,0.5329070077271516,0.5310674455655868,0.5330490405117271,,0.20%
06/07/2024,0.5330490405117271,0.5364231305653899,0.531434341287134,0.5376922249704269,,0.65%
06/06/2024,0.5365382551775942,0.534159500026708,0.5336464058914564,0.5369127516778524,,-0.44%
06/05/2024,0.5341880341880342,0.539548937088594,0.5328786102525844,0.5397527932207049,,1.03%
06/04/2024,0.5396654074473827,0.5323679727427598,0.5310674455655868,0.5406282099799968,,-1.31%
06/03/2024,0.5325948018747337,0.5304758368256326,0.5270092226613966,0.5329070077271516,,-0.36%
05/31/2024,0.5306728932286139,0.5311802825879103,0.52988554472234,0.5329354082285227,,0.14%
05/30/2024,0.5314061005420343,0.5288486963879634,0.5286809410520751,0.5327082889409759,,-0.45%
05/29/2024,0.5289885738468049,0.5292685508627077,0.5283178360101437,0.5308700960874874,,0.10%
05/28/2024,0.5294927459493805,0.5299136240792751,0.5291005291005292,0.5312084993359893,,0.12%
05/27/2024,0.5301383661135556,0.5289605924358635,0.5289326139849783,0.5305321237200913,,-0.19%
05/24/2024,0.5291285253188,0.5304758368256326,0.5284853609555015,0.5307573907966668,,0.27%
05/23/2024,0.530560271646859,0.5308700960874874,0.5297171310520182,0.5318583129454313,,0.09%
05/22/2024,0.5310392438001168,0.5331342965292958,0.5306447333510215,0.5336748852598997,,0.43%
05/21/2024,0.5333333333333333,0.5331058748267407,0.5322263026238757,0.5343307507347048,,0.00%
05/20/2024,0.5333333333333333,0.535360565340757,0.5329070077271516,0.5355899523324943,,0.39%
05/17/2024,0.5353892279687333,0.5371434710211098,0.5343022013250694,0.537605505080372,,0.35%
05/16/2024,0.5372877713303246,0.5386189809328881,0.536711034778875,0.5431240495329134,,0.26%
05/15/2024,0.5387060281204546,0.533731853116994,0.5333902282910177,0.5392579810181191,,-0.91%
05/14/2024,0.5338173277104575,0.5344735435595938,0.5327082889409759,0.5347879565752179,,0.12%
05/13/2024,0.5344449788894233,0.5364519070865297,0.5340168749332479,0.5369704129302475,,0.39%
05/10/2024,0.5365382551775942,0.5367398421984864,0.5356186395286556,0.5375188131584605,,0.06%
05/09/2024,0.5368551028077522,0.536797466315959,0.5353032492907231,0.537952552584862,,0.01%
05/08/2024,0.5369127516778524,0.539548937088594,0.5360780529645116,0.5400151204233719,,0.51%
05/07/2024,0.5396362851438131,0.542505289426572,0.5393452348848498,0.542652485348383,,0.56%
05/06/2024,0.5426819341184131,0.545404963185165,0.5417705060136526,0.5456728145803776,,0.44%
05/03/2024,0.5450779461462989,0.5431830526887561,0.5425641582117086,0.5488172987212557,,-0.30%
05/02/2024,0.5434487256127384,0.5387350501023597,0.5339313364301351,0.5453157378121932,,-0.56%
05/01/2024,0.5404236921746649,0.5288486963879634,0.5282341133590407,0.5448997384481256,,-2.12%
04/30/2024,0.5289605924358635,0.5335609860207021,0.5287088928835784,0.53475935828877,,0.90%
04/29/2024,0.533731853116994,0.5282620179609087,0.5209418628881017,0.5400734499891986,,-1.29%
04/26/2024,0.5268426321057901,0.5353892279687333,0.5262603936427744,0.5375477073590281,,1.61%
04/25/2024,0.5353032492907231,0.5364806866952789,0.5350168530308704,0.5369704129302475,,0.21%
04/24/2024,0.5364519070865297,0.5379814934366258,0.5362505362505362,0.5385029617662898,,0.32%
04/23/2024,0.5381552039608223,0.5383869925702596,0.5376344086021505,0.5390835579514824,,0.06%
04/22/2024,0.5385029617662898,0.5392289026691831,0.5382710733125202,0.5398402072986396,,0.17%
04/19/2024,0.5394325169921244,0.5401609679684546,0.5391126206264488,0.5450482367689541,,0.17%
04/18/2024,0.5403360890473875,0.5419173034194982,0.5399859603650304,0.5425641582117086,,0.31%
04/17/2024,0.5420054200542006,0.5407451468123073,0.5403944879762226,0.5426819341184131,,-0.19%
04/16/2024,0.5409499080385156,0.5413012882970661,0.5399568034557235,0.5434487256127384,,0.11%
04/15/2024,0.5415357955160837,0.5458515283842794,0.5405405405405405,0.5462093074065982,,0.70%
04/12/2024,0.5453454763592736,0.543685097591475,0.5435077993369205,0.5473453749315819,,-0.29%
04/11/2024,0.5437737901033171,0.5443954488540476,0.5435373410153277,0.5460601758313767,,0.15%
04/10/2024,0.5446029844243546,0.5482456140350876,0.544188071397475,0.5486968449931413,,0.66%
04/09/2024,0.5482155583575462,0.5486366379546826,0.5475551661829929,0.548967940272288,,0.10%
04/08/2024,0.548757065247215,0.5497223901929525,0.5480953685941353,0.5497526113249038,,0.18%
04/05/2024,0.5497526113249038,0.550812448361333,0.5491186645434079,0.5532197388802832,,0.24%
04/04/2024,0.5510552708436657,0.550478916657492,0.5493901769036369,0.5516328331862312,,-0.08%
04/03/2024,0.5506304718903144,0.5499340079190497,0.5494807407000385,0.5509338328466752,,-0.08%
04/02/2024,0.5501760563380281,0.5498735290883097,0.5490885130683066,0.550478916657492,,-0.01%
04/01/2024,0.5501155242600946,0.5509338328466752,0.5493901769036369,0.5512679162072767,,0.14%
03/29/2024,0.5509034817100045,0.5507821105970477,0.5502668794365267,0.5515719801434087,,0.02%
03/28/2024,0.551024906325766,0.5506001541680432,0.5499945000549994,0.5516328331862312,,-0.04%
03/27/2024,0.550812448361333,0.549782835779867,0.548305735277991,0.5518763796909492,,-0.15%
03/26/2024,0.5499945000549994,0.5509034817100045,0.549601538884309,0.5516632647432007,,0.18%
03/25/2024,0.550994545154003,0.5519372999227288,0.5503577325261421,0.5534034311012729,,0.19%
03/22/2024,0.5520591807441758,0.548666739822232,0.5480653293872629,0.553250345781466,,-0.56%
03/21/2024,0.548967940272288,0.5500550055005501,0.5480653293872629,0.5526693931690063,,0.24%
03/20/2024,0.550297160466652,0.550297160466652,0.5476751191193384,0.5519982336056525,,0.06%
03/19/2024,0.5506304718903144,0.5559570801134153,0.5499945000549994,0.5564520616548885,,1.00%
03/18/2024,0.5561425949613481,0.556266340323747,0.5549697541483989,0.5567618729469406,,0.02%
03/15/2024,0.556266340323747,0.5591590248266607,0.5554629783924901,0.5599417660563302,,0.57%
03/14/2024,0.5594405594405594,0.5606638259699483,0.5589714924538849,0.5620819515485358,,0.24%
03/13/2024,0.5607895917451773,0.5605066980550417,0.5594405594405594,0.562429696287964,,-0.02%
03/12/2024,0.5606638259699483,0.5629996622002027,0.5587216448765225,0.564302240279894,,0.43%
03/11/2024,0.5630947688495974,0.5626195566557893,0.5621135469364812,0.5650675255693055,,-0.04%
03/08/2024,0.5628729032984352,0.5585656035301346,0.5584408331937232,0.5646208570944611,,-0.72%
03/07/2024,0.5588153115395361,0.5544159228253035,0.5542315579449094,0.5604752830400179,,-0.77%
03/06/2024,0.5545389009038985,0.552455665432849,0.5521506266909613,0.555432126194179,,-0.36%
03/05/2024,0.5525167136305873,0.5508427894678859,0.5504486156217318,0.5537098560354374,,-0.29%
03/04/2024,0.5509034817100045,0.5519068381257244,0.5503274448296737,0.5529138560212319,,0.19%
03/01/2024,0.5519372999227288,0.552791597567717,0.549782835779867,0.5529138560212319,,0.17%
02/29/2024,0.552883286338254,0.550297160466652,0.5502063273727649,0.5555864214678593,,-0.43%
02/28/2024,0.550478916657492,0.5508427894678859,0.5493901769036369,0.5513591001819484,,0.10%
02/27/2024,0.5510552708436657,0.5499037668408029,0.549782835779867,0.552242102937928,,-0.17%
02/26/2024,0.5501155242600946,0.550812448361333,0.54935999560512,0.5515111405250386,,0.15%
02/23/2024,0.5509338328466752,0.550297160466652,0.5497223901929525,0.5514807257486352,,-0.09%
02/22/2024,0.5504486156217318,0.5517545795630103,0.5499945000549994,0.5526388505111909,,0.26%
02/21/2024,0.5519068381257244,0.5526083112290009,0.5512679162072767,0.5533115697449233,,0.14%
02/20/2024,0.5526999392030068,0.5530667551573475,0.5514503143266792,0.5539859287574096,,0.08%
02/19/2024,0.5531585352361986,0.5530973451327433,0.5525472427892585,0.5539245554755443,,-0.08%
02/16/2024,0.5526999392030068,0.5535566011624689,0.550994545154003,0.5540780141843972,,0.17%
02/15/2024,0.5536485439043295,0.5515111405250386,0.5513591001819484,0.5552779165972569,,-0.38%
02/14/2024,0.5515719801434087,0.5510552708436657,0.5507214450930719,0.5526083112290009,,-0.08%
02/13/2024,0.5511160099200881,0.5555864214678593,0.5506001541680432,0.556049822064057,,0.82%
02/12/2024,0.5556481635828193,0.5561425949613481,0.555000555000555,0.5574446736161436,,0.06%
02/09/2024,0.5559879906594017,0.5556790397866193,0.5549081626990733,0.5571341021783943,,-0.03%
02/08/2024,0.5558025789239662,0.5599731212901781,0.5550621669626998,0.5609783462358353,,0.76%
02/07/2024,0.5600358422939068,0.5614507888383583,0.5595657769570813,0.5622399640166423,,0.26%
02/06/2024,0.5615138413161884,0.5584720205517704,0.5580045756375203,0.5617977528089888,,-0.53%
02/05/2024,0.5585344057193923,0.5595031611928607,0.5576622797233995,0.5600358422939068,,0.17%
02/02/2024,0.5594718585655141,0.566475953095791,0.5586592178770949,0.567118471048602,,1.27%
02/01/2024,0.5666043401892459,0.5657068507099621,0.5639521768554027,0.5686664771111744,,-0.15%
01/31/2024,0.5657388549445576,0.56315819113589,0.5614823133071308,0.5685371539030076,,-0.44%
01/30/2024,0.5632216277105041,0.5636025474835147,0.5617977528089888,0.5649717514124294,,0.09%
01/29/2024,0.563729635266926,0.5611672278338945,0.5604752830400179,0.564652738565782,,-0.48%
01/26/2024,0.5610412926391383,0.5633802816901409,0.56072670180554,0.563856780377784,,0.44%
01/25/2024,0.5635072692437733,0.563570784490532,0.5618293162537221,0.5650994575045207,,0.03%
01/24/2024,0.5636978579481398,0.5605066980550417,0.5603182607721185,0.5665080444142306,,-0.56%
01/23/2024,0.5605381165919282,0.561104253170239,0.5590965000559096,0.5651633322030066,,0.11%
01/22/2024,0.5611672278338945,0.5604438715462646,0.5603182607721185,0.5630630630630631,,-0.02%
01/19/2024,0.5610412926391383,0.5614823133071308,0.5586280096084018,0.5622083544161467,,0.07%
01/18/2024,0.5614192679092747,0.5614823133071308,0.5607895917451773,0.5631264782070052,,0.02%
01/17/2024,0.5615453728661276,0.5644296438448947,0.5599417660563302,0.5649398339076889,,0.54%
01/16/2024,0.5645889792231256,0.5682786838665681,0.563888575617458,0.5689576695493855,,0.68%
01/15/2024,0.5684402000909504,0.5717879810166391,0.5676335357892944,0.5719842132357147,,0.61%
01/12/2024,0.5718860802928057,0.5717552887364208,0.569573389531241,0.5736905513166198,,-0.01%
01/11/2024,0.5718206770356816,0.5696707303178763,0.5675046819136258,0.5718206770356816,,-0.38%
01/10/2024,0.5696707303178763,0.5752746936662256,0.569216757741348,0.5760036864235931,,1.00%
01/09/2024,0.5753408894770151,0.57567209717345,0.574514535217741,0.5791729410401947,,0.10%
01/08/2024,0.5759041695461875,0.5748778384593274,0.5735918320523116,0.5780680964217585,,-0.16%
01/05/2024,0.5749770009199632,0.5755726948313572,0.5701254275940707,0.5779010633379565,,0.12%
01/04/2024,0.57567209717345,0.5812263876780006,0.5747456750387954,0.5832604257801108,,0.98%
01/03/2024,0.5813277525869085,0.5864414731409805,0.5794749956539376,0.5873025195278088,,0.90%
01/02/2024,0.5865446653762684,0.590876861262113,0.5858230814294083,0.5911563017261764,,0.75%
01/01/2024,0.590946696607966,0.5900749395173187,0.5894141223623718,0.5910514805839588,,-0.14%
12/29/2023,0.5901445854234287,0.5882006940768191,0.5862695667467902,0.5910165484633569,,-0.31%
12/28/2023,0.5883045064125191,0.5870611717740989,0.587026709715292,0.5929439667951378,,-0.20%
12/27/2023,0.5871301080319399,0.5840780328251854,0.5823433496389471,0.5883045064125191,,-0.51%
12/26/2023,0.5841121495327103,0.584214523573056,0.5831243804303458,0.585308750365818,,0.04%
12/25/2023,0.5843169335047329,0.584180394905947,0.5833625014584063,0.585171747908011,,0.01%
12/22/2023,0.5843510781277391,0.5855829478245593,0.5826826710173639,0.5865790708587517,,0.23%
12/21/2023,0.5856858381164344,0.5792735909169902,0.5792400370713624,0.5859603890776984,,-1.05%
12/20/2023,0.5795085767269356,0.5778008898133703,0.5766680122253619,0.5806863712908659,,-0.28%
12/19/2023,0.5779010633379565,0.5824451045488962,0.5737563830397614,0.584385226741468,,0.80%
12/18/2023,0.5825468950250495,0.5840780328251854,0.5806863712908659,0.5843169335047329,,0.27%
12/15/2023,0.5841121495327103,0.5872680291284942,0.5833625014584063,0.5884776084269994,,0.54%
12/14/2023,0.5872680291284942,0.5833284722627312,0.5832944470368643,0.5908070424199456,,-0.65%
12/13/2023,0.5834305717619603,0.573394495412844,0.5711348449368896,0.5843510781277391,,-1.70%
12/12/2023,0.5735260380821289,0.5702554744525548,0.5700929251467989,0.5759373380176237,,-0.54%
12/11/2023,0.5704181164793793,0.5759373380176237,0.5688929343497554,0.5761364291064124,,0.93%
12/08/2023,0.5757052389176741,0.578335550286276,0.5746465923457074,0.5848637267516669,,0.48%
12/07/2023,0.5784693700468561,0.5656748500961647,0.5656748500961647,0.5881315062047874,,-2.20%
12/06/2023,0.5657708628005658,0.5662193533774984,0.5648760097158674,0.5672471495830734,,0.11%
12/05/2023,0.5663797009515179,0.5667327854916407,0.5654509471303365,0.5686988171064604,,0.08%
12/04/2023,0.5668291576918717,0.5674402769108552,0.565482922415743,0.5695085141522865,,0.06%
12/01/2023,0.5671828030174125,0.5626512125133629,0.5617661929105107,0.5677302146020211,,-0.77%
11/30/2023,0.5628412224911352,0.5660911406736485,0.5615138413161884,0.5676335357892944,,0.59%
11/29/2023,0.5661552397667441,0.5650994575045207,0.5634437683119224,0.5682786838665681,,-0.17%
11/28/2023,0.5651952749675012,0.5604752830400179,0.559753708368318,0.5658028742786013,,-0.82%
11/27/2023,0.5605695386512697,0.5576622797233995,0.556823876607829,0.5610727711384167,,-0.50%
11/24/2023,0.5577555914998048,0.5571651437486072,0.5565759447876663,0.558752863608426,,-0.07%
11/23/2023,0.5573825316314587,0.5571341021783943,0.5564210994880926,0.5597850425436632,,-0.01%
11/22/2023,0.5573514658343551,0.5615453728661276,0.556266340323747,0.5629996622002027,,0.80%
11/21/2023,0.5617977528089888,0.5615453728661276,0.5604438715462646,0.5663797009515179,,-0.03%
11/20/2023,0.5616399887672002,0.5562972852692478,0.5549697541483989,0.5629362756136006,,-0.93%
11/17/2023,0.5564210994880926,0.5518154729058603,0.5516024049864857,0.5580357142857143,,-0.82%
11/16/2023,0.5518459246178467,0.549601538884309,0.549299642955232,0.5538018496981779,,-0.40%
11/15/2023,0.549661957895894,0.5518459246178467,0.5491186645434079,0.5538631957906397,,0.39%
11/14/2023,0.5518154729058603,0.5483959418700302,0.5477951246233909,0.552364118426867,,-0.57%
11/13/2023,0.5486968449931413,0.5498735290883097,0.5479752315195353,0.550691117352277,,0.23%
11/10/2023,0.5499642523235989,0.5505092210294522,0.5492694716027683,0.5515719801434087,,0.11%
11/09/2023,0.5505698397841766,0.5511767623876977,0.5500852632157984,0.552364118426867,,0.13%
11/08/2023,0.5512679162072767,0.5535872453498671,0.5508731339172589,0.5536791982725209,,0.44%
11/07/2023,0.5536791982725209,0.5545389009038985,0.5523946307241894,0.5550929780738273,,0.17%
11/06/2023,0.5546311702717693,0.5566379070414695,0.5544774050457444,0.5571341021783943,,0.38%
11/03/2023,0.5567308762943993,0.5533728072602513,0.5530361685654241,0.5576933801795773,,-0.55%
11/02/2023,0.5536485439043295,0.5515719801434087,0.5515111405250386,0.5552779165972569,,-0.34%
11/01/2023,0.5517850245544336,0.5489378053466542,0.5489076737292787,0.5526693931690063,,-0.45%
10/31/2023,0.549299642955232,0.5583472920156337,0.548757065247215,0.5586592178770949,,1.66%
10/30/2023,0.5584096493187403,0.5568548836173293,0.5552779165972569,0.5596910505401019,,-0.31%
10/27/2023,0.55666889334224,0.5536178929302995,0.5534034311012729,0.5571341021783943,,-0.55%
10/26/2023,0.5536178929302995,0.5535259603675412,0.5519372999227288,0.5553087516659263,,-0.02%
10/25/2023,0.5535259603675412,0.553740517193643,0.5530973451327433,0.5550929780738273,,0.05%
10/24/2023,0.5538018496981779,0.5550313592717988,0.5535872453498671,0.5559879906594017,,0.27%
10/23/2023,0.5552779165972569,0.5551546105590407,0.5542008423852804,0.5556481635828193,,-0.04%
10/20/2023,0.5550621669626998,0.5547542438699656,0.5536791982725209,0.5553704320781961,,-0.03%
10/19/2023,0.5549081626990733,0.5555555555555556,0.554139421478444,0.5565139963270076,,0.14%
10/18/2023,0.5557099194220616,0.5556481635828193,0.5552470849528041,0.5567308762943993,,0.02%
10/17/2023,0.5558025789239662,0.5564520616548885,0.5553087516659263,0.5577867023650156,,0.13%
10/16/2023,0.5565139963270076,0.5571341021783943,0.5555864214678593,0.5576311827357386,,0.10%
10/13/2023,0.5570720294134032,0.556049822064057,0.5554629783924901,0.5571961887780688,,-0.18%
10/12/2023,0.5560807429238726,0.5575379125780553,0.55561729081009,0.5585032113934655,,0.28%
10/11/2023,0.5576311827357386,0.5593779716954747,0.5566069241901369,0.5606638259699483,,0.36%
10/10/2023,0.559628406737926,0.5607895917451773,0.5581291510855612,0.5619871866921434,,0.24%
10/09/2023,0.5609783462358353,0.5576000892160142,0.556947925368978,0.5612302166348636,,-0.76%
10/06/2023,0.5567308762943993,0.5602868668758404,0.5563901407667057,0.5609783462358353,,0.66%
10/05/2023,0.5604124635731899,0.5582537821693743,0.558191459670667,0.5615453728661276,,-0.36%
10/04/2023,0.5583784689262382,0.5584408331937232,0.5572272372673577,0.5598163802272854,,0.02%
10/03/2023,0.5585032113934655,0.5550929780738273,0.5538325210456357,0.5642385600631947,,-0.58%
10/02/2023,0.5552470849528041,0.5554938340184424,0.5542929992794191,0.5562044607597753,,0.14%
09/29/2023,0.5560189046427578,0.5569789461958338,0.5554012774229381,0.5592841163310962,,0.21%
09/28/2023,0.5571651437486072,0.556049822064057,0.5560189046427578,0.5577244841048522,,-0.16%
09/27/2023,0.556266340323747,0.5585344057193923,0.5556790397866193,0.5593779716954747,,0.45%
09/26/2023,0.558752863608426,0.5582537821693743,0.5577244841048522,0.5595970900951315,,-0.06%
09/25/2023,0.5584408331937232,0.5592528382081539,0.5580045756375203,0.5605381165919282,,0.15%
09/22/2023,0.5592841163310962,0.5632850785782685,0.5580980020091528,0.5635072692437733,,0.74%
09/21/2023,0.5634437683119224,0.5590339892665475,0.5585344057193923,0.5642703983749012,,-0.77%
09/20/2023,0.5590965000559096,0.5635390250774867,0.558909009613235,0.5641430666817105,,0.79%
09/19/2023,0.5635072692437733,0.564302240279894,0.5628412224911352,0.5644615037254459,,0.19%
09/18/2023,0.5645571049511657,0.562334814148344,0.5618293162537221,0.5646846236376983,,-0.43%
09/15/2023,0.5621135469364812,0.5629679671226707,0.5614823133071308,0.5637932006540001,,0.19%
09/14/2023,0.56315819113589,0.562429696287964,0.562429696287964,0.5649079200090386,,-0.10%
09/13/2023,0.5625879043600562,0.5634120232125753,0.5616084465910367,0.5636025474835147,,0.15%
09/12/2023,0.5634437683119224,0.5655788699734178,0.5628095452498875,0.5662193533774984,,0.41%
09/11/2023,0.5657388549445576,0.5647803004631199,0.5637614161686774,0.5681172594023407,,-0.67%
09/08/2023,0.5619240278714318,0.5645252342779722,0.5614823133071308,0.5672793283412753,,0.47%
09/07/2023,0.5645889792231256,0.5636343140570398,0.5626828719333784,0.5656748500961647,,-0.13%
09/06/2023,0.563856780377784,0.5620819515485358,0.5619871866921434,0.5650994575045207,,-0.29%
09/05/2023,0.5622399640166423,0.564748404585757,0.5617977528089888,0.5651952749675012,,0.46%
09/04/2023,0.5648441030275644,0.565642853102551,0.5644933672029353,0.5664438654129376,,0.13%
09/01/2023,0.5655788699734178,0.5682786838665681,0.5651633322030066,0.5722460658082975,,0.49%
08/31/2023,0.5683755825849721,0.5649717514124294,0.5648760097158674,0.5690224194833277,,-0.59%
08/30/2023,0.5650036725238714,0.5661872947571056,0.5645252342779722,0.5674724775848371,,0.25%
08/29/2023,0.5664438654129376,0.5637932006540001,0.5617977528089888,0.5670220004536176,,-0.42%
08/28/2023,0.5640476056179142,0.5645252342779722,0.5630313608467992,0.5648121999435188,,0.14%
08/25/2023,0.5648121999435188,0.5663476241717166,0.5638249887235002,0.5669255626736209,,0.29%
08/24/2023,0.5664438654129376,0.5697681043815167,0.5657708628005658,0.5707111060381235,,0.61%
08/23/2023,0.5698979882601015,0.569216757741348,0.5677624481916765,0.5710043967338548,,-0.10%
08/22/2023,0.569313976658127,0.5684078895015062,0.5676979846721544,0.5702554744525548,,-0.14%
08/21/2023,0.5685048322910745,0.5722460658082975,0.5676657584014532,0.57319729450877,,0.67%
08/18/2023,0.5723115664167573,0.5699954400364797,0.5698979882601015,0.5738551589578791,,-0.37%
08/17/2023,0.5701904436081651,0.5686341407938132,0.5667970299835629,0.5708088361207831,,-0.23%
08/16/2023,0.5688929343497554,0.5717226001943857,0.5685371539030076,0.5736905513166198,,0.55%
08/15/2023,0.5720169317011784,0.5713959202331296,0.5712653527563554,0.5737234652897303,,-0.08%
08/14/2023,0.5715592135345222,0.5717552887364208,0.5708088361207831,0.5737234652897303,,0.09%
08/11/2023,0.5720496539099594,0.5710370031978071,0.5703530485370444,0.5731644408780879,,-0.15%
08/10/2023,0.5712000913920147,0.5765682656826568,0.5706134094151213,0.5770007501009751,,0.98%
08/09/2023,0.5768010613139528,0.5780346820809249,0.5763024435223605,0.5792400370713624,,0.25%
08/08/2023,0.5782352260899734,0.5809900069718801,0.5772338951743247,0.5812939603557519,,0.50%
08/07/2023,0.5811250581125058,0.583192395171167,0.580416739218759,0.5843510781277391,,0.42%
08/04/2023,0.5835667600373483,0.580416739218759,0.579139398853304,0.5843169335047329,,-0.51%
08/03/2023,0.5806189397898159,0.5772338951743247,0.5745805561939784,0.5826487210860573,,-0.57%
08/02/2023,0.5773005426625101,0.574481530418797,0.5744155321959906,0.5805515239477503,,-0.48%
08/01/2023,0.5745475438092502,0.5779344622319829,0.5735589331803843,0.5783021050196623,,0.62%
07/31/2023,0.5781015146259684,0.5833284722627312,0.5767677932864229,0.5846243788365976,,0.83%
07/28/2023,0.5829204313611192,0.5891016200294551,0.5824790307548928,0.5960541217142517,,1.08%
07/27/2023,0.5892057506481263,0.5844535359438925,0.5815305885089556,0.5920312592504884,,-0.79%
07/26/2023,0.5845560296954463,0.5809225049378413,0.5797773654916512,0.5860634120611851,,-0.58%
07/25/2023,0.5811588307084327,0.5781683626271971,0.5775339301183945,0.5814967726929116,,-0.49%
07/24/2023,0.578335550286276,0.5786702158439905,0.5777341267548673,0.5813953488372093,,0.00%
07/21/2023,0.578335550286276,0.5859260561317161,0.577634011090573,0.5873370139786209,,1.34%
07/20/2023,0.5860634120611851,0.5874405216471833,0.5840439201027917,0.5898313082458417,,0.25%
07/19/2023,0.5875440658049353,0.5910864168341412,0.5860977611065525,0.5914010290377905,,0.63%
07/18/2023,0.5912262031453234,0.5915059742103395,0.5895531187359981,0.5956280898207159,,0.07%
07/17/2023,0.5916109566349169,0.5915059742103395,0.5885468777588134,0.5946363798537194,,0.04%
07/14/2023,0.5918210333195242,0.5944949765174484,0.5904581955597543,0.5978358342799067,,0.45%
07/13/2023,0.5944949765174484,0.5919261276192731,0.5908419497784343,0.594883997620464,,-0.42%
07/12/2023,0.5919962112242482,0.5869577977343429,0.5867855885459453,0.5936832106388031,,-0.84%
07/11/2023,0.587026709715292,0.584009811364831,0.5833284722627312,0.5878894767783657,,-0.51%
07/10/2023,0.5840439201027917,0.5809900069718801,0.5774672287347693,0.5843510781277391,,-0.43%
07/07/2023,0.5815305885089556,0.5744155321959906,0.5735260380821289,0.5815982319413748,,-1.20%
07/06/2023,0.5745805561939784,0.5696382796923953,0.5696058327637274,0.5751423477310634,,-0.85%
07/05/2023,0.5697031846408022,0.5673758865248227,0.5667006687067891,0.5709717939933767,,-0.36%
07/04/2023,0.5676657584014532,0.5662834815108443,0.5659950192438307,0.5685048322910745,,-0.20%
07/03/2023,0.5665080444142306,0.5686664771111744,0.5651633322030066,0.5692491603574885,,0.42%
06/30/2023,0.5688929343497554,0.567118471048602,0.5658028742786013,0.5689900426742531,,-0.30%
06/29/2023,0.5671828030174125,0.5677946854417443,0.566475953095791,0.5692491603574885,,0.12%
06/28/2023,0.5678591709256104,0.5693463903438852,0.5672793283412753,0.570645971239443,,0.28%
06/27/2023,0.5694436535504812,0.5712327202102137,0.5686664771111744,0.5723770820216358,,0.33%
06/26/2023,0.5712979890310786,0.5710696133858717,0.5704181164793793,0.5738222298731853,,-0.11%
06/23/2023,0.570645971239443,0.572737686139748,0.5696058327637274,0.5748778384593274,,0.37%
06/22/2023,0.5727704908643106,0.5775005775005775,0.5721151095600435,0.578904712284358,,0.84%
06/21/2023,0.5776006469127245,0.5796429399489914,0.5759705103098721,0.5803830528148578,,0.38%
06/20/2023,0.5798109816199919,0.5769341718109964,0.5758046870501526,0.5811588307084327,,-0.49%
06/19/2023,0.5769674590353104,0.577634011090573,0.5765682656826568,0.5796765404904063,,0.12%
06/16/2023,0.577634011090573,0.5838052425710782,0.5772005772005773,0.5859947260474656,,1.07%
06/15/2023,0.5838052425710782,0.5850690381465012,0.5802820170602913,0.5862695667467902,,0.23%
06/14/2023,0.5851375073142188,0.5865102639296187,0.5848637267516669,0.588650812338121,,0.26%
06/13/2023,0.5866823115283074,0.5903187721369539,0.5860634120611851,0.5918210333195242,,0.66%
06/12/2023,0.5905279319711823,0.5914010290377905,0.5899008966493628,0.5929088106249258,,0.20%
06/09/2023,0.591715976331361,0.5939653124257543,0.5901097604154373,0.5947071067499257,,0.42%
06/08/2023,0.5942123715015747,0.588824118235883,0.588650812338121,0.5944596361907026,,-0.88%
06/07/2023,0.5889628364450203,0.590911776871713,0.5882352941176471,0.5934718100890207,,0.34%
06/06/2023,0.5909816204716034,0.5913310862752055,0.5896574090453447,0.5941417622244668,,0.08%
06/05/2023,0.5914360066240832,0.588650812338121,0.5875095470301392,0.5930142916444286,,-0.43%
06/02/2023,0.5888934691714269,0.5928033671231252,0.5880969183721477,0.5938947618482006,,0.68%
06/01/2023,0.5929088106249258,0.5934013766911939,0.5892404690354134,0.595202666507946,,0.10%
05/31/2023,0.5935070330583417,0.5914709883480215,0.5891016200294551,0.5938594928439931,,-0.30%
05/30/2023,0.5917509911829102,0.5882006940768191,0.5870611717740989,0.5923468783319512,,-0.56%
05/29/2023,0.5884429798752501,0.5869233478107759,0.5859603890776984,0.589622641509434,,-0.20%
05/26/2023,0.5872680291284942,0.5908070424199456,0.5867855885459453,0.5924872615238772,,0.62%
05/25/2023,0.590911776871713,0.5928033671231252,0.589935697009026,0.5955571437079388,,0.33%
05/24/2023,0.5928736586233473,0.5976571838393497,0.5926979611190137,0.598838253787652,,0.82%
05/23/2023,0.59776436128878,0.597692905385213,0.5964807634953773,0.5991252770954406,,0.01%
05/22/2023,0.5978358342799067,0.6006366748753679,0.5973002030820691,0.6029544769369912,,0.56%
05/19/2023,0.6011783094865937,0.5963029218843172,0.5962673662870431,0.6030635628995297,,-0.79%
05/18/2023,0.5964096141229797,0.5985515053570359,0.5962318149296446,0.6007088364269838,,0.37%
05/17/2023,0.5986231667165519,0.6033546518643659,0.5983366241847663,0.6037918125830214,,0.84%
05/16/2023,0.6036460219727152,0.6043756799226399,0.6019744762822057,0.6062443164595333,,0.18%
05/15/2023,0.6047046018020197,0.6061708189367764,0.6032818532818532,0.6063545961678389,,0.20%
05/12/2023,0.6059137178865729,0.6103515625,0.6054001695120474,0.6109108681043436,,0.73%
05/11/2023,0.6103143118706134,0.6097560975609756,0.6085316132173066,0.613609866846659,,-0.05%
05/10/2023,0.610016470444702,0.6072751563733527,0.6054368226675546,0.6113590511707526,,-0.40%
05/09/2023,0.6075703262652652,0.6053635207942369,0.6044852807834129,0.6094216588457554,,-0.34%
05/08/2023,0.6055101422948834,0.6061708189367764,0.6040471156750227,0.6074227054607301,,0.13%
05/05/2023,0.6063178318074335,0.6086056843770921,0.6052536012589276,0.6105751618024179,,0.41%
05/04/2023,0.608790941190795,0.6071276789508834,0.606134076857801,0.6122199093914534,,-0.23%
05/03/2023,0.6073858114674441,0.5988023952095809,0.5984798611526722,0.6072014087072682,,-1.37%
05/02/2023,0.5990534954771461,0.5948486110284932,0.5933661662611998,0.5998440405494572,,-0.67%
05/01/2023,0.5950609937518595,0.5997720866070892,0.5946363798537194,0.6002040693835905,,0.83%
04/28/2023,0.6000240009600384,0.610016470444702,0.5989817310572028,0.6130456105934281,,1.70%
04/27/2023,0.6102025872589699,0.6116207951070336,0.6093845216331505,0.6137228427642077,,0.27%
04/26/2023,0.6118453255017131,0.6131583788092464,0.6105006105006106,0.6150818058801821,,0.25%
04/25/2023,0.6133840397472857,0.6105006105006106,0.6090133982947625,0.6151196407701298,,-0.43%
04/24/2023,0.6107243190423843,0.611920205605189,0.6079396923825157,0.6128577557148986,,0.18%
04/21/2023,0.6118453255017131,0.611920205605189,0.6100536847242557,0.6145903755147194,,0.04%
04/20/2023,0.6120700208103808,0.610798924993892,0.6091989034419738,0.6127075546841492,,-0.18%
04/19/2023,0.6109855196431845,0.6122199093914534,0.6085686465433301,0.6129704548240775,,0.24%
04/18/2023,0.6124823911312549,0.609942055504727,0.6086427267194157,0.6128953174797744,,-0.40%
04/17/2023,0.6100536847242557,0.611583389395144,0.6094216588457554,0.6132711885195633,,0.32%
04/14/2023,0.6120325601321991,0.6161049842893229,0.6113964294448521,0.6180469715698392,,0.70%
04/13/2023,0.6163328197226502,0.6156119182467372,0.6134969325153374,0.6184291898577613,,-0.07%
04/12/2023,0.6159152500615915,0.613986615091791,0.612294881214793,0.6184291898577613,,-0.28%
04/11/2023,0.6142128861863522,0.613609866846659,0.6130831953896144,0.6176270767710457,,-0.07%
04/10/2023,0.6137981831573779,0.6197322756569162,0.6126700159294204,0.6211180124223602,,1.00%
04/07/2023,0.6199243692269544,0.6210408644888833,0.6183144747418537,0.6220452848967405,,0.22%
04/06/2023,0.621272365805169,0.6240639041437843,0.6205398696866274,0.6266449429753101,,0.48%
04/05/2023,0.6242586928022972,0.6234413965087281,0.6222388152572957,0.6267627702914447,,-0.09%
04/04/2023,0.6236746912810278,0.6208095356344674,0.6171315724512466,0.6248828344685371,,-0.43%
04/03/2023,0.620963735717834,0.6180087757246152,0.6156877231867997,0.6221226825930074,,-0.30%
03/31/2023,0.6190800470500836,0.6188501763723003,0.6149305128520477,0.619463544570402,,0.00%
03/30/2023,0.6190800470500836,0.6187353050365053,0.6173601679219657,0.6217745445501461,,-0.01%
03/29/2023,0.619041723412158,0.628061801281246,0.6185822095756526,0.6284170175328349,,1.49%
03/28/2023,0.6282590940503864,0.6247657128576783,0.6245316012990257,0.6300403225806451,,-0.52%
03/27/2023,0.6249609399412537,0.6307556452630252,0.6239860227130912,0.6309148264984227,,0.82%
03/24/2023,0.6300800201625607,0.6288517167651867,0.6282196255811031,0.635970490969219,,-0.15%
03/23/2023,0.6291286568103177,0.6278252134605726,0.624687656171914,0.6313529894564051,,-0.18%
03/22/2023,0.6280223575959304,0.6241418050181001,0.621079436059872,0.6308750236578134,,-0.57%
03/21/2023,0.6244536030972899,0.6284170175328349,0.6234802668495542,0.6301991429291656,,0.67%
03/20/2023,0.628654051675363,0.6230141424210329,0.6222388152572957,0.6336332530731212,,-0.35%
03/17/2023,0.6264486625321055,0.6177796997590659,0.6176270767710457,0.6272345229881452,,-1.36%
03/16/2023,0.6179323981956374,0.6215813028344107,0.6172839506172839,0.6285750204286882,,0.61%
03/15/2023,0.6216972334473111,0.6128577557148986,0.6105751618024179,0.6261740763932373,,-1.40%
03/14/2023,0.6129704548240775,0.6175507935527698,0.6105378838756945,0.6183527083848628,,0.80%
03/13/2023,0.6178560395427866,0.6072382803011902,0.6069802731411229,0.6217358865953743,,-1.71%
03/10/2023,0.6072751563733527,0.6024822267743102,0.5986948452373826,0.6103143118706134,,-0.78%
03/09/2023,0.6025548324897566,0.5966943135031924,0.5965519298454931,0.6035003017501509,,-0.96%
03/08/2023,0.5967655308229397,0.5980503558399618,0.5952735281862016,0.5998440405494572,,0.25%
03/07/2023,0.5982650314089142,0.6018657839301835,0.59776436128878,0.6036824630244491,,0.63%
03/06/2023,0.6020107157907411,0.6013590715015936,0.6005284650492433,0.6041565973900435,,-0.06%
03/03/2023,0.6016485169364058,0.6021194605009633,0.5994125756758377,0.603536725209729,,0.10%
03/02/2023,0.6022282445046673,0.6053268765133172,0.6012506012506013,0.6060973392326808,,0.53%
03/01/2023,0.6054368226675546,0.6066856761511861,0.6041200990756963,0.60960741282614,,0.23%
02/28/2023,0.6068329388919231,0.606722485135299,0.6031363088057902,0.608457560085184,,0.01%
02/27/2023,0.6069065970747102,0.6074965068950854,0.6065752759917505,0.6097189195780746,,0.16%
02/24/2023,0.60790273556231,0.6132335806708775,0.6070171178827243,0.6162568558575214,,0.93%
02/23/2023,0.6135345726731701,0.6141374439599582,0.6102770657878677,0.6148170919151552,,0.09%
02/22/2023,0.6140997297961188,0.6136475208640157,0.613421666053245,0.6166368625516434,,-0.06%
02/21/2023,0.6137228427642077,0.6161429451632778,0.6122199093914534,0.616827041697508,,0.44%
02/20/2023,0.6164468006411047,0.6169031462060457,0.6149683291310497,0.6175507935527698,,0.10%
02/17/2023,0.6170554115759596,0.6175507935527698,0.6129328838492185,0.6175889328063241,,0.09%
02/16/2023,0.6175889328063241,0.6169792694965449,0.6156498183833036,0.6191567085629373,,-0.07%
02/15/2023,0.6171696599395173,0.6228977201943441,0.6162948354492789,0.625117209476777,,0.93%
02/14/2023,0.6229365227683299,0.6237914041544508,0.6216972334473111,0.6295643414756988,,0.15%
02/13/2023,0.6238692370079232,0.6279829188646069,0.6215813028344107,0.628456510809452,,0.67%
02/10/2023,0.6280223575959304,0.6273525721455457,0.6257822277847309,0.6344775077723495,,-0.06%
02/09/2023,0.6276281930584322,0.6291682395872656,0.6264879087833605,0.6327512022272842,,0.25%
02/08/2023,0.6292078273453722,0.6322711178553364,0.6280223575959304,0.6339546088500064,,0.51%
02/07/2023,0.6323910706380826,0.6238303181534622,0.6234802668495542,0.6351222610352493,,-1.34%
02/06/2023,0.6239081607187422,0.6224712107065048,0.6202704379109292,0.6279040562602034,,0.51%
02/03/2023,0.6271165182490906,0.6376331059108589,0.626605677047434,0.6401229035974907,,1.70%
02/02/2023,0.6377551020408163,0.6339948012426299,0.6339144215530904,0.6414368184733804,,-0.54%
02/01/2023,0.6343165239454488,0.6285750204286882,0.6266842138246538,0.6360513929525505,,-0.87%
01/31/2023,0.6287726358148893,0.6249218847644045,0.6244925997626928,0.63000063000063,,-0.59%
01/30/2023,0.6250390649415588,0.6284170175328349,0.6241418050181001,0.6320313487548982,,0.44%
01/27/2023,0.6277857994852156,0.6254299831133905,0.6253126563281641,0.6298022420959818,,-0.33%
01/26/2023,0.6257039169065198,0.629009938357026,0.6239470892868285,0.6317119393556538,,0.58%
01/25/2023,0.6293266205160478,0.6268806419257773,0.6244146113019045,0.6309944472488642,181.47K,-0.38%
01/24/2023,0.6269592476489029,0.623558022073954,0.6227037798119435,0.6284170175328349,167.19K,-0.52%
01/23/2023,0.6236746912810278,0.6253517603652055,0.6224712107065048,0.6280223575959304,182.83K,0.23%
01/20/2023,0.6250781347668458,0.6325910931174089,0.6212337702677518,0.6330315882762549,212.88K,1.21%
01/19/2023,0.6326711375427053,0.6317518478741551,0.631432720843594,0.6367398917542184,247.04K,-0.11%
01/18/2023,0.6319914049168931,0.6372673973999491,0.621272365805169,0.6372673973999491,283.94K,0.82%
01/17/2023,0.6371455877668047,0.6351222610352493,0.6329915179136599,0.6375924509053813,229.17K,-0.26%
01/16/2023,0.6354855109303508,0.6358896095637797,0.6338340622425048,0.6387327542156361,176.88K,0.03%
01/13/2023,0.6356874960269532,0.6276281930584322,0.6266842138246538,0.6372267890142101,251.24K,-1.27%
01/12/2023,0.62758880381574,0.6162568558575214,0.6161429451632778,0.629643621710112,240.43K,-1.79%
01/11/2023,0.6163328197226502,0.6171696599395173,0.6141751627564181,0.6186970240673142,216.66K,0.18%
01/10/2023,0.6174364040503828,0.6231306081754736,0.6167129201356769,0.6255082254331644,231.63K,0.93%
01/09/2023,0.623208276205908,0.6236357966947303,0.6208866261020738,0.626605677047434,214.91K,-0.03%
01/06/2023,0.6230141424210329,0.6190800470500836,0.613986615091791,0.6251562890722681,207.95K,-0.59%
01/05/2023,0.6193484454354019,0.6232859636000997,0.6159531875577456,0.6277857994852156,204.88K,0.67%
01/04/2023,0.6235191420376606,0.6318316800404372,0.6230529595015576,0.6370644072115691,207.02K,1.35%
01/03/2023,0.6319514661274014,0.6325510784995888,0.6298815822625347,0.6388959877331971,206.14K,0.22%
01/02/2023,0.6333523339033504,0.6310342651605982,0.6303977809998108,0.6336734047272036,43.47K,-0.32%
12/30/2022,0.6313131313131313,0.6223937262712392,0.621967906456027,0.6327111673521038,178.73K,-1.38%
12/29/2022,0.622626237469647,0.6154603643525357,0.6154603643525357,0.6234413965087281,160.40K,-1.10%
12/28/2022,0.6157635467980295,0.6205013651030032,0.6153088850603002,0.621079436059872,141.20K,0.79%
12/27/2022,0.6206168931918327,0.6220065932698887,0.6201165819174005,0.6237135907191418,140.62K,0.27%
12/26/2022,0.6223162611239031,0.6234802668495542,0.6203858800173707,0.6257039169065198,34.00K,0.20%
12/23/2022,0.623558022073954,0.6267234895963901,0.6218518748834028,0.6271558482282847,210.51K,0.60%
12/22/2022,0.6273132174894924,0.6255473539346929,0.6245316012990257,0.629643621710112,220.85K,-0.25%
12/21/2022,0.6257430698955009,0.6271165182490906,0.6242976651267325,0.6294454585510165,237.12K,0.26%
12/20/2022,0.6273525721455457,0.6039012017633916,0.6006727534839019,0.6326711375427053,265.32K,-3.69%
12/19/2022,0.6041931001147967,0.6080875646093037,0.6023370678231539,0.6093845216331505,221.12K,0.21%
12/16/2022,0.6054734802615646,0.6013952369497233,0.6011060351045925,0.6070171178827243,200.74K,-0.64%
12/15/2022,0.6016123210203346,0.608939227865059,0.5996641880546894,0.6101281269066504,214.13K,1.25%
12/14/2022,0.6091246878235975,0.6077549532028687,0.6065384848668648,0.6130456105934281,178.85K,-0.18%
12/13/2022,0.6080136195050769,0.6002761270184285,0.5993048064245475,0.6123323740126141,162.25K,-1.24%
12/12/2022,0.600456346823586,0.6033182503770739,0.599592277251469,0.6042296072507553,151.85K,0.53%
12/09/2022,0.6036095853202149,0.6021194605009633,0.6011783094865937,0.6074596039363382,178.98K,-0.22%
12/08/2022,0.6022645145748012,0.6017571308220002,0.5998440405494572,0.6044122091266243,181.61K,-0.05%
12/07/2022,0.6019744762822057,0.601829561868079,0.5983366241847663,0.6041931001147967,203.68K,0.00%
12/06/2022,0.6019744762822057,0.5988741166606779,0.5970149253731343,0.6060973392326808,183.93K,-0.49%
12/05/2022,0.5990176111177669,0.6052169702838467,0.598193455763594,0.6072014087072682,187.50K,1.26%
12/02/2022,0.6065752759917505,0.5997001499250375,0.597692905385213,0.6080875646093037,187.05K,-1.13%
12/01/2022,0.5997001499250375,0.5893793835091649,0.5891363261458702,0.6000960153624579,207.23K,-1.67%
11/30/2022,0.5896574090453447,0.5884776084269994,0.5821060597240817,0.5911563017261764,199.71K,-0.17%
11/29/2022,0.588650812338121,0.5875785886362301,0.5858917272088118,0.5926628341136727,158.68K,-0.15%
11/28/2022,0.5877512636652169,0.5864414731409805,0.5860290670417253,0.5938594928439931,156.09K,-0.02%
11/25/2022,0.5876476464711758,0.5889281507656066,0.5847953216374269,0.589622641509434,145.99K,0.27%
11/24/2022,0.5892057506481263,0.584726932522512,0.5845560296954463,0.5915759583530525,152.17K,-0.71%
11/23/2022,0.5850005850005849,0.5785363031530228,0.5776673791231008,0.587026709715292,149.41K,-1.09%
11/22/2022,0.5786032517502748,0.5749770009199632,0.574514535217741,0.5788376939106274,153.19K,-0.58%
11/21/2022,0.5752746936662256,0.5819366852886406,0.5743165632896853,0.5836008170411439,163.63K,1.15%
11/18/2022,0.5819028222286878,0.5815982319413748,0.5801810164771408,0.584726932522512,169.60K,0.00%
11/17/2022,0.5819028222286878,0.583975706610605,0.5808887598024978,0.5867855885459453,169.82K,0.37%
11/16/2022,0.5840780328251854,0.5822416302765647,0.5792400370713624,0.5852744937375629,184.45K,-0.27%
11/15/2022,0.5824790307548928,0.578938227291148,0.5763688760806917,0.5865102639296187,196.25K,-0.56%
11/14/2022,0.5792064871126557,0.5810575246949448,0.5753739930955121,0.5833965346245843,188.33K,0.18%
11/11/2022,0.580248346292213,0.5718860802928057,0.5659629860207143,0.5819028222286878,206.82K,-1.39%
11/10/2022,0.5721805801911083,0.5554938340184424,0.5553087516659263,0.5751754285056943,192.26K,-2.88%
11/09/2022,0.5556790397866193,0.5585656035301346,0.5542315579449094,0.5606323933396872,174.26K,0.55%
11/08/2022,0.558752863608426,0.5580668564093978,0.5565759447876663,0.5599417660563302,163.07K,-0.08%
11/07/2022,0.5583161185863437,0.5571651437486072,0.5563591854901524,0.5603496581867086,163.87K,0.20%
11/04/2022,0.5594092638174087,0.5580357142857143,0.555895269331258,0.5600985773496135,162.12K,-0.24%
11/03/2022,0.5580668564093978,0.5594405594405594,0.5576311827357386,0.5630947688495974,152.81K,0.28%
11/02/2022,0.559628406737926,0.5575379125780553,0.5570720294134032,0.5679559266200943,158.85K,-0.36%
11/01/2022,0.5576311827357386,0.5566379070414695,0.5562044607597753,0.562271577171774,155.29K,-0.16%
10/31/2022,0.5567308762943993,0.5567308762943993,0.5548158011540169,0.5586592178770949,153.48K,0.23%
10/28/2022,0.5580045756375203,0.5631899076368552,0.5571341021783943,0.5640476056179142,163.36K,0.98%
10/27/2022,0.5634755169887868,0.559753708368318,0.5593153979529056,0.5671828030174125,186.65K,-0.62%
10/26/2022,0.5600044800358402,0.5578178167010654,0.5556481635828193,0.5619240278714318,175.60K,-0.37%
10/25/2022,0.5579423087652736,0.5555246930726071,0.5548773721007657,0.5593153979529056,154.44K,-0.40%
10/24/2022,0.5557099194220616,0.5593466830741693,0.5513895015438905,0.5667970299835629,171.99K,0.62%
10/21/2022,0.5591590248266607,0.5516024049864857,0.5458515283842794,0.5648760097158674,136.31K,-1.34%
10/20/2022,0.5516936996579499,0.5539245554755443,0.5505698397841766,0.5552162567319971,146.76K,0.40%
10/19/2022,0.5539245554755443,0.551298307514196,0.5509034817100045,0.5555555555555556,149.75K,-0.45%
10/18/2022,0.5514503143266792,0.5515111405250386,0.5509338328466752,0.5535566011624689,161.13K,0.03%
10/17/2022,0.5516024049864857,0.5548465849192699,0.551298307514196,0.5552162567319971,148.35K,0.43%
10/14/2022,0.5539552404165744,0.5583784689262382,0.552791597567717,0.5591277606933184,183.92K,0.81%
10/13/2022,0.5584408331937232,0.5593466830741693,0.5573514658343551,0.564302240279894,161.89K,0.18%
10/12/2022,0.5594718585655141,0.5640476056179142,0.5592528382081539,0.5645571049511657,174.90K,0.84%
10/11/2022,0.5641748942172073,0.5654509471303365,0.5632533513574406,0.5663476241717166,166.11K,0.24%
10/10/2022,0.5655149013176497,0.5698655117392296,0.5648121999435188,0.5700604264051989,146.20K,0.80%
10/07/2022,0.5700604264051989,0.5655788699734178,0.5655468838366701,0.5698979882601015,146.43K,-0.75%
10/06/2022,0.5658028742786013,0.5644296438448947,0.5636025474835147,0.5688605722737357,157.54K,-0.20%
10/05/2022,0.564652738565782,0.5652911249293386,0.5629679671226707,0.5676979846721544,169.98K,0.18%
10/04/2022,0.5656748500961647,0.563888575617458,0.5617030837499298,0.5659629860207143,156.61K,-0.29%
10/03/2022,0.5640476056179142,0.5639839828548869,0.5626195566557893,0.5655788699734178,170.05K,-0.14%
09/30/2022,0.5632850785782685,0.5641112427370678,0.5617661929105107,0.5656748500961647,161.01K,0.19%
09/29/2022,0.5643340857787811,0.5649398339076889,0.5636343140570398,0.5670863105364636,176.04K,0.12%
09/28/2022,0.5650355972426263,0.5644933672029353,0.5641430666817105,0.5671506352087115,187.00K,-0.06%
09/27/2022,0.56471651231082,0.5638249887235002,0.5625562556255626,0.5661231884057971,197.82K,-0.11%
09/26/2022,0.5640794223826715,0.5666364460562103,0.5637614161686774,0.5684078895015062,195.01K,0.52%
09/23/2022,0.5669898508816692,0.5693463903438852,0.5650994575045207,0.5718860802928057,201.31K,0.46%
09/22/2022,0.569573389531241,0.5549081626990733,0.5522726017562268,0.5758378440631119,227.60K,-2.51%
09/21/2022,0.5552779165972569,0.5549389567147613,0.5529750055297501,0.5576000892160142,176.28K,-0.03%
09/20/2022,0.5551237926057511,0.5566379070414695,0.5539552404165744,0.5576622797233995,159.87K,0.30%
09/19/2022,0.5567928730512249,0.5574446736161436,0.555000555000555,0.5587216448765225,142.25K,0.17%
09/16/2022,0.5577244841048522,0.5562972852692478,0.5554012774229381,0.5590339892665475,160.47K,-0.22%
09/15/2022,0.5565139963270076,0.555000555000555,0.5531891353653814,0.5569789461958338,172.93K,-0.22%
09/14/2022,0.5552779165972569,0.5505395287381634,0.5490885130683066,0.5572272372673577,195.60K,-0.79%
09/13/2022,0.5508731339172589,0.5555555555555556,0.549782835779867,0.5580668564093978,183.62K,0.86%
09/12/2022,0.55561729081009,0.5603182607721185,0.5552162567319971,0.5603810591202018,142.11K,0.61%
09/09/2022,0.5590339892665475,0.5529138560212319,0.552883286338254,0.5623664379709818,199.18K,-1.05%
09/08/2022,0.5531585352361986,0.5542008423852804,0.5510552708436657,0.5559261730042251,186.72K,0.22%
09/07/2022,0.5543544542380398,0.5595031611928607,0.5509641873278237,0.5597850425436632,204.00K,0.97%
09/06/2022,0.559753708368318,0.5674402769108552,0.558191459670667,0.5690224194833277,173.23K,1.40%
09/05/2022,0.567601316835055,0.5687311607802992,0.5670863105364636,0.5697356426618049,127.71K,0.19%
09/02/2022,0.5686664771111744,0.5684402000909504,0.5668934240362812,0.5703855806525211,139.96K,0.00%
09/01/2022,0.5686664771111744,0.5721478430026319,0.5680849855138329,0.5723443223443223,171.71K,0.65%
08/31/2022,0.5723443223443223,0.574052812858783,0.5718860802928057,0.5757052389176741,155.26K,0.33%
08/30/2022,0.5742506029631331,0.5765350245027385,0.572737686139748,0.5777341267548673,167.15K,0.43%
08/29/2022,0.576734529096257,0.5809562539940742,0.5755726948313572,0.5813615487471658,127.74K,0.84%
08/26/2022,0.5815982319413748,0.585171747908011,0.5810237638719423,0.5855486590935707,130.07K,0.64%
08/25/2022,0.5853430110044486,0.5819366852886406,0.5815644082582145,0.5860977611065525,164.51K,-0.54%
08/24/2022,0.5821738371077604,0.5837711617046117,0.5814629608093964,0.5858574023082781,156.67K,0.30%
08/23/2022,0.5839075090505664,0.5808212812917465,0.5798109816199919,0.5869233478107759,155.82K,-0.51%
08/22/2022,0.5809225049378413,0.5839416058394161,0.5803156917363045,0.5845218611176057,170.06K,0.48%
08/19/2022,0.5837370848169984,0.5869233478107759,0.58230943923601,0.5877167205406993,155.86K,0.57%
08/18/2022,0.5870611717740989,0.5877512636652169,0.5865790708587517,0.5912262031453234,157.39K,0.14%
08/17/2022,0.5878894767783657,0.5904233335301411,0.5856858381164344,0.5917860101787193,172.44K,0.46%
08/16/2022,0.5905976848570753,0.5966943135031924,0.5888587916617596,0.5985515053570359,162.97K,1.06%
08/15/2022,0.5968723886832995,0.5967299200381907,0.5955926146515783,0.5997001499250375,132.37K,-0.01%
08/12/2022,0.5968011458582001,0.5982292414453219,0.5950609937518595,0.5990534954771461,164.74K,0.27%
08/11/2022,0.5984082340973012,0.5951318216985062,0.5937889674009857,0.6040106305870984,174.72K,-0.52%
08/10/2022,0.5953089653530182,0.588754783632617,0.5880623346074684,0.5991970759182695,173.71K,-1.07%
08/09/2022,0.5889281507656066,0.5894836123555766,0.5883045064125191,0.5910165484633569,155.35K,0.12%
08/08/2022,0.589622641509434,0.587820362097343,0.5853430110044486,0.591961167347422,161.02K,-0.26%
08/05/2022,0.5880623346074684,0.5958410296132992,0.5856858381164344,0.5973358819664297,181.71K,1.32%
08/04/2022,0.5958055290753098,0.5910514805839588,0.5897965202005309,0.5969792848188168,177.22K,-0.78%
08/03/2022,0.5911563017261764,0.5902142477719412,0.5873025195278088,0.5953089653530182,179.48K,-0.13%
08/02/2022,0.590388475616956,0.6000240009600384,0.5901794145420208,0.6054734802615646,193.83K,1.65%
08/01/2022,0.6001320290463903,0.5955926146515783,0.5940711697261332,0.6008532115604158,176.51K,-0.71%
07/29/2022,0.5958765343820761,0.5929791271347249,0.5895878780732269,0.5993048064245475,181.44K,-0.43%
07/28/2022,0.5932957579353307,0.5847611250804047,0.5846585594013096,0.5934365913002195,179.46K,-1.40%
07/27/2022,0.584966364434045,0.5832604257801108,0.5817335660267597,0.5858230814294083,134.69K,-0.26%
07/26/2022,0.5834646128712294,0.583192395171167,0.5828524800373026,0.5855486590935707,136.69K,0.01%
07/25/2022,0.5835327070082278,0.5867511588335387,0.5831243804303458,0.5875440658049353,144.79K,0.59%
07/22/2022,0.5869922517022775,0.5813953488372093,0.5791058605513089,0.5888934691714269,142.42K,-0.91%
07/21/2022,0.5816320595591229,0.5787371954395509,0.5749439429655608,0.5817674093897259,162.10K,-0.44%
07/20/2022,0.5790723261335341,0.5779010633379565,0.5771339527904427,0.5800127602807262,141.55K,-0.17%
07/19/2022,0.5781015146259684,0.5792400370713624,0.5776673791231008,0.5817674093897259,141.00K,0.23%
07/18/2022,0.5794414184725925,0.5758710048949036,0.5757052389176741,0.5798782255726298,125.31K,-0.57%
07/15/2022,0.5761364291064124,0.5750761975961816,0.5743165632896853,0.5768676088837612,144.16K,-0.11%
07/14/2022,0.5755064456721916,0.5797773654916512,0.5731315910132967,0.5802146794313896,175.76K,0.79%
07/13/2022,0.580046403712297,0.5805515239477503,0.5788041905423396,0.5817335660267597,154.44K,0.11%
07/12/2022,0.5806863712908659,0.5779678649867067,0.5779010633379565,0.5827845445538784,155.71K,-0.42%
07/11/2022,0.5782352260899734,0.5828864537188155,0.5771339527904427,0.5830223880597015,144.32K,0.80%
07/08/2022,0.5828864537188155,0.5820382981200163,0.5809225049378413,0.585171747908011,170.36K,-0.08%
07/07/2022,0.5824451045488962,0.5814629608093964,0.5806526535826269,0.5839075090505664,162.65K,-0.13%
07/06/2022,0.5816997266011285,0.5835667600373483,0.5811588307084327,0.5875440658049353,184.77K,0.37%
07/05/2022,0.5838393274170948,0.5816658911121452,0.5788376939106274,0.585171747908011,172.94K,-0.32%
07/04/2022,0.5819705522900541,0.5834646128712294,0.5812263876780006,0.5859603890776984,133.97K,0.39%
07/01/2022,0.5842486562280906,0.5818012566907144,0.5805852299117511,0.587026709715292,155.80K,-0.40%
06/30/2022,0.5819028222286878,0.5779678649867067,0.5770007501009751,0.5827845445538784,188.87K,-0.64%
06/29/2022,0.5782017924255565,0.5803156917363045,0.5765350245027385,0.5815305885089556,177.49K,0.40%
06/28/2022,0.5805178218971323,0.5790723261335341,0.5784359093012494,0.5814967726929116,172.06K,-0.20%
06/27/2022,0.5793407102717109,0.5791729410401947,0.5784693700468561,0.5818012566907144,158.79K,-0.04%
06/24/2022,0.5791058605513089,0.5790723261335341,0.5778676683039584,0.5830223880597015,175.47K,0.01%
06/23/2022,0.5791729410401947,0.5736905513166198,0.5736905513166198,0.5824790307548928,197.98K,-0.90%
06/22/2022,0.5739539688916949,0.5717552887364208,0.5714938850154303,0.577100646352724,158.09K,-0.33%
06/21/2022,0.5720496539099594,0.5768010613139528,0.5715265474081271,0.5783021050196623,156.89K,0.88%
06/20/2022,0.577100646352724,0.5778676683039584,0.5755064456721916,0.5799118533982834,139.32K,0.10%
06/17/2022,0.5777007510109763,0.5897617362585515,0.5765017871555402,0.5900053100477904,209.97K,2.14%
06/16/2022,0.5900401227283455,0.5840439201027917,0.5798109816199919,0.5934365913002195,203.89K,-0.98%
06/15/2022,0.5842827928717499,0.5759041695461875,0.5753739930955121,0.5855486590935707,169.59K,-1.39%
06/14/2022,0.5761364291064124,0.5810237638719423,0.5758710048949036,0.5834305717619603,167.28K,0.88%
06/13/2022,0.5812263876780006,0.5814967726929116,0.5785697755149272,0.5847611250804047,158.96K,0.06%
06/10/2022,0.5815644082582145,0.5792064871126557,0.5786032517502748,0.5837711617046117,144.03K,-0.37%
06/09/2022,0.5794078451822238,0.5787371954395509,0.5775005775005775,0.5837030119075414,153.91K,-0.06%
06/08/2022,0.5790723261335341,0.5857887645714955,0.577634011090573,0.5858230814294083,147.20K,1.18%
06/07/2022,0.5859260561317161,0.5900401227283455,0.584180394905947,0.5901097604154373,129.89K,0.73%
06/06/2022,0.5902142477719412,0.5931198102016607,0.5893446487505893,0.5953798523457966,111.56K,0.53%
06/03/2022,0.5933309600094933,0.5961251862891207,0.5925223677193814,0.5978358342799067,86.51K,0.51%
06/02/2022,0.5963384817222255,0.5960541217142517,0.5954862144941344,0.5988741166606779,113.92K,-0.02%
06/01/2022,0.5962318149296446,0.6031363088057902,0.5956635692161067,0.6032454605779092,121.62K,1.18%
05/31/2022,0.6032454605779092,0.6079396923825157,0.6021919788028424,0.608790941190795,135.05K,0.81%
05/30/2022,0.6081615277017576,0.6108735491753207,0.6067961165048544,0.6116207951070336,95.18K,0.45%
05/27/2022,0.6109108681043436,0.6106497313141183,0.6094588005850804,0.6128953174797744,127.46K,-0.02%
05/26/2022,0.610798924993892,0.6088650754992694,0.6073858114674441,0.6131583788092464,134.06K,-0.27%
05/25/2022,0.6091617933723197,0.6108735491753207,0.6080505898090721,0.6120325601321991,139.95K,0.32%
05/24/2022,0.611134877467457,0.6062075654704171,0.6052169702838467,0.6137605106487448,151.13K,-0.73%
05/23/2022,0.6066488716330988,0.6086797735711242,0.6054734802615646,0.6124073733847756,125.34K,0.41%
05/20/2022,0.6091617933723197,0.605803598473375,0.6039376736320812,0.6103888176768602,156.14K,-0.53%
05/19/2022,0.6059137178865729,0.6067961165048544,0.6020832078993317,0.6103143118706134,173.69K,0.18%
05/18/2022,0.6069802731411229,0.5988023952095809,0.5980503558399618,0.6074596039363382,147.14K,-1.32%
05/17/2022,0.5989458552946814,0.6025185274447189,0.5973002030820691,0.603974149906384,134.41K,0.64%
05/16/2022,0.6027727546714888,0.5993407252022774,0.5976214665630789,0.6039012017633916,124.96K,-0.49%
05/13/2022,0.5998080614203455,0.6033182503770739,0.5980503558399618,0.6037918125830214,158.24K,0.63%
05/12/2022,0.6035731530661516,0.5965519298454931,0.5952735281862016,0.6074227054607301,184.37K,-1.28%
05/11/2022,0.5958765343820761,0.5919962112242482,0.5914709883480215,0.5975857535556353,165.85K,-0.61%
05/10/2022,0.5922416345869115,0.5938947618482006,0.5915759583530525,0.5963740458015266,170.12K,0.31%
05/09/2022,0.5940711697261332,0.5896574090453447,0.5876476464711758,0.5956280898207159,119.31K,-0.73%
05/06/2022,0.5897617362585515,0.5877512636652169,0.5851375073142188,0.5915759583530525,148.67K,-0.27%
05/05/2022,0.5881660981061052,0.5909816204716034,0.5856858381164344,0.5924872615238772,154.04K,0.52%
05/04/2022,0.5912262031453234,0.5877512636652169,0.5850348095711695,0.5930494603249912,117.74K,-0.57%
05/03/2022,0.5878549174063841,0.5877167205406993,0.5872680291284942,0.590388475616956,119.05K,-0.01%
05/02/2022,0.587820362097343,0.5897617362585515,0.5858574023082781,0.5904930617065249,114.73K,0.31%
04/29/2022,0.589622641509434,0.5858574023082781,0.5851375073142188,0.5918560606060607,161.69K,-0.61%
04/28/2022,0.5860290670417253,0.5966587112171838,0.5841121495327103,0.5971218725741924,166.07K,1.86%
04/27/2022,0.5969436485195797,0.602663773880552,0.5958765343820761,0.6040471156750227,133.31K,1.01%
04/26/2022,0.6029544769369912,0.5989099838294305,0.5963029218843172,0.603172688340672,151.26K,-0.62%
04/25/2022,0.5992329817833173,0.5946717411988582,0.5934013766911939,0.601829561868079,152.86K,-0.71%
04/22/2022,0.594990182661986,0.594000594000594,0.5925574780753733,0.59776436128878,139.97K,-0.12%
04/21/2022,0.5942476824340385,0.5963384817222255,0.5921714928643335,0.5966231131794046,159.59K,0.40%
04/20/2022,0.5966231131794046,0.5929791271347249,0.59070234508831,0.5982292414453219,166.62K,-0.58%
04/19/2022,0.5931901767706727,0.6006727534839019,0.5924170616113744,0.600817111271329,135.97K,1.32%
04/18/2022,0.6009976561091412,0.6037553583288051,0.6005645306588193,0.6046314771146987,93.01K,0.56%
04/15/2022,0.604339155133861,0.6060606060606061,0.6021919788028424,0.606134076857801,144.86K,0.33%
04/14/2022,0.6063545961678389,0.6057302077654613,0.604814322003145,0.6086056843770921,128.05K,-0.06%
04/13/2022,0.605987153072355,0.6068697657482705,0.6033546518643659,0.6075703262652652,127.01K,0.19%
04/12/2022,0.607164541590771,0.6049240820277055,0.6039376736320812,0.6101281269066504,110.79K,-0.32%
04/11/2022,0.6052169702838467,0.612294881214793,0.6032090722644469,0.6125949522175937,106.30K,0.98%
04/08/2022,0.6111722283339445,0.6125574272588055,0.6093473889464384,0.6138358602909582,102.84K,0.26%
04/07/2022,0.6127826459954654,0.6134592969756456,0.6117704637220115,0.6150818058801821,103.25K,0.15%
04/06/2022,0.6137228427642077,0.6104633416763324,0.607976653696498,0.6147792942333702,118.00K,-0.49%
04/05/2022,0.6107243190423843,0.6144015728680265,0.6091617933723197,0.6167889964843027,96.11K,0.65%
04/04/2022,0.6147037128104254,0.6196938712276135,0.6133840397472857,0.6215813028344107,114.93K,0.96%
04/01/2022,0.6205783790492739,0.6239860227130912,0.6171315724512466,0.6240639041437843,135.49K,0.57%
03/31/2022,0.6241418050181001,0.6221226825930074,0.6183909467565395,0.6257039169065198,139.71K,-0.23%
03/30/2022,0.6227037798119435,0.6158773172384061,0.6141374439599582,0.6242586928022972,145.51K,-1.05%
03/29/2022,0.6161429451632778,0.6150439756442586,0.6120700208103808,0.6195786864931846,158.30K,-0.33%
03/28/2022,0.6141374439599582,0.6254299831133905,0.6086797735711242,0.6255082254331644,130.71K,1.79%
03/25/2022,0.625117209476777,0.6236357966947303,0.623208276205908,0.628654051675363,110.07K,-0.21%
03/24/2022,0.6237914041544508,0.6316720358789717,0.6227425582264292,0.6327111673521038,95.09K,1.28%
03/23/2022,0.6317917614354309,0.6303580433686333,0.6270771932024832,0.6337537233031244,111.34K,-0.16%
03/22/2022,0.6307954330410648,0.6384880602732729,0.6292870178088226,0.6387327542156361,95.49K,1.23%
03/21/2022,0.6385696040868455,0.6382842918235783,0.637389253617184,0.6402868485081316,66.51K,-0.03%
03/18/2022,0.6384065372829417,0.6402868485081316,0.637389253617184,0.6413545407901489,74.40K,0.33%
03/17/2022,0.6405329233922624,0.6418073294397022,0.6377551020408163,0.641972138409193,93.18K,0.22%
03/16/2022,0.6419309282321222,0.6459531038046638,0.6395088571976721,0.6468305304010349,100.19K,0.66%
03/15/2022,0.6461617989144481,0.6469142191745374,0.644786897930234,0.6509145349215648,105.13K,0.14%
03/14/2022,0.6470816617057072,0.6520179956966812,0.6466214031684449,0.6522731720044355,90.77K,0.85%
03/11/2022,0.6526137179403511,0.657030223390276,0.6518479890489538,0.6572461386789352,109.01K,0.72%
03/10/2022,0.6572893387669252,0.6593696426216538,0.6553509404285995,0.6595435958316844,107.12K,0.37%
03/09/2022,0.6597176408497163,0.6648494116082707,0.6589785831960461,0.6649820454847719,98.57K,0.81%
03/08/2022,0.6650704974727321,0.6676013084985647,0.6635259770420011,0.6683151774376797,106.82K,0.38%
03/07/2022,0.6676013084985647,0.6656460094521733,0.6641429235571494,0.670690811535882,115.63K,-0.25%
03/04/2022,0.6659563132658497,0.6579380222383051,0.6573325445342798,0.6668444918644971,117.91K,-1.17%
03/03/2022,0.658197854274995,0.65470734581642,0.6535947712418301,0.6584145377929945,92.73K,-0.47%
03/02/2022,0.6551362683438156,0.6595435958316844,0.6537229522128521,0.6602403274792025,112.05K,0.72%
03/01/2022,0.6598482349059716,0.6566850538481744,0.6532958777030117,0.6609385327164574,105.02K,-0.43%
02/28/2022,0.6569870573549701,0.6529119874640898,0.6483822861959411,0.6575054244197515,119.24K,-1.10%
02/25/2022,0.6497725795971411,0.6544930950978467,0.6484663770183516,0.6550504388837941,112.25K,0.76%
02/24/2022,0.65470734581642,0.6491398896462187,0.6485504896556197,0.6607201850016517,145.90K,-0.82%
02/23/2022,0.6493084864619181,0.6484663770183516,0.6471235358830001,0.6497725795971411,89.40K,-0.11%
02/22/2022,0.6485925541574783,0.6495193556767991,0.6475845097785261,0.6542361792607131,127.23K,0.18%
02/21/2022,0.6497725795971411,0.6498992656138298,0.6467050378322448,0.6506604203266315,90.36K,-0.03%
02/18/2022,0.6496037417175522,0.6534666405280011,0.6467886941336265,0.6539794650447976,111.48K,0.60%
02/17/2022,0.6535093451836361,0.6497725795971411,0.6490134994807892,0.653765690376569,122.74K,-0.50%
02/16/2022,0.6502373366278692,0.6501527859046876,0.6475006475006475,0.6510416666666666,112.64K,0.03%
02/15/2022,0.6504488096786782,0.6550075325866248,0.6494771708774436,0.6567281802062127,108.92K,0.75%
02/14/2022,0.6553509404285995,0.6536374926465782,0.6517630189663038,0.6573325445342798,120.36K,-0.34%
02/11/2022,0.6531252041016263,0.647332988089073,0.6464124111182935,0.6557377049180328,115.42K,-0.84%
02/10/2022,0.6476683937823834,0.6476683937823834,0.6466214031684449,0.6492663290481756,114.82K,0.05%
02/09/2022,0.6480041472265423,0.6466214031684449,0.6456611570247934,0.6488871585231328,103.17K,-0.16%
02/08/2022,0.6469560716827327,0.6486346241162353,0.6460783046905285,0.6488871585231328,117.90K,0.27%
02/07/2022,0.6487187804086928,0.6477942605428516,0.6471235358830001,0.6502373366278692,112.63K,-0.11%
02/04/2022,0.6480041472265423,0.6492663290481756,0.6472910868017347,0.6509569066527796,115.61K,0.20%
02/03/2022,0.6493084864619181,0.6537229522128521,0.6490977541217707,0.6547502127938191,114.63K,0.73%
02/02/2022,0.6540650140623978,0.6515506906437321,0.6504488096786782,0.6553509404285995,87.19K,-0.33%
02/01/2022,0.651890482398957,0.6475845097785261,0.6469560716827327,0.6528693608408958,96.22K,-0.60%
01/31/2022,0.6479621590099138,0.6512536633018561,0.6462035541195477,0.651380927566441,97.32K,0.52%
01/28/2022,0.6513385006187715,0.651890482398957,0.6480041472265423,0.6524859715516117,108.72K,0.14%
01/27/2022,0.6522731720044355,0.6533385600418137,0.6507451031430989,0.6567281802062127,113.87K,0.22%
01/26/2022,0.6536802196365538,0.6565988181221274,0.6529972574115188,0.6576783952647156,98.99K,0.51%
01/25/2022,0.6569870573549701,0.6548788474132285,0.6541933795629988,0.6575054244197515,132.19K,-0.24%
01/24/2022,0.6554368486596316,0.6546644844517184,0.6525711302531976,0.6580246101204185,137.73K,-0.10%
01/21/2022,0.6547930853850183,0.6526563111865292,0.6522731720044355,0.6562110374696503,112.63K,-0.29%
01/20/2022,0.6529119874640898,0.6512536633018561,0.6491398896462187,0.652954619653934,113.18K,-0.21%
01/19/2022,0.651508241579256,0.6505757595471993,0.6492663290481756,0.6534666405280011,123.95K,-0.13%
01/18/2022,0.6506604203266315,0.6477522995206633,0.6462035541195477,0.6514233600416911,130.78K,-0.40%
01/17/2022,0.6480881399870383,0.6493084864619181,0.6475845097785261,0.6501527859046876,87.40K,0.20%
01/14/2022,0.649392817715436,0.6477942605428516,0.6475845097785261,0.6538511834706421,109.42K,-0.21%
01/13/2022,0.6480041472265423,0.6436663233779608,0.6433350488934637,0.6490134994807892,91.52K,-0.62%
01/12/2022,0.6439979392065945,0.6402458544080927,0.6391409945033875,0.6452445476835721,93.62K,-0.54%
01/11/2022,0.6404918977774932,0.6425083526085839,0.6386919588682378,0.6430454633142564,95.53K,0.33%
01/10/2022,0.64263222157959,0.6423432682425488,0.6398362019323054,0.6439979392065945,89.54K,0.04%
01/07/2022,0.6428801028608164,0.6421782686873877,0.6404098623118796,0.6430454633142564,83.39K,-0.09%
01/06/2022,0.6423020104052926,0.6396724876863047,0.6393044367727911,0.6439979392065945,104.38K,-0.38%
01/05/2022,0.6398771435884311,0.6416426050689766,0.6393044367727911,0.6437077566784679,84.17K,0.33%
01/04/2022,0.6420133538777606,0.6450364445591176,0.641025641025641,0.6454111268878275,83.71K,0.52%
01/03/2022,0.6453694740238787,0.6471654154801968,0.6436248954109545,0.6474168069403082,51.82K,0.32%
12/31/2021,0.6474168069403082,0.6465377901338334,0.643583472776419,0.6479621590099138,64.28K,-0.08%
12/30/2021,0.6468723720809884,0.6486346241162353,0.6451612903225806,0.6489292667099287,67.19K,0.30%
12/29/2021,0.6488450558006749,0.6506604203266315,0.6483822861959411,0.6515506906437321,76.55K,0.32%
12/28/2021,0.6509145349215648,0.6528693608408958,0.6498570314530804,0.6533812479581836,69.38K,0.33%
12/27/2021,0.6530825496342738,0.655694708543702,0.6524008350730689,0.657030223390276,51.19K,0.42%
12/24/2021,0.6558237145855195,0.6559097468188377,0.6550933508024893,0.6578081831337982,109.93K,0.05%
12/23/2021,0.6561249261859458,0.6612881893929374,0.6554368486596316,0.661638216223369,88.60K,0.84%
12/22/2021,0.661638216223369,0.6633939233116625,0.6597176408497163,0.6644076805527871,87.06K,0.32%
12/21/2021,0.6637461834594451,0.6666666666666666,0.6625149065853981,0.6669334400426837,104.85K,0.47%
12/20/2021,0.6668444918644971,0.668985817500669,0.6658232904987016,0.6712760958582265,112.83K,0.31%
12/17/2021,0.6689410662920597,0.670331143584931,0.6679580522343196,0.6723593088146305,121.50K,0.20%
12/16/2021,0.6702862122126148,0.6696129637069773,0.666400106624017,0.6712760958582265,101.90K,-0.07%
12/15/2021,0.6697923643670461,0.6686726847208291,0.6681812107443539,0.67150147730325,111.19K,-0.15%
12/14/2021,0.6688068485821295,0.6671559143371807,0.6665777896280496,0.6695232994108195,115.27K,-0.22%
12/13/2021,0.6673340006673341,0.6684491978609626,0.6654245408570668,0.6685832720465333,100.89K,0.11%
12/10/2021,0.6680472977486807,0.6659563132658497,0.6648936170212766,0.6684491978609626,115.57K,-0.22%
12/09/2021,0.6665777896280496,0.6631299734748011,0.6622955162593549,0.6676013084985647,114.87K,-0.46%
12/08/2021,0.6634819532908705,0.6638783774812455,0.661638216223369,0.666400106624017,127.14K,0.10%
12/07/2021,0.6641429235571494,0.6644518272425249,0.6619447938041968,0.6652032195835827,143.18K,0.06%
12/06/2021,0.6645401382243488,0.6672004270082733,0.6639665360865813,0.6672004270082733,116.56K,0.40%
12/03/2021,0.6672004270082733,0.6626466105625869,0.6612881893929374,0.668359844940516,124.26K,-0.65%
12/02/2021,0.6628662335940607,0.6652917304237908,0.6610696106299994,0.6659563132658497,132.18K,0.40%
12/01/2021,0.665513110608279,0.6635700066357001,0.6589785831960461,0.6655574043261232,154.90K,-0.24%
11/30/2021,0.6639224538573895,0.6610696106299994,0.6587615283267457,0.666800026672001,168.80K,-0.38%
11/29/2021,0.6613756613756614,0.6622078008078935,0.6578947368421053,0.6646726487205051,124.13K,0.21%
11/26/2021,0.6627344423089668,0.6458279514337381,0.6456611570247934,0.6641429235571494,172.46K,-2.51%
11/25/2021,0.6461200491051237,0.646370628918622,0.6452029163171817,0.6472491909385114,118.63K,0.08%
11/24/2021,0.6466632177961718,0.6467468632777131,0.6452861844227915,0.6484663770183516,123.07K,0.03%
11/23/2021,0.6468305304010349,0.6477942605428516,0.6464541987200207,0.6503219093451258,149.55K,0.23%
11/22/2021,0.6482982171799028,0.6524008350730689,0.6472491909385114,0.6529972574115188,155.38K,0.64%
11/19/2021,0.6524434005350036,0.6490977541217707,0.6482141699617554,0.6537229522128521,110.34K,-0.50%
11/18/2021,0.6491820306413919,0.6509569066527796,0.6487608667445179,0.6526137179403511,139.24K,0.30%
11/17/2021,0.6511264487563485,0.6483822861959411,0.6461200491051237,0.6524008350730689,137.12K,-0.40%
11/16/2021,0.648508430609598,0.6519329812895234,0.6482141699617554,0.653039900737935,116.46K,0.59%
11/15/2021,0.6523157208088716,0.6526989099928203,0.6512112529304506,0.6544502617801047,88.40K,0.12%
11/12/2021,0.6530825496342738,0.6514657980456027,0.6500682571670026,0.6541077969649398,97.68K,-0.21%
11/11/2021,0.6517205422314911,0.6531678641410843,0.6510840549514942,0.654150585464774,89.81K,0.27%
11/10/2021,0.6534666405280011,0.6571165724799579,0.6515506906437321,0.6576783952647156,108.79K,0.59%
11/09/2021,0.6573325445342798,0.6527841242900972,0.6524859715516117,0.6575486586007365,109.51K,-0.65%
11/08/2021,0.653039900737935,0.6540222367560498,0.6515931452401121,0.6548788474132285,96.91K,0.21%
11/05/2021,0.654407434068451,0.655393891728929,0.6510840549514942,0.6561249261859458,153.13K,0.15%
11/04/2021,0.655393891728929,0.653039900737935,0.6498992656138298,0.6564264145989234,170.56K,-0.33%
11/03/2021,0.6532532009406846,0.6554798112218143,0.6521455588887439,0.6565126050420168,168.22K,0.35%
11/02/2021,0.6555657532450504,0.6565126050420168,0.6545359340227779,0.6592392379194411,172.48K,0.16%
11/01/2021,0.6566419331538512,0.6574621959237344,0.6545787785559992,0.6574621959237344,137.24K,0.13%
10/29/2021,0.6575054244197515,0.6584578916178311,0.6568575932737782,0.660022440762986,173.24K,0.17%
10/28/2021,0.6586313640255549,0.6595000989250148,0.6580246101204185,0.6612881893929374,181.08K,0.15%
10/27/2021,0.6596306068601583,0.6565126050420168,0.6556087327083197,0.6621201085876978,164.69K,-0.45%
10/26/2021,0.6566419331538512,0.6597611664577423,0.6554368486596316,0.6605456106744171,139.13K,0.49%
10/25/2021,0.6598482349059716,0.6601967386281112,0.6587181345102431,0.6614194060453734,140.04K,0.19%
10/22/2021,0.6610696106299994,0.6570733950982325,0.65470734581642,0.6612881893929374,96.52K,-0.58%
10/21/2021,0.6572461386789352,0.6546644844517184,0.6538084341288002,0.6586313640255549,91.41K,-0.35%
10/20/2021,0.6549217368524461,0.6567713122290818,0.6535520554212143,0.657030223390276,92.46K,0.32%
10/19/2021,0.657030223390276,0.6578514571409776,0.6561679790026247,0.6596306068601583,83.06K,0.16%
10/18/2021,0.6581112207963146,0.6569870573549701,0.6560818790185015,0.6602403274792025,93.72K,-0.16%
10/15/2021,0.657030223390276,0.6596741209842337,0.6550075325866248,0.6598917777484492,91.90K,0.45%
10/14/2021,0.6599788806758183,0.6648052120728627,0.6595000989250148,0.6652032195835827,74.19K,0.80%
10/13/2021,0.6652474720596061,0.6644518272425249,0.6619447938041968,0.6658232904987016,103.46K,-0.09%
10/12/2021,0.6646726487205051,0.6654688227856526,0.6633939233116625,0.6684491978609626,88.85K,0.15%
10/11/2021,0.6656903208627347,0.6697475051905432,0.6645843025187745,0.6699269779594025,73.19K,0.60%
10/08/2021,0.6696578048617157,0.670331143584931,0.6677350427350427,0.6721333512568893,74.77K,0.15%
10/07/2021,0.670690811535882,0.6711859856366199,0.6699718611818304,0.6725401842760105,84.52K,0.10%
10/06/2021,0.671366230278617,0.6688963210702341,0.6670224119530416,0.6737636437137852,97.99K,-0.31%
10/05/2021,0.6692544505420961,0.6726306585054147,0.6683151774376797,0.6726759047490919,103.30K,0.51%
10/04/2021,0.6726759047490919,0.667779632721202,0.6673340006673341,0.6725854183481302,78.89K,-0.71%
10/01/2021,0.6679134384183809,0.6665333599946678,0.6652032195835827,0.6692992436918547,86.54K,-0.19%
09/30/2021,0.6666222251849877,0.6634819532908705,0.662778366914104,0.6667555674089879,96.42K,-0.42%
09/29/2021,0.6637902422834384,0.665513110608279,0.6630860022544924,0.6674230794900888,83.39K,0.27%
09/28/2021,0.6655574043261232,0.6649820454847719,0.6628662335940607,0.667244945619537,99.62K,-0.05%
09/27/2021,0.6652032195835827,0.6668889629876625,0.6640988179041041,0.6676904587033451,69.13K,0.25%
09/24/2021,0.6668444918644971,0.6690305746972637,0.6662225183211193,0.6697475051905432,66.55K,0.36%
09/23/2021,0.6692544505420961,0.6724497343823549,0.6687621213134488,0.672992798977051,71.21K,0.52%
09/22/2021,0.6727211570803903,0.6750826976304597,0.6717270101430779,0.675812664729337,92.00K,0.38%
09/21/2021,0.6753106428957321,0.6731740154830024,0.6710058377507885,0.6755387421468622,78.81K,-0.29%
09/20/2021,0.6733553296074338,0.6701065469409636,0.669702652022502,0.6737636437137852,71.37K,-0.53%
09/17/2021,0.6697923643670461,0.6702412868632708,0.6675121820973233,0.6709158000670916,66.54K,0.14%
09/16/2021,0.6707357971694949,0.67150147730325,0.6699718611818304,0.6729475100942126,86.92K,0.13%
09/15/2021,0.6716367788300088,0.67150147730325,0.6709608158883521,0.6740361283364789,76.56K,-0.01%
09/14/2021,0.6715916722632639,0.6688068485821295,0.6678688305616777,0.6724045185583647,78.06K,-0.39%
09/13/2021,0.6689410662920597,0.6690753378830456,0.6679580522343196,0.670465973851827,59.31K,-0.01%
09/10/2021,0.6688963210702341,0.6702862122126148,0.6676013084985647,0.6706458319361545,79.04K,0.26%
09/09/2021,0.6706458319361545,0.6694336591243808,0.6685832720465333,0.670870790285791,74.44K,-0.14%
09/08/2021,0.669702652022502,0.6659119664380369,0.6651147322913202,0.670331143584931,80.43K,-0.55%
09/07/2021,0.6660450246436659,0.6652032195835827,0.6650704974727321,0.6681812107443539,84.62K,-0.09%
09/06/2021,0.6654245408570668,0.6651589729945456,0.6644076805527871,0.6657346381732242,54.93K,-0.01%
09/03/2021,0.6653802648213455,0.6639665360865813,0.663437935381145,0.6661781360335753,78.28K,-0.17%
09/02/2021,0.6642752756742394,0.6635700066357001,0.662778366914104,0.6649820454847719,71.45K,-0.09%
09/01/2021,0.6637021304838389,0.6630420368651373,0.6611570247933884,0.6644959797993223,85.14K,-0.09%
08/31/2021,0.6630860022544924,0.6667555674089879,0.6626905235255136,0.6684045184145445,73.82K,0.57%
08/30/2021,0.6668889629876625,0.668851581833991,0.666400106624017,0.6702412868632708,50.08K,0.33%
08/27/2021,0.6690753378830456,0.673536741429245,0.6676013084985647,0.6749915626054674,100.91K,0.70%
08/26/2021,0.6737636437137852,0.6738090425173506,0.6724949562878278,0.6754931099702783,77.84K,0.01%
08/25/2021,0.6738544474393531,0.6761782405842179,0.6736728644570197,0.6774608766343744,63.16K,0.37%
08/24/2021,0.6763154335181929,0.675949709341625,0.6746272684341902,0.67778229632642,56.47K,-0.04%
08/23/2021,0.6760411032990805,0.6770939129257227,0.6733553296074338,0.6775985905949315,63.31K,0.17%
08/20/2021,0.677185616577504,0.6777363605557438,0.6764984440535787,0.6793478260869565,76.46K,0.12%
08/19/2021,0.6780120686148213,0.676773145641581,0.6742633672712561,0.6800408024481469,88.96K,-0.14%
08/18/2021,0.6770480704129993,0.6787023211619384,0.674809366354005,0.6793939805693322,75.78K,0.26%
08/17/2021,0.6788405403570701,0.6790710308298249,0.6780120686148213,0.6810597289382279,81.81K,0.04%
08/16/2021,0.6791171477079797,0.6767273465520741,0.6764069264069265,0.6801333061280012,89.35K,-0.22%
08/13/2021,0.6775985905949315,0.6731740154830024,0.6723593088146305,0.6777363605557438,73.99K,-0.64%
08/12/2021,0.6732646603379788,0.6725854183481302,0.6710958996040535,0.673536741429245,85.38K,-0.07%
08/11/2021,0.6727664155005383,0.6731740154830024,0.6714563889075404,0.673536741429245,76.42K,0.08%
08/10/2021,0.6733099919202801,0.6754018641091449,0.6729022273063724,0.6754931099702783,89.61K,0.33%
08/09/2021,0.6755387421468622,0.6732646603379788,0.6727211570803903,0.6757669955399378,60.60K,-0.32%
08/06/2021,0.6734006734006733,0.6750371270419873,0.6722237160527024,0.676223965377333,75.91K,0.28%
08/05/2021,0.6752650415288,0.6775067750677507,0.674900452183303,0.6779661016949152,95.17K,0.38%
08/04/2021,0.6778282383244085,0.680781537204711,0.6763154335181929,0.682081713389264,86.73K,0.46%
08/03/2021,0.6809669731018047,0.6802258349772125,0.6792555359326179,0.6821747731768879,75.88K,-0.07%
08/02/2021,0.6804572672836146,0.6777363605557438,0.677139761646804,0.6810133478616182,63.85K,-0.40%
07/30/2021,0.6777363605557438,0.678195998643608,0.6768647624204683,0.679532481652623,65.57K,0.08%
07/29/2021,0.6782880010852608,0.6778282383244085,0.6756756756756757,0.6785641582411617,96.20K,-0.05%
07/28/2021,0.6779661016949152,0.6787944610371979,0.674900452183303,0.6792094002580996,87.74K,0.13%
07/27/2021,0.6788405403570701,0.6736274840013473,0.6731740154830024,0.6799020940984498,80.58K,-0.74%
07/26/2021,0.6738090425173506,0.6731287022078621,0.672992798977051,0.6763611768684478,62.83K,-0.07%
07/23/2021,0.6733099919202801,0.6759040216289287,0.6729475100942126,0.6764526821348847,62.66K,0.41%
07/22/2021,0.6760411032990805,0.6752194463200539,0.6741724533135576,0.676818950930626,73.97K,-0.06%
07/21/2021,0.6756300249983109,0.678472080873872,0.6749460043196545,0.6793478260869565,71.49K,0.44%
07/20/2021,0.6786102062975027,0.6840413160954921,0.6782880010852608,0.6854479402289396,90.05K,0.80%
07/19/2021,0.6840413160954921,0.6787944610371979,0.6775985905949315,0.686766018817389,78.41K,-0.87%
07/16/2021,0.6781040211568455,0.6785181164337087,0.675995403231258,0.6793478260869565,72.25K,0.09%
07/15/2021,0.6787023211619384,0.6769564040075818,0.6767273465520741,0.6793478260869565,72.10K,-0.19%
07/14/2021,0.6774149844194554,0.6743088334457181,0.6741724533135576,0.6780120686148213,66.05K,-0.42%
07/13/2021,0.6745362563237775,0.6753106428957321,0.6734460233012324,0.6766357669666418,64.35K,0.17%
07/12/2021,0.6756756756756757,0.676132521974307,0.6752194463200539,0.6780120686148213,67.36K,0.09%
07/09/2021,0.6763154335181929,0.6806425265450585,0.6756756756756757,0.6812917291184085,74.97K,0.67%
07/08/2021,0.6808278867102396,0.6759040216289287,0.6755843804891231,0.6831067695880866,86.16K,-0.68%
07/07/2021,0.6761782405842179,0.6743088334457181,0.6731740154830024,0.6769105801123672,77.79K,-0.26%
07/06/2021,0.6743997841920691,0.6697475051905432,0.669478476266988,0.674900452183303,93.78K,-0.65%
07/05/2021,0.6700167504187605,0.6710058377507885,0.6692992436918547,0.6717270101430779,73.33K,0.17%
07/02/2021,0.6711409395973155,0.6685385746757588,0.6676013084985647,0.6716818914562064,64.20K,-0.36%
07/01/2021,0.6687174000267486,0.6692992436918547,0.6678242286630158,0.6701514542286557,66.43K,0.10%
06/30/2021,0.6693888479817927,0.6722237160527024,0.6691201070592172,0.6742633672712561,68.07K,0.46%
06/29/2021,0.6724949562878278,0.671366230278617,0.670331143584931,0.6729022273063724,66.32K,-0.15%
06/28/2021,0.67150147730325,0.670196367535688,0.6693888479817927,0.6724045185583647,53.84K,-0.21%
06/25/2021,0.6701065469409636,0.6691201070592172,0.6682705159048383,0.671366230278617,66.67K,-0.12%
06/24/2021,0.6692992436918547,0.6682705159048383,0.6673340006673341,0.6702862122126148,86.43K,-0.13%
06/23/2021,0.6684491978609626,0.6718624025799517,0.6678688305616777,0.6720430107526881,59.94K,0.53%
06/22/2021,0.6719978496068812,0.6720430107526881,0.670331143584931,0.6736728644570197,68.76K,0.04%
06/21/2021,0.6722689075630252,0.672178530617732,0.6718624025799517,0.677185616577504,78.78K,0.09%
06/18/2021,0.6728569506122999,0.6732193348592971,0.6697475051905432,0.6742633672712561,81.39K,0.09%
06/17/2021,0.6734913793103449,0.6619447938041968,0.6611570247933884,0.6734006734006733,83.50K,-1.70%
06/16/2021,0.66203243958954,0.6664445184938355,0.661769571835087,0.6676904587033451,60.54K,0.69%
06/15/2021,0.6665777896280496,0.6648936170212766,0.6643194047698133,0.6667111140742716,61.04K,-0.24%
06/14/2021,0.6649820454847719,0.668002672010688,0.6647168306301515,0.6685832720465333,52.22K,0.46%
06/11/2021,0.6680472977486807,0.6684491978609626,0.6661781360335753,0.6685385746757588,61.99K,0.09%
06/10/2021,0.6686279753944905,0.6657789613848203,0.6654245408570668,0.6685832720465333,70.52K,-0.41%
06/09/2021,0.6659119664380369,0.6662669065227531,0.6652917304237908,0.6678688305616777,66.34K,0.07%
06/08/2021,0.6663557006730193,0.666400106624017,0.6648052120728627,0.6669779230307477,71.86K,0.06%
06/07/2021,0.6667555674089879,0.6653802648213455,0.6640988179041041,0.6671559143371807,62.54K,-0.17%
06/04/2021,0.6656460094521733,0.6622516556291391,0.6615944426066821,0.6663557006730193,74.77K,-0.49%
06/03/2021,0.6623832549513148,0.6659563132658497,0.6618571712224502,0.6671559143371807,68.74K,0.57%
06/02/2021,0.6661337596589395,0.6656017039403621,0.6643635397289397,0.6685385746757588,71.25K,-0.05%
06/01/2021,0.6657789613848203,0.6618133686300464,0.6615944426066821,0.6661781360335753,81.27K,-0.56%
05/31/2021,0.6620762711864407,0.6592392379194411,0.6585879873551107,0.6631739505272233,82.40K,-0.45%
05/28/2021,0.6590654451987082,0.6621201085876978,0.6579813133307014,0.6622955162593549,79.08K,0.50%
05/27/2021,0.6623393826996953,0.6662669065227531,0.6603711285742587,0.6675121820973233,107.24K,0.61%
05/26/2021,0.666400106624017,0.6692096633875393,0.6660893891960301,0.669702652022502,102.89K,0.44%
05/25/2021,0.6693440428380187,0.6698372295532186,0.6672004270082733,0.670555890833501,104.30K,0.09%
05/24/2021,0.6699718611818304,0.6692096633875393,0.6686726847208291,0.6707357971694949,82.34K,-0.20%
05/21/2021,0.6686279753944905,0.6711859856366199,0.6680472977486807,0.6725854183481302,91.30K,0.42%
05/20/2021,0.6714563889075404,0.6702862122126148,0.6696129637069773,0.6718624025799517,87.84K,-0.13%
05/19/2021,0.670555890833501,0.6709158000670916,0.668851581833991,0.6743088334457181,100.26K,0.07%
05/18/2021,0.6710058377507885,0.6715465717547512,0.668851581833991,0.672178530617732,97.81K,0.10%
05/17/2021,0.6716818914562064,0.6707807888382077,0.6693888479817927,0.6722237160527024,75.66K,-0.18%
05/14/2021,0.670465973851827,0.6712760958582265,0.6688068485821295,0.6715916722632639,73.60K,0.15%
05/13/2021,0.6714563889075404,0.670555890833501,0.6697923643670461,0.672811680010765,86.81K,-0.11%
05/12/2021,0.6707357971694949,0.6755843804891231,0.6702412868632708,0.675949709341625,82.66K,0.74%
05/11/2021,0.6756756756756757,0.6752194463200539,0.6730833950326446,0.67778229632642,106.43K,-0.04%
05/10/2021,0.6754018641091449,0.6741270055278414,0.6725401842760105,0.6755843804891231,99.36K,-0.13%
05/07/2021,0.6745362563237775,0.6747183051076175,0.6724949562878278,0.6775067750677507,83.69K,0.05%
05/06/2021,0.674900452183303,0.6759040216289287,0.6742633672712561,0.6770022341073725,96.38K,0.18%
05/05/2021,0.676132521974307,0.6746727836999056,0.6743543057522422,0.6770939129257227,99.36K,-0.19%
05/04/2021,0.6748549061951681,0.676773145641581,0.6743997841920691,0.6775067750677507,86.47K,0.31%
05/03/2021,0.6769564040075818,0.6781040211568455,0.6744452687664396,0.6786562606040041,72.72K,0.12%
04/30/2021,0.67778229632642,0.6803183890060548,0.676544212164265,0.6818956699624957,92.99K,0.39%
04/29/2021,0.6804572672836146,0.6859651529702291,0.6783800284919612,0.6870019236053861,78.12K,0.82%
04/28/2021,0.686059275521405,0.6860122110173561,0.682081713389264,0.686483146838745,93.86K,0.05%
04/27/2021,0.686436024162548,0.6915629322268326,0.6856829402084477,0.6920894179527994,111.07K,0.82%
04/26/2021,0.6920415224913494,0.6938662225922841,0.6906077348066298,0.6958942240779401,93.61K,0.35%
04/23/2021,0.6944444444444444,0.6957973838018369,0.6924248719013988,0.6972042111134352,88.08K,0.21%
04/22/2021,0.6958942240779401,0.6980802792321117,0.6932889628397116,0.698714365567356,96.89K,0.34%
04/21/2021,0.6982265046781176,0.697495989398061,0.6971070059254095,0.6996431819771917,83.63K,-0.07%
04/20/2021,0.6977393245883338,0.6921373200442967,0.6885155604516663,0.6980315510261064,100.10K,-0.78%
04/19/2021,0.6922810661128419,0.6852600561913246,0.6848376934666485,0.693433187712364,80.18K,-0.99%
04/16/2021,0.6854009595613434,0.6870019236053861,0.682081713389264,0.6880418329434429,97.85K,0.28%
04/15/2021,0.6873324627122138,0.6891798759476223,0.6870491240123668,0.6921852287672181,98.65K,0.28%
04/14/2021,0.6892748828232699,0.6901787562978812,0.6884207627702053,0.6914672935970129,96.05K,0.15%
04/13/2021,0.6903216899074969,0.6855419208884623,0.6835737234260715,0.6911327666044647,96.04K,-0.67%
04/12/2021,0.6857299595419324,0.6814310051107325,0.680781537204711,0.6878998417830364,93.58K,-0.59%
04/09/2021,0.6817097279978185,0.682640453273261,0.6799483239273816,0.6852131012744963,75.11K,0.15%
04/08/2021,0.6827336655970506,0.6769105801123672,0.6762696963549064,0.6845095489082073,84.40K,-0.81%
04/07/2021,0.677185616577504,0.6696129637069773,0.668359844940516,0.6792555359326179,88.82K,-1.11%
04/06/2021,0.669702652022502,0.665513110608279,0.6635700066357001,0.6698372295532186,80.60K,-0.59%
04/05/2021,0.6657346381732242,0.6633499170812603,0.6624271330153683,0.6667555674089879,62.02K,-0.38%
04/02/2021,0.6631739505272233,0.6628662335940607,0.6623393826996953,0.6644076805527871,69.78K,-0.01%
04/01/2021,0.6631299734748011,0.6605456106744171,0.6599788806758183,0.663437935381145,90.30K,-0.34%
03/31/2021,0.6608948516291059,0.6655574043261232,0.6600660066006601,0.6660893891960301,101.76K,0.73%
03/30/2021,0.6656903208627347,0.6626027034190299,0.6614194060453734,0.667244945619537,75.15K,-0.44%
03/29/2021,0.662778366914104,0.6622078008078935,0.6612881893929374,0.6635700066357001,82.88K,-0.07%
03/26/2021,0.6623393826996953,0.665513110608279,0.6604583581005218,0.6656460094521733,87.73K,0.50%
03/25/2021,0.6656460094521733,0.6676458806249166,0.6648936170212766,0.6677350427350427,82.70K,0.32%
03/24/2021,0.667779632721202,0.6680472977486807,0.6663557006730193,0.6701514542286557,96.92K,0.08%
03/23/2021,0.6683151774376797,0.6649820454847719,0.6642752756742394,0.6690305746972637,91.91K,-0.47%
03/22/2021,0.6651589729945456,0.6651589729945456,0.6643635397289397,0.6672894701721607,75.36K,0.01%
03/19/2021,0.6652474720596061,0.6676904587033451,0.6648052120728627,0.6676904587033451,93.65K,0.38%
03/18/2021,0.667779632721202,0.6667555674089879,0.6629541235746487,0.668002672010688,103.98K,-0.13%
03/17/2021,0.6669334400426837,0.6652917304237908,0.6637902422834384,0.6673340006673341,86.18K,-0.23%
03/16/2021,0.6654245408570668,0.6646284726837698,0.662778366914104,0.6667111140742716,77.47K,-0.10%
03/15/2021,0.6647610184138802,0.6664889362836577,0.6636140420731304,0.6674230794900888,92.75K,0.33%
03/12/2021,0.6669779230307477,0.6700167504187605,0.6660450246436659,0.6701065469409636,108.93K,0.48%
03/11/2021,0.670196367535688,0.6709608158883521,0.668002672010688,0.671366230278617,104.09K,0.16%
03/10/2021,0.6712760958582265,0.670870790285791,0.6692544505420961,0.6730833950326446,109.52K,-0.03%
03/09/2021,0.6710958996040535,0.6736728644570197,0.6692992436918547,0.6738544474393531,122.87K,0.43%
03/08/2021,0.6739906989283547,0.6751282743721306,0.672811680010765,0.6760868095463457,106.24K,0.24%
03/05/2021,0.6756300249983109,0.6736728644570197,0.6717721348918447,0.6783800284919612,108.36K,-0.28%
03/04/2021,0.6737636437137852,0.6816632583503749,0.673536741429245,0.6830601092896175,113.57K,1.20%
03/03/2021,0.6818491749624983,0.68667170225915,0.6799945600435197,0.686766018817389,104.67K,0.73%
03/02/2021,0.6868131868131868,0.6875214850464078,0.6854949273375377,0.6889424733034791,105.31K,0.13%
03/01/2021,0.6877106113747335,0.6938180808991882,0.686530275985171,0.6951202558042541,117.95K,0.90%
02/26/2021,0.6938662225922841,0.6848376934666485,0.683480281593876,0.697350069735007,127.96K,-1.28%
02/25/2021,0.6849784231796698,0.6836671908115131,0.6812453164384495,0.6862005077883757,146.78K,-0.16%
02/24/2021,0.6839009711393791,0.6877106113747335,0.6822678583611926,0.6881365262868153,119.29K,0.57%
02/23/2021,0.6878052135635189,0.689512514652141,0.6872379905161157,0.6906077348066298,110.54K,0.28%
02/22/2021,0.6897027381198704,0.6884207627702053,0.684134911404529,0.6903693476009666,98.91K,-0.20%
02/19/2021,0.6883259911894273,0.6867188572998215,0.6860122110173561,0.6892273761113791,114.76K,-0.19%
02/18/2021,0.6870019236053861,0.6879471656576774,0.6857769853243726,0.6886578059362303,121.62K,0.18%
02/17/2021,0.6882312456985547,0.6871907641561297,0.6854949273375377,0.688752668916592,156.05K,-0.14%
02/16/2021,0.6872852233676976,0.6891323823306457,0.6869547296833138,0.6913238852402351,133.90K,0.30%
02/15/2021,0.6893223960846487,0.6914194842010648,0.6888001102080177,0.6918500069185001,99.12K,0.39%
02/12/2021,0.6919936336585704,0.6940106877645915,0.6906077348066298,0.6949753283758426,105.48K,0.34%
02/11/2021,0.6943480072212194,0.6960395350455906,0.6935293709688606,0.6966699177929497,114.82K,0.26%
02/10/2021,0.6961849067112226,0.6965728615213151,0.6946373992775771,0.6977880120019538,142.68K,0.08%
02/09/2021,0.6967184560719013,0.6930967563071805,0.6927606511950121,0.697495989398061,122.21K,-0.51%
02/08/2021,0.6931928462498267,0.6909417536101706,0.6897027381198704,0.6931928462498267,102.89K,-0.30%
02/05/2021,0.6911327666044647,0.6913716814159292,0.688989940746865,0.6923289947382997,117.14K,0.03%
02/04/2021,0.6913238852402351,0.6933370311308328,0.6910372469076083,0.6945409084595083,107.46K,0.31%
02/03/2021,0.6934812760055479,0.6946373992775771,0.6930487213251091,0.6955554009876886,95.49K,0.19%
02/02/2021,0.6948304613674263,0.6968641114982578,0.693625580911424,0.6975446428571429,118.45K,0.32%
02/01/2021,0.6970584134950508,0.6964758322886196,0.6954586549829613,0.6990074094785405,113.43K,-0.04%
01/29/2021,0.6967670011148271,0.6997900629811057,0.6947339169098236,0.6999370056694897,136.78K,0.48%
01/28/2021,0.7000840100812098,0.7019021548396153,0.6985679357317499,0.7019021548396153,139.81K,0.29%
01/27/2021,0.7020992768377449,0.7037297677691766,0.7009182028457278,0.7040270346381301,130.38K,0.25%
01/26/2021,0.7038783698176955,0.7034327518289252,0.7023458350891979,0.7052683546089288,97.80K,-0.04%
01/25/2021,0.7035812284528249,0.7031854299978905,0.7018036353428311,0.7037792948131466,111.40K,-0.03%
01/22/2021,0.7033832735457551,0.7051191651389085,0.7026913077085236,0.7055669230226487,132.52K,0.25%
01/21/2021,0.7051688879486637,0.7042749489400663,0.7033832735457551,0.7064641469445426,141.47K,-0.11%
01/20/2021,0.7044237813468582,0.7044237813468582,0.7026419336706015,0.7055669230226487,135.49K,0.01%
01/19/2021,0.7045230379033395,0.7058657443354274,0.7027406886858749,0.7061149555147579,133.58K,0.20%
01/18/2021,0.7059155724975292,0.7047713017125943,0.7035812284528249,0.7066638400113066,126.91K,-0.25%
01/15/2021,0.7041261794113506,0.7039774727208729,0.7032348804500703,0.7057661091114404,136.21K,0.01%
01/14/2021,0.7042253521126761,0.7042749489400663,0.701311452416018,0.7057163020465772,146.27K,0.06%
01/13/2021,0.7046719751955465,0.7057661091114404,0.7027900766041183,0.7069635913750442,148.84K,0.16%
01/12/2021,0.7058159232072275,0.7046719751955465,0.7022965095863474,0.7059654076950229,139.56K,-0.12%
01/11/2021,0.7049700387733521,0.7059155724975292,0.7037792948131466,0.7063643427279791,129.37K,0.11%
01/08/2021,0.7057661091114404,0.7075137965190321,0.7044237813468582,0.7078643731860975,120.50K,0.25%
01/07/2021,0.7075137965190321,0.7098239636570131,0.7064641469445426,0.7106310403638431,129.85K,0.35%
01/06/2021,0.7099751508697195,0.7118451025056948,0.706863646002686,0.713063320022818,115.48K,0.31%
01/05/2021,0.7121492664862555,0.7086167800453514,0.7077641729775639,0.7130124777183601,118.70K,-0.45%
01/04/2021,0.7089181908407769,0.70876745339854,0.7073636556553724,0.7111363959607453,97.19K,-0.04%
01/01/2021,0.7086167800453514,0.7075137965190321,0.7074136955291455,0.7085665698292355,0.49K,-0.11%
12/31/2020,0.7078142695356738,0.7088679379031686,0.7065140596297866,0.7102272727272728,120.15K,0.18%
12/30/2020,0.7091192738618636,0.7086167800453514,0.7076640011322624,0.710883628350039,123.23K,-0.02%
12/29/2020,0.7089684509039347,0.7084159818645509,0.7070635650144949,0.7094714437743881,96.22K,-0.04%
12/28/2020,0.7087172218284904,0.7107320540156361,0.7075638576381519,0.7117944337675279,80.18K,0.31%
12/25/2020,0.710883628350039,0.7096728408203818,0.7093707881109456,0.7114905727499111,15.03K,-0.13%
12/24/2020,0.7099247479767145,0.7123521869212138,0.70876745339854,0.7134194192765927,109.36K,0.38%
12/23/2020,0.7126060001425212,0.7125552230297848,0.7117437722419929,0.7143367383384528,114.14K,0.01%
12/22/2020,0.7127075760815338,0.7165376898824879,0.7119971520113919,0.7168458781362007,117.64K,0.55%
12/21/2020,0.7166403898523721,0.7121999857560003,0.7104290991759022,0.716743119266055,116.85K,-0.62%
12/18/2020,0.7121999857560003,0.7129616426636247,0.7093707881109456,0.7132158904500393,123.49K,0.14%
12/17/2020,0.7132158904500393,0.7115411982353779,0.7100759781296598,0.7150007150007149,125.57K,-0.21%
12/16/2020,0.7117437722419929,0.7095217823187172,0.7086167800453514,0.7130124777183601,115.52K,-0.30%
12/15/2020,0.709622480840193,0.7077641729775639,0.7066638400113066,0.7100255609201931,79.76K,-0.23%
12/14/2020,0.7079646017699115,0.7089684509039347,0.7060650992021464,0.7106310403638431,84.63K,0.14%
12/11/2020,0.7089684509039347,0.7076139258420606,0.7067137809187279,0.7100759781296598,97.05K,-0.17%
12/10/2020,0.7077641729775639,0.7073636556553724,0.704721634954193,0.7079144839303412,89.05K,-0.02%
12/09/2020,0.7076139258420606,0.7077641729775639,0.7053678493334274,0.708215297450425,85.12K,0.04%
12/08/2020,0.7079144839303412,0.7095721280068119,0.7064641469445426,0.7100255609201931,95.58K,0.28%
12/07/2020,0.7099247479767145,0.7088176920895946,0.7078142695356738,0.7106310403638431,95.07K,-0.18%
12/04/2020,0.7086167800453514,0.711389343387636,0.7073636556553724,0.7120478496154942,106.02K,0.41%
12/03/2020,0.7115411982353779,0.7065140596297866,0.7051688879486637,0.7117944337675279,113.92K,-0.68%
12/02/2020,0.7067137809187279,0.7045230379033395,0.7029876977152899,0.7067137809187279,117.07K,-0.26%
12/01/2020,0.7048706562345809,0.7093707881109456,0.7029382820188387,0.7098743522396536,110.82K,0.70%
11/30/2020,0.7097735822272695,0.7105300554213443,0.7081651441116069,0.7123521869212138,100.49K,0.06%
11/27/2020,0.7102272727272728,0.708114997875655,0.7079646017699115,0.7123521869212138,108.53K,-0.27%
11/26/2020,0.7083156254426973,0.7064142413111049,0.7062146892655368,0.7089684509039347,118.55K,-0.23%
11/25/2020,0.7066638400113066,0.7093707881109456,0.7062146892655368,0.7093707881109456,129.21K,0.38%
11/24/2020,0.7093707881109456,0.7102272727272728,0.7067137809187279,0.710580544304697,135.01K,0.15%
11/23/2020,0.7104290991759022,0.7135212272565109,0.7093707881109456,0.7154611146884167,116.62K,0.48%
11/20/2020,0.7138268256121065,0.7143877696813831,0.71285999429712,0.7149495960534782,114.76K,0.11%
11/19/2020,0.7145919679862799,0.7139797229758674,0.7126567844925884,0.7164350193437455,130.59K,-0.09%
11/18/2020,0.7139797229758674,0.714694110920526,0.7126060001425212,0.7160246312473149,121.07K,0.16%
11/17/2020,0.7151029748283753,0.7112375533428166,0.7107320540156361,0.715922107674685,123.00K,-0.51%
11/16/2020,0.7114399544678429,0.7129108148570613,0.7077140835102619,0.7142346975216056,106.44K,0.23%
11/13/2020,0.713063320022818,0.7103786318107551,0.7088679379031686,0.713368526180625,121.74K,-0.37%
11/12/2020,0.7104290991759022,0.7062645667066884,0.7058657443354274,0.7109847138286527,134.76K,-0.54%
11/11/2020,0.7065639793683318,0.7055669230226487,0.7036802476954471,0.7075137965190321,125.63K,-0.12%
11/10/2020,0.7057163020465772,0.7025925665706457,0.702543206407194,0.7077641729775639,142.38K,-0.42%
11/09/2020,0.7027406886858749,0.7158708568974157,0.7007217433956976,0.7168458781362007,135.34K,1.88%
11/06/2020,0.715922107674685,0.7143367383384528,0.7124029351000927,0.7186489399928135,144.37K,-0.20%
11/05/2020,0.7144898542440697,0.7112881428266591,0.7096728408203818,0.714694110920526,134.79K,-0.38%
11/04/2020,0.7117437722419929,0.7142857142857143,0.7084661707403471,0.7161271841879118,145.83K,0.39%
11/03/2020,0.7145409074669525,0.7115918309257809,0.7089181908407769,0.7142857142857143,106.66K,-0.40%
11/02/2020,0.7116931179275496,0.7125044531528322,0.7090689924129617,0.7132667617689016,90.58K,0.14%
10/30/2020,0.7127075760815338,0.7108330963889679,0.7107320540156361,0.7158708568974157,103.40K,-0.22%
10/29/2020,0.7111363959607453,0.7111869710546903,0.7083156254426973,0.71571714858288,105.65K,0.05%
10/28/2020,0.7114905727499111,0.7050694493407601,0.7040766035344646,0.7124536905101169,119.26K,-0.88%
10/27/2020,0.7052186177715092,0.7055669230226487,0.7030865499542994,0.7069635913750442,97.44K,0.07%
10/26/2020,0.7057163020465772,0.7049700387733521,0.7023458350891979,0.7062645667066884,91.34K,-0.04%
10/23/2020,0.7054673721340388,0.7026419336706015,0.7016559079427449,0.7056665020111496,105.64K,-0.36%
10/22/2020,0.7029382820188387,0.7037297677691766,0.7020499859590003,0.7050197405527354,113.12K,0.13%
10/21/2020,0.7038783698176955,0.696233377428114,0.6959910913140311,0.7053678493334274,114.79K,-1.07%
10/20/2020,0.6963788300835655,0.6957973838018369,0.6944444444444444,0.6970098278385725,108.26K,-0.06%
10/19/2020,0.6959910913140311,0.6966699177929497,0.6949270326615705,0.6973014434139879,80.02K,0.13%
10/16/2020,0.6969126768415917,0.6963788300835655,0.6954586549829613,0.6979828296223912,81.12K,-0.04%
10/15/2020,0.6966213862765587,0.6967670011148271,0.6954586549829613,0.698421567257997,91.05K,0.03%
10/14/2020,0.6968155529231412,0.6958458005705935,0.6944444444444444,0.6973987028384128,91.75K,-0.09%
10/13/2020,0.6961849067112226,0.6964758322886196,0.6942034015966678,0.6967670011148271,108.52K,0.08%
10/12/2020,0.6967184560719013,0.6909417536101706,0.6895600606812854,0.6971556051310653,98.37K,-0.73%
10/09/2020,0.6916585973163647,0.6912760956726116,0.689464975179261,0.6927606511950121,106.38K,-0.02%
10/08/2020,0.691515109605145,0.6920894179527994,0.6904170118751727,0.6923289947382997,123.56K,0.09%
10/07/2020,0.6921373200442967,0.6952169076751947,0.6904646827314783,0.6964758322886196,127.27K,0.47%
10/06/2020,0.6954102920723227,0.691515109605145,0.690894016857814,0.6963788300835655,114.13K,-0.54%
10/05/2020,0.6916585973163647,0.6958942240779401,0.6910372469076083,0.6961364427427775,101.87K,0.64%
10/02/2020,0.6960879855213699,0.6939143709666227,0.693000693000693,0.698616738857063,129.46K,-0.28%
10/01/2020,0.694107031304227,0.6975933031042902,0.691945751453086,0.6981777560566921,135.68K,0.57%
09/30/2020,0.6980315510261064,0.6982752601075344,0.6958458005705935,0.7001330252748023,117.80K,0.04%
09/29/2020,0.6983240223463687,0.699154023631406,0.6977393245883338,0.7002310762551642,105.14K,0.15%
09/28/2020,0.6993985172751433,0.6976906439684644,0.6971070059254095,0.7010656197420079,106.72K,-0.21%
09/25/2020,0.6979341150195422,0.7011147724882564,0.6971070059254095,0.7014590347923682,118.20K,0.48%
09/24/2020,0.701311452416018,0.6980802792321117,0.6975933031042902,0.7025925665706457,120.28K,-0.42%
09/23/2020,0.6983727913960472,0.7006235549639179,0.697350069735007,0.701311452416018,125.25K,0.35%
09/22/2020,0.7008199593524423,0.7030865499542994,0.6994963626189143,0.7043741635556808,105.01K,0.35%
09/21/2020,0.703284337857796,0.7040270346381301,0.7018036353428311,0.7074637424831978,101.26K,0.01%
09/18/2020,0.7033832735457551,0.7027900766041183,0.6984703499336453,0.7056167090036692,114.51K,-0.06%
09/17/2020,0.7029382820188387,0.7007708479327259,0.6992029086841002,0.7044237813468582,123.77K,-0.28%
09/16/2020,0.7009673349221925,0.6981290142418319,0.6979828296223912,0.7017543859649122,106.25K,-0.36%
09/15/2020,0.6984703499336453,0.694107031304227,0.6938180808991882,0.6994474365251452,81.84K,-0.60%
09/14/2020,0.6942997986530585,0.6918021445866482,0.6907985631389887,0.6953619358876295,61.86K,-0.35%
09/11/2020,0.691897875873521,0.6919936336585704,0.6912283127116886,0.693625580911424,84.51K,0.03%
09/10/2020,0.6920894179527994,0.6902740387934009,0.6892273761113791,0.693433187712364,92.61K,-0.21%
09/09/2020,0.6906077348066298,0.6956037840845855,0.690035881865857,0.6970098278385725,96.94K,0.74%
09/08/2020,0.6957005704744678,0.6909417536101706,0.6907031357922365,0.6981290142418319,90.06K,-0.64%
09/07/2020,0.6912760956726116,0.689797889218459,0.6872379905161157,0.6920894179527994,81.22K,-0.19%
09/04/2020,0.6899406651028012,0.6912760956726116,0.6871435442864015,0.6922331441229406,92.93K,0.19%
09/03/2020,0.6912760956726116,0.690035881865857,0.6884207627702053,0.6923289947382997,97.07K,-0.17%
09/02/2020,0.6900835001035125,0.6889424733034791,0.6872379905161157,0.6906077348066298,100.93K,-0.15%
09/01/2020,0.68903741473162,0.6916107614634484,0.6878998417830364,0.6937699458859442,102.91K,0.41%
08/31/2020,0.6918500069185001,0.6939625260235947,0.6904646827314783,0.6976906439684644,100.84K,0.33%
08/28/2020,0.694107031304227,0.6935293709688606,0.6888001102080177,0.6961364427427775,119.03K,-0.06%
08/27/2020,0.693721817551162,0.700280112044818,0.6925207756232687,0.7020992768377449,105.34K,0.96%
08/26/2020,0.7003782042302844,0.6977393245883338,0.6965728615213151,0.7007217433956976,95.58K,-0.35%
08/25/2020,0.6979341150195422,0.699839037021485,0.6963788300835655,0.702000702000702,99.45K,0.29%
08/24/2020,0.6999370056694897,0.7079646017699115,0.6988120195667366,0.7088679379031686,89.15K,1.20%
08/21/2020,0.7083156254426973,0.7091192738618636,0.7064142413111049,0.7102272727272728,103.36K,0.11%
08/20/2020,0.7090689924129617,0.7053678493334274,0.7046223224351748,0.7097735822272695,109.68K,-0.51%
08/19/2020,0.7054673721340388,0.7073136228603764,0.7050694493407601,0.7115918309257809,105.55K,0.30%
08/18/2020,0.7076139258420606,0.7050694493407601,0.7046223224351748,0.7099247479767145,97.06K,-0.34%
08/17/2020,0.7052186177715092,0.7024445068839562,0.7016066792955868,0.7055669230226487,87.44K,-0.32%
08/14/2020,0.7029876977152899,0.6997900629811057,0.6988608568034104,0.7036802476954471,84.26K,-0.46%
08/13/2020,0.699741095794556,0.6997900629811057,0.6988120195667366,0.702543206407194,92.33K,0.01%
08/12/2020,0.6997900629811057,0.7005744710662744,0.698421567257997,0.7017543859649122,86.96K,0.15%
08/11/2020,0.7008690776562938,0.7066139061616733,0.6993496048674733,0.706863646002686,89.52K,0.84%
08/10/2020,0.7067637288854336,0.7083156254426973,0.7055171440666008,0.7096728408203818,75.39K,0.25%
08/07/2020,0.7085163667280714,0.7098239636570131,0.7073636556553724,0.7111363959607453,93.82K,0.18%
08/06/2020,0.7097735822272695,0.7085163667280714,0.7080648587410606,0.7114905727499111,97.92K,-0.18%
08/05/2020,0.7085163667280714,0.7099751508697195,0.7067137809187279,0.711389343387636,102.07K,0.23%
08/04/2020,0.710126402499645,0.7095721280068119,0.7071635669330316,0.7106310403638431,96.25K,-0.06%
08/03/2020,0.7097232079488999,0.7075638576381519,0.7038288288288288,0.7119464616260857,111.54K,-0.27%
07/31/2020,0.7078142695356738,0.7151029748283753,0.7064142413111049,0.7187005893344832,117.75K,1.02%
07/30/2020,0.7150518412584912,0.7143367383384528,0.7107320540156361,0.7152564194263644,116.72K,-0.06%
07/29/2020,0.7146430358036161,0.712809180982251,0.7107320540156361,0.7153587524143359,108.39K,-0.24%
07/28/2020,0.7129108148570613,0.7099247479767145,0.7075638576381519,0.7137249304118193,108.83K,-0.41%
07/27/2020,0.7099751508697195,0.7044237813468582,0.7039279177812192,0.7111363959607453,114.52K,-0.75%
07/24/2020,0.7046223224351748,0.7000840100812098,0.699741095794556,0.7076640011322624,112.74K,-0.62%
07/23/2020,0.7002310762551642,0.6962818548948615,0.6959910913140311,0.7011147724882564,93.50K,-0.54%
07/22/2020,0.6964758322886196,0.6980802792321117,0.6948787436592314,0.7003782042302844,96.47K,0.23%
07/21/2020,0.6980802792321117,0.6969126768415917,0.6951685783802573,0.698616738857063,94.81K,-0.14%
07/20/2020,0.6971070059254095,0.6995452955578874,0.6963788300835655,0.6998880179171332,93.43K,0.44%
07/17/2020,0.7001820473323065,0.7008690776562938,0.6985191394244202,0.702000702000702,94.55K,0.12%
07/16/2020,0.7010164738871363,0.702543206407194,0.6995452955578874,0.7044237813468582,101.05K,0.25%
07/15/2020,0.7027406886858749,0.7032348804500703,0.7014098337658694,0.7045726766715986,101.96K,0.11%
07/14/2020,0.7034822370735139,0.7010164738871363,0.7004763239002522,0.7041261794113506,99.32K,-0.31%
07/13/2020,0.701311452416018,0.7028394714647175,0.7001820473323065,0.7042749489400663,94.73K,0.32%
07/10/2020,0.7035317292809906,0.7010164738871363,0.7006235549639179,0.7054673721340388,99.02K,-0.32%
07/09/2020,0.7012622720897616,0.698421567257997,0.6977880120019538,0.7012622720897616,108.79K,-0.35%
07/08/2020,0.6988120195667366,0.6957489737702637,0.6947339169098236,0.699154023631406,95.01K,-0.42%
07/07/2020,0.6958942240779401,0.6952652436904679,0.6943480072212194,0.6971070059254095,103.45K,-0.08%
07/06/2020,0.6953135864274789,0.6937699458859442,0.6914672935970129,0.6958458005705935,103.69K,-0.15%
07/03/2020,0.6942997986530585,0.6953619358876295,0.693625580911424,0.6979828296223912,96.44K,0.17%
07/02/2020,0.6955070246209487,0.7024445068839562,0.693721817551162,0.7031854299978905,115.90K,1.02%
07/01/2020,0.7025925665706457,0.6998880179171332,0.698421567257997,0.7040270346381301,114.39K,-0.36%
06/30/2020,0.7000350017500875,0.702000702000702,0.6994963626189143,0.7023951675212474,124.18K,0.29%
06/29/2020,0.7020992768377449,0.7055669230226487,0.6998880179171332,0.7063144511936714,109.17K,0.47%
06/26/2020,0.7054176072234764,0.7048706562345809,0.7042253521126761,0.7079646017699115,116.24K,-0.04%
06/25/2020,0.7051688879486637,0.7069136151562279,0.7038288288288288,0.7073636556553724,122.46K,0.28%
06/24/2020,0.7071135624381276,0.7088176920895946,0.7065140596297866,0.711389343387636,127.63K,0.28%
06/23/2020,0.7090689924129617,0.7089181908407769,0.7048706562345809,0.7118451025056948,122.21K,0.03%
06/22/2020,0.7092701610043266,0.7133176403452458,0.7083156254426973,0.7143367383384528,116.26K,0.62%
06/19/2020,0.7136739937196689,0.7141836880445651,0.7115918309257809,0.7147451933385748,118.82K,0.10%
06/18/2020,0.7143877696813831,0.7129616426636247,0.710126402499645,0.7157683773530885,129.27K,-0.19%
06/17/2020,0.713063320022818,0.7103281716152863,0.7085163667280714,0.7132667617689016,125.96K,-0.35%
06/16/2020,0.710580544304697,0.7078643731860975,0.7041261794113506,0.7110858280594468,124.86K,-0.32%
06/15/2020,0.7083156254426973,0.7085163667280714,0.7067637288854336,0.7112375533428166,112.79K,0.06%
06/12/2020,0.7087172218284904,0.7108330963889679,0.7046719751955465,0.7150518412584912,142.63K,0.33%
06/11/2020,0.7110352673492605,0.7060152499293985,0.7058657443354274,0.712809180982251,133.49K,-0.64%
06/10/2020,0.7065140596297866,0.7008199593524423,0.699839037021485,0.7073136228603764,126.71K,-0.77%
06/09/2020,0.7010656197420079,0.6953135864274789,0.6946373992775771,0.7019514249613926,122.98K,-0.77%
06/08/2020,0.6956521739130435,0.689512514652141,0.6885155604516663,0.6970584134950508,106.08K,-0.88%
06/05/2020,0.6895600606812854,0.6914194842010648,0.6885155604516663,0.6928086462519052,123.55K,0.30%
06/04/2020,0.6916585973163647,0.6917064397869545,0.6907031357922365,0.6953619358876295,124.78K,0.03%
06/03/2020,0.691897875873521,0.6909894969596462,0.6894174422612892,0.6964273278083433,134.08K,-0.10%
06/02/2020,0.6912283127116886,0.7017543859649122,0.6902263942573164,0.7024445068839562,125.69K,1.54%
06/01/2020,0.7019021548396153,0.7017543859649122,0.6992518005733865,0.7039279177812192,109.31K,-0.06%
05/29/2020,0.701508242721852,0.7028394714647175,0.7006726457399103,0.7065140596297866,127.20K,0.20%
05/28/2020,0.7029382820188387,0.704721634954193,0.7016066792955868,0.7049700387733521,129.30K,0.30%
05/27/2020,0.7050197405527354,0.7017051434987018,0.7011639321273314,0.7052683546089288,119.27K,-0.42%
05/26/2020,0.7020499859590003,0.7046223224351748,0.7004763239002522,0.7047713017125943,108.02K,0.38%
05/25/2020,0.704721634954193,0.7058657443354274,0.7039279177812192,0.7067137809187279,81.53K,0.16%
05/22/2020,0.7058657443354274,0.7027406886858749,0.7018036353428311,0.7071635669330316,109.65K,-0.43%
05/21/2020,0.7028394714647175,0.7028888732691361,0.6995452955578874,0.7042253521126761,101.70K,0.00%
05/20/2020,0.7028394714647175,0.7023458350891979,0.7006235549639179,0.70482097547223,112.65K,-0.04%
05/19/2020,0.702543206407194,0.7052186177715092,0.6997900629811057,0.7061149555147579,115.58K,0.42%
05/18/2020,0.7055171440666008,0.7084661707403471,0.7039279177812192,0.7091192738618636,97.69K,0.45%
05/15/2020,0.7086669973779322,0.7038783698176955,0.7020499859590003,0.710126402499645,112.38K,-0.64%
05/14/2020,0.7041261794113506,0.7041261794113506,0.7030371203599549,0.708114997875655,122.24K,0.02%
05/13/2020,0.7042749489400663,0.7008199593524423,0.6996431819771917,0.7056665020111496,125.57K,-0.48%
05/12/2020,0.7009182028457278,0.704721634954193,0.6986655488017885,0.7073636556553724,126.86K,0.61%
05/11/2020,0.7051688879486637,0.708215297450425,0.7040270346381301,0.7090187180941576,131.39K,0.47%
05/08/2020,0.7084661707403471,0.7131141695785495,0.7070135746606334,0.7135721421435707,139.75K,0.68%
05/07/2020,0.7133176403452458,0.7172572084349447,0.710580544304697,0.7179781734635267,123.15K,0.55%
05/06/2020,0.7172572084349447,0.7105300554213443,0.7099751508697195,0.7180812868016659,96.19K,-0.94%
05/05/2020,0.7104795737122558,0.7084159818645509,0.7077641729775639,0.7114905727499111,97.71K,-0.23%
05/04/2020,0.7088176920895946,0.7081651441116069,0.7062146892655368,0.7104290991759022,101.55K,-0.03%
05/01/2020,0.7086167800453514,0.7004763239002522,0.6990074094785405,0.7103281716152863,119.50K,-1.13%
04/30/2020,0.7005744710662744,0.7070635650144949,0.6983240223463687,0.7080648587410606,143.74K,0.95%
04/29/2020,0.7072135785007072,0.7116931179275496,0.7067137809187279,0.7141326858530315,133.57K,0.65%
04/28/2020,0.7118451025056948,0.710883628350039,0.7094714437743881,0.7142346975216056,134.32K,-0.12%
04/27/2020,0.7109847138286527,0.7095721280068119,0.7086167800453514,0.7125044531528322,123.04K,-0.20%
04/24/2020,0.7095721280068119,0.7054673721340388,0.7042749489400663,0.7105300554213443,125.77K,-0.57%
04/23/2020,0.7055171440666008,0.7090689924129617,0.7033832735457551,0.7098743522396536,119.85K,0.55%
04/22/2020,0.7094211123723042,0.7139287499107588,0.708114997875655,0.714898484415213,123.81K,0.70%
04/21/2020,0.7143877696813831,0.7114905727499111,0.7106815436003127,0.7169486664754804,131.93K,-0.38%
04/20/2020,0.7116424708226587,0.7111363959607453,0.7085163667280714,0.7121999857560003,122.12K,0.06%
04/17/2020,0.7120985544399344,0.7114905727499111,0.7072635971426551,0.713623064297438,143.44K,-0.06%
04/16/2020,0.7116931179275496,0.7123521869212138,0.7092701610043266,0.716743119266055,143.23K,0.11%
04/15/2020,0.7124536905101169,0.7089684509039347,0.7089181908407769,0.7140816909454442,142.36K,-0.47%
04/14/2020,0.7091192738618636,0.7074637424831978,0.7072635971426551,0.7110858280594468,127.88K,-0.21%
04/13/2020,0.7076139258420606,0.6991051454138703,0.6991051454138703,0.7092701610043266,129.69K,-1.09%
04/10/2020,0.6998880179171332,0.7029876977152899,0.6992518005733865,0.7038783698176955,88.27K,0.52%
04/09/2020,0.7035317292809906,0.6978367062107467,0.6962818548948615,0.7051191651389085,144.51K,-0.77%
04/08/2020,0.6980802792321117,0.6957973838018369,0.6945409084595083,0.7026913077085236,156.48K,-0.30%
04/07/2020,0.6959910913140311,0.6955070246209487,0.6920894179527994,0.6989097008666479,168.89K,-0.01%
04/06/2020,0.6958942240779401,0.7030865499542994,0.6953135864274789,0.7036802476954471,151.30K,1.03%
04/03/2020,0.7030371203599549,0.7079646017699115,0.6999860002799944,0.7087172218284904,164.55K,0.72%
04/02/2020,0.708114997875655,0.7129108148570613,0.7066139061616733,0.7139287499107588,169.16K,0.71%
04/01/2020,0.7131141695785495,0.7005744710662744,0.6978854072161351,0.714694110920526,164.98K,-1.73%
03/31/2020,0.7007708479327259,0.6996921354603974,0.693625580911424,0.7016066792955868,164.14K,-0.16%
03/30/2020,0.6996431819771917,0.6994963626189143,0.6949270326615705,0.7046223224351748,166.07K,-0.01%
03/27/2020,0.6995452955578874,0.6833401667350006,0.68259385665529,0.7003782042302844,160.28K,-2.30%
03/26/2020,0.683480281593876,0.6868131868131868,0.6790710308298249,0.6914672935970129,173.09K,0.52%
03/25/2020,0.6870019236053861,0.686766018817389,0.6837606837606838,0.6896551724137931,167.78K,-0.02%
03/24/2020,0.6868603612885501,0.6863417982155113,0.6818956699624957,0.693433187712364,173.36K,-0.04%
03/23/2020,0.6865774116031583,0.679024920214572,0.6776904310111141,0.6949270326615705,157.78K,-0.88%
03/20/2020,0.6805498843065196,0.6754931099702783,0.6715465717547512,0.6850253459377997,164.24K,-0.72%
03/19/2020,0.6756756756756757,0.689893066574681,0.6739452756436177,0.6924248719013988,179.43K,2.11%
03/18/2020,0.6899406651028012,0.687757909215956,0.6860122110173561,0.6952169076751947,177.13K,-0.30%
03/17/2020,0.6878998417830364,0.6990074094785405,0.6865774116031583,0.6990074094785405,174.56K,1.64%
03/16/2020,0.6992029086841002,0.684134911404529,0.684134911404529,0.7062146892655368,153.50K,-2.13%
03/13/2020,0.6842753524018065,0.7127075760815338,0.6805035726437564,0.713623064297438,174.53K,4.17%
03/12/2020,0.712809180982251,0.7046223224351748,0.701508242721852,0.7197351374694113,172.02K,-1.11%
03/11/2020,0.7049203440011278,0.7018036353428311,0.6995942353435007,0.7104795737122558,182.43K,-0.41%
03/10/2020,0.702000702000702,0.7247427163357009,0.6999860002799944,0.7273785277858598,179.79K,3.28%
03/09/2020,0.7250580046403713,0.7054673721340388,0.7052683546089288,0.732922896511287,158.59K,-3.06%
03/06/2020,0.7028394714647175,0.6923769300006924,0.6911327666044647,0.7046719751955465,144.01K,-1.47%
03/05/2020,0.6924728204417977,0.6838074398249453,0.6805962022731913,0.693625580911424,135.00K,-1.22%
03/04/2020,0.6840413160954921,0.6818956699624957,0.6787944610371979,0.6857299595419324,136.92K,-0.28%
03/03/2020,0.6821282401091405,0.6728569506122999,0.6706458319361545,0.6837606837606838,143.44K,-1.34%
03/02/2020,0.672992798977051,0.6754474839581223,0.6649820454847719,0.6780120686148213,144.36K,-0.26%
02/28/2020,0.6712760958582265,0.6538084341288002,0.6532105297537396,0.6747638326585695,147.58K,-2.58%
02/27/2020,0.6539366989275439,0.6482141699617554,0.6479621590099138,0.6539366989275439,140.84K,-0.86%
02/26/2020,0.6482982171799028,0.6517205422314911,0.6467468632777131,0.6525711302531976,132.51K,0.55%
02/25/2020,0.651890482398957,0.6497303618998116,0.647332988089073,0.6535947712418301,123.07K,-0.31%
02/24/2020,0.6498992656138298,0.644122383252818,0.6430454633142564,0.6519754857217368,119.93K,-0.86%
02/21/2020,0.6443298969072164,0.6393453104021481,0.6388959877331971,0.6454527851287679,101.99K,-0.75%
02/20/2020,0.639467962655071,0.6428801028608164,0.6382028208564682,0.6450364445591176,109.45K,0.57%
02/19/2020,0.6430868167202572,0.651508241579256,0.6411900487304437,0.6516780710329098,87.27K,1.34%
02/18/2020,0.6517205422314911,0.6492663290481756,0.6490977541217707,0.6527415143603134,93.95K,-0.35%
02/17/2020,0.6494349915573451,0.6515931452401121,0.6484663770183516,0.651890482398957,73.08K,0.37%
02/14/2020,0.6518055012384304,0.6495193556767991,0.6487608667445179,0.6526137179403511,91.03K,-0.32%
02/13/2020,0.6496881496881497,0.6476264490641798,0.6476264490641798,0.6511688480823077,100.70K,-0.27%
02/12/2020,0.6479201762342879,0.6493084864619181,0.6472491909385114,0.649392817715436,85.82K,0.23%
02/11/2020,0.6494349915573451,0.649392817715436,0.6475845097785261,0.6496459429610862,91.41K,0.03%
02/10/2020,0.6496037417175522,0.6510416666666666,0.6489713803621261,0.6527415143603134,106.24K,0.36%
02/07/2020,0.6519329812895234,0.647542575924367,0.647332988089073,0.6529972574115188,84.55K,-0.67%
02/06/2020,0.6475845097785261,0.6482141699617554,0.6471235358830001,0.6491820306413919,92.81K,0.14%
02/05/2020,0.6484663770183516,0.6493084864619181,0.6476264490641798,0.6521030322791,100.90K,0.15%
02/04/2020,0.6494349915573451,0.6562541015881349,0.6491820306413919,0.6570733950982325,97.28K,1.07%
02/03/2020,0.6563833278634722,0.6598046978094484,0.6551791915088777,0.6605456106744171,98.09K,0.61%
01/31/2020,0.6603711285742587,0.6566419331538512,0.6538084341288002,0.6607638430025109,92.78K,-0.54%
01/30/2020,0.6568144499178982,0.6541077969649398,0.653765690376569,0.659152330103487,90.57K,-0.37%
01/29/2020,0.6543646119617851,0.6523582751647204,0.6515931452401121,0.65470734581642,88.03K,-0.28%
01/28/2020,0.6525285481239804,0.6561679790026247,0.6521030322791,0.6565557087518876,92.03K,0.57%
01/27/2020,0.6562541015881349,0.6541077969649398,0.6540222367560498,0.6569007422978388,103.74K,-0.52%
01/24/2020,0.6528693608408958,0.6520605112154407,0.6498992656138298,0.6530825496342738,81.41K,-0.09%
01/23/2020,0.6522731720044355,0.6471235358830001,0.6469142191745374,0.6539366989275439,80.92K,-0.76%
01/22/2020,0.6472910868017347,0.6477942605428516,0.646370628918622,0.648046140885231,78.08K,0.10%
01/21/2020,0.6479201762342879,0.6447453255963894,0.6444960041247744,0.6484663770183516,79.44K,-0.47%
01/20/2020,0.6448700586831754,0.6452445476835721,0.6443714156840002,0.6459531038046638,77.75K,0.08%
01/17/2020,0.6453694740238787,0.6444544692917445,0.6434592368573451,0.6459531038046638,66.90K,-0.11%
01/16/2020,0.6446621970087675,0.6435006435006435,0.6429214350006429,0.6454944487477408,85.41K,-0.16%
01/15/2020,0.6436248954109545,0.6441638752898737,0.6425083526085839,0.6462453147214682,94.09K,0.10%
01/14/2020,0.6442468754026542,0.6431695394906097,0.6415602745877975,0.6452861844227915,86.53K,-0.14%
01/13/2020,0.6433350488934637,0.6481301445330223,0.6431281754453663,0.6483822861959411,72.30K,0.78%
01/10/2020,0.6483822861959411,0.6502373366278692,0.6461617989144481,0.6506604203266315,74.51K,0.31%
01/09/2020,0.6503642039542143,0.655265054714632,0.6492663290481756,0.6559958016268695,95.61K,0.77%
01/08/2020,0.6553509404285995,0.6626905235255136,0.6545359340227779,0.6674230794900888,139.27K,1.14%
01/07/2020,0.6628222973420826,0.6631739505272233,0.6607638430025109,0.6639224538573895,101.27K,0.07%
01/06/2020,0.6632619221330504,0.6644959797993223,0.6622955162593549,0.668002672010688,91.94K,0.13%
01/03/2020,0.6641429235571494,0.6571597555365709,0.6568144499178982,0.6652032195835827,87.12K,-1.02%
01/02/2020,0.6573757559821193,0.6549217368524461,0.6548359635911205,0.6591088847877669,58.55K,-0.31%
01/01/2020,0.655307994757536,0.6569007422978388,0.6549217368524461,0.6571597555365709,4.50K,0.26%
12/31/2019,0.657030223390276,0.6550504388837941,0.6550075325866248,0.6580679126085812,68.59K,-0.27%
12/30/2019,0.655265054714632,0.6523582751647204,0.6521455588887439,0.6559958016268695,74.78K,-0.31%
12/27/2019,0.6532105297537396,0.6505757595471993,0.6499837504062399,0.6536374926465782,75.18K,-0.42%
12/26/2019,0.6504488096786782,0.651890482398957,0.6498992656138298,0.6520605112154407,72.95K,0.23%
12/25/2019,0.6519329812895234,0.6515931452401121,0.6491820306413919,0.6522731720044355,28.09K,-0.03%
12/24/2019,0.6517205422314911,0.6509992839007877,0.6502796202367017,0.6519329812895234,78.29K,-0.08%
12/23/2019,0.6512112529304506,0.6495193556767991,0.6486766995329527,0.6521455588887439,59.62K,-0.28%
12/20/2019,0.649392817715436,0.6508721687060661,0.6489292667099287,0.6521030322791,75.93K,0.23%
12/19/2019,0.6509145349215648,0.6481301445330223,0.6467050378322448,0.6514233600416911,73.56K,-0.40%
12/18/2019,0.6482982171799028,0.6486766995329527,0.6471235358830001,0.6498992656138298,75.10K,0.10%
12/17/2019,0.6489292667099287,0.6474168069403082,0.6462453147214682,0.6491820306413919,72.02K,-0.19%
12/16/2019,0.6477103439341926,0.6472910868017347,0.6462035541195477,0.6493084864619181,86.91K,-0.05%
12/13/2019,0.6474168069403082,0.6455777921239509,0.6433764395547835,0.6483822861959411,100.23K,-0.25%
12/12/2019,0.6457862447529867,0.6513385006187715,0.6448700586831754,0.652954619653934,97.23K,0.89%
12/11/2019,0.6515506906437321,0.6512536633018561,0.6503219093451258,0.6529119874640898,85.87K,-0.01%
12/10/2019,0.651508241579256,0.6537229522128521,0.6509992839007877,0.6539366989275439,78.61K,0.37%
12/09/2019,0.653893938403191,0.6558667278808946,0.6533812479581836,0.6567281802062127,74.72K,0.41%
12/06/2019,0.6565988181221274,0.6551362683438156,0.6541933795629988,0.6578081831337982,81.70K,-0.18%
12/05/2019,0.6554368486596316,0.6565126050420168,0.653765690376569,0.6586313640255549,91.88K,0.18%
12/04/2019,0.6566419331538512,0.6603711285742587,0.6559097468188377,0.6620762711864407,96.81K,0.59%
12/03/2019,0.6605456106744171,0.6573757559821193,0.6552221202987812,0.6613756613756614,93.15K,-0.47%
12/02/2019,0.6574621959237344,0.6550075325866248,0.6529119874640898,0.6576351440220966,86.94K,-0.34%
11/29/2019,0.6552221202987812,0.6529119874640898,0.6524008350730689,0.6564264145989234,68.00K,-0.33%
11/28/2019,0.653039900737935,0.6504911207962011,0.6502796202367017,0.6549217368524461,74.73K,-0.38%
11/27/2019,0.6505757595471993,0.6555657532450504,0.6501527859046876,0.6557377049180328,81.17K,0.79%
11/26/2019,0.655694708543702,0.6581545346847439,0.6550933508024893,0.6582845105654664,97.36K,0.41%
11/25/2019,0.6583711896767398,0.6603275224511358,0.6576351440220966,0.6607201850016517,85.17K,0.38%
11/22/2019,0.6608948516291059,0.6604583581005218,0.6595435958316844,0.6619886137958427,91.94K,-0.05%
11/21/2019,0.6605892456070815,0.6605892456070815,0.6598917777484492,0.6626027034190299,107.11K,0.01%
11/20/2019,0.660676532769556,0.661769571835087,0.6594131223211342,0.663437935381145,104.84K,0.19%
11/19/2019,0.6619447938041968,0.66203243958954,0.6587181345102431,0.6633059166887768,96.07K,0.03%
11/18/2019,0.6621639517944643,0.6583711896767398,0.6575486586007365,0.6628662335940607,91.36K,-0.47%
11/15/2019,0.6590220113351786,0.6638783774812455,0.6576783952647156,0.6640547181087721,89.20K,0.74%
11/14/2019,0.6639224538573895,0.6629541235746487,0.660676532769556,0.6650704974727321,94.08K,-0.11%
11/13/2019,0.6631739505272233,0.6586313640255549,0.6569007422978388,0.6640547181087721,85.17K,-0.67%
11/12/2019,0.6587181345102431,0.6562110374696503,0.6545787785559992,0.6589351607801792,84.05K,-0.34%
11/11/2019,0.6564695069914002,0.6535093451836361,0.6530825496342738,0.6570733950982325,80.75K,-0.50%
11/08/2019,0.6532105297537396,0.6501527859046876,0.6493506493506493,0.654150585464774,98.40K,-0.46%
11/07/2019,0.6502373366278692,0.6515931452401121,0.6488871585231328,0.6545359340227779,112.19K,0.24%
11/06/2019,0.6518055012384304,0.6483822861959411,0.6481301445330223,0.6524008350730689,92.31K,-0.51%
11/05/2019,0.6484663770183516,0.6519754857217368,0.6480041472265423,0.6521030322791,97.35K,0.56%
11/04/2019,0.6521030322791,0.6540650140623978,0.651508241579256,0.6541077969649398,80.43K,0.32%
11/01/2019,0.6541933795629988,0.6568144499178982,0.6532105297537396,0.6587181345102431,72.61K,0.45%
10/31/2019,0.6571165724799579,0.651890482398957,0.6506604203266315,0.6576783952647156,97.31K,-0.78%
10/30/2019,0.6519754857217368,0.6510416666666666,0.6491820306413919,0.6526563111865292,83.82K,-0.11%
10/29/2019,0.6512536633018561,0.6493084864619181,0.648508430609598,0.6514657980456027,83.13K,-0.28%
10/28/2019,0.6494349915573451,0.6517205422314911,0.6483822861959411,0.6517205422314911,69.26K,0.39%
10/25/2019,0.6519754857217368,0.6532958777030117,0.6507027589796981,0.6541077969649398,85.76K,0.22%
10/24/2019,0.6534239414532148,0.6507451031430989,0.6506180871828238,0.6545359340227779,95.15K,-0.40%
10/23/2019,0.6508298080052066,0.6526989099928203,0.6506180871828238,0.6559097468188377,102.02K,0.31%
10/22/2019,0.6528267397832616,0.6529972574115188,0.6519329812895234,0.6541933795629988,92.93K,0.06%
10/21/2019,0.6532105297537396,0.6553509404285995,0.6516780710329098,0.6564264145989234,92.56K,0.39%
10/18/2019,0.6557807069316021,0.6545787785559992,0.6538084341288002,0.6569007422978388,94.39K,-0.16%
10/17/2019,0.6547502127938191,0.6560818790185015,0.653039900737935,0.6573325445342798,97.60K,0.24%
10/16/2019,0.6563402467839328,0.6568144499178982,0.6559527714004592,0.6601967386281112,99.20K,0.11%
10/15/2019,0.657030223390276,0.6571597555365709,0.6561679790026247,0.6615944426066821,99.29K,0.05%
10/14/2019,0.6573325445342798,0.6546216286986122,0.6529972574115188,0.6588917440864466,91.26K,-0.45%
10/11/2019,0.6543646119617851,0.6573757559821193,0.652954619653934,0.6584578916178311,97.75K,0.50%
10/10/2019,0.6576351440220966,0.6617257808364213,0.6571597555365709,0.6644518272425249,109.37K,0.65%
10/09/2019,0.6619009796134498,0.6650704974727321,0.6605019815059445,0.666000666000666,95.27K,0.51%
10/08/2019,0.6652474720596061,0.6615069127472382,0.6602839220864972,0.6664889362836577,96.13K,-0.54%
10/07/2019,0.6616819956328988,0.6622078008078935,0.6604583581005218,0.6657346381732242,84.64K,0.11%
10/04/2019,0.6623832549513148,0.6643635397289397,0.6616819956328988,0.6656017039403621,104.07K,0.33%
10/03/2019,0.6645401382243488,0.6638783774812455,0.6615069127472382,0.6666666666666666,101.02K,-0.08%
10/02/2019,0.6640106241699867,0.660022440762986,0.6590220113351786,0.6646726487205051,94.53K,-0.59%
10/01/2019,0.6601095781899796,0.6536374926465782,0.6527841242900972,0.6608511763150938,98.27K,-0.97%
09/30/2019,0.6536802196365538,0.6533812479581836,0.6518479890489538,0.6569870573549701,92.58K,-0.03%
09/27/2019,0.6535093451836361,0.6581112207963146,0.6504488096786782,0.6591957811470007,89.82K,0.74%
09/26/2019,0.6583278472679395,0.6586313640255549,0.657418973111564,0.6600660066006601,95.44K,0.09%
09/25/2019,0.6588917440864466,0.6628662335940607,0.658197854274995,0.6636140420731304,101.96K,0.64%
09/24/2019,0.6631299734748011,0.6582411795681937,0.6570733950982325,0.6633939233116625,99.61K,-0.69%
09/23/2019,0.658544616397761,0.6610259122157589,0.6575918984678109,0.6610259122157589,86.39K,0.37%
09/20/2019,0.6609822195782934,0.6607638430025109,0.655265054714632,0.6615069127472382,89.96K,-0.01%
09/19/2019,0.6609385327164574,0.6559958016268695,0.6558667278808946,0.6616819956328988,98.61K,-0.72%
09/18/2019,0.6562110374696503,0.6612007405448295,0.6558237145855195,0.6614631565021828,94.96K,0.79%
09/17/2019,0.6613756613756614,0.6620762711864407,0.6591957811470007,0.6652917304237908,108.52K,0.13%
09/16/2019,0.6622078008078935,0.6598046978094484,0.6581112207963146,0.6652474720596061,117.96K,-0.79%
09/13/2019,0.6569870573549701,0.6565126050420168,0.6550933508024893,0.6591088847877669,100.02K,-0.03%
09/12/2019,0.6568144499178982,0.6637461834594451,0.6559097468188377,0.6641870350690754,114.64K,1.12%
09/11/2019,0.6641870350690754,0.6683151774376797,0.6631299734748011,0.6685832720465333,87.45K,0.64%
09/10/2019,0.6684491978609626,0.6692992436918547,0.6673340006673341,0.67150147730325,83.20K,0.18%
09/09/2019,0.6696578048617157,0.6707357971694949,0.6682705159048383,0.6710958996040535,90.53K,0.10%
09/06/2019,0.670331143584931,0.6726759047490919,0.6688963210702341,0.672992798977051,106.33K,0.38%
09/05/2019,0.6728569506122999,0.676818950930626,0.6697475051905432,0.6772773450728073,114.67K,0.60%
09/04/2019,0.6769105801123672,0.6812917291184085,0.6762696963549064,0.6825472663981981,103.14K,0.67%
09/03/2019,0.6814774430966335,0.6775985905949315,0.6764526821348847,0.6833401667350006,103.36K,-0.54%
09/02/2019,0.67778229632642,0.6725401842760105,0.6724497343823549,0.6785641582411617,71.49K,-0.81%
08/30/2019,0.6722689075630252,0.6731287022078621,0.6709158000670916,0.6753106428957321,94.72K,0.14%
08/29/2019,0.6732193348592971,0.676818950930626,0.671952694530305,0.6809206046574969,100.08K,0.60%
08/28/2019,0.6772314777190844,0.676544212164265,0.674900452183303,0.6801333061280012,94.47K,-0.05%
08/27/2019,0.6769105801123672,0.678472080873872,0.6730833950326446,0.6815238874122538,95.49K,0.27%
08/26/2019,0.6787483879725785,0.6801795674057951,0.675949709341625,0.6867188572998215,114.24K,0.00%
08/23/2019,0.6787483879725785,0.675812664729337,0.6710958996040535,0.6794401413235494,99.57K,-0.39%
08/22/2019,0.6760868095463457,0.6699718611818304,0.6697923643670461,0.6772773450728073,93.39K,-0.87%
08/21/2019,0.670196367535688,0.673536741429245,0.6697475051905432,0.6735821096591675,90.45K,0.53%
08/20/2019,0.6737182510274203,0.6700616456714018,0.6696578048617157,0.6755843804891231,99.55K,-0.51%
08/19/2019,0.6702862122126148,0.6691648822269808,0.668002672010688,0.6712760958582265,88.41K,-0.19%
08/16/2019,0.6690305746972637,0.6766357669666418,0.667779632721202,0.6772773450728073,92.12K,1.18%
08/15/2019,0.6769105801123672,0.6729475100942126,0.6674676278200508,0.6787483879725785,109.61K,-0.55%
08/14/2019,0.6731740154830024,0.6691201070592172,0.6652474720596061,0.6746272684341902,111.49K,-0.58%
08/13/2019,0.6692544505420961,0.6769105801123672,0.6676013084985647,0.6797634423220719,113.11K,1.19%
08/12/2019,0.677185616577504,0.6729475100942126,0.6721333512568893,0.6789788158609451,88.95K,-0.85%
08/09/2019,0.6714113065664026,0.6638783774812455,0.6636140420731304,0.6738090425173506,113.61K,-1.10%
08/08/2019,0.6640547181087721,0.6694336591243808,0.6630420368651373,0.67150147730325,115.36K,0.84%
08/07/2019,0.6696578048617157,0.6672894701721607,0.6643194047698133,0.6748549061951681,117.54K,-0.35%
08/06/2019,0.6673340006673341,0.6684491978609626,0.6587181345102431,0.6711409395973155,123.01K,0.20%
08/05/2019,0.6686726847208291,0.6539366989275439,0.6532958777030117,0.6687621213134488,124.30K,-2.18%
08/02/2019,0.6540650140623978,0.6429627724554748,0.6416014371872193,0.6541933795629988,119.15K,-1.67%
08/01/2019,0.6431695394906097,0.6330716637123323,0.6300403225806451,0.6434592368573451,104.21K,-1.50%
07/31/2019,0.6335128286347799,0.6339948012426299,0.6318316800404372,0.6351626016260162,90.26K,0.12%
07/30/2019,0.6342762907522517,0.6320313487548982,0.6310740880979427,0.634960949901581,86.60K,-0.34%
07/29/2019,0.6321512105695682,0.6336734047272036,0.6313131313131313,0.6352836541515786,65.25K,0.29%
07/26/2019,0.6339948012426299,0.6355258976803305,0.6329915179136599,0.6366993505666624,76.90K,0.27%
07/25/2019,0.6357279084551812,0.6375924509053813,0.634799720688123,0.6391409945033875,82.99K,0.33%
07/24/2019,0.637795777791951,0.6378771448618996,0.6371861858034918,0.6392635683692386,81.20K,0.04%
07/23/2019,0.6380399413003255,0.6391409945033875,0.6369426751592356,0.6392635683692386,90.88K,0.18%
07/22/2019,0.6391818472355385,0.6388551715326136,0.6371455877668047,0.64,79.34K,0.04%
07/19/2019,0.639467962655071,0.6417249566835654,0.6373486297004461,0.642219510628733,91.55K,0.38%
07/18/2019,0.6418897233455292,0.6377551020408163,0.6374298827129016,0.6422607578676943,98.26K,-0.61%
07/17/2019,0.6379585326953748,0.6341958396752917,0.6339948012426299,0.637795777791951,90.32K,-0.55%
07/16/2019,0.634437254155564,0.6351626016260162,0.6336332530731212,0.6370238246910435,86.55K,0.14%
07/15/2019,0.6353240152477764,0.6355258976803305,0.6336332530731212,0.6360109393881574,72.35K,0.04%
07/12/2019,0.6355662895640015,0.6305170239596469,0.6302388605281402,0.6362942224484601,82.72K,-0.76%
07/11/2019,0.630715862503942,0.6307954330410648,0.6303183107469272,0.6336734047272036,85.44K,0.04%
07/10/2019,0.6309944472488642,0.6298419096806702,0.6284170175328349,0.6316321374431532,84.34K,-0.14%
07/09/2019,0.6300800201625607,0.6306363120388472,0.6294058408862034,0.6331117442228553,70.46K,0.12%
07/08/2019,0.6308352258390109,0.6311935870731553,0.630159430335875,0.6345982992765579,69.63K,0.07%
07/05/2019,0.6312732782021336,0.6356066865823429,0.6303977809998108,0.637389253617184,96.07K,0.74%
07/04/2019,0.635970490969219,0.6382842918235783,0.6352432981832041,0.6392635683692386,79.41K,0.35%
07/03/2019,0.6382028208564682,0.6384880602732729,0.6376737661012626,0.6405739542630197,100.78K,0.08%
07/02/2019,0.6386919588682378,0.6352432981832041,0.63500127000254,0.6391409945033875,96.66K,-0.53%
07/01/2019,0.6353240152477764,0.637795777791951,0.6349206349206349,0.6383657835939993,100.13K,0.61%
06/28/2019,0.6392227051904884,0.6409023905659168,0.6386919588682378,0.642137032042638,97.79K,0.31%
06/27/2019,0.6411900487304437,0.6423845313804843,0.6391001469930339,0.6430868167202572,99.89K,0.22%
06/26/2019,0.6425909266161162,0.6468305304010349,0.6415602745877975,0.6474168069403082,85.87K,0.71%
06/25/2019,0.6471235358830001,0.6455361177457879,0.6448700586831754,0.6493084864619181,101.25K,-0.19%
06/24/2019,0.6459113809585325,0.6482141699617554,0.6450364445591176,0.6489292667099287,93.87K,0.45%
06/21/2019,0.6488450558006749,0.6477942605428516,0.6454527851287679,0.6515931452401121,110.09K,-0.12%
06/20/2019,0.648046140885231,0.6442468754026542,0.643583472776419,0.6486766995329527,111.65K,-0.55%
06/19/2019,0.6444544692917445,0.6418073294397022,0.6406970784213224,0.6454944487477408,90.99K,-0.38%
06/18/2019,0.6420133538777606,0.6434592368573451,0.6404918977774932,0.6459113809585325,89.72K,0.24%
06/17/2019,0.643583472776419,0.6441638752898737,0.6422607578676943,0.6442468754026542,71.59K,-0.01%
06/14/2019,0.6435006435006435,0.6415602745877975,0.6413545407901489,0.6454527851287679,96.82K,-0.26%
06/13/2019,0.6418073294397022,0.6393453104021481,0.6391409945033875,0.6424670735624799,101.98K,-0.36%
06/12/2019,0.6395088571976721,0.639386189258312,0.6389776357827476,0.6409845522722902,90.60K,0.01%
06/11/2019,0.6395497569710923,0.6411900487304437,0.6379992344009188,0.6418073294397022,97.23K,0.30%
06/10/2019,0.6414368184733804,0.6388551715326136,0.6382028208564682,0.6417661404184315,101.50K,-0.03%
06/07/2019,0.6412311638345624,0.6379585326953748,0.6368209896198178,0.6441638752898737,92.22K,-0.47%
06/06/2019,0.6382028208564682,0.6396724876863047,0.6375924509053813,0.6421782686873877,99.68K,0.27%
06/05/2019,0.6399180904844181,0.6407381303261357,0.6385696040868455,0.6429627724554748,93.19K,0.15%
06/04/2019,0.640861317610869,0.64,0.6389776357827476,0.6424670735624799,102.22K,-0.09%
06/03/2019,0.6402868485081316,0.6420133538777606,0.6377144314775843,0.6436248954109545,107.68K,0.39%
05/31/2019,0.64279745452208,0.6369426751592356,0.6368615462998344,0.6431281754453663,125.13K,-0.88%
05/30/2019,0.6371455877668047,0.6373080109616979,0.6349206349206349,0.6379585326953748,105.46K,0.04%
05/29/2019,0.637389253617184,0.6364157067396423,0.6362942224484601,0.6411900487304437,114.52K,-0.11%
05/28/2019,0.6366993505666624,0.634719136781974,0.6339144215530904,0.6382028208564682,101.68K,-0.29%
05/27/2019,0.6348803250587265,0.6345580303318739,0.6333924499619965,0.6360513929525505,79.24K,0.01%
05/24/2019,0.6349206349206349,0.6355662895640015,0.6333924499619965,0.6372267890142101,96.92K,0.13%
05/23/2019,0.6357279084551812,0.6311139160618492,0.628693574751666,0.6368209896198178,100.54K,-0.69%
05/22/2019,0.6313131313131313,0.6303183107469272,0.629643621710112,0.6325910931174089,91.61K,-0.13%
05/21/2019,0.6304772712943698,0.6324310650139136,0.6290890790135883,0.6340752013188764,96.39K,0.35%
05/20/2019,0.6327111673521038,0.6382028208564682,0.6292474200855777,0.6388959877331971,94.87K,0.92%
05/17/2019,0.6385288295766554,0.6383657835939993,0.637795777791951,0.6412722842118764,93.62K,0.01%
05/16/2019,0.6385696040868455,0.6409023905659168,0.6373486297004461,0.6425909266161162,83.03K,0.42%
05/15/2019,0.6412722842118764,0.6416426050689766,0.6396315722144046,0.6447453255963894,97.15K,0.10%
05/14/2019,0.6419309282321222,0.6456611570247934,0.6404918977774932,0.6470816617057072,86.15K,0.59%
05/13/2019,0.6457445434586078,0.6378364587319811,0.6372267890142101,0.6477942605428516,101.71K,-1.36%
05/10/2019,0.6369832473405949,0.6395497569710923,0.634960949901581,0.64,108.70K,0.41%
05/09/2019,0.6395906619763352,0.6332721170286872,0.6330315882762549,0.6418073294397022,99.21K,-0.98%
05/08/2019,0.6333523339033504,0.6316720358789717,0.6305170239596469,0.6340752013188764,96.09K,-0.23%
05/07/2019,0.631911532385466,0.6263309532757109,0.6255473539346929,0.6321512105695682,100.39K,-0.86%
05/06/2019,0.6264879087833605,0.6246486351427322,0.6232859636000997,0.6282590940503864,83.97K,-0.70%
05/03/2019,0.6221226825930074,0.6223937262712392,0.6201550387596899,0.6231306081754736,68.24K,0.07%
05/02/2019,0.6225874735400323,0.6243756243756244,0.6215426689042203,0.6246486351427322,69.48K,0.33%
05/01/2019,0.6246486351427322,0.6250390649415588,0.622975330176925,0.62625250501002,52.99K,0.08%
04/30/2019,0.625117209476777,0.6253126563281641,0.624687656171914,0.6281012499214873,74.66K,0.08%
04/29/2019,0.6255864873318736,0.6259389083625438,0.6238303181534622,0.6263309532757109,61.97K,0.08%
04/26/2019,0.6260956674179815,0.6285750204286882,0.6250390649415588,0.6296039790971478,99.89K,0.42%
04/25/2019,0.6287331027978623,0.6235969069593416,0.6232471174820816,0.6306760847628659,100.87K,-0.79%
04/24/2019,0.6237914041544508,0.6237524950099801,0.6223549912870301,0.6265664160401002,95.69K,0.01%
04/23/2019,0.6238692370079232,0.622626237469647,0.6217745445501461,0.6245316012990257,83.95K,-0.16%
04/22/2019,0.6228589224540642,0.6201165819174005,0.619463544570402,0.6246096189881324,87.32K,-0.42%
04/19/2019,0.6202319667555666,0.6197322756569162,0.6194251734390486,0.6204243702692642,87.01K,-0.06%
04/18/2019,0.6198475175106923,0.6196170766466325,0.6193100885613426,0.6223162611239031,101.08K,-0.02%
04/17/2019,0.6197322756569162,0.6207324643078833,0.6190800470500836,0.6214267959234402,85.48K,0.20%
04/16/2019,0.620963735717834,0.6193868070610096,0.6192333890643383,0.622975330176925,86.93K,-0.22%
04/15/2019,0.6195786864931846,0.6177415369409439,0.61667488899852,0.6206168931918327,62.98K,-0.30%
04/12/2019,0.6177415369409439,0.6180851721367204,0.6172077521293667,0.6206554121151937,87.40K,0.09%
04/11/2019,0.6182762458266353,0.6228977201943441,0.6175507935527698,0.6235191420376606,90.21K,0.77%
04/10/2019,0.6230529595015576,0.6233636703652911,0.6213495712687959,0.62402496099844,87.61K,0.07%
04/09/2019,0.6235191420376606,0.6239470892868285,0.6220065932698887,0.6262132882459766,80.40K,0.08%
04/08/2019,0.62402496099844,0.6191567085629373,0.6186970240673142,0.6257430698955009,74.45K,-0.78%
04/05/2019,0.6191567085629373,0.6177796997590659,0.6169792694965449,0.6206168931918327,98.46K,-0.20%
04/04/2019,0.6178942165101334,0.6139489194499017,0.6137981831573779,0.6211951795254069,101.82K,-0.61%
04/03/2019,0.6141374439599582,0.6190800470500836,0.6131207847946045,0.6198090987975704,100.15K,0.84%
04/02/2019,0.619271736437949,0.6215040397762586,0.6169031462060457,0.622975330176925,95.04K,0.39%
04/01/2019,0.6216972334473111,0.6243756243756244,0.6208866261020738,0.6255473539346929,92.71K,0.41%
03/29/2019,0.6242197253433208,0.6253908692933083,0.6228201295465869,0.6261740763932373,98.53K,0.24%
03/28/2019,0.6257039169065198,0.6252344629235964,0.6246096189881324,0.6289703754953141,111.27K,-0.04%
03/27/2019,0.6254299831133905,0.6236357966947303,0.6222775357809583,0.6272345229881452,115.75K,-0.26%
03/26/2019,0.6238303181534622,0.6264094211976948,0.622975330176925,0.6269985579033168,105.38K,0.45%
03/25/2019,0.6266449429753101,0.629643621710112,0.6242197253433208,0.6302388605281402,97.05K,0.44%
03/22/2019,0.6294058408862034,0.6209251785159888,0.6185822095756526,0.6293266205160478,112.07K,-1.32%
03/21/2019,0.6211180124223602,0.6213109661385524,0.6189267809618122,0.6223162611239031,100.31K,0.08%
03/20/2019,0.6216199415677255,0.6195403010965863,0.6157635467980295,0.6223549912870301,99.60K,-0.30%
03/19/2019,0.6197322756569162,0.615839389087326,0.61436382625791,0.620693935820247,88.80K,-0.61%
03/18/2019,0.6159531875577456,0.6186970240673142,0.613609866846659,0.6188501763723003,72.25K,0.48%
03/15/2019,0.6189267809618122,0.620963735717834,0.6177033788374823,0.6217358865953743,95.74K,0.34%
03/14/2019,0.6210408644888833,0.6255082254331644,0.6199628022318661,0.6257430698955009,106.56K,0.76%
03/13/2019,0.6257430698955009,0.6252344629235964,0.6232859636000997,0.6273132174894924,95.23K,-0.06%
03/12/2019,0.6253908692933083,0.6281012499214873,0.6237914041544508,0.6282590940503864,101.94K,0.46%
03/11/2019,0.6282590940503864,0.63000063000063,0.6275100401606426,0.6314725940894166,88.20K,0.28%
03/08/2019,0.6300403225806451,0.6284170175328349,0.6279829188646069,0.6331919204710948,89.28K,-0.23%
03/07/2019,0.6285750204286882,0.6269985579033168,0.6255864873318736,0.6289308176100629,83.35K,-0.22%
03/06/2019,0.6271951831409934,0.6300403225806451,0.6264486625321055,0.6323510813203491,91.06K,0.45%
03/05/2019,0.6300403225806451,0.6345982992765579,0.6291682395872656,0.634719136781974,92.28K,0.74%
03/04/2019,0.6346788525006347,0.6352029473416757,0.6321911746112024,0.6354855109303508,89.07K,-0.01%
03/01/2019,0.6345982992765579,0.6359300476947536,0.6326711375427053,0.6362537379907106,103.40K,0.25%
02/28/2019,0.6361727845282779,0.6414779652318943,0.6352836541515786,0.6433764395547835,99.36K,0.86%
02/27/2019,0.6416426050689766,0.6422607578676943,0.6405739542630197,0.6472491909385114,93.57K,0.15%
02/26/2019,0.6425909266161162,0.6377551020408163,0.6375924509053813,0.6439150032195751,89.59K,-0.72%
02/25/2019,0.6379585326953748,0.6418073294397022,0.6367398917542184,0.6427148274310688,97.62K,0.62%
02/22/2019,0.6419309282321222,0.6428387760349704,0.6412722842118764,0.643583472776419,107.38K,0.17%
02/21/2019,0.6430041152263375,0.6405329233922624,0.6400819304871024,0.6435006435006435,106.64K,-0.35%
02/20/2019,0.6407381303261357,0.6444544692917445,0.64,0.6450780544445878,96.89K,0.62%
02/19/2019,0.6447037586229128,0.6453278265358802,0.6439150032195751,0.6471654154801968,92.86K,0.14%
02/18/2019,0.6455777921239509,0.6458696635019053,0.6449532408900355,0.6470397929472662,75.65K,0.06%
02/15/2019,0.6459531038046638,0.64279745452208,0.6425909266161162,0.648046140885231,110.15K,-0.46%
02/14/2019,0.6429627724554748,0.6384880602732729,0.6375924509053813,0.6438320885912954,102.09K,-0.68%
02/13/2019,0.6386103838048406,0.6383657835939993,0.6360109393881574,0.6405739542630197,90.19K,-0.02%
02/12/2019,0.6384880602732729,0.6445375443119561,0.6380399413003255,0.6453694740238787,96.39K,0.97%
02/11/2019,0.6447037586229128,0.648046140885231,0.6432936635574139,0.6488871585231328,76.40K,0.64%
02/08/2019,0.6488450558006749,0.6492663290481756,0.6462870807212564,0.6506604203266315,97.67K,0.09%
02/07/2019,0.6494349915573451,0.6505757595471993,0.6486766995329527,0.6530825496342738,114.67K,0.21%
02/06/2019,0.6507874528179097,0.6504911207962011,0.6498992656138298,0.654150585464774,110.16K,-0.03%
02/05/2019,0.6506180871828238,0.6525285481239804,0.6502373366278692,0.6539794650447976,100.16K,0.32%
02/04/2019,0.6526989099928203,0.6523157208088716,0.6511688480823077,0.654278984559016,81.14K,-0.01%
02/01/2019,0.6526137179403511,0.6517630189663038,0.6511264487563485,0.6557377049180328,102.98K,-0.11%
01/31/2019,0.651890482398957,0.6532532009406846,0.6507027589796981,0.6560818790185015,110.83K,0.25%
01/30/2019,0.6535520554212143,0.652954619653934,0.6489713803621261,0.6546644844517184,108.70K,-0.12%
01/29/2019,0.6527841242900972,0.6498992656138298,0.6495193556767991,0.6538511834706421,100.22K,-0.42%
01/28/2019,0.6500682571670026,0.647332988089073,0.6468723720809884,0.651890482398957,100.71K,-0.42%
01/25/2019,0.647332988089073,0.647542575924367,0.6450364445591176,0.6488871585231328,100.17K,0.06%
01/24/2019,0.6477103439341926,0.6496037417175522,0.6470816617057072,0.6512112529304506,102.30K,0.31%
01/23/2019,0.6496881496881497,0.651508241579256,0.6480041472265423,0.6516780710329098,104.74K,0.31%
01/22/2019,0.6517205422314911,0.6491820306413919,0.6488871585231328,0.6534666405280011,102.30K,-0.38%
01/21/2019,0.6492663290481756,0.648802958541491,0.6486766995329527,0.6526563111865292,84.64K,-0.06%
01/18/2019,0.6488871585231328,0.6502373366278692,0.6477942605428516,0.6516780710329098,113.63K,0.25%
01/17/2019,0.6504911207962011,0.6506180871828238,0.6495615459564793,0.6566419331538512,112.64K,0.05%
01/16/2019,0.6507874528179097,0.6541933795629988,0.6499837504062399,0.6567713122290818,,0.56%
01/15/2019,0.654407434068451,0.6541933795629988,0.6513385006187715,0.6562110374696503,,-0.01%
01/14/2019,0.6543217954590067,0.6490134994807892,0.6484243288808196,0.6569007422978388,,-0.85%
01/11/2019,0.6487608667445179,0.649392817715436,0.6482982171799028,0.6518479890489538,19.02K,0.13%
01/10/2019,0.6496037417175522,0.6522731720044355,0.6488871585231328,0.6545787785559992,,0.45%
01/09/2019,0.6525285481239804,0.6450364445591176,0.6429214350006429,0.6535520554212143,,-1.13%
01/08/2019,0.6451612903225806,0.6420133538777606,0.6412311638345624,0.6467468632777131,5.95K,-0.43%
01/07/2019,0.6423845313804843,0.6407791874919903,0.6395088571976721,0.6467050378322448,6.33K,-0.22%
01/04/2019,0.6409845522722902,0.6511264487563485,0.6406149903907752,0.6524008350730689,112.98K,1.62%
01/03/2019,0.651380927566441,0.6428801028608164,0.64263222157959,0.666800026672001,9.22K,-1.26%
01/02/2019,0.6431695394906097,0.6332721170286872,0.6329113924050632,0.6448700586831754,7.94K,-1.56%
01/01/2019,0.6331117442228553,0.6348803250587265,0.6325510784995888,0.6360109393881574,4.98K,0.31%
12/31/2018,0.6350819255683984,0.6332320162107397,0.6313928526329081,0.6353240152477764,,-0.11%
12/28/2018,0.6343970056461333,0.6339948012426299,0.631911532385466,0.6356874960269532,,-0.05%
12/27/2018,0.6340752013188764,0.6292078273453722,0.629009938357026,0.6370238246910435,,-0.74%
12/26/2018,0.6293662282081943,0.6350415952244872,0.6288912647003333,0.6360109393881574,,0.97%
12/25/2018,0.6354451293130837,0.634719136781974,0.6345580303318739,0.6372673973999491,,-0.09%
12/24/2018,0.6348803250587265,0.6324310650139136,0.6295643414756988,0.6361323155216285,,-0.64%
12/21/2018,0.6307954330410648,0.6288121738036848,0.6263309532757109,0.6328713372571356,,-0.28%
12/20/2018,0.629009938357026,0.6248047485160887,0.6234413965087281,0.6315124723713293,,-0.64%
12/19/2018,0.625,0.62758880381574,0.6217358865953743,0.6294850812035755,,0.45%
12/18/2018,0.6277857994852156,0.6346385733324871,0.6266449429753101,0.6363347120585429,,1.12%
12/17/2018,0.634799720688123,0.6346385733324871,0.6308750236578134,0.6354855109303508,,-0.05%
12/14/2018,0.6344775077723495,0.6294454585510165,0.6291286568103177,0.6352432981832041,,-0.76%
12/13/2018,0.629643621710112,0.6341556217895872,0.6288912647003333,0.6345982992765579,,0.74%
12/12/2018,0.6343165239454488,0.6375924509053813,0.6332721170286872,0.6379992344009188,,0.55%
12/11/2018,0.637795777791951,0.6398771435884311,0.6334325711028062,0.6415602745877975,,0.35%
12/10/2018,0.64,0.6287331027978623,0.6287331027978623,0.6438320885912954,,-1.76%
12/07/2018,0.6287331027978623,0.6288517167651867,0.6244146113019045,0.6296039790971478,,0.04%
12/06/2018,0.6289703754953141,0.6233248145608676,0.623208276205908,0.6318316800404372,,-0.87%
12/05/2018,0.6234802668495542,0.6254299831133905,0.6227425582264292,0.6263701847792045,,0.33%
12/04/2018,0.6255082254331644,0.6197706848466068,0.6196554715578139,0.6269199423233653,,-0.90%
12/03/2018,0.6198859409868585,0.6137981831573779,0.6116582053948254,0.6207709975789931,,-0.96%
11/30/2018,0.6139489194499017,0.6148548942449582,0.6125199068969741,0.6162948354492789,,0.17%
11/29/2018,0.6150061500615006,0.6213495712687959,0.6144393241167435,0.6231306081754736,,1.05%
11/28/2018,0.6214654154496302,0.6220839813374806,0.6192333890643383,0.6231306081754736,,0.12%
11/27/2018,0.6222388152572957,0.6234802668495542,0.621929224454257,0.6258997308631158,,0.21%
11/26/2018,0.623558022073954,0.6255082254331644,0.6208480784751971,0.6263701847792045,,0.33%
11/23/2018,0.6256256256256256,0.6258605582676179,0.6254299831133905,0.6271951831409934,,0.06%
11/22/2018,0.6260172780768749,0.6306363120388472,0.6254691018263698,0.6313131313131313,,0.77%
11/21/2018,0.6308352258390109,0.6334325711028062,0.630159430335875,0.6341958396752917,,0.44%
11/20/2018,0.6336332530731212,0.636213258684311,0.6333122229259025,0.63710499490316,,0.43%
11/19/2018,0.6363347120585429,0.6379178361826996,0.6343165239454488,0.6395088571976721,,0.27%
11/16/2018,0.6380399413003255,0.6327912421692083,0.6327512022272842,0.6390593047034765,,-0.79%
11/15/2018,0.6329915179136599,0.6363752068219423,0.6325110689437066,0.637389253617184,,0.56%
11/14/2018,0.6365372374283896,0.6379992344009188,0.6318716036901302,0.6384065372829417,,0.24%
11/13/2018,0.6380806533945891,0.6400409626216078,0.6357279084551812,0.6415191172696947,,0.33%
11/12/2018,0.6401638819537802,0.6367398917542184,0.6356470887363336,0.6410667350471184,,-0.52%
11/09/2018,0.6368209896198178,0.6345580303318739,0.6343970056461333,0.6392635683692386,,-0.34%
11/08/2018,0.6346788525006347,0.6382028208564682,0.6343567622430855,0.6384472961757007,,0.58%
11/07/2018,0.6383657835939993,0.6431695394906097,0.6376737661012626,0.6458279514337381,,0.77%
11/06/2018,0.6432522835456066,0.6456194718832721,0.6427561383211209,0.6460365656696169,,0.39%
11/05/2018,0.6457445434586078,0.6400409626216078,0.6396724876863047,0.6463288521199587,,-0.88%
11/02/2018,0.6400819304871024,0.6516780710329098,0.6392227051904884,0.6525711302531976,,1.84%
11/01/2018,0.651890482398957,0.6548359635911205,0.6501527859046876,0.6561679790026247,,0.48%
10/31/2018,0.6550075325866248,0.6512536633018561,0.650110518788194,0.6556517178075008,,-0.51%
10/30/2018,0.6516780710329098,0.6531678641410843,0.6512112529304506,0.6536374926465782,,0.25%
10/29/2018,0.6532958777030117,0.6563833278634722,0.6520605112154407,0.6572029442691903,,0.52%
10/26/2018,0.6566850538481744,0.6515931452401121,0.6511688480823077,0.6595870984763538,,-0.78%
10/25/2018,0.6515931452401121,0.6523157208088716,0.6498148027812074,0.6550075325866248,,0.14%
10/24/2018,0.6525285481239804,0.6541077969649398,0.6485504896556197,0.6548359635911205,,0.26%
10/23/2018,0.6542361792607131,0.6519754857217368,0.6518055012384304,0.6569870573549701,,-0.31%
10/22/2018,0.6521880910454575,0.6522731720044355,0.6498148027812074,0.6530825496342738,,-0.03%
10/19/2018,0.6520179956966812,0.655265054714632,0.6513385006187715,0.6557377049180328,,0.54%
10/18/2018,0.6555657532450504,0.6533812479581836,0.6527841242900972,0.6567281802062127,,-0.31%
10/17/2018,0.6535520554212143,0.6544502617801047,0.6525285481239804,0.6565988181221274,,0.15%
10/16/2018,0.6545359340227779,0.6599788806758183,0.6539366989275439,0.6603711285742587,,0.86%
10/15/2018,0.6601531555320834,0.6566419331538512,0.655694708543702,0.6634819532908705,,-0.60%
10/12/2018,0.6562110374696503,0.6601967386281112,0.6545787785559992,0.6611570247933884,,0.63%
10/11/2018,0.6603275224511358,0.6613319224918986,0.6579380222383051,0.6643194047698133,,0.17%
10/10/2018,0.6614194060453734,0.6581112207963146,0.6547502127938191,0.6615069127472382,,-0.47%
10/09/2018,0.6583278472679395,0.6541077969649398,0.6528693608408958,0.6586313640255549,,-0.63%
10/08/2018,0.654150585464774,0.6487608667445179,0.6473748948015796,0.6564695069914002,,-0.81%
10/05/2018,0.6488450558006749,0.646370628918622,0.6444960041247744,0.6521455588887439,,-0.36%
10/04/2018,0.6464959917248513,0.6403688524590163,0.6402458544080927,0.6479621590099138,,-0.94%
10/03/2018,0.6404508774177021,0.6416426050689766,0.6402458544080927,0.6460783046905285,,0.19%
10/02/2018,0.6416426050689766,0.6401229035974907,0.6395497569710923,0.6424257998201208,,-0.22%
10/01/2018,0.6402458544080927,0.6377551020408163,0.6361727845282779,0.6405329233922624,,-0.36%
09/28/2018,0.6379178361826996,0.6400819304871024,0.6376331059108589,0.6404918977774932,,0.36%
09/27/2018,0.6402458544080927,0.6439150032195751,0.6395906619763352,0.6461200491051237,,0.61%
09/26/2018,0.6441638752898737,0.6433764395547835,0.6416426050689766,0.6450364445591176,,-0.11%
09/25/2018,0.6434592368573451,0.6442053726728081,0.6430454633142564,0.6466632177961718,,0.14%
09/24/2018,0.6443714156840002,0.6417249566835654,0.6413134098634002,0.6465377901338334,,-0.39%
09/21/2018,0.6418897233455292,0.6402048655569782,0.6360918516633802,0.6429627724554748,,-0.25%
09/20/2018,0.6402868485081316,0.6444129398118313,0.6395906619763352,0.6457028475495578,,0.68%
09/19/2018,0.6446206407529169,0.6470816617057072,0.6438320885912954,0.6485925541574783,,0.42%
09/18/2018,0.647332988089073,0.648508430609598,0.6447037586229128,0.6514657980456027,,0.22%
09/17/2018,0.6487608667445179,0.6420133538777606,0.641025641025641,0.6491398896462187,,-1.10%
09/14/2018,0.6416426050689766,0.6436248954109545,0.6395088571976721,0.6441638752898737,,0.33%
09/13/2018,0.6437491953135059,0.6485504896556197,0.6431695394906097,0.6491820306413919,,0.77%
09/12/2018,0.6487187804086928,0.6507027589796981,0.6452861844227915,0.6541077969649398,,0.33%
09/11/2018,0.6508721687060661,0.6520179956966812,0.648046140885231,0.6532958777030117,,0.20%
09/10/2018,0.6521455588887439,0.6469142191745374,0.6462035541195477,0.6550933508024893,,-0.86%
09/07/2018,0.6465377901338334,0.6496037417175522,0.6452445476835721,0.6518479890489538,,0.51%
09/06/2018,0.6498148027812074,0.6433764395547835,0.6432109088570143,0.6509992839007877,,-0.98%
09/05/2018,0.6434592368573451,0.6422607578676943,0.6398362019323054,0.6459113809585325,,-0.16%
09/04/2018,0.6424257998201208,0.6411900487304437,0.6388143605468252,0.6441638752898737,,-0.19%
09/03/2018,0.6412311638345624,0.6392227051904884,0.6375924509053813,0.6414779652318943,,-0.27%
08/31/2018,0.6395088571976721,0.6374298827129016,0.6368615462998344,0.6414779652318943,,-0.31%
08/30/2018,0.637551801083838,0.6315523556902868,0.6311139160618492,0.6376331059108589,,-0.90%
08/29/2018,0.6317917614354309,0.6304375236414071,0.629643621710112,0.6352836541515786,,-0.19%
08/28/2018,0.630596544330937,0.6316321374431532,0.6290495061961376,0.6324310650139136,,0.18%
08/27/2018,0.6317119393556538,0.6289308176100629,0.62758880381574,0.6324310650139136,,-0.41%
08/24/2018,0.6291286568103177,0.6299609424215699,0.6275100401606426,0.6305567816381865,,0.14%
08/23/2018,0.6300403225806451,0.6320313487548982,0.6297625795075257,0.6331919204710948,,0.34%
08/22/2018,0.6321512105695682,0.6333523339033504,0.6316720358789717,0.634960949901581,,0.22%
08/21/2018,0.6335128286347799,0.6343165239454488,0.6312732782021336,0.6360513929525505,,0.15%
08/20/2018,0.6344775077723495,0.6342762907522517,0.6288912647003333,0.6348803250587265,,0.01%
08/17/2018,0.6345177664974619,0.632071297642374,0.6311139160618492,0.6360513929525505,,-0.36%
08/16/2018,0.632231143706139,0.6313529894564051,0.6303183107469272,0.6354451293130837,,-0.12%
08/15/2018,0.6314725940894166,0.6294454585510165,0.6277463904582549,0.6332721170286872,,-0.30%
08/14/2018,0.6295643414756988,0.6325510784995888,0.6281407035175879,0.6331919204710948,,0.47%
08/13/2018,0.6325110689437066,0.620963735717834,0.620963735717834,0.634719136781974,,-1.80%
08/10/2018,0.6211180124223602,0.6189650903689032,0.6185056902523504,0.6234413965087281,,-0.32%
08/09/2018,0.6191567085629373,0.6186204763377667,0.6170554115759596,0.6202319667555666,,-0.06%
08/08/2018,0.6188118811881188,0.616180910715386,0.6157256326580876,0.6195403010965863,,-0.40%
08/07/2018,0.6163328197226502,0.6178178672927221,0.6155740227762388,0.6191950464396285,,0.27%
08/06/2018,0.617970584600173,0.616408802317697,0.6154603643525357,0.6184291898577613,,-0.29%
08/03/2018,0.616180910715386,0.6145903755147194,0.6137981831573779,0.6175507935527698,,-0.24%
08/02/2018,0.6147037128104254,0.6117704637220115,0.6115085916957134,0.6174364040503828,,-0.45%
08/01/2018,0.6119576525304449,0.611920205605189,0.6104260774020266,0.6138735420503376,,0.02%
07/31/2018,0.6121074860745547,0.6177796997590659,0.6116582053948254,0.6196170766466325,,0.93%
07/30/2018,0.6177796997590659,0.6178178672927221,0.6172077521293667,0.6193100885613426,,0.02%
07/27/2018,0.6179323981956374,0.6172839506172839,0.6169031462060457,0.6192333890643383,,-0.09%
07/26/2018,0.6173982836327715,0.6193100885613426,0.6171315724512466,0.6212337702677518,,0.32%
07/25/2018,0.6193868070610096,0.62000124000248,0.6177796997590659,0.621079436059872,,0.12%
07/24/2018,0.6201165819174005,0.6182762458266353,0.6173220569170937,0.6213495712687959,,-0.27%
07/23/2018,0.6184291898577613,0.6164468006411047,0.616408802317697,0.620693935820247,,-0.20%
07/20/2018,0.6172077521293667,0.613685179502915,0.6118827632625589,0.6171696599395173,,-0.54%
07/19/2018,0.6138735420503376,0.6080875646093037,0.6077180188392586,0.615839389087326,,-0.94%
07/18/2018,0.6080875646093037,0.6062443164595333,0.6051071039574004,0.6088650754992694,,-0.28%
07/17/2018,0.6063545961678389,0.6105006105006106,0.6059137178865729,0.6108362348054487,,0.70%
07/16/2018,0.6106124442816144,0.6096445772114857,0.6085316132173066,0.6113590511707526,,-0.15%
07/13/2018,0.6097189195780746,0.6087168249330411,0.6063913649869626,0.6098676587180583,,-0.15%
07/12/2018,0.60882800608828,0.6135722174499939,0.608457560085184,0.6141374439599582,,0.80%
07/11/2018,0.6137228427642077,0.6194251734390486,0.6126700159294204,0.6207709975789931,,0.95%
07/10/2018,0.6195786864931846,0.6193484454354019,0.6177033788374823,0.6199243692269544,,-0.01%
07/09/2018,0.6195403010965863,0.622626237469647,0.6191567085629373,0.6237135907191418,,0.56%
07/06/2018,0.6230141424210329,0.622626237469647,0.6210408644888833,0.6239860227130912,,-0.03%
07/05/2018,0.6228201295465869,0.6217745445501461,0.6206168931918327,0.6241028521500342,,-0.14%
07/04/2018,0.621967906456027,0.6198090987975704,0.6195786864931846,0.6223937262712392,,-0.32%
07/03/2018,0.6199628022318661,0.6196554715578139,0.6175507935527698,0.6222000995520159,,-0.02%
07/02/2018,0.6198090987975704,0.6184291898577613,0.615991129727732,0.6216199415677255,,-0.17%
06/29/2018,0.6187353050365053,0.6230529595015576,0.6170554115759596,0.6236746912810278,,0.72%
06/28/2018,0.623208276205908,0.6225487144369046,0.6221613886642196,0.6269985579033168,,-0.09%
06/27/2018,0.62266500622665,0.6211565935772407,0.6203473945409429,0.6257039169065198,,-0.21%
06/26/2018,0.6213495712687959,0.6205398696866274,0.6199628022318661,0.6234413965087281,,-0.12%
06/25/2018,0.6206168931918327,0.6175126590095097,0.6167509559639818,0.6231306081754736,,-0.53%
06/22/2018,0.6173220569170937,0.6177033788374823,0.6146659290675518,0.6185822095756526,,0.09%
06/21/2018,0.6178560395427866,0.6167129201356769,0.6145148405333989,0.6186204763377667,,-0.16%
06/20/2018,0.6168650916044661,0.6206168931918327,0.616180910715386,0.6218132073125233,,0.64%
06/19/2018,0.6208095356344674,0.6154603643525357,0.6152710268873439,0.6228977201943441,,-0.84%
06/18/2018,0.6156119182467372,0.6149305128520477,0.6145526057030481,0.6174745291756715,,-0.09%
06/15/2018,0.6150818058801821,0.6118827632625589,0.6108735491753207,0.61648480364959,,-0.50%
06/14/2018,0.6119951040391677,0.6130831953896144,0.6114338122898196,0.6160290765724142,,0.20%
06/13/2018,0.6132335806708775,0.6113590511707526,0.6096817461285209,0.6135345726731701,,-0.28%
06/12/2018,0.6115085916957134,0.6131583788092464,0.6105006105006106,0.613421666053245,,0.29%
06/11/2018,0.613308800981294,0.616827041697508,0.611695620259359,0.6183527083848628,,0.54%
06/08/2018,0.6166368625516434,0.6145526057030481,0.613685179502915,0.6204243702692642,,-0.31%
06/07/2018,0.6147415011987459,0.6066488716330988,0.6063913649869626,0.616180910715386,,-1.29%
06/06/2018,0.6067961165048544,0.611134877467457,0.6063545961678389,0.6112095837662734,,0.75%
06/05/2018,0.611321677466683,0.6107616197398156,0.6096817461285209,0.6131583788092464,,-0.07%
06/04/2018,0.6109108681043436,0.6117704637220115,0.6097189195780746,0.613308800981294,,0.13%
06/01/2018,0.611695620259359,0.6196554715578139,0.6106870229007634,0.6202319667555666,,1.33%
05/31/2018,0.6198090987975704,0.6192333890643383,0.6182762458266353,0.6223162611239031,,-0.07%
05/30/2018,0.6193868070610096,0.6237135907191418,0.6183527083848628,0.6261740763932373,,0.73%
05/29/2018,0.6239081607187422,0.6159531875577456,0.6156498183833036,0.6275100401606426,,-1.26%
05/28/2018,0.6160670280926565,0.6182762458266353,0.6148170919151552,0.6196938712276135,,0.53%
05/25/2018,0.6193100885613426,0.6255082254331644,0.6180469715698392,0.6258997308631158,,1.03%
05/24/2018,0.6257039169065198,0.6210408644888833,0.6203858800173707,0.6276281930584322,,-0.71%
05/23/2018,0.6212337702677518,0.613308800981294,0.6131583788092464,0.6242976651267325,,-1.24%
05/22/2018,0.6135345726731701,0.6133464180569185,0.6118078923218109,0.6144393241167435,,-0.01%
05/21/2018,0.6134592969756456,0.6140243153628884,0.6110228522546743,0.6140243153628884,,0.09%
05/18/2018,0.6140243153628884,0.6117330397014743,0.6104260774020266,0.6150439756442586,,-0.35%
05/17/2018,0.6118453255017131,0.6139112284363681,0.611134877467457,0.6157256326580876,,0.36%
05/16/2018,0.6140620202640467,0.6169792694965449,0.6138735420503376,0.617970584600173,,0.49%
05/15/2018,0.617093489663684,0.6161049842893229,0.6139112284363681,0.6200396825396826,,-0.14%
05/14/2018,0.6162188809465122,0.6161049842893229,0.6145903755147194,0.6174745291756715,,-0.06%
05/11/2018,0.6158773172384061,0.6146659290675518,0.6130080304051984,0.6167889964843027,,-0.17%
05/10/2018,0.6148170919151552,0.613685179502915,0.611321677466683,0.6153846153846154,,-0.17%
05/09/2018,0.6137605106487448,0.6151953245155337,0.6123323740126141,0.6162948354492789,,0.25%
05/08/2018,0.6153088850603002,0.6154224875376946,0.6137605106487448,0.6169792694965449,,0.05%
05/07/2018,0.6156119182467372,0.612294881214793,0.6118078923218109,0.616180910715386,,-0.51%
05/04/2018,0.6124823911312549,0.6105006105006106,0.6103143118706134,0.6154603643525357,,-0.29%
05/03/2018,0.6107243190423843,0.607164541590771,0.6065752759917505,0.6122573930080206,,-0.56%
05/02/2018,0.6073120369245718,0.6080136195050769,0.6063178318074335,0.6092731371473832,,0.15%
05/01/2018,0.6081985159956209,0.60779189205616,0.605803598473375,0.6100909035446281,,-0.04%
04/30/2018,0.607976653696498,0.6110975311659741,0.6064649160046092,0.6110975311659741,,0.52%
04/27/2018,0.611134877467457,0.6111722283339445,0.6090504902856447,0.6124448799608035,,0.03%
04/26/2018,0.611321677466683,0.611583389395144,0.6100909035446281,0.6124448799608035,,0.07%
04/25/2018,0.6117330397014743,0.6102770657878677,0.6088650754992694,0.6137981831573779,,-0.21%
04/24/2018,0.6104260774020266,0.6119951040391677,0.6077180188392586,0.6122199093914534,,0.28%
04/23/2018,0.6121449559255632,0.6151196407701298,0.6112095837662734,0.6153088850603002,,0.49%
04/20/2018,0.6151574803149606,0.6134592969756456,0.6113964294448521,0.6156498183833036,,-0.25%
04/19/2018,0.6136475208640157,0.6128577557148986,0.6111722283339445,0.6140620202640467,,-0.11%
04/18/2018,0.6129704548240775,0.6137981831573779,0.6113590511707526,0.6138735420503376,,0.17%
04/17/2018,0.613986615091791,0.6112095837662734,0.610798924993892,0.61436382625791,,-0.43%
04/16/2018,0.611321677466683,0.6077180188392586,0.6063178318074335,0.6117330397014743,,-0.54%
04/13/2018,0.6080136195050769,0.6082725060827251,0.6052169702838467,0.6090875867949811,,0.07%
04/12/2018,0.608457560085184,0.6110975311659741,0.6074596039363382,0.6125574272588055,,0.45%
04/11/2018,0.6112095837662734,0.6058770069675855,0.6055468087683178,0.6122199093914534,,-0.85%
04/10/2018,0.6060238773407672,0.6083835249741437,0.604814322003145,0.6092731371473832,,0.41%
04/09/2018,0.6085316132173066,0.6072382803011902,0.6057302077654613,0.6092731371473832,,-0.18%
04/06/2018,0.6074227054607301,0.6042661187987189,0.6039376736320812,0.608124543906592,,-0.49%
04/05/2018,0.6044487427466151,0.6091617933723197,0.6036460219727152,0.6095330976472022,,0.79%
04/04/2018,0.6092360180333861,0.6096817461285209,0.6087538808059901,0.6145903755147194,,0.11%
04/03/2018,0.6099048548426446,0.6150439756442586,0.6094216588457554,0.6162188809465122,,0.87%
04/02/2018,0.6152331733727082,0.6128201985537444,0.6116582053948254,0.6164468006411047,,-0.39%
03/30/2018,0.6128201985537444,0.6118078923218109,0.6110975311659741,0.6136475208640157,,-0.15%
03/29/2018,0.611920205605189,0.6097932800780536,0.6093473889464384,0.6130831953896144,,-0.33%
03/28/2018,0.6099048548426446,0.61648480364959,0.6088650754992694,0.6171315724512466,,1.10%
03/27/2018,0.6166368625516434,0.6150061500615006,0.6125949522175937,0.6166368625516434,,-0.25%
03/26/2018,0.6150818058801821,0.6205013651030032,0.6145148405333989,0.6215426689042203,,0.91%
03/23/2018,0.620693935820247,0.6184291898577613,0.6172077521293667,0.6223937262712392,,-0.35%
03/22/2018,0.6185056902523504,0.6146281499692686,0.6141751627564181,0.6185439475474732,,-0.60%
03/21/2018,0.6147792942333702,0.6121449559255632,0.6114711997064939,0.6156119182467372,,-0.42%
03/20/2018,0.6122199093914534,0.6147415011987459,0.6114711997064939,0.6157635467980295,,0.44%
03/19/2018,0.6149305128520477,0.6133840397472857,0.6121824303642486,0.6165988407941794,,-0.25%
03/16/2018,0.6133840397472857,0.611134877467457,0.6108362348054487,0.6151196407701298,,-0.34%
03/15/2018,0.611321677466683,0.6098304671301379,0.60960741282614,0.6139489194499017,,-0.23%
03/14/2018,0.609942055504727,0.6085316132173066,0.6074965068950854,0.6115085916957134,,-0.21%
03/13/2018,0.6086797735711242,0.6107243190423843,0.6044122091266243,0.6116582053948254,,0.35%
03/12/2018,0.610798924993892,0.6096817461285209,0.6087538808059901,0.6114711997064939,,-0.13%
03/09/2018,0.610016470444702,0.6128201985537444,0.6086427267194157,0.613308800981294,,0.50%
03/08/2018,0.6130831953896144,0.6116582053948254,0.6108362348054487,0.61436382625791,,-0.21%
03/07/2018,0.6118078923218109,0.611583389395144,0.6106870229007634,0.6156877231867997,,-0.01%
03/06/2018,0.6117330397014743,0.6122573930080206,0.6099792607051361,0.6152331733727082,,0.11%
03/05/2018,0.6124073733847756,0.6170554115759596,0.6121449559255632,0.6186970240673142,,0.74%
03/02/2018,0.6169412055031156,0.6140620202640467,0.613609866846659,0.6197322756569162,,-0.45%
03/01/2018,0.6141374439599582,0.6112843083318051,0.6079396923825157,0.6144393241167435,,-0.44%
02/28/2018,0.6114338122898196,0.604814322003145,0.6037189084762135,0.6119951040391677,,-1.05%
02/27/2018,0.6049972775122512,0.6056935190793459,0.6024459304777396,0.6074227054607301,,0.13%
02/26/2018,0.605803598473375,0.6050338818973863,0.6030999336590074,0.6081985159956209,,-0.04%
02/23/2018,0.6055468087683178,0.6086056843770921,0.6052169702838467,0.6092360180333861,,0.53%
02/22/2018,0.6087538808059901,0.601286753652817,0.6011060351045925,0.6095702529716549,,-1.20%
02/21/2018,0.6014314067480604,0.604339155133861,0.6002761270184285,0.6046680372475511,,0.50%
02/20/2018,0.6044487427466151,0.6027000964320154,0.6016485169364058,0.6055468087683178,,-0.26%
02/19/2018,0.6028817748839452,0.6042296072507553,0.6019744762822057,0.6056201550387597,,0.21%
02/16/2018,0.6041565973900435,0.6020469596628537,0.6007810153199159,0.6062810719049352,,-0.31%
02/15/2018,0.6023007890140336,0.5990176111177669,0.5984082340973012,0.6029544769369912,,-0.53%
02/14/2018,0.5991252770954406,0.5959830740806962,0.5955926146515783,0.6008532115604158,,-0.51%
02/13/2018,0.5960896518836433,0.5916109566349169,0.590876861262113,0.5984440454817475,,-0.72%
02/12/2018,0.5917860101787193,0.5914360066240832,0.5905628063544558,0.5932957579353307,,0.01%
02/09/2018,0.5918210333195242,0.591261160054396,0.5883045064125191,0.5958410296132992,,-0.07%
02/08/2018,0.5914010290377905,0.5879586077140169,0.5844876965339879,0.5920312592504884,,-0.55%
02/07/2018,0.5881315062047874,0.5862351975612616,0.5852059925093632,0.5895531187359981,,-0.29%
02/06/2018,0.5864070837975722,0.5879586077140169,0.5858230814294083,0.5936127270568681,,0.28%
02/05/2018,0.5880623346074684,0.5824790307548928,0.5811588307084327,0.588512241054614,,-0.93%
02/02/2018,0.5826147751106968,0.5847953216374269,0.5803156917363045,0.5855486590935707,,0.40%
02/01/2018,0.584966364434045,0.5820382981200163,0.5807538184563563,0.5860977611065525,,-0.49%
01/31/2018,0.5821060597240817,0.5855486590935707,0.5807200929152149,0.5863383172090296,,0.61%
01/30/2018,0.5856858381164344,0.5837030119075414,0.5823433496389471,0.5869922517022775,,-0.32%
01/29/2018,0.5838393274170948,0.5850348095711695,0.582139946443125,0.5859260561317161,,0.22%
01/26/2018,0.5851032707272833,0.5805515239477503,0.5785697755149272,0.5873025195278088,,-0.77%
01/25/2018,0.5805852299117511,0.5828524800373026,0.578904712284358,0.5854115443156539,,0.41%
01/24/2018,0.5829883985308693,0.5780346820809249,0.5778342771293193,0.584385226741468,,-0.83%
01/23/2018,0.5781349366942244,0.5759705103098721,0.5736247346985601,0.5784359093012494,,-0.35%
01/22/2018,0.5761364291064124,0.5768343331795108,0.5743165632896853,0.5777007510109763,,0.04%
01/19/2018,0.5763688760806917,0.5748447919061853,0.5737563830397614,0.5778008898133703,,-0.23%
01/18/2018,0.5750431282346176,0.574052812858783,0.5728689275893676,0.5767677932864229,,-0.14%
01/17/2018,0.5742506029631331,0.579609343302614,0.5737234652897303,0.5809900069718801,,0.96%
01/16/2018,0.5797773654916512,0.5745805561939784,0.5724098454493417,0.5807200929152149,,-0.87%
01/15/2018,0.5747456750387954,0.572737686139748,0.5720169317011784,0.5757383844780931,,-0.30%
01/12/2018,0.5730002292000916,0.5724098454493417,0.5697356426618049,0.5735918320523116,,-0.06%
01/11/2018,0.5726392945083891,0.5709717939933767,0.5693463903438852,0.5735589331803843,,-0.26%
01/10/2018,0.5711674663011195,0.5651633322030066,0.5644933672029353,0.5717552887364208,,-1.03%
01/09/2018,0.5652911249293386,0.5612302166348636,0.5607581450120562,0.5667970299835629,,-0.69%
01/08/2018,0.5613877505192837,0.5601927062909641,0.5587216448765225,0.5626195566557893,,-0.19%
01/05/2018,0.5603182607721185,0.562334814148344,0.5591590248266607,0.5624613307835086,,0.37%
01/04/2018,0.5623980653506552,0.5644615037254459,0.5617030837499298,0.5646208570944611,,0.39%
01/03/2018,0.5645889792231256,0.5650994575045207,0.5639203744431286,0.5663155510250312,,0.12%
01/02/2018,0.5652911249293386,0.5651952749675012,0.5645571049511657,0.5667006687067891,,0.02%
01/01/2018,0.5653870074065698,0.5666364460562103,0.5646846236376983,0.5667649059170257,,0.23%
12/29/2017,0.5667006687067891,0.5676979846721544,0.5663155510250312,0.5686664771111744,,0.20%
12/28/2017,0.5678269263528476,0.5656108597285068,0.5656108597285068,0.5695085141522865,,-0.35%
12/27/2017,0.5658348893792791,0.5656108597285068,0.5649717514124294,0.5669255626736209,,-0.01%
12/26/2017,0.5658028742786013,0.5651633322030066,0.56471651231082,0.5662193533774984,,-0.07%
12/25/2017,0.5653870074065698,0.5649717514124294,0.56471651231082,0.565482922415743,,-0.01%
12/22/2017,0.5653230821414439,0.5649079200090386,0.564302240279894,0.5656108597285068,,-0.05%
12/21/2017,0.5650355972426263,0.5654189754608164,0.5636660842117129,0.5663797009515179,,0.09%
12/20/2017,0.5655468838366701,0.5674724775848371,0.5650036725238714,0.5676979846721544,,0.36%
12/19/2017,0.567601316835055,0.5705482969133338,0.5661552397667441,0.5705808513066302,,0.54%
12/18/2017,0.5706785367802317,0.5689253001080958,0.5678591709256104,0.5744485294117647,,-0.23%
12/15/2017,0.5693463903438852,0.572475383558507,0.5680204487361545,0.5739539688916949,,0.58%
12/14/2017,0.5726720879624327,0.5728032993470042,0.5696382796923953,0.5741516908767296,,0.04%
12/13/2017,0.5729017473503294,0.5672471495830734,0.5670220004536176,0.5731644408780879,,-0.95%
12/12/2017,0.5674402769108552,0.5666364460562103,0.5660590965696819,0.5686664771111744,,-0.11%
12/11/2017,0.5667970299835629,0.5681818181818182,0.5661872947571056,0.5686664771111744,,0.26%
12/08/2017,0.5682786838665681,0.5709717939933767,0.5672793283412753,0.5710370031978071,,0.50%
12/07/2017,0.5711348449368896,0.5746796161140164,0.5706134094151213,0.5750431282346176,,0.64%
12/06/2017,0.5748117491521526,0.5715918833952558,0.5712327202102137,0.5759373380176237,,-0.53%
12/05/2017,0.5717552887364208,0.572737686139748,0.570287995437696,0.5730330640077932,,0.19%
12/04/2017,0.5728689275893676,0.5734273754229027,0.5690547999772377,0.5734931467568962,,0.48%
12/01/2017,0.5756389592447616,0.5730659025787965,0.5712979890310786,0.5790052689479473,,-0.42%
11/30/2017,0.5732301519059902,0.5750431282346176,0.572508158241255,0.5770340450086555,,0.33%
11/29/2017,0.5751423477310634,0.5777341267548673,0.5734273754229027,0.5788041905423396,,0.48%
11/28/2017,0.5779010633379565,0.5803830528148578,0.5769008884273682,0.5812263876780006,,0.44%
11/27/2017,0.5804504295333178,0.5803830528148578,0.5790387955993052,0.5820044232336166,,-0.08%
11/24/2017,0.5800127602807262,0.5805515239477503,0.5793407102717109,0.5811926072300361,,0.13%
11/23/2017,0.5807875479149727,0.5833625014584063,0.5800800510470445,0.584180394905947,,0.47%
11/22/2017,0.5835327070082278,0.5769341718109964,0.576601510695958,0.5837711617046117,,-1.09%
11/21/2017,0.5771672630728385,0.5780680964217585,0.5762028233938347,0.5787037037037037,,0.17%
11/20/2017,0.5781349366942244,0.5799791207516529,0.5774672287347693,0.5814291528577243,,0.35%
11/17/2017,0.5801810164771408,0.5776006469127245,0.5738551589578791,0.5809225049378413,,-0.44%
11/16/2017,0.577634011090573,0.5782352260899734,0.5753739930955121,0.5794414184725925,,0.13%
11/15/2017,0.5784024524263982,0.5765350245027385,0.5762692329856509,0.5800127602807262,,-0.29%
11/14/2017,0.5767012687427913,0.5759373380176237,0.5742506029631331,0.5777007510109763,,-0.10%
11/13/2017,0.5761032377001959,0.5741187277528993,0.5730330640077932,0.5780680964217585,,-0.32%
11/10/2017,0.5742835812324125,0.572573718866304,0.5723115664167573,0.5758046870501526,,-0.26%
11/09/2017,0.5727704908643106,0.5700929251467989,0.5688929343497554,0.574481530418797,,-0.44%
11/08/2017,0.5702229571762559,0.5706785367802317,0.5699629524080935,0.5730659025787965,,0.10%
11/07/2017,0.5707762557077626,0.5683432793407218,0.5671506352087115,0.5714612263557918,,-0.39%
11/06/2017,0.5685371539030076,0.5665401393688744,0.5626828719333784,0.5684402000909504,,-0.43%
11/03/2017,0.5660911406736485,0.5659629860207143,0.5642385600631947,0.5679881858457344,,0.01%
11/02/2017,0.5661552397667441,0.565482922415743,0.5652272213429799,0.5687635081333182,,-0.08%
11/01/2017,0.5656748500961647,0.5698005698005698,0.5651313930488838,0.5699629524080935,,0.76%
10/31/2017,0.5699629524080935,0.5730330640077932,0.569313976658127,0.574085768413801,,0.58%
10/30/2017,0.5732630130703967,0.57185337679419,0.570287995437696,0.5736905513166198,,-0.18%
10/27/2017,0.5722133211261158,0.5688605722737357,0.5674080798910577,0.5723443223443223,,-0.56%
10/26/2017,0.5690224194833277,0.5707762557077626,0.5683432793407218,0.5727048851726705,,0.33%
10/25/2017,0.5709065996802923,0.5713632727688265,0.5683432793407218,0.5730659025787965,,0.12%
10/24/2017,0.5715918833952558,0.57319729450877,0.5710370031978071,0.5741187277528993,,0.30%
10/23/2017,0.5733287467033598,0.5721151095600435,0.5699954400364797,0.574184657785944,,-0.03%
10/20/2017,0.5731315910132967,0.5775339301183945,0.5726720879624327,0.5776673791231008,,0.79%
10/19/2017,0.577634011090573,0.5760368663594471,0.5749108888122341,0.578904712284358,,-0.24%
10/18/2017,0.5762360262763628,0.5795421616922631,0.5755726948313572,0.5799118533982834,,0.60%
10/17/2017,0.5796765404904063,0.5766680122253619,0.5760368663594471,0.5799791207516529,,-0.50%
10/16/2017,0.5768010613139528,0.5777007510109763,0.5761696243374049,0.5800127602807262,,0.30%
10/13/2017,0.5785363031530228,0.5794078451822238,0.5778676683039584,0.5812263876780006,,0.18%
10/12/2017,0.579575750550597,0.5791729410401947,0.5784693700468561,0.5802146794313896,,-0.03%
10/11/2017,0.5794078451822238,0.5802146794313896,0.5788041905423396,0.5815982319413748,,0.16%
10/10/2017,0.5803493703209331,0.5800127602807262,0.5786702158439905,0.5826487210860573,,-0.03%
10/09/2017,0.5801473574287869,0.5803156917363045,0.5794749956539376,0.5822416302765647,,0.10%
10/06/2017,0.5807538184563563,0.5774338838203026,0.5765017871555402,0.5808212812917465,,-0.55%
10/05/2017,0.5775339301183945,0.576734529096257,0.5758710048949036,0.5795421616922631,,-0.12%
10/04/2017,0.5768676088837612,0.580248346292213,0.5757715338553662,0.5820382981200163,,0.61%
10/03/2017,0.5803830528148578,0.5792735909169902,0.5770673437590167,0.5812939603557519,,-0.19%
10/02/2017,0.5793071486502144,0.580248346292213,0.577634011090573,0.5807538184563563,,0.24%
09/29/2017,0.5807200929152149,0.5827505827505828,0.5792735909169902,0.583158385817588,,0.38%
09/28/2017,0.5829204313611192,0.5823772639916137,0.5804841237592152,0.5837711617046117,,-0.07%
09/27/2017,0.5825129609133803,0.583158385817588,0.5802146794313896,0.5847611250804047,,0.15%
09/26/2017,0.5833625014584063,0.5828524800373026,0.5819705522900541,0.5863039399624765,,-0.06%
09/25/2017,0.5829883985308693,0.5786032517502748,0.5758046870501526,0.5842486562280906,,-0.73%
09/22/2017,0.5787371954395509,0.5762028233938347,0.5757715338553662,0.5828185103158876,,-0.41%
09/21/2017,0.5763688760806917,0.5729345708720064,0.5707436790137549,0.5780012716027976,,-0.58%
09/20/2017,0.5730002292000916,0.5762360262763628,0.5712979890310786,0.5782017924255565,,0.58%
09/19/2017,0.5763024435223605,0.5750761975961816,0.5735260380821289,0.5785363031530228,,-0.20%
09/18/2017,0.5751423477310634,0.5781683626271971,0.574481530418797,0.5781683626271971,,0.57%
09/15/2017,0.5784359093012494,0.5816997266011285,0.5754402117619979,0.585308750365818,,0.58%
09/14/2017,0.5818012566907144,0.5793407102717109,0.5774672287347693,0.5825808330905914,,-0.39%
09/13/2017,0.5795085767269356,0.5811250581125058,0.5782352260899734,0.5822416302765647,,0.31%
09/12/2017,0.5812939603557519,0.5843169335047329,0.5807200929152149,0.5855829478245593,,0.56%
09/11/2017,0.5845218611176057,0.5894836123555766,0.5838393274170948,0.5898661003952103,,1.21%
09/08/2017,0.5915759583530525,0.590249085113918,0.5899705014749262,0.5946363798537194,,-0.20%
09/07/2017,0.590388475616956,0.5864414731409805,0.5861664712778429,0.5924170616113744,,-0.65%
09/06/2017,0.5865790708587517,0.589171036351853,0.5855486590935707,0.591961167347422,,0.45%
09/05/2017,0.5892404690354134,0.5835327070082278,0.5830223880597015,0.5901445854234287,,-0.94%
09/04/2017,0.5837030119075414,0.5852402411189793,0.582139946443125,0.5863726984871585,,-0.50%
09/01/2017,0.5807875479149727,0.5813615487471658,0.5797773654916512,0.584385226741468,,0.12%
08/31/2017,0.5814967726929116,0.5802820170602913,0.577634011090573,0.5818689631095078,,-0.16%
08/30/2017,0.5805515239477503,0.5832264084917765,0.5793407102717109,0.5844193793466191,,0.48%
08/29/2017,0.5833625014584063,0.5848979353102883,0.5824451045488962,0.5912262031453234,,0.29%
08/28/2017,0.5850348095711695,0.5860977611065525,0.584009811364831,0.5867511588335387,,0.06%
08/25/2017,0.5854115443156539,0.5845560296954463,0.5827166249053085,0.586613480377779,,-0.12%
08/24/2017,0.584726932522512,0.5873370139786209,0.5842486562280906,0.5884429798752501,,0.48%
08/23/2017,0.5875095470301392,0.5847611250804047,0.5833625014584063,0.5880277549100318,,-0.45%
08/22/2017,0.5848637267516669,0.5882698982293076,0.5842827928717499,0.5888587916617596,,0.61%
08/21/2017,0.5884429798752501,0.5860977611065525,0.5856858381164344,0.5901794145420208,,-0.22%
08/18/2017,0.5871645822323998,0.5856172405715624,0.5847611250804047,0.5902839265686796,,-0.24%
08/17/2017,0.5857544517338331,0.58230943923601,0.5813615487471658,0.5863726984871585,,-0.56%
08/16/2017,0.5824451045488962,0.5794078451822238,0.5784693700468561,0.5832264084917765,,-0.51%
08/15/2017,0.5794749956539376,0.5845560296954463,0.5784024524263982,0.5847953216374269,,0.90%
08/14/2017,0.5846927439630475,0.5882006940768191,0.5832944470368643,0.5883391186680003,,0.49%
08/11/2017,0.5875785886362301,0.5869233478107759,0.5861321141785358,0.5901097604154373,,-0.10%
08/10/2017,0.5869922517022775,0.5801473574287869,0.5795421616922631,0.5872335427799635,,-1.14%
08/09/2017,0.5802820170602913,0.5774005427565102,0.5769674590353104,0.5829544129649061,,-0.48%
08/08/2017,0.5775005775005775,0.5764353239566521,0.5746135723725795,0.5775005775005775,,-0.13%
08/07/2017,0.5767677932864229,0.5753077896674721,0.574052812858783,0.5768676088837612,,-0.16%
08/04/2017,0.5758378440631119,0.578904712284358,0.5730987449137487,0.5799791207516529,,0.57%
08/03/2017,0.5791058605513089,0.5747456750387954,0.5742176284811944,0.5798782255726298,,-0.75%
08/02/2017,0.5747787101965743,0.5807538184563563,0.5736576411197797,0.5811250581125058,,1.06%
08/01/2017,0.5808887598024978,0.5822755327821125,0.579609343302614,0.5836348780203104,,0.30%
07/31/2017,0.5826487210860573,0.5794414184725925,0.5788712011577424,0.5824790307548928,,-0.54%
07/28/2017,0.5794749956539376,0.5764353239566521,0.5758710048949036,0.5799791207516529,,-0.51%
07/27/2017,0.5765017871555402,0.5788376939106274,0.5739869130983813,0.5804841237592152,,0.49%
07/26/2017,0.5793071486502144,0.5754402117619979,0.5733616191732126,0.5794414184725925,,-0.65%
07/25/2017,0.5755395683453237,0.5796429399489914,0.5750100626760968,0.5807875479149727,,0.72%
07/24/2017,0.5797101449275363,0.5796429399489914,0.5784359093012494,0.5821060597240817,,-0.02%
07/21/2017,0.579575750550597,0.5752085130859937,0.5741187277528993,0.580046403712297,,-0.72%
07/20/2017,0.5753739930955121,0.5739539688916949,0.5730987449137487,0.5774672287347693,,-0.19%
07/19/2017,0.5742835812324125,0.5737893045673629,0.5730330640077932,0.5763024435223605,,0.02%
07/18/2017,0.5743825387708213,0.5712979890310786,0.5708414202534536,0.5756389592447616,,-0.50%
07/17/2017,0.5714938850154303,0.5723770820216358,0.5699954400364797,0.5732301519059902,,0.26%
07/14/2017,0.5729673981550449,0.5690547999772377,0.5675046819136258,0.5735589331803843,,-0.67%
07/13/2017,0.5691195720220819,0.5697356426618049,0.5678269263528476,0.5711348449368896,,0.18%
07/12/2017,0.5701254275940707,0.5666685555618519,0.566475953095791,0.5709717939933767,,-0.57%
07/11/2017,0.5668934240362812,0.5653550429669832,0.5632216277105041,0.5675368898978433,,-0.22%
07/10/2017,0.565642853102551,0.5669898508816692,0.5641748942172073,0.5675691015381122,,0.36%
07/07/2017,0.5676979846721544,0.5716572343223003,0.5659629860207143,0.5723115664167573,,0.73%
07/06/2017,0.5718206770356816,0.5721151095600435,0.5706134094151213,0.5737234652897303,,0.07%
07/05/2017,0.5722133211261158,0.5719187875321704,0.5698330389195966,0.5742835812324125,,-0.01%
07/04/2017,0.5721805801911083,0.5718860802928057,0.5713959202331296,0.5749770009199632,,-0.01%
07/03/2017,0.5721151095600435,0.5762692329856509,0.5713959202331296,0.5773005426625101,,0.54%
06/30/2017,0.5752085130859937,0.5763688760806917,0.5738551589578791,0.5791058605513089,,0.22%
06/29/2017,0.5765017871555402,0.5745475438092502,0.5726065048098946,0.5783021050196623,,-0.28%
06/28/2017,0.5749108888122341,0.5738551589578791,0.5737563830397614,0.5772672169947469,,-0.16%
06/27/2017,0.5739869130983813,0.5759705103098721,0.5732301519059902,0.5782686636211184,,0.39%
06/26/2017,0.5762360262763628,0.5804504295333178,0.5755726948313572,0.5804504295333178,,0.65%
06/23/2017,0.5799791207516529,0.580248346292213,0.5788712011577424,0.5808887598024978,,0.09%
06/22/2017,0.5804841237592152,0.5793742757821553,0.5790723261335341,0.5819028222286878,,-0.15%
06/21/2017,0.579609343302614,0.5791058605513089,0.5775005775005775,0.5819705522900541,,-0.08%
06/20/2017,0.579139398853304,0.5784024524263982,0.5767677932864229,0.5798109816199919,,-0.09%
06/19/2017,0.5786032517502748,0.5815305885089556,0.5778676683039584,0.5819705522900541,,0.54%
06/16/2017,0.5817335660267597,0.5820382981200163,0.5781015146259684,0.5829544129649061,,0.12%
06/15/2017,0.5824111822947,0.5863039399624765,0.5817674093897259,0.5879240402140044,,0.67%
06/14/2017,0.5863383172090296,0.58459020226821,0.5825468950250495,0.590249085113918,,-0.24%
06/13/2017,0.584932147870847,0.5864758665180928,0.5839075090505664,0.5871645822323998,,0.30%
06/12/2017,0.5866823115283074,0.5820382981200163,0.5816658911121452,0.5882698982293076,,-0.74%
06/09/2017,0.5823433496389471,0.5840780328251854,0.5797101449275363,0.5854115443156539,,0.34%
06/08/2017,0.5843510781277391,0.5866823115283074,0.582139946443125,0.5884776084269994,,0.48%
06/07/2017,0.5871301080319399,0.5887894488930758,0.5863383172090296,0.5903536218194699,,0.32%
06/06/2017,0.5890322200624374,0.5825129609133803,0.5822077317186772,0.589935697009026,,-1.07%
06/05/2017,0.5827505827505828,0.5836008170411439,0.5811588307084327,0.5842486562280906,,0.15%
06/02/2017,0.5836008170411439,0.5789717461787864,0.5764020981036371,0.5839416058394161,,-0.70%
06/01/2017,0.5795085767269356,0.5823433496389471,0.5779678649867067,0.5828185103158876,,0.51%
05/31/2017,0.5824790307548928,0.583056381552096,0.5806526535826269,0.5839416058394161,,0.15%
05/30/2017,0.5833284722627312,0.5800800510470445,0.5796429399489914,0.5843169335047329,,-0.53%
05/29/2017,0.580248346292213,0.5794749956539376,0.5786702158439905,0.5805515239477503,,-0.11%
05/26/2017,0.579609343302614,0.5772338951743247,0.5770007501009751,0.5816997266011285,,-0.39%
05/25/2017,0.5773672055427251,0.5809225049378413,0.5765682656826568,0.5809900069718801,,0.65%
05/24/2017,0.5811250581125058,0.5805515239477503,0.5774338838203026,0.5810575246949448,,-0.05%
05/23/2017,0.5808212812917465,0.579575750550597,0.5793071486502144,0.584180394905947,,-0.13%
05/22/2017,0.580046403712297,0.5800127602807262,0.5775672865888876,0.5822416302765647,,0.05%
05/19/2017,0.5803493703209331,0.5819028222286878,0.5783021050196623,0.5848295221942804,,0.30%
05/18/2017,0.5820721769499418,0.5786367318597385,0.5765350245027385,0.5884776084269994,,-0.56%
05/17/2017,0.5788376939106274,0.5661231884057971,0.5660270560932813,0.578904712284358,,-2.16%
05/16/2017,0.5663476241717166,0.5630313608467992,0.5628729032984352,0.5671506352087115,,-0.54%
05/15/2017,0.5633168093735917,0.5674724775848371,0.562334814148344,0.5679559266200943,,0.64%
05/12/2017,0.5669255626736209,0.5656108597285068,0.5645252342779722,0.5675368898978433,,-0.19%
05/11/2017,0.5658348893792791,0.5653230821414439,0.5632533513574406,0.5677302146020211,,-0.03%
05/10/2017,0.5656748500961647,0.5674402769108552,0.5646208570944611,0.5691843588138198,,0.34%
05/09/2017,0.567601316835055,0.5682786838665681,0.565642853102551,0.5699954400364797,,0.16%
05/08/2017,0.5685371539030076,0.569216757741348,0.5680204487361545,0.5718860802928057,,0.39%
05/05/2017,0.5707436790137549,0.5710043967338548,0.5699954400364797,0.5737563830397614,,0.08%
05/04/2017,0.5712000913920147,0.5690547999772377,0.5678591709256104,0.57185337679419,,-0.33%
05/03/2017,0.569313976658127,0.5729673981550449,0.5688929343497554,0.5731644408780879,,0.69%
05/02/2017,0.5732301519059902,0.574514535217741,0.5714612263557918,0.5748778384593274,,0.26%
05/01/2017,0.5747126436781609,0.5776006469127245,0.574085768413801,0.5781349366942244,,0.33%
04/28/2017,0.576601510695958,0.5762692329856509,0.5754733268113023,0.5782017924255565,,-0.03%
04/27/2017,0.5764353239566521,0.5774672287347693,0.574481530418797,0.5778008898133703,,0.23%
04/26/2017,0.5777675063554426,0.5790387955993052,0.5734602592040372,0.5797437532610585,,0.24%
04/25/2017,0.5791729410401947,0.5875095470301392,0.5785028346638899,0.5884429798752501,,1.46%
04/24/2017,0.5876476464711758,0.5854115443156539,0.583975706610605,0.5885468777588134,,0.90%
04/21/2017,0.5929088106249258,0.5910514805839588,0.590249085113918,0.5938947618482006,,-0.28%
04/20/2017,0.591261160054396,0.5939653124257543,0.5901445854234287,0.5944949765174484,,0.52%
04/19/2017,0.5943183168905265,0.5958410296132992,0.5914709883480215,0.5961607249314416,,0.30%
04/18/2017,0.5961251862891207,0.5920663114268798,0.5903187721369539,0.5965163445478406,,-0.63%
04/17/2017,0.5923468783319512,0.5932957579353307,0.5911912503694945,0.5963384817222255,,0.26%
04/14/2017,0.5938594928439931,0.5908070424199456,0.589935697009026,0.5940711697261332,,-0.49%
04/13/2017,0.590946696607966,0.5933309600094933,0.5889628364450203,0.5950255861002023,,0.44%
04/12/2017,0.5935422602089269,0.5888587916617596,0.5880969183721477,0.5937537109606935,,-0.75%
04/11/2017,0.589066918001885,0.58230943923601,0.5818351079304126,0.5890322200624374,,-1.08%
04/10/2017,0.5827166249053085,0.5784024524263982,0.5759705103098721,0.5828524800373026,,-0.68%
04/07/2017,0.5787706910522051,0.5829883985308693,0.5773672055427251,0.587026709715292,,0.75%
04/06/2017,0.5831243804303458,0.5859947260474656,0.5808887598024978,0.5892057506481263,,0.53%
04/05/2017,0.5862008324051821,0.5876131155247385,0.5820382981200163,0.5895183634970229,,0.29%
04/04/2017,0.5878894767783657,0.5859947260474656,0.5856858381164344,0.5895531187359981,,-0.26%
04/03/2017,0.5863726984871585,0.5822416302765647,0.5814291528577243,0.5867855885459453,,-0.68%
03/31/2017,0.5824111822947,0.5795421616922631,0.5779010633379565,0.5830903790087463,,-0.47%
03/30/2017,0.5796765404904063,0.584214523573056,0.5793071486502144,0.5854115443156539,,0.84%
03/29/2017,0.5845218611176057,0.5852059925093632,0.5835327070082278,0.5860634120611851,,0.18%
03/28/2017,0.5855829478245593,0.5873025195278088,0.5848637267516669,0.590388475616956,,0.36%
03/27/2017,0.5876821814762576,0.5882006940768191,0.5871301080319399,0.5934013766911939,,0.05%
03/24/2017,0.5879931792791203,0.5900053100477904,0.5871301080319399,0.5914360066240832,,0.41%
03/23/2017,0.590388475616956,0.588824118235883,0.5865790708587517,0.5918910920390648,,-0.22%
03/22/2017,0.589066918001885,0.584932147870847,0.5844193793466191,0.5912262031453234,,-0.65%
03/21/2017,0.5852402411189793,0.5806189397898159,0.578335550286276,0.5857544517338331,,-0.76%
03/20/2017,0.5808212812917465,0.5809225049378413,0.5788712011577424,0.582139946443125,,0.06%
03/17/2017,0.5811926072300361,0.5770340450086555,0.5760368663594471,0.5815305885089556,,-0.67%
03/16/2017,0.5773005426625101,0.5788712011577424,0.5751092707614447,0.5800127602807262,,0.31%
03/15/2017,0.5791058605513089,0.5732301519059902,0.5698005698005698,0.5799118533982834,,-0.96%
03/14/2017,0.5735260380821289,0.5761032377001959,0.5715265474081271,0.577100646352724,,0.48%
03/13/2017,0.5763024435223605,0.579609343302614,0.5759705103098721,0.581260172053011,,0.69%
03/10/2017,0.5802820170602913,0.5801810164771408,0.5766680122253619,0.5806189397898159,,0.05%
03/09/2017,0.5805515239477503,0.5838734162433584,0.5797437532610585,0.5842827928717499,,0.60%
03/08/2017,0.584009811364831,0.5844876965339879,0.5817335660267597,0.5866478939340608,,0.12%
03/07/2017,0.584726932522512,0.5854115443156539,0.5836348780203104,0.5860634120611851,,0.18%
03/06/2017,0.5857544517338331,0.5856515373352855,0.5840780328251854,0.5876131155247385,,0.06%
03/03/2017,0.5860977611065525,0.5837370848169984,0.5819705522900541,0.5867167331612297,,-0.35%
03/02/2017,0.5840439201027917,0.5878894767783657,0.5827166249053085,0.5882006940768191,,0.72%
03/01/2017,0.5882352941176471,0.5916459590580997,0.5862351975612616,0.5918910920390648,,0.65%
02/28/2017,0.5920312592504884,0.5917860101787193,0.5910165484633569,0.5970862192500597,,-0.03%
02/27/2017,0.5918560606060607,0.5944596361907026,0.5910165484633569,0.5957700327673517,,0.42%
02/24/2017,0.5943183168905265,0.5921714928643335,0.5903536218194699,0.5954862144941344,,-0.31%
02/23/2017,0.5924872615238772,0.590876861262113,0.5895531187359981,0.5925925925925926,,-0.15%
02/22/2017,0.5915759583530525,0.5892057506481263,0.588824118235883,0.5931901767706727,,-0.35%
02/21/2017,0.5895183634970229,0.5915759583530525,0.5882352941176471,0.5916459590580997,,0.38%
02/20/2017,0.5917860101787193,0.5943889681407514,0.5910514805839588,0.5948486110284932,,0.48%
02/17/2017,0.594601022713759,0.5923468783319512,0.5903536218194699,0.5960541217142517,,-0.31%
02/16/2017,0.5927682276229994,0.5857887645714955,0.5848295221942804,0.5932253663166637,,-1.13%
02/15/2017,0.5860634120611851,0.5850005850005849,0.5824111822947,0.5873715124816447,,-0.15%
02/14/2017,0.5852059925093632,0.5888587916617596,0.5839075090505664,0.5911912503694945,,0.71%
02/13/2017,0.5893446487505893,0.5899008966493628,0.585480093676815,0.5902142477719412,,0.28%
02/10/2017,0.5909816204716034,0.5894836123555766,0.586613480377779,0.5921013677541594,,-0.18%
02/09/2017,0.5899008966493628,0.5990176111177669,0.5888934691714269,0.6001320290463903,,1.55%
02/08/2017,0.5990176111177669,0.5993766482857827,0.5974072525240457,0.601286753652817,,0.08%
02/07/2017,0.5995203836930456,0.6013590715015936,0.5983366241847663,0.6028454304316373,,0.38%
02/06/2017,0.6017933441656136,0.5976571838393497,0.5956280898207159,0.6020832078993317,,-0.93%
02/03/2017,0.5961962678113635,0.5958410296132992,0.5932605600379687,0.5982292414453219,,-0.05%
02/02/2017,0.5958765343820761,0.5952735281862016,0.5944949765174484,0.6005284650492433,,-0.07%
02/01/2017,0.5954862144941344,0.5985515053570359,0.5916459590580997,0.5994125756758377,,0.56%
01/31/2017,0.5988023952095809,0.5961962678113635,0.594883997620464,0.6025548324897566,,-0.41%
01/30/2017,0.5963384817222255,0.591715976331361,0.5914360066240832,0.5975143403441683,,-0.70%
01/27/2017,0.5921364282330649,0.5952380952380952,0.5898661003952103,0.5960185957801883,,0.56%
01/26/2017,0.5954507562224604,0.6001320290463903,0.5934365913002195,0.6013590715015936,,0.82%
01/25/2017,0.6003121623244088,0.5988023952095809,0.5975857535556353,0.6021194605009633,,-0.22%
01/24/2017,0.5989817310572028,0.6038282712396594,0.5982292414453219,0.6051071039574004,,0.84%
01/23/2017,0.6040106305870984,0.5953089653530182,0.5949193884228687,0.6043026347594875,,-1.62%
01/20/2017,0.5942476824340385,0.5928736586233473,0.5904930617065249,0.5961251862891207,,-0.21%
01/19/2017,0.5929791271347249,0.5950609937518595,0.5892404690354134,0.5961607249314416,,0.36%
01/18/2017,0.5950964056177102,0.6025548324897566,0.5943889681407514,0.6030999336590074,,1.27%
01/17/2017,0.602663773880552,0.5963384817222255,0.5959475566150179,0.6033182503770739,,-1.01%
01/16/2017,0.5965519298454931,0.5950964056177102,0.5950964056177102,0.5993766482857827,,-0.16%
01/13/2017,0.5955926146515783,0.593930035041872,0.5907372400756143,0.5968367651447329,,-0.22%
01/12/2017,0.5942829975634397,0.5918560606060607,0.591261160054396,0.59776436128878,,-0.31%
01/11/2017,0.5924170616113744,0.5901794145420208,0.5853772756541591,0.5969080164746613,,-0.35%
01/10/2017,0.5903536218194699,0.5868889019308645,0.5862351975612616,0.5920312592504884,,-0.55%
01/09/2017,0.5870956378794105,0.5829204313611192,0.5803156917363045,0.5876821814762576,,-0.72%
01/06/2017,0.5828524800373026,0.5872335427799635,0.5815982319413748,0.5887201224537855,,0.78%
01/05/2017,0.587406015037594,0.578904712284358,0.5780680964217585,0.5880969183721477,,-1.40%
01/04/2017,0.5791729410401947,0.5796765404904063,0.576734529096257,0.5809225049378413,,0.11%
01/03/2017,0.5798109816199919,0.5796765404904063,0.5766347595433052,0.5833284722627312,,0.02%
01/02/2017,0.5799454851243984,0.5805178218971323,0.5788376939106274,0.5823433496389471,,0.27%
12/30/2016,0.5815305885089556,0.5828864537188155,0.5790052689479473,0.585514374377891,,0.26%
12/29/2016,0.583056381552096,0.5819028222286878,0.5816320595591229,0.5860290670417253,,-0.16%
12/28/2016,0.582139946443125,0.578904712284358,0.5771339527904427,0.5828524800373026,,-0.51%
12/27/2016,0.5791729410401947,0.5787037037037037,0.5770007501009751,0.580416739218759,,-0.05%
12/26/2016,0.5788712011577424,0.5782352260899734,0.5777341267548673,0.5798109816199919,,-0.09%
12/23/2016,0.578368999421631,0.5772338951743247,0.5765682656826568,0.579139398853304,,-0.16%
12/22/2016,0.5774672287347693,0.5770007501009751,0.5762360262763628,0.5793407102717109,,-0.04%
12/21/2016,0.5772338951743247,0.5761364291064124,0.5750100626760968,0.5797437532610585,,-0.14%
12/20/2016,0.5764353239566521,0.5794414184725925,0.5743495491356039,0.580046403712297,,0.55%
12/19/2016,0.579609343302614,0.5755395683453237,0.5748447919061853,0.5820721769499418,,-0.75%
12/16/2016,0.5752416014726185,0.5741516908767296,0.5723443223443223,0.5775005775005775,,-0.16%
12/15/2016,0.5743495491356039,0.5765017871555402,0.5716899153898924,0.5779678649867067,,0.42%
12/14/2016,0.5767677932864229,0.5852059925093632,0.5747126436781609,0.5882352941176471,,1.50%
12/13/2016,0.5854458169896376,0.5861664712778429,0.5844876965339879,0.5877167205406993,,0.15%
12/12/2016,0.5863383172090296,0.585308750365818,0.5816658911121452,0.5868544600938967,,-0.23%
12/09/2016,0.584966364434045,0.5923819678928973,0.5846585594013096,0.5925223677193814,,1.30%
12/08/2016,0.5925574780753733,0.5928385107896609,0.5898661003952103,0.5965875193890944,,0.07%
12/07/2016,0.5929439667951378,0.5941417622244668,0.5921714928643335,0.5964451866873434,,0.24%
12/06/2016,0.5943536404160475,0.5974072525240457,0.5933309600094933,0.6000960153624579,,0.56%
12/05/2016,0.597692905385213,0.5991970759182695,0.5938242280285035,0.602663773880552,,0.26%
12/02/2016,0.5992688919518188,0.598014591556034,0.5971575301564552,0.6011783094865937,,-0.17%
12/01/2016,0.5982650314089142,0.5993766482857827,0.5951318216985062,0.6008532115604158,,0.21%
11/30/2016,0.5995203836930456,0.6105751618024179,0.5986590038314176,0.6124073733847756,,1.87%
11/29/2016,0.6107243190423843,0.6126324817741836,0.6064281382656155,0.61436382625791,,0.35%
11/28/2016,0.6128577557148986,0.6059504332545598,0.6056935190793459,0.6151574803149606,,-1.10%
11/25/2016,0.606134076857801,0.6066488716330988,0.6013229104028863,0.6083465141744738,,0.15%
11/24/2016,0.6070171178827243,0.6114338122898196,0.605803598473375,0.612294881214793,,0.76%
11/23/2016,0.6116207951070336,0.6154224875376946,0.6094959468519534,0.6182380216383307,,0.64%
11/22/2016,0.6155361319709467,0.6156498183833036,0.6135345726731701,0.6188118811881188,,0.06%
11/21/2016,0.6159152500615915,0.6146659290675518,0.6126700159294204,0.6174364040503828,,-0.16%
11/18/2016,0.6149305128520477,0.6177033788374823,0.6137228427642077,0.6196938712276135,,0.50%
11/17/2016,0.6180087757246152,0.6235191420376606,0.617093489663684,0.62625250501002,,0.90%
11/16/2016,0.6235969069593416,0.620693935820247,0.6182762458266353,0.6242976651267325,,-0.40%
11/15/2016,0.6211180124223602,0.6251562890722681,0.6197322756569162,0.6289308176100629,,0.69%
11/14/2016,0.6254299831133905,0.6341154090044389,0.6243756243756244,0.6341958396752917,,1.32%
11/11/2016,0.6337135614702154,0.6259389083625438,0.6251562890722681,0.6350415952244872,,-1.20%
11/10/2016,0.6261348694508797,0.6294454585510165,0.6230529595015576,0.6336734047272036,,0.59%
11/09/2016,0.6298022420959818,0.6299212598425197,0.6275100401606426,0.6612881893929374,,0.06%
11/08/2016,0.630159430335875,0.6389368091495752,0.6295247088448221,0.6395088571976721,,1.42%
11/07/2016,0.6391001469930339,0.6475845097785261,0.6376737661012626,0.6478362270018139,,1.37%
11/04/2016,0.6478362270018139,0.647332988089073,0.6454527851287679,0.6491820306413919,,-0.05%
11/03/2016,0.647542575924367,0.6462453147214682,0.6451196696987291,0.6505757595471993,,-0.17%
11/02/2016,0.6464541987200207,0.6403278478581033,0.6401229035974907,0.6479621590099138,,-0.90%
11/01/2016,0.6406560317765392,0.6361323155216285,0.6343970056461333,0.64279745452208,,-0.67%
10/31/2016,0.6363347120585429,0.6377144314775843,0.6341154090044389,0.6404918977774932,,0.26%
10/28/2016,0.6379585326953748,0.6352029473416757,0.6328312871788381,0.639386189258312,,-0.41%
10/27/2016,0.6353643814727746,0.64,0.6346385733324871,0.6417249566835654,,0.76%
10/26/2016,0.6401638819537802,0.6409845522722902,0.6386511687316387,0.6424257998201208,,0.15%
10/25/2016,0.6411078343377355,0.6415602745877975,0.6372267890142101,0.6419309282321222,,0.10%
10/24/2016,0.6417661404184315,0.6444129398118313,0.640861317610869,0.644786897930234,,0.48%
10/21/2016,0.6448700586831754,0.6429214350006429,0.6414779652318943,0.6467886941336265,,-0.28%
10/20/2016,0.6430454633142564,0.6442468754026542,0.6418485237483954,0.6450780544445878,,0.22%
10/19/2016,0.6444544692917445,0.6425083526085839,0.6418073294397022,0.6463288521199587,,-0.28%
10/18/2016,0.6426735218508998,0.6428387760349704,0.6399590426212722,0.6443298969072164,,0.05%
10/17/2016,0.6429627724554748,0.641025641025641,0.6389776357827476,0.643583472776419,,-0.38%
10/14/2016,0.6404918977774932,0.6441638752898737,0.6386103838048406,0.6447453255963894,,0.60%
10/13/2016,0.6443298969072164,0.6411489388985061,0.6384472961757007,0.647332988089073,,-0.47%
10/12/2016,0.6412722842118764,0.6457445434586078,0.6393044367727911,0.6469142191745374,,0.71%
10/11/2016,0.6458279514337381,0.6417249566835654,0.6394270733422853,0.6480041472265423,,-0.58%
10/10/2016,0.6420545746388443,0.6455361177457879,0.6404508774177021,0.6477942605428516,,0.82%
10/07/2016,0.647332988089073,0.6416426050689766,0.6409845522722902,0.6475006475006475,,-0.85%
10/06/2016,0.6418485237483954,0.6431695394906097,0.6402458544080927,0.6446621970087675,,0.24%
10/05/2016,0.6433764395547835,0.6474168069403082,0.6418897233455292,0.6488871585231328,,0.65%
10/04/2016,0.647542575924367,0.6546644844517184,0.6462035541195477,0.655265054714632,,1.15%
10/03/2016,0.6550075325866248,0.6566419331538512,0.6540222367560498,0.6578081831337982,,0.29%
09/30/2016,0.6569007422978388,0.6612881893929374,0.6560818790185015,0.6623832549513148,,0.71%
09/29/2016,0.6615506747816883,0.6590654451987082,0.6541077969649398,0.6630420368651373,,-0.34%
09/28/2016,0.6592827004219409,0.6613756613756614,0.6584578916178311,0.6625588020936858,,0.36%
09/27/2016,0.661638216223369,0.6639224538573895,0.6580679126085812,0.6663557006730193,,0.37%
09/26/2016,0.6640988179041041,0.6603275224511358,0.6596306068601583,0.6645843025187745,,-0.52%
09/23/2016,0.660676532769556,0.6613319224918986,0.6580679126085812,0.66203243958954,,0.14%
09/22/2016,0.6615944426066821,0.6652032195835827,0.6596306068601583,0.6682258603407952,,0.61%
09/21/2016,0.6656017039403621,0.6585879873551107,0.6526563111865292,0.6671559143371807,,-1.02%
09/20/2016,0.6588049278608604,0.6569870573549701,0.6559958016268695,0.6596306068601583,,-0.23%
09/19/2016,0.6572893387669252,0.6560818790185015,0.6547502127938191,0.6591088847877669,,-0.21%
09/16/2016,0.6559097468188377,0.6548788474132285,0.6541077969649398,0.658544616397761,,-0.14%
09/15/2016,0.6550075325866248,0.6521455588887439,0.6506604203266315,0.6561679790026247,,-0.40%
09/14/2016,0.6524008350730689,0.6546644844517184,0.6474168069403082,0.6554368486596316,,0.38%
09/13/2016,0.6548788474132285,0.6551791915088777,0.6524008350730689,0.6589351607801792,,0.09%
09/12/2016,0.6554368486596316,0.651380927566441,0.6506604203266315,0.6578081831337982,,-0.57%
09/09/2016,0.6517205422314911,0.6500682571670026,0.6476683937823834,0.6533812479581836,,-0.21%
09/08/2016,0.6503219093451258,0.6533812479581836,0.649392817715436,0.6554368486596316,,0.51%
09/07/2016,0.6536374926465782,0.6496881496881497,0.6488450558006749,0.6551791915088777,,-0.54%
09/06/2016,0.650110518788194,0.6426735218508998,0.6402868485081316,0.6502796202367017,,-1.06%
09/05/2016,0.6432109088570143,0.6425083526085839,0.6403688524590163,0.6445790898543252,,-0.06%
09/02/2016,0.6428387760349704,0.6469979296066253,0.6388143605468252,0.648508430609598,,0.68%
09/01/2016,0.6472073004983496,0.6475845097785261,0.6441638752898737,0.6505757595471993,,0.07%
08/31/2016,0.6476683937823834,0.6521030322791,0.6468723720809884,0.6527841242900972,,0.72%
08/30/2016,0.6523157208088716,0.6584578916178311,0.6510416666666666,0.6594566077552098,,0.98%
08/29/2016,0.6587181345102431,0.6592827004219409,0.6558667278808946,0.6592827004219409,,0.11%
08/26/2016,0.6594131223211342,0.6666666666666666,0.6582411795681937,0.6690753378830456,,1.13%
08/25/2016,0.6668444918644971,0.6686726847208291,0.6659563132658497,0.6690753378830456,,0.37%
08/24/2016,0.6692992436918547,0.6695681285570807,0.6671559143371807,0.6706458319361545,,0.07%
08/23/2016,0.6697923643670461,0.6697923643670461,0.6685832720465333,0.6717270101430779,,0.03%
08/22/2016,0.6699718611818304,0.6684045184145445,0.6651589729945456,0.6714563889075404,,0.03%
08/19/2016,0.6701514542286557,0.668985817500669,0.6653802648213455,0.6710958996040535,,-0.13%
08/18/2016,0.6692544505420961,0.6670669068107531,0.6645401382243488,0.6715465717547512,,-0.27%
08/17/2016,0.6674230794900888,0.6666666666666666,0.6616819956328988,0.6687621213134488,,-0.08%
08/16/2016,0.6668889629876625,0.6602839220864972,0.6601095781899796,0.6702412868632708,,-0.96%
08/15/2016,0.6604583581005218,0.6611133148221605,0.6595435958316844,0.6632179334129195,,0.03%
08/12/2016,0.6606328863050802,0.6547502127938191,0.6533812479581836,0.6628662335940607,,-0.88%
08/11/2016,0.6548359635911205,0.659152330103487,0.6541077969649398,0.6610696106299994,,0.69%
08/10/2016,0.6593696426216538,0.655307994757536,0.6549646319098769,0.6602839220864972,,-0.60%
08/09/2016,0.6554368486596316,0.6520605112154407,0.651508241579256,0.6561679790026247,,-0.47%
08/08/2016,0.6523582751647204,0.657030223390276,0.6508721687060661,0.657030223390276,,0.66%
08/05/2016,0.6566850538481744,0.6602839220864972,0.6547930853850183,0.6623393826996953,,0.59%
08/04/2016,0.6605892456070815,0.6596306068601583,0.6583711896767398,0.6622078008078935,,-0.13%
08/03/2016,0.6597176408497163,0.6609385327164574,0.6582845105654664,0.6635259770420011,,0.21%
08/02/2016,0.6611133148221605,0.6520605112154407,0.649392817715436,0.6622078008078935,,-1.34%
08/01/2016,0.6522306287503261,0.6529972574115188,0.6496881496881497,0.6538084341288002,,0.17%
07/29/2016,0.6533385600418137,0.6366588145412874,0.6361323155216285,0.6545787785559992,,-2.52%
07/28/2016,0.6368615462998344,0.636213258684311,0.634960949901581,0.6414779652318943,,-0.06%
07/27/2016,0.6364967220418815,0.6432936635574139,0.6319914049168931,0.6434592368573451,,1.09%
07/26/2016,0.6434592368573451,0.63710499490316,0.6366182836771073,0.6477103439341926,,-0.92%
07/25/2016,0.6375111564452378,0.6328713372571356,0.6288517167651867,0.6376331059108589,,-0.66%
07/22/2016,0.6332721170286872,0.6345982992765579,0.6310740880979427,0.6362942224484601,,0.24%
07/21/2016,0.634799720688123,0.6285750204286882,0.6251562890722681,0.6378364587319811,,-0.94%
07/20/2016,0.6288517167651867,0.6332721170286872,0.627549419516787,0.6349206349206349,,0.73%
07/19/2016,0.6334325711028062,0.6324310650139136,0.6303977809998108,0.6362942224484601,,-0.14%
07/18/2016,0.6325510784995888,0.6369426751592356,0.6317119393556538,0.6382028208564682,,1.27%
07/15/2016,0.6405739542630197,0.6345177664974619,0.6288912647003333,0.6417249566835654,,-0.91%
07/14/2016,0.6347594261774788,0.6412311638345624,0.6309546343617894,0.6443714156840002,,1.06%
07/13/2016,0.6415191172696947,0.6397543343356151,0.6384472961757007,0.6456611570247934,,-0.24%
07/12/2016,0.64,0.653039900737935,0.6384472961757007,0.6555227794165847,,2.07%
07/11/2016,0.6532532009406846,0.6682258603407952,0.6523157208088716,0.6682258603407952,,2.25%
07/08/2016,0.6679580522343196,0.6697475051905432,0.6648936170212766,0.6734913793103449,,0.31%
07/07/2016,0.6700167504187605,0.6652917304237908,0.6645843025187745,0.6711859856366199,,-0.68%
07/06/2016,0.6654688227856526,0.6628222973420826,0.6625149065853981,0.6738544474393531,,-0.34%
07/05/2016,0.6631739505272233,0.655694708543702,0.6554368486596316,0.6645401382243488,,-1.08%
07/04/2016,0.6560388374991799,0.655307994757536,0.6531252041016263,0.6565557087518876,,-0.08%
07/01/2016,0.6555227794165847,0.6535947712418301,0.6527841242900972,0.6583711896767398,,-0.25%
06/30/2016,0.653893938403191,0.655694708543702,0.6531678641410843,0.6610259122157589,,0.30%
06/29/2016,0.6558667278808946,0.6588917440864466,0.6547502127938191,0.6639665360865813,,0.51%
06/28/2016,0.6591957811470007,0.6658232904987016,0.6582411795681937,0.6691201070592172,,1.03%
06/27/2016,0.666000666000666,0.6648936170212766,0.6623393826996953,0.6699718611818304,,-0.24%
06/24/2016,0.6644076805527871,0.6337938902268981,0.6297229219143576,0.6818026863025841,,-4.57%
06/23/2016,0.63403499873193,0.6459948320413437,0.6335128286347799,0.6468305304010349,,1.92%
06/22/2016,0.6462035541195477,0.6457445434586078,0.6428801028608164,0.648508430609598,,-0.06%
06/21/2016,0.6457862447529867,0.6499837504062399,0.6435006435006435,0.6515931452401121,,0.68%
06/20/2016,0.6501950585175552,0.6427148274310688,0.6396724876863047,0.6509145349215648,,-0.89%
06/17/2016,0.6444129398118313,0.6455777921239509,0.6419309282321222,0.6458279514337381,,0.23%
06/16/2016,0.6458696635019053,0.6327111673521038,0.6325910931174089,0.6496881496881497,,-2.01%
06/15/2016,0.6329113924050632,0.6341154090044389,0.6303977809998108,0.6356470887363336,,0.22%
06/14/2016,0.6343165239454488,0.632231143706139,0.6307954330410648,0.6367398917542184,,-0.28%
06/13/2016,0.6325510784995888,0.6261740763932373,0.6261348694508797,0.6343970056461333,,-1.03%
06/10/2016,0.6260564702936205,0.6232859636000997,0.6225487144369046,0.6281407035175879,,-0.41%
06/09/2016,0.6234802668495542,0.6215813028344107,0.6208866261020738,0.628061801281246,,-0.27%
06/08/2016,0.6217745445501461,0.6208866261020738,0.6208480784751971,0.6256647688168679,,-0.10%
06/07/2016,0.6211565935772407,0.620963735717834,0.6188118811881188,0.6231306081754736,,0.00%
06/06/2016,0.6211565935772407,0.6294058408862034,0.6203473945409429,0.6298419096806702,,1.28%
06/03/2016,0.6291286568103177,0.6178178672927221,0.6159531875577456,0.6290890790135883,,-1.76%
06/02/2016,0.6180851721367204,0.6156119182467372,0.6151953245155337,0.6202319667555666,,-0.38%
06/01/2016,0.6157635467980295,0.607053967097675,0.6063545961678389,0.6189267809618122,,-1.37%
05/31/2016,0.6073120369245718,0.6044122091266243,0.6028817748839452,0.608976310821509,,-0.44%
05/30/2016,0.6046314771146987,0.6070171178827243,0.6036095853202149,0.6073858114674441,,0.60%
05/27/2016,0.6082355087890031,0.6097189195780746,0.6059137178865729,0.612294881214793,,0.27%
05/26/2016,0.6099048548426446,0.6105378838756945,0.6086797735711242,0.6151196407701298,,0.10%
05/25/2016,0.6105378838756945,0.6148170919151552,0.6090133982947625,0.6151953245155337,,0.73%
05/24/2016,0.6150061500615006,0.617093489663684,0.6142128861863522,0.6201550387596899,,0.37%
05/23/2016,0.6172839506172839,0.6121824303642486,0.6113964294448521,0.6186204763377667,,-0.84%
05/20/2016,0.6121074860745547,0.6132335806708775,0.6093845216331505,0.61436382625791,,0.21%
05/19/2016,0.613421666053245,0.6092731371473832,0.608790941190795,0.615839389087326,,-0.65%
05/18/2016,0.6094588005850804,0.612294881214793,0.60882800608828,0.6152331733727082,,0.50%
05/17/2016,0.6124823911312549,0.6130831953896144,0.6085316132173066,0.6139489194499017,,0.13%
05/16/2016,0.6132711885195633,0.6157256326580876,0.612369871402327,0.6167509559639818,,0.39%
05/13/2016,0.6156877231867997,0.612369871402327,0.6103888176768602,0.6158014656074882,,-0.52%
05/12/2016,0.6124823911312549,0.6138735420503376,0.6090875867949811,0.6153846153846154,,0.28%
05/11/2016,0.6141751627564181,0.6097932800780536,0.6091617933723197,0.6149305128520477,,-0.68%
05/10/2016,0.6099792607051361,0.6162188809465122,0.6091617933723197,0.616408802317697,,1.05%
05/09/2016,0.616408802317697,0.6217358865953743,0.6132711885195633,0.6222775357809583,,0.90%
05/06/2016,0.621929224454257,0.6205398696866274,0.6199243692269544,0.6264094211976948,,-0.19%
05/05/2016,0.6207324643078833,0.6225874735400323,0.6188118811881188,0.6234413965087281,,0.33%
05/04/2016,0.6227813414710096,0.6242586928022972,0.6204628652975119,0.6263309532757109,,0.28%
05/03/2016,0.6245316012990257,0.6234413965087281,0.6231694397706736,0.6285355122564426,,-0.13%
05/02/2016,0.6237135907191418,0.6248828344685371,0.6214267959234402,0.6260956674179815,,0.16%
04/29/2016,0.624687656171914,0.6142128861863522,0.6134592969756456,0.625,,-1.63%
04/28/2016,0.6144770800049159,0.595202666507946,0.5933309600094933,0.6161429451632778,,-3.08%
04/27/2016,0.5955216769890423,0.5965519298454931,0.5946717411988582,0.5997001499250375,,0.20%
04/26/2016,0.5966943135031924,0.5996641880546894,0.5956635692161067,0.6028817748839452,,0.53%
04/25/2016,0.5998440405494572,0.5974786401386151,0.5955926146515783,0.6012144531954549,,-0.57%
04/22/2016,0.5964451866873434,0.6073858114674441,0.5960185957801883,0.608790941190795,,1.88%
04/21/2016,0.6076441635778088,0.6021557174685374,0.6021194605009633,0.6080136195050769,,-0.84%
04/20/2016,0.6025185274447189,0.6057302077654613,0.601829561868079,0.60960741282614,,0.58%
04/19/2016,0.6060238773407672,0.6103143118706134,0.6041565973900435,0.6107243190423843,,0.73%
04/18/2016,0.6104633416763324,0.6158014656074882,0.6097560975609756,0.6182762458266353,,0.44%
04/15/2016,0.6131583788092464,0.6087538808059901,0.6068697657482705,0.6131583788092464,,-0.68%
04/14/2016,0.6090133982947625,0.608124543906592,0.6073120369245718,0.611583389395144,,-0.12%
04/13/2016,0.6083095078776082,0.6106497313141183,0.6077549532028687,0.6118827632625589,,0.42%
04/12/2016,0.6108362348054487,0.6140620202640467,0.60960741282614,0.6151574803149606,,0.56%
04/11/2016,0.6142506142506143,0.6158014656074882,0.612294881214793,0.6185822095756526,,0.31%
04/08/2016,0.6161429451632778,0.6169031462060457,0.6108735491753207,0.6177033788374823,,0.15%
04/07/2016,0.6170554115759596,0.605840300496789,0.6054368226675546,0.6191567085629373,,-1.79%
04/06/2016,0.6060238773407672,0.6020469596628537,0.600168047053175,0.6088650754992694,,-0.66%
04/05/2016,0.6020107157907411,0.5937889674009857,0.5934365913002195,0.6039012017633916,,-1.34%
04/04/2016,0.593930035041872,0.5940711697261332,0.5919962112242482,0.5961962678113635,,0.10%
04/01/2016,0.5944949765174484,0.5885468777588134,0.5884083553986467,0.5948132286462051,,-0.98%
03/31/2016,0.588650812338121,0.5904581955597543,0.5879931792791203,0.5914010290377905,,0.31%
03/30/2016,0.5904581955597543,0.5889628364450203,0.5883045064125191,0.592206561648703,,-0.22%
03/29/2016,0.5891363261458702,0.5871301080319399,0.584180394905947,0.589622641509434,,-0.31%
03/28/2016,0.5873025195278088,0.5908419497784343,0.5861664712778429,0.5911563017261764,,0.68%
03/25/2016,0.5912961210974456,0.5925574780753733,0.5901794145420208,0.5934718100890207,,0.26%
03/24/2016,0.5928385107896609,0.5955216769890423,0.5918210333195242,0.5958055290753098,,0.50%
03/23/2016,0.5958055290753098,0.5940358797671379,0.5910864168341412,0.5961607249314416,,-0.27%
03/22/2016,0.5942123715015747,0.5940358797671379,0.5925223677193814,0.5999880002399952,,-0.01%
03/21/2016,0.5941417622244668,0.594990182661986,0.5938242280285035,0.5979430758191819,,0.18%
03/18/2016,0.595202666507946,0.5980503558399618,0.5936832106388031,0.6011783094865937,,0.51%
03/17/2016,0.5982650314089142,0.5967299200381907,0.5931549913992527,0.6028090903610827,,-0.24%
03/16/2016,0.5968011458582001,0.5953798523457966,0.590772139185916,0.598014591556034,,-0.23%
03/15/2016,0.5954153021732659,0.5898313082458417,0.5895878780732269,0.5984798611526722,,-0.91%
03/14/2016,0.5900053100477904,0.5882352941176471,0.5871301080319399,0.5915759583530525,,-0.32%
03/11/2016,0.5881315062047874,0.5947778504728484,0.5879240402140044,0.5969080164746613,,1.18%
03/10/2016,0.5950609937518595,0.5918910920390648,0.584726932522512,0.5973358819664297,,-0.50%
03/09/2016,0.5920663114268798,0.5978715771852205,0.5916809656233359,0.5995203836930456,,1.01%
03/08/2016,0.5980503558399618,0.590388475616956,0.590388475616956,0.5990176111177669,,-1.23%
03/07/2016,0.5906674542232723,0.5886161633998469,0.5871990604815032,0.5921364282330649,,-0.36%
03/04/2016,0.5885468777588134,0.5904233335301411,0.5863039399624765,0.5935070330583417,,0.35%
03/03/2016,0.5905976848570753,0.5938947618482006,0.589066918001885,0.5941770647653001,,0.61%
03/02/2016,0.5941770647653001,0.5942476824340385,0.5895531187359981,0.5956280898207159,,0.06%
03/01/2016,0.5945303210463734,0.6052902366684826,0.5932957579353307,0.6083835249741437,,1.85%
02/29/2016,0.6055101422948834,0.6037189084762135,0.6027727546714888,0.6094216588457554,,-0.40%
02/26/2016,0.6030999336590074,0.6085686465433301,0.6029544769369912,0.6109855196431845,,0.94%
02/25/2016,0.6087538808059901,0.610016470444702,0.6081985159956209,0.6134969325153374,,0.23%
02/24/2016,0.6101653548111539,0.611583389395144,0.6098304671301379,0.6169031462060457,,0.25%
02/23/2016,0.611695620259359,0.607053967097675,0.6065384848668648,0.6138735420503376,,-0.76%
02/22/2016,0.607053967097675,0.6095702529716549,0.6050338818973863,0.6110228522546743,,0.35%
02/19/2016,0.6091617933723197,0.6052536012589276,0.6046314771146987,0.6103515625,,-0.61%
02/18/2016,0.6054368226675546,0.5988023952095809,0.5979073243647234,0.605840300496789,,-1.05%
02/17/2016,0.5990534954771461,0.6003121623244088,0.5972645284596548,0.6053635207942369,,0.23%
02/16/2016,0.6004202942059441,0.5947071067499257,0.5931549913992527,0.6028090903610827,,-0.95%
02/15/2016,0.5947424765076722,0.601684717208183,0.5934718100890207,0.6025548324897566,,1.19%
02/12/2016,0.601829561868079,0.6090875867949811,0.5999520038396928,0.612369871402327,,1.22%
02/11/2016,0.6091989034419738,0.5986948452373826,0.5973715651135006,0.6158773172384061,,-1.68%
02/10/2016,0.5989458552946814,0.5898313082458417,0.5889628364450203,0.5997001499250375,,-1.50%
02/09/2016,0.5899705014749262,0.5872680291284942,0.5871990604815032,0.5963029218843172,,-0.43%
02/08/2016,0.587406015037594,0.5805178218971323,0.5769341718109964,0.5903536218194699,,-1.22%
02/05/2016,0.5802146794313896,0.5784693700468561,0.5760368663594471,0.5804504295333178,,-0.28%
02/04/2016,0.5785697755149272,0.5761364291064124,0.5736905513166198,0.5800800510470445,,-0.37%
02/03/2016,0.5764020981036371,0.5666043401892459,0.566475953095791,0.580416739218759,,-1.66%
02/02/2016,0.5668291576918717,0.5606323933396872,0.5603496581867086,0.5669898508816692,,-1.05%
02/01/2016,0.5608524957936063,0.5606952621250351,0.5572272372673577,0.5626828719333784,,0.01%
01/29/2016,0.5609154139555755,0.5727048851726705,0.5575068294586608,0.5746465923457074,,2.13%
01/28/2016,0.5728689275893676,0.5741516908767296,0.5717552887364208,0.5760036864235931,,0.26%
01/27/2016,0.5743495491356039,0.5719842132357147,0.5713959202331296,0.5763024435223605,,-0.38%
01/26/2016,0.5721478430026319,0.5727048851726705,0.5708088361207831,0.576468553640399,,0.14%
01/25/2016,0.5729345708720064,0.5696382796923953,0.5681818181818182,0.5737893045673629,,-0.72%
01/22/2016,0.5688282138794084,0.5758710048949036,0.5681818181818182,0.5770340450086555,,1.28%
01/21/2016,0.5761364291064124,0.5811250581125058,0.5757383844780931,0.5846585594013096,,0.91%
01/20/2016,0.5813615487471658,0.5757383844780931,0.5755395683453237,0.5876476464711758,,-0.93%
01/19/2016,0.5759373380176237,0.5767012687427913,0.5722133211261158,0.5777341267548673,,0.16%
01/18/2016,0.5768676088837612,0.5790723261335341,0.5752085130859937,0.5814291528577243,,0.39%
01/15/2016,0.5791058605513089,0.5702554744525548,0.5689900426742531,0.5824111822947,,-1.51%
01/14/2016,0.5703530485370444,0.5686018081537499,0.567118471048602,0.5742506029631331,,-0.27%
01/13/2016,0.5688282138794084,0.5689576695493855,0.5639203744431286,0.5691195720220819,,0.07%
01/12/2016,0.5692491603574885,0.5668934240362812,0.5659950192438307,0.5712000913920147,,-0.35%
01/11/2016,0.5672471495830734,0.569313976658127,0.565642853102551,0.5732958780026371,,0.36%
01/08/2016,0.5692815666628714,0.5684078895015062,0.5613877505192837,0.5696382796923953,,-0.12%
01/07/2016,0.5686018081537499,0.5629679671226707,0.5620187714269657,0.5701579337476481,,-0.96%
01/06/2016,0.5631264782070052,0.5585344057193923,0.558191459670667,0.5651952749675012,,-0.82%
01/05/2016,0.5585032113934655,0.5574446736161436,0.5554938340184424,0.5606323933396872,,-0.16%
01/04/2016,0.5576000892160142,0.5505698397841766,0.5496921723834652,0.5611672278338945,,-1.24%
01/01/2016,0.5506607929515418,0.5502668794365267,0.5495411331538166,0.550691117352277,,-0.04%
12/31/2015,0.5504486156217318,0.5516632647432007,0.5489980785067252,0.5520591807441758,,0.24%
12/30/2015,0.5517850245544336,0.5498130635583901,0.5495109352676119,0.5520287054926856,,-0.34%
12/29/2015,0.5499340079190497,0.5492694716027683,0.5492091388400703,0.5518154729058603,,-0.08%
12/28/2015,0.5494807407000385,0.5489076737292787,0.5477651183172656,0.5507517761744781,,-0.19%
12/25/2015,0.5484560960895081,0.5475851494907458,0.5473453749315819,0.5500247511138001,,-0.13%
12/24/2015,0.5477351152982417,0.5461496450027308,0.5460303592879764,0.5493901769036369,,-0.27%
12/23/2015,0.546239143497023,0.547105810263705,0.545583501554913,0.5479752315195353,,0.20%
12/22/2015,0.5473154178753216,0.5468365505550391,0.546268982847154,0.5489076737292787,,-0.07%
12/21/2015,0.5469262743382192,0.5469561888092763,0.5455537370430987,0.5480953685941353,,-0.03%
12/18/2015,0.5467468562055768,0.541858574911948,0.538415980186292,0.548185505975222,,-0.86%
12/17/2015,0.5420641803989592,0.5439512619669278,0.5397236614853195,0.545404963185165,,0.37%
12/16/2015,0.544069640914037,0.5495109352676119,0.54271138608488,0.5506001541680432,,1.04%
12/15/2015,0.5497223901929525,0.5543237250554324,0.5484861781483107,0.5561116672227783,,0.86%
12/14/2015,0.5544774050457444,0.5548158011540169,0.5517850245544336,0.5575689991636464,,0.22%
12/11/2015,0.5556790397866193,0.5490282200505107,0.5463585204611265,0.5566379070414695,,-1.18%
12/10/2015,0.5491488193300385,0.5503880235566074,0.5477351152982417,0.5512071436445817,,0.28%
12/09/2015,0.550691117352277,0.5438625115570783,0.5430060816681147,0.5526388505111909,,-1.22%
12/08/2015,0.543980851874014,0.5412134004437951,0.5410377103284099,0.5444843732984863,,-0.49%
12/07/2015,0.5413305905916743,0.5410377103284099,0.5397236614853195,0.5421229534858506,,-0.03%
12/04/2015,0.5411841108345059,0.5446919766871834,0.5407159078620093,0.5465675557498907,,0.69%
12/03/2015,0.5448997384481256,0.5403652869339673,0.5394907207596029,0.5461198186882202,,-0.82%
12/02/2015,0.5404236921746649,0.5406574394463668,0.5381262444169402,0.5415651232060655,,0.08%
12/01/2015,0.5408621342419817,0.5398693516169087,0.5394034198176816,0.5421229534858506,,-0.15%
11/30/2015,0.5400734499891986,0.543980851874014,0.5387931034482758,0.5454644629902362,,0.88%
11/27/2015,0.5448403617740002,0.5428586938819825,0.5423287596941265,0.5459707359685522,,-0.34%
11/26/2015,0.5429765977086388,0.5408621342419817,0.5407451468123073,0.5438625115570783,,-0.37%
11/25/2015,0.5409791723018663,0.5407451468123073,0.5395780499649274,0.5426819341184131,,-0.01%
11/24/2015,0.5409499080385156,0.5404821100421576,0.5397527932207049,0.54333061668025,,-0.05%
11/23/2015,0.5406866720735334,0.537952552584862,0.5363080553469913,0.5406574394463668,,-0.57%
11/20/2015,0.537605505080372,0.5378946802216126,0.536797466315959,0.5396362851438131,,0.08%
11/19/2015,0.5380393844829442,0.5341024408481546,0.5340168749332479,0.5389673385792821,,-0.70%
11/18/2015,0.5342736549660736,0.5347021708908138,0.5340168749332479,0.5379236148466918,,0.07%
11/17/2015,0.53464499572284,0.5350454788657036,0.5339598462195643,0.5362505362505362,,0.08%
11/16/2015,0.5350741077639253,0.5402485143165856,0.5345592558935158,0.5410962610248363,,0.70%
11/13/2015,0.5388221348132981,0.5387350501023597,0.5372877713303246,0.5404528995298059,,0.02%
11/12/2015,0.5389382915656158,0.5377211378179276,0.536394357131363,0.5390254420008624,,-0.16%
11/11/2015,0.5380683346785041,0.5375766046661649,0.5364519070865297,0.539316147125445,,-0.09%
11/10/2015,0.537605505080372,0.5396362851438131,0.5366822304513498,0.5403652869339673,,0.40%
11/09/2015,0.5397819281010472,0.5367686527106817,0.5355899523324943,0.5405697605275961,,-0.47%
11/06/2015,0.5372300419039433,0.5409206469410938,0.5353892279687333,0.5414771496642842,,0.71%
11/05/2015,0.5410669840926307,0.5396362851438131,0.5388511693070375,0.5420054200542006,,-0.21%
11/04/2015,0.5399568034557235,0.5417998591320367,0.5374899220639613,0.5419466724474312,,0.33%
11/03/2015,0.541741156075627,0.5429176393941039,0.5405405405405405,0.5443954488540476,,0.26%
11/02/2015,0.5431240495329134,0.5421523448088913,0.5420347986340723,0.5445733267984534,,-0.11%
10/30/2015,0.542505289426572,0.5402777027392079,0.5369415807560137,0.5435668859053107,,-0.38%
10/29/2015,0.5404528995298059,0.536394357131363,0.5360493165371214,0.5407159078620093,,-0.71%
10/28/2015,0.5366246310705661,0.5405113237122318,0.5356760231412042,0.5413012882970661,,0.75%
10/27/2015,0.5406574394463668,0.5361067924730607,0.5360205831903946,0.5414185165132648,,-0.80%
10/26/2015,0.5363080553469913,0.5342451116572283,0.5339598462195643,0.5380393844829442,,-0.36%
10/23/2015,0.5343878587078502,0.5374610340750295,0.5341024408481546,0.5398693516169087,,0.61%
10/22/2015,0.5376344086021505,0.5432125590743658,0.5370280865689275,0.544425087108014,,1.05%
10/21/2015,0.5432715814635737,0.5425935973955507,0.5417998591320367,0.5443954488540476,,-0.09%
10/20/2015,0.5427702996092054,0.5432715814635737,0.5412719891745602,0.5440992437020512,,0.14%
10/19/2015,0.5435077993369205,0.5415064710023285,0.5414185165132648,0.5443954488540476,,-0.30%
10/16/2015,0.5418879375745096,0.5448700484934343,0.5406574394463668,0.5461198186882202,,0.58%
10/15/2015,0.5450482367689541,0.5447513210219534,0.5430945527616359,0.548967940272288,,-0.03%
10/14/2015,0.5448997384481256,0.5436259853220984,0.542505289426572,0.5459409291914614,,-0.20%
10/13/2015,0.5438033607047692,0.5396945328943817,0.5395198273536552,0.5447809980387884,,-0.71%
10/12/2015,0.5399568034557235,0.5386479935362241,0.5382421012971634,0.5402193290475933,,-0.22%
10/09/2015,0.5387931034482758,0.5404236921746649,0.5376922249704269,0.5422699419771162,,0.35%
10/08/2015,0.5406574394463668,0.5408036342004219,0.5403944879762226,0.544188071397475,,0.06%
10/07/2015,0.5409791723018663,0.541741156075627,0.5396945328943817,0.545404963185165,,0.15%
10/06/2015,0.5417705060136526,0.5407743889249406,0.5404528995298059,0.5447216472382612,,-0.17%
10/05/2015,0.5408328826392644,0.5447216472382612,0.5398984990821726,0.5453157378121932,,0.82%
10/02/2015,0.5452860025083156,0.5471656817684395,0.5437146585471945,0.5516024049864857,,0.38%
10/01/2015,0.5473753352673929,0.5466273095003826,0.5446623093681917,0.5490885130683066,,-0.11%
09/30/2015,0.5467767510525453,0.5498432946610217,0.5448106782892945,0.5504183179216204,,0.60%
09/29/2015,0.5500550055005501,0.5525777753218766,0.5490885130683066,0.5561116672227783,,0.49%
09/28/2015,0.552730488613752,0.548757065247215,0.5484861781483107,0.5535872453498671,,-0.68%
09/25/2015,0.548967940272288,0.5505698397841766,0.5453454763592736,0.5518459246178467,,0.32%
09/24/2015,0.5507214450930719,0.5502668794365267,0.5489980785067252,0.5565759447876663,,-0.07%
09/23/2015,0.5503274448296737,0.5485463521667581,0.5472255663784612,0.5526388505111909,,-0.30%
09/22/2015,0.5486968449931413,0.5447809980387884,0.5440992437020512,0.5508427894678859,,-0.65%
09/21/2015,0.5451076587626056,0.5494203615185979,0.5441584589432443,0.5507214450930719,,0.73%
09/18/2015,0.5490885130683066,0.5509338328466752,0.5477051155657794,0.5535872453498671,,0.31%
09/17/2015,0.5507821105970477,0.5492091388400703,0.5463585204611265,0.5515719801434087,,-0.25%
09/16/2015,0.5493901769036369,0.5517850245544336,0.5483658697082693,0.5536485439043295,,0.45%
09/15/2015,0.5518763796909492,0.551024906325766,0.5494807407000385,0.5565139963270076,,-0.12%
09/14/2015,0.5512375282509233,0.5495713343591998,0.5482155583575462,0.5534340583319498,,-0.30%
09/11/2015,0.5495713343591998,0.549601538884309,0.5482155583575462,0.552242102937928,,0.05%
09/10/2015,0.5498735290883097,0.552761041401802,0.547645125958379,0.5551546105590407,,0.58%
09/09/2015,0.5530361685654241,0.5532197388802832,0.5481254110940583,0.5538325210456357,,0.09%
09/08/2015,0.5535566011624689,0.5607581450120562,0.5529750055297501,0.5618608832453085,,1.32%
09/07/2015,0.5608839531101015,0.5613247263541958,0.5572893446277307,0.5617030837499298,,-0.07%
09/04/2015,0.5605066980550417,0.550478916657492,0.5498432946610217,0.562271577171774,,-1.76%
09/03/2015,0.5506304718903144,0.5501760563380281,0.5484861781483107,0.5534340583319498,,-0.04%
09/02/2015,0.5503880235566074,0.5560807429238726,0.5499340079190497,0.5573825316314587,,1.06%
09/01/2015,0.5562353988207809,0.547825134217158,0.5475251861585633,0.5565139963270076,,-1.48%
08/31/2015,0.5480052608505042,0.5436555398499511,0.5433010974682169,0.5489378053466542,,-0.80%
08/28/2015,0.5436259853220984,0.5450779461462989,0.54333061668025,0.5486366379546826,,0.28%
08/27/2015,0.5451373746184038,0.5503880235566074,0.543685097591475,0.5519068381257244,,1.00%
08/26/2015,0.5505698397841766,0.5577867023650156,0.5499642523235989,0.559628406737926,,1.32%
08/25/2015,0.5578178167010654,0.5642385600631947,0.5474052988832931,0.5650355972426263,,1.19%
08/24/2015,0.5644296438448947,0.5425641582117086,0.5411255411255411,0.5735589331803843,,-4.10%
08/21/2015,0.5413012882970661,0.5302789267154524,0.5297732570459843,0.5420641803989592,,-2.01%
08/20/2015,0.5304195618734419,0.5257623554153523,0.5249068290378458,0.5313496280552604,,-0.82%
08/19/2015,0.5260942760942761,0.526121955069185,0.5235876223886068,0.5269814502529511,,0.04%
08/18/2015,0.526288090100521,0.526066600031564,0.5245764045533232,0.5267316302343955,,-0.02%
08/17/2015,0.5261773217574323,0.5236424569304079,0.5231767290990896,0.5264266161297115,,-0.40%
08/14/2015,0.5240540823813018,0.5239991616013414,0.5222750300308142,0.5255136896316149,,0.02%
08/13/2015,0.5241639584862146,0.5221659443371103,0.5193456245131135,0.5257623554153523,,-0.37%
08/12/2015,0.5222477543346563,0.5141123849673539,0.5137690094533498,0.5238344683080146,,-1.52%
08/11/2015,0.5143239212055752,0.5116921659929387,0.5107774032076821,0.5157031612603785,,-0.48%
08/10/2015,0.511849311562676,0.513294322964788,0.5111951743175545,0.5134788189987163,,0.27%
08/07/2015,0.5132416341613631,0.5107513151846366,0.5102561485865905,0.5140859551717047,,-0.44%
08/06/2015,0.5109600940166573,0.5100479445067837,0.5098399102681758,0.5116136293870869,,-0.17%
08/05/2015,0.5100999795960008,0.5128994204236549,0.5096320456630313,0.5139802631578947,,0.57%
08/04/2015,0.5130046683424819,0.517437648763324,0.5126890540886953,0.5177591384487936,,0.90%
08/03/2015,0.5175983436853002,0.5159160088737553,0.514853524172373,0.5177323323841574,,-0.22%
07/31/2015,0.5164488973816042,0.5165289256198348,0.5151983513652756,0.5186721991701245,,0.06%
07/30/2015,0.5167424555601489,0.5149595756733096,0.5142710208279764,0.5169294391315585,,-0.32%
07/29/2015,0.5150922015040692,0.5163155720776539,0.51440329218107,0.5180541884681138,,0.27%
07/28/2015,0.5164755707055056,0.5208333333333334,0.5156499767957511,0.521947909598622,,0.90%
07/27/2015,0.5211318984835062,0.5180810278727593,0.5175715542673774,0.5221659443371103,,-0.61%
07/24/2015,0.5179468586523023,0.5158361704322707,0.5148800329523221,0.5185915054711404,,-0.37%
07/23/2015,0.5160224985809382,0.5128205128205129,0.5125051250512505,0.5163155720776539,,-0.58%
07/22/2015,0.5130046683424819,0.513294322964788,0.5121638924455826,0.514668039114771,,0.07%
07/21/2015,0.513373376456697,0.5117969189825478,0.5108034938958983,0.513663447709061,,-0.28%
07/20/2015,0.5119541289100497,0.5116136293870869,0.5111167901865576,0.5128468126570593,,-0.03%
07/17/2015,0.5118231139318251,0.511352014726938,0.5108034938958983,0.5125051250512505,,-0.10%
07/16/2015,0.5112997238981491,0.5131099594643131,0.5108817819556555,0.513373376456697,,0.37%
07/15/2015,0.5132152938157557,0.5128731151913016,0.5120065536838871,0.5143768324674657,,-0.02%
07/14/2015,0.5131099594643131,0.5140066820868672,0.5126890540886953,0.5156499767957511,,0.21%
07/13/2015,0.5141916906622789,0.5192107995846313,0.5136898340781836,0.5192107995846313,,0.41%
07/10/2015,0.516288915276989,0.5218117303276978,0.5152248956669586,0.5225752508361204,,1.10%
07/09/2015,0.521947909598622,0.5257347142631829,0.5211590577444236,0.5270092226613966,,0.77%
07/08/2015,0.5259835893120135,0.5179736869367035,0.5178127589063795,0.5271203415739814,,-1.47%
07/07/2015,0.5182421227197347,0.5161023947151114,0.5156765676567656,0.5207248489897938,,-0.37%
07/06/2015,0.5163155720776539,0.5194535348813049,0.5153576582148011,0.5209147262593113,,0.03%
07/03/2015,0.5164488973816042,0.5143503754757741,0.5142181313313107,0.517437648763324,,-0.37%
07/02/2015,0.5145356315924878,0.5159426271798576,0.5132679772109018,0.5164755707055056,,0.31%
07/01/2015,0.5161290322580645,0.5192377589698323,0.5157297576070139,0.5202101649066223,,0.62%
06/30/2015,0.5193456245131135,0.5198856251624643,0.5187798298402159,0.5230125523012552,,0.13%
06/29/2015,0.5200208008320333,0.517437648763324,0.5157829585310502,0.522466039707419,,-1.47%
06/26/2015,0.5124000819840131,0.513821806597472,0.5120327700972862,0.5162622612287042,,0.31%
06/25/2015,0.5139802631578947,0.5129257283545343,0.5126364894653201,0.5156499767957511,,-0.18%
06/24/2015,0.5130573085013596,0.5131889561736631,0.5107513151846366,0.5145356315924878,,0.05%
06/23/2015,0.513294322964788,0.5148800329523221,0.5125576627370579,0.5150656708730363,,0.35%
06/22/2015,0.5150656708730363,0.5171433004085432,0.5142181313313107,0.5181078700585462,,0.53%
06/19/2015,0.5178127589063795,0.5170096163788647,0.5154904892004742,0.5193456245131135,,-0.12%
06/18/2015,0.517170045510964,0.5185646131507986,0.5163955589981926,0.5206706237634072,,0.30%
06/17/2015,0.5187260089220873,0.5201560468140441,0.5150126178091363,0.5208333333333334,,0.31%
06/16/2015,0.5203184348821479,0.5192377589698323,0.5173841059602649,0.5214579965583772,,-0.18%
06/15/2015,0.5193725979017347,0.519588485919152,0.5178932104200114,0.5206435153850159,,0.05%
06/12/2015,0.5196424859696529,0.5182152666217547,0.517250297418921,0.5203455094182537,,-0.23%
06/11/2015,0.5184301933744622,0.5199126546740148,0.5154107823935677,0.5203455094182537,,0.30%
06/10/2015,0.5199937600748791,0.5148005148005148,0.5131626212346693,0.5215123859191656,,-0.97%
06/09/2015,0.5149595756733096,0.5136898340781836,0.5125839356194577,0.5161556725508414,,-0.22%
06/08/2015,0.513821806597472,0.5076915266284205,0.5073566717402334,0.5150391429748661,,-1.18%
06/05/2015,0.5077688636132832,0.5143239212055752,0.5066626133657597,0.5147210212065061,,1.31%
06/04/2015,0.514429754617007,0.5150656708730363,0.5130046683424819,0.5177591384487936,,0.15%
06/03/2015,0.5151983513652756,0.513136288998358,0.5126364894653201,0.5160224985809382,,-0.35%
06/02/2015,0.513373376456697,0.5096320456630313,0.5092168245238823,0.5150656708730363,,-0.69%
06/01/2015,0.5098139179199592,0.5135315565141478,0.5090872066384972,0.514429754617007,,0.76%
05/29/2015,0.5136898340781836,0.51440329218107,0.5129783523135324,0.5166890565257828,,0.16%
05/28/2015,0.5145356315924878,0.5160757599215565,0.512610211195407,0.5176787285810426,,0.34%
05/27/2015,0.5162622612287042,0.5197505197505198,0.5152779924769413,0.5220024012110456,,0.69%
05/26/2015,0.5198315745698394,0.5223023085762039,0.5185108368764907,0.5236698785085881,,0.51%
05/25/2015,0.522466039707419,0.5225206395652628,0.5214851898206091,0.5239991616013414,,0.01%
05/22/2015,0.5224933382099378,0.5252928507643011,0.5218117303276978,0.5270369979972594,,0.57%
05/21/2015,0.5254584625085387,0.5241639584862146,0.5238070294903358,0.5269814502529511,,-0.24%
05/20/2015,0.5242189138184106,0.5282899255111205,0.523944252331552,0.5290445455507353,,0.80%
05/19/2015,0.5284015852047556,0.5309264666843643,0.5279273571956499,0.5320563979781857,,0.50%
05/18/2015,0.5310674455655868,0.5317734645041212,0.5296329643557015,0.5327650506126798,,0.18%
05/15/2015,0.5319997872000851,0.5318866017765013,0.5295768680824021,0.5326799126404943,,0.03%
05/14/2015,0.5321413367390379,0.5372011818426001,0.531575590048905,0.5378078950198989,,0.98%
05/13/2015,0.5373743887366328,0.5351600128438403,0.5336464058914564,0.5374610340750295,,-0.39%
05/12/2015,0.5353032492907231,0.5330206278982996,0.5325948018747337,0.5367686527106817,,-0.39%
05/11/2015,0.5332195798229711,0.5323963158174945,0.5314625850340137,0.5340453938584779,,-0.24%
05/08/2015,0.5319431884674717,0.5351027397260274,0.531236719082023,0.5360205831903946,,0.63%
05/07/2015,0.5352745958676801,0.5325380764724678,0.5324813631522897,0.5398110661268556,,-0.47%
05/06/2015,0.5327650506126798,0.5287368476709142,0.5278158978148422,0.5340168749332479,,-0.75%
05/05/2015,0.5287648054145516,0.5286809410520751,0.5261773217574323,0.5296890725144341,,0.03%
05/04/2015,0.5289326139849783,0.5302226935312832,0.5284015852047556,0.5308137374595254,,0.27%
05/01/2015,0.5303632988597189,0.5322263026238757,0.5289885738468049,0.5322546306152863,,0.39%
04/30/2015,0.5324246619103397,0.5332480136511492,0.5303070477806651,0.5365958360163126,,0.16%
04/29/2015,0.5332764505119454,0.5305039787798409,0.5296610169491526,0.5352459455119627,,-0.49%
04/28/2015,0.5306728932286139,0.532197977647685,0.52988554472234,0.5328502158043374,,0.30%
04/27/2015,0.5322829616223984,0.5349596105494036,0.5308419152776304,0.5362505362505362,,0.55%
04/24/2015,0.5351886540005352,0.5291285253188,0.5284015852047556,0.5357908272610373,,-1.10%
04/23/2015,0.5293245818335803,0.5251273433807698,0.5241090146750524,0.5296610169491526,,-0.75%
04/22/2015,0.5253480430785396,0.5252100840336135,0.5243838489774515,0.5272871078302135,,0.00%
04/21/2015,0.5253480430785396,0.5297732570459843,0.5241364851407306,0.5299136240792751,,0.86%
04/20/2015,0.5298574683410163,0.5263989050902774,0.5252100840336135,0.52988554472234,,-0.70%
04/17/2015,0.5261496369567504,0.5235876223886068,0.5230399079449762,0.526592943654555,,-0.45%
04/16/2015,0.5238070294903358,0.5233410090014653,0.5216484089723527,0.524714030853185,,-0.05%
04/15/2015,0.5235327993298781,0.5215395848544905,0.5208604614823689,0.524824183898394,,-0.34%
04/14/2015,0.5217572785140352,0.5195075068834745,0.5191838429988059,0.5229851995188537,,-0.39%
04/13/2015,0.5196964972456086,0.5180273518441774,0.5165822915590453,0.5208062080099995,,-0.30%
04/10/2015,0.5181347150259068,0.5166623611469905,0.5163422316311251,0.5192916861401049,,-0.25%
04/09/2015,0.5168492867479842,0.517651930841702,0.5158627805003869,0.5191029900332226,,0.20%
04/08/2015,0.5178663904712584,0.5180273518441774,0.517491202649555,0.5208062080099995,,0.04%
04/07/2015,0.5180810278727593,0.5203996669442131,0.5166890565257828,0.5218389604967907,,0.48%
04/06/2015,0.5205622071837585,0.5208604614823689,0.5195614901023536,0.5232862375719518,,0.07%
04/03/2015,0.5209418628881017,0.5184570717544588,0.5181078700585462,0.5223841613122291,,-0.45%
04/02/2015,0.5185915054711404,0.5187798298402159,0.5180005180005179,0.5209147262593113,,0.08%
04/01/2015,0.5190221622463279,0.5185377236193933,0.5179736869367035,0.5222477543346563,,-0.07%
03/31/2015,0.5186721991701245,0.5205622071837585,0.5184033177812338,0.5222750300308142,,0.40%
03/30/2015,0.5207248489897938,0.5247691015952981,0.5194265530853938,0.5258176464402146,,0.83%
03/27/2015,0.5250446287934474,0.527203711514129,0.5228211428870183,0.527676639755158,,0.43%
03/26/2015,0.5273149124657245,0.5223023085762039,0.5221932114882506,0.530194581411378,,-0.92%
03/25/2015,0.5224387440572593,0.5206706237634072,0.5198045534878886,0.5230399079449762,,-0.33%
03/24/2015,0.5207248489897938,0.5197505197505198,0.5190491020450534,0.5224114512590117,,-0.16%
03/23/2015,0.5198856251624643,0.5198045534878886,0.5184033177812338,0.5209147262593113,,0.04%
03/20/2015,0.5200748907842729,0.5173305742369374,0.5154107823935677,0.5205351100931758,,-0.50%
03/19/2015,0.517464424320828,0.522029651284193,0.5162356099323732,0.5238893545683152,,0.91%
03/18/2015,0.5221932114882506,0.5159958720330238,0.5157563566970963,0.5251273433807698,,-1.16%
03/17/2015,0.5161290322580645,0.5173841059602649,0.5156765676567656,0.5177591384487936,,0.27%
03/16/2015,0.5175447676223993,0.5197235070942259,0.5170096163788647,0.5202913631633715,,0.43%
03/13/2015,0.519777535214928,0.5156499767957511,0.513874614594039,0.5207519658386711,,-0.77%
03/12/2015,0.5157563566970963,0.5169294391315585,0.5143768324674657,0.5178395733001916,,0.25%
03/11/2015,0.5170630816959669,0.5177859472893905,0.5159692482328053,0.5189413596263622,,0.16%
03/10/2015,0.5178663904712584,0.5169561621174524,0.5139802631578947,0.5191299382235374,,-0.16%
03/09/2015,0.5170630816959669,0.5169561621174524,0.5158627805003869,0.5190491020450534,,-0.01%
03/06/2015,0.5170096163788647,0.5192377589698323,0.5149330587023687,0.5204809243741216,,0.46%
03/05/2015,0.5193725979017347,0.5206435153850159,0.5170096163788647,0.5211590577444236,,0.28%
03/04/2015,0.5208333333333334,0.5163155720776539,0.5154639175257733,0.5216484089723527,,-0.84%
03/03/2015,0.5164488973816042,0.5149595756733096,0.514668039114771,0.5177859472893905,,-0.26%
03/02/2015,0.5150922015040692,0.515331100231899,0.5141123849673539,0.5177591384487936,,0.18%
02/27/2015,0.5160224985809382,0.5169027189083014,0.514615067929189,0.5192107995846313,,0.20%
02/26/2015,0.5170363476552402,0.5204267499349466,0.5164755707055056,0.5217300568685762,,0.70%
02/25/2015,0.5206435153850159,0.5225206395652628,0.5197235070942259,0.5236698785085881,,0.39%
02/24/2015,0.5226571891496368,0.5231767290990896,0.5190491020450534,0.5238344683080146,,0.12%
02/23/2015,0.5232862375719518,0.5218117303276978,0.5208875924575477,0.5238344683080146,,-0.25%
02/20/2015,0.5219751539826705,0.5223841613122291,0.5210775884529206,0.5264543300868649,,0.10%
02/19/2015,0.5225206395652628,0.522466039707419,0.5211862198363475,0.5239717055279015,,0.01%
02/18/2015,0.5225479437738413,0.5212133847597206,0.5206977349648528,0.5245488879563575,,-0.23%
02/17/2015,0.5213220727765614,0.5241639584862146,0.5198045534878886,0.5260389268805892,,0.57%
02/16/2015,0.5243013684265716,0.5226845076311938,0.5221932114882506,0.5257347142631829,,-0.26%
02/13/2015,0.5229578495973225,0.5217572785140352,0.5214036185411127,0.5247966413014957,,-0.20%
02/12/2015,0.5219206680584552,0.5178932104200114,0.5177859472893905,0.5247691015952981,,-0.75%
02/11/2015,0.5180005180005179,0.5218661935079846,0.5177859472893905,0.5224933382099378,,0.77%
02/10/2015,0.5220024012110456,0.5238344683080146,0.5203184348821479,0.5248792777661138,,0.38%
02/09/2015,0.5239717055279015,0.5206435153850159,0.5201289919900135,0.5249068290378458,,-0.57%
02/06/2015,0.5209690023443605,0.5250170630545492,0.5193995740923493,0.5269814502529511,,0.81%
02/05/2015,0.5252100840336135,0.5273149124657245,0.5244663554832957,0.5289046384936795,,0.43%
02/04/2015,0.5274818018778352,0.5238893545683152,0.5220569042025581,0.5279552293965472,,-0.64%
02/03/2015,0.524081547088727,0.524714030853185,0.5234505862646566,0.5282620179609087,,0.17%
02/02/2015,0.5249895002099958,0.5279273571956499,0.5241914347119568,0.531575590048905,,0.61%
01/30/2015,0.5281783129984683,0.5224387440572593,0.5216211986855146,0.5287088928835784,,-1.05%
01/29/2015,0.5226571891496368,0.521947909598622,0.5195075068834745,0.5252376700456957,,-0.09%
01/28/2015,0.5221932114882506,0.5209961446285297,0.5189952252439277,0.5232314776056928,,-0.20%
01/27/2015,0.5211318984835062,0.5189952252439277,0.5180810278727593,0.5229305025362129,,-0.38%
01/26/2015,0.5191568892119198,0.5216211986855146,0.5187529179851637,0.5239168020118405,,0.53%
01/23/2015,0.5219206680584552,0.5199126546740148,0.5178395733001916,0.5231493591420351,,-0.35%
01/22/2015,0.5200748907842729,0.5218934293617243,0.5191029900332226,0.5254032469920664,,0.39%
01/21/2015,0.5220841599665866,0.5189144310103264,0.5187529179851637,0.5255136896316149,,-0.58%
01/20/2015,0.5190760446405398,0.5243013684265716,0.5186184005808526,0.5243838489774515,,1.05%
01/19/2015,0.5245488879563575,0.5259835893120135,0.5232862375719518,0.5291285253188,,0.29%
01/16/2015,0.5260942760942761,0.5342165713980448,0.5253756435851634,0.5357621216180016,,1.57%
01/15/2015,0.5343593031954686,0.529212531752752,0.5224114512590117,0.5343307507347048,,-0.94%
01/14/2015,0.5293245818335803,0.5254860746190226,0.5253480430785396,0.5349882302589343,,-0.68%
01/13/2015,0.5257070760172432,0.5245764045533232,0.522029651284193,0.5272871078302135,,-0.19%
01/12/2015,0.524714030853185,0.5260942760942761,0.5207790855119259,0.5278994879374966,,0.30%
01/09/2015,0.526288090100521,0.5237521604776619,0.5205893070956322,0.5265652151018904,,-0.46%
01/08/2015,0.5238619100005238,0.5306165764618487,0.5223295899712719,0.5310956503266239,,1.31%
01/07/2015,0.5307292219509606,0.5369127516778524,0.5290165582182722,0.5370569280343717,,1.19%
01/06/2015,0.5370280865689275,0.5295207836907598,0.5294086505373498,0.5385029617662898,,-1.39%
01/05/2015,0.5295488244016098,0.5252376700456957,0.5246864998163597,0.5318583129454313,,-0.79%
01/02/2015,0.5253480430785396,0.5288207297726071,0.524081547088727,0.5291845266444409,,0.70%
01/01/2015,0.5290165582182722,0.5266206751277055,0.5266206751277055,0.5301664722722935,,-0.43%
